,,,,,,,,,,,,,,
,,,,,,,,,,,,,,
,,,,,,,,,,,,,,
,,,,,,,,,,,,,,
Verified Standard ID - City/Town ID,Property Name,Address 1,City,County,State/Province,Postal Code,Year Built,Applicability,Applicability Details,Property Type ,Property GFA - Calculated (Buildings) (ft²),Estimated GFA (ft²),Latitude,Longitude
100002,1004 Cudahy Pl,1004 Cudahy Pl,San Diego,San Diego,CA,92110-3929,1960,Subject to Ordinance,,Commercial,50000,50000,32.76606,-117.20255
100004,101 16th St,101 16th St,San Diego,San Diego,CA,92101-7601,1927,Subject to Ordinance,,Commercial,65000,65000,32.70684,-117.14898
100005,Ralphs,101 G St,San Diego,San Diego,CA,92101,1996,Not Subject to Ordinance,"GFA ≤ 50,000 sqft",Supermarket/Grocery Store,43318,43318,32.71203,-117.16333
100006,1011 Camino Del Rio S,1011 Camino Del Rio S,San Diego,San Diego,CA,92108,1984,Subject to Ordinance,,Office,61517,61518,32.76378,-117.15432
100008,10120 Pacific Heights Blvd,10120 Pacific Heights Blvd,San Diego,San Diego,CA,92121-4205,1992,Subject to Ordinance,,Commercial,52540,52540,32.90178,-117.19473
100009,10121 Barnes Canyon,10121 Barnes Canyon,San Diego,San Diego,CA,92121-2725,1984,Subject to Ordinance,,Office,67015,53512,32.8986,-117.19855
100011,10150 Meanley Dr,10150 Meanley Dr,San Diego,San Diego,CA,92131,2001,Subject to Ordinance,,Commercial,60850,60850,32.90966,-117.10721
100012,0657-San Diego (Rancho Penasquitos),10185 Paseo Montril,San Diego,San Diego,CA,92129,1987,Subject to Ordinance,,Hotel,55260,60471,32.95049,-117.10639
100013,The Hub Hillcrest Market,1020 University Ave,San Diego,San Diego,CA,92103,1989,Subject to Ordinance,,Supermarket/Grocery Store,54467,54467,32.74871,-117.15448
100017,BMR-10255 Science Center LP,10255 Science Center Dr,San Diego,San Diego,CA,92121,2004,Subject to Ordinance,,Laboratory,54608,56000,32.88999,-117.23141
100018,10256 Meanley Dr,10256 Meanley Dr,San Diego,San Diego,CA,92131-3009,2001,Subject to Ordinance,,Office,54664,54664,32.91041,-117.1068
100019,1026 5th Ave,1026 5th Ave,San Diego,San Diego,CA,92101,2003,Subject to Ordinance,,Commercial,53496,53496,32.71613,-117.16043
100700,Qualcomm Building S,5535 Morehouse Dr,San Diego,San Diego,CA,92121-1710,1986,Subject to Ordinance,,R&D,99999,99999,32.89448,-117.19569
100701,5545 Morehouse Dr,5545 Morehouse Dr,San Diego,San Diego,CA,92121-1710,1985,Subject to Ordinance,,Light Distribution,81002,81002,32.89608,-117.1956
100022,10309 Pacific Center Ct,10309 Pacific Center Ct,San Diego,San Diego,CA,92121-4340,1980,Subject to Ordinance,,Commercial,50291,50291,32.90496,-117.18792
100194,3880 Nobel Dr,3880 Nobel Dr,San Diego,San Diego,CA,92122-5700,2021,Subject to Ordinance,,Senior Living Communtiy,64000,64000,32.86924,-117.22378
100025,10350 Science Center Dr,10350 Science Center Dr,San Diego,San Diego,CA,92121-1129,1997,Subject to Ordinance,,Office,60285,60000,32.89295,-117.23164
100186,3750 Convoy St,3750 Convoy St,San Diego,San Diego,CA,92111-3738,1984,Subject to Ordinance,,Medical Office,62286,62286,32.81201,-117.15392
100187,3760 Convoy St,3760 Convoy St,San Diego,San Diego,CA,92111-3742,1984,Subject to Ordinance,,Office,64147,64147,32.81237,-117.1534
100028,StorQuest - San Diego / Sherman,1040 Sherman St,San Diego,San Diego,CA,92110,2004,Subject to Ordinance,,Self-Storage Facility,67480,51342,32.76569,-117.19943
100029,BMR-Wateridge Pointe-10421,10421 Wateridge Circle,San Diego,San Diego,CA,92121-5781,1998,Subject to Ordinance,,Office,63435,61276,32.89926,-117.20756
100030,BMR-Wateridge Pointe-10431,10431 Wateridge Circle,San Diego,San Diego,CA,92121-5774,1998,Subject to Ordinance,,Office,64824,64148,32.90013,-117.20821
100032,10505 Sorrento Valley Rd,10505 Sorrento Valley Rd,San Diego,San Diego,CA,92121,1982,Subject to Ordinance,,Other,54094,54094,32.89581,-117.21715
100033,105-171 14th St,105-171 14th St,San Diego,San Diego,CA,92101-7523,1924/2007,Subject to Ordinance,,Office,55586,55586,32.70661,-117.1516
100035,Qualcomm A,10555 Sorrento Valley Rd,San Diego,San Diego,CA,92121,1983,Subject to Ordinance,,Office,62868,62424,32.89731,-117.21851
100036,10618 Science Center Dr,10618 Science Center Dr,San Diego,San Diego,CA,92121,2010,Subject to Ordinance,,Laboratory,59248,59248,32.89733,-117.23173
100037,Scripps Research Auditorium,10620 John Jay Hopkins Dr,San Diego,San Diego,CA,92121,1995,Subject to Ordinance,,Commercial,52302,52302,32.89446,-117.240445
100038,10637 Scripps Summit Ct,10637 Scripps Summit Ct,San Diego,San Diego,CA,92131-3961,2001,Subject to Ordinance,,Commercial,60351,60351,32.94056,-117.09863
100192,3870 Murphy Canyon Rd,3870 Murphy Canyon Rd,San Diego,San Diego,CA,92123-4446,1988,Subject to Ordinance,,Office,55015,55015,32.81415,-117.11743
100040,xmirame1 - Mira Mesa Marketplace East,10643 Westview Parkway,San Diego,San Diego,CA,92126,2000,Subject to Ordinance,,Strip Mall,249060,52474,32.91475,-117.11983
100193,3880 Murphy Canyon Rd,3880 Murphy Canyon Rd,San Diego,San Diego,CA,92123-4403,1988,Subject to Ordinance,,Office,51841,51841,32.81432,-117.11758
100042,MMM West Inc,10740 Westview Pkwy,San Diego,San Diego,CA,92126,2000,Subject to Ordinance,,Commercial,55489,55489,32.91549,-117.12228
100143,2375 Northside Dr,2375 Northside Dr,San Diego,San Diego,CA,92108-2703,1991,Subject to Ordinance,,Office,51516,51516,32.78382,-117.12711
100581,2365 Northside Dr,2365 Northside Dr,San Diego,San Diego,CA,92108-2709,1991,Subject to Ordinance,,Office,96437,96436,32.78396,-117.12716
100047,10946 Willow Ct,10946 Willow Ct,San Diego,San Diego,CA,92127-2411,1991,Subject to Ordinance,,Manufacturing/ Industrial/ Lab,59422,62552,33.01257,-117.09832
100048,Pacific Plaza A (Torrey Plaza),10955 Vista Sorrento Pkwy,San Diego,San Diego,CA,92130-8699,2002,Subject to Ordinance,,Laboratory,60253,57973,32.91578,-117.22897
100049,1100 5th Ave,1100 5th Ave,San Diego,San Diego,CA,92101-5104,1931,Subject to Ordinance,,Commercial,63200,63200,32.71708,-117.16044
100050,SND - San Diego 18 (SND18),11020 Via Frontera,San Diego,San Diego,CA,92127,2007,Subject to Ordinance,,Office,54122,54008,33.01263,-117.09246
100051,Rancho Bernardo Distribution Center,11055 Technology Pl,San Diego,San Diego,CA,92127-1878,1990,Subject to Ordinance,,Distribution Center,58575 ,58575 ,33.00837,-117.09158
100052,11077 N Torrey Pines Rd,11077 N Torrey Pines Rd,La Jolla,San Diego,CA,92121,1981,Not Subject to Ordinance,GFA > 50% lab Manufacturing Industrial,R&D,57237,57237,32.90681,-117.24283
100053,WorldMark San Diego,1110 A St,San Diego,San Diego,CA,92101,1990,Subject to Ordinance,,Hotel,52000,52000,32.71914,-117.15409
100054,1132 Prospect St,1132 Prospect St,La Jolla,San Diego,CA,92037-4533,1926/2018,Subject to Ordinance,,Commercial,50000,50000,32.84856,-117.27371
100055,Bldg 2 - 11501 RB Rd,11501 Rancho Bernardo Rd,San Diego,San Diego,CA,92127-1406,1981,Subject to Ordinance,,Laboratory,52855,52855,33.02381,-117.0845
100056,Torrey Reserve - South CtII,11512 El Camino Real,San Diego,San Diego,CA,92130-2087,1996,Subject to Ordinance,,Office,56663,55315,32.92762,-117.23905
100057,11526 Sorrento Valley Rd,11526 Sorrento Valley Rd,San Diego,San Diego,CA,92121-1346,1976,Subject to Ordinance,,Commercial,57143,57143,32.9112,-117.23168
100058,1155 Coast Blvd,1155 Coast Blvd,La Jolla,San Diego,CA,92037-4199,1959,Subject to Ordinance,,Commercial,50000,50000,32.84954,-117.27335
100059,11605-11681 Duenda Rd,11605-11681 Duenda Rd,San Diego,San Diego,CA,92127-1110,1976/2002,Subject to Ordinance,,Commercial,50328,50328,33.03315,-117.08026
100060,Torrey Reserve - North CtII,11622 El Camino Real,San Diego,San Diego,CA,92130-2049,1996,Subject to Ordinance,,Office,56750,55312,32.92851,-117.23904
100061,San Diego Jewish Academy,11860 Carmel Creek Rd,San Diego,San Diego,CA,92130,2000,Subject to Ordinance,,K-12 School,153000,62511,32.93269,-117.23082
100062,Carmel Valley Centre,11975 El Camino Real 300,San Diego,San Diego,CA,92130-2540,1987,Subject to Ordinance,,Office,54517,56220,32.93696,-117.23808
100063,"02079AS - San Diego, CA",11986 Bernardo Plaza Dr,San Diego,San Diego,CA,92128,2006,Subject to Ordinance,,Supermarket/Grocery Store,60434,60160,33.02102,-117.07211
100064,Realty Income Corporate Office,11995 El Camino Real,San Diego,San Diego,CA,92130-2544,1988,Subject to Ordinance,,Office,55204,56220,32.93755,-117.23676
100639,4201 Camino de la Plaza,4201 Camino de la Plaza,San Diego,San Diego,CA,92173-3046,2001,Subject to Ordinance,,Retail,69819,69819,32.54381,-117.04237
100640,4265 Camino de la Plaza,4211-4265 Camino de la Plaza,San Diego,San Diego,CA,92173-3052,2001,Subject to Ordinance,,Retail,73558,73558,32.54409,-117.04052
100646,4345 Camino de la Plaza,4345 Camino de la Plaza,San Diego,San Diego,CA,92173-3058,2001,Subject to Ordinance,,Retail,65541,65541,32.54407,-117.04005
100509,12790 El Camino Real,12790 El Camino Real,San Diego,San Diego,CA,92130-2008,2004,Subject to Ordinance,,Office,87944,78836,32.94934,-117.23689
100070,12230 World Trade Dr,12230 World Trade Dr,San Diego,San Diego,CA,92128-3798,1989/2016,Subject to Ordinance,,Other,62148,61227,32.98758,-117.07437
100949,12780 El Camino Real,12780 El Camino Real,San Diego,San Diego,CA,92130,2004,Subject to Ordinance,,Mixed Use Property,140591,140591,32.94972,-117.2373
100081,12680 High Bluff,12680 High Bluff Dr,San Diego,San Diego,CA,92130,1985,Subject to Ordinance,,Office,57000,56940,32.9483,-117.24157
100073,12335 World Trade Dr,12335 World Trade Dr,San Diego,San Diego,CA,92128-3716,1996,Subject to Ordinance,,Commercial,55000,55000,32.98675,-117.07047
100075,60077- Sunrise of Sabre Springs,12515 Springhurst Dr,San Diego,San Diego,CA,92128,2018,Subject to Ordinance,,Senior Living Community,70918,,32.94686,-117.07727
100076,"03179AS - San Diego, CA",12475 Rancho Bernardo Rd,San Diego,San Diego,CA,92128,2016,Subject to Ordinance,,Supermarket/Grocery Store,51602,61463,33.0179,-117.06204
100077,"Plaza Del Mar, LLC",12520 High Bluff Dr,San Diego,San Diego,CA,92130,1985,Subject to Ordinance,,Office,121080,58698,32.94496,-117.24161
100079,12626-12636 High Bluff Dr,12626 High Bluff Dr,San Diego,San Diego,CA,92130-2070,1900,Subject to Ordinance,,Office,124006,124006,32.9471,-117.24121
100507,12670 High Bluff,12670 High Bluff Dr,San Diego,San Diego,CA,92130,2013,Subject to Ordinance,,Office,70000,69764,32.94854,-117.24172
100082,Junction at Del Mar 1,12707 High Bluff Dr,San Diego,San Diego,CA,92130-2035,1986,Subject to Ordinance,,Office,59245,58959,32.94938,-117.23919
100083,Highlands Corporate Center (HCC) South Plaza,12730 High Bluff Dr,San Diego,San Diego,CA,92130-2075,1989,Subject to Ordinance,,Office,60618,55572,32.94943,-117.24119
100084,Hawking STEAM Charter School 2,1275 30th St,San Diego,San Diego,CA,92154-3476,2008,Subject to Ordinance,,K-12 School,79328,55000,32.57309,-117.06822
100085,Highlands Corporate Center (HCC) North Plaza,12750 High Bluff Dr,San Diego,San Diego,CA,92130-2083,1989,Subject to Ordinance,,Office,60375,55752,32.94997,-117.24119
100087,Kings Inn San Diego,1333 Hotel Circle South,San Diego,San Diego,CA,92108,1995,Subject to Ordinance,,Hotel,55000,64700,32.75864,-117.17514
100090,6th & A Parking,1350 6th Ave,San Diego,San Diego,CA,92101-4383,1990,Subject to Ordinance,,Parking,60000,60000,32.71938,-117.15958
100091,1410 S 43rd St,1410 S 43rd St,San Diego,San Diego,CA,92113-4105,1996,Subject to Ordinance,,Supermarket,58800,58800,32.69144,-117.1042
100092,178 CARMEL MOUNTAIN,14340 Penasquitos Dr,San Diego,San Diego,CA,92129,2017,Subject to Ordinance,,Retail Store,57726,57580,32.97811,-117.08896
100093,1441-1447 6th Ave,1441-1447 6th Ave,San Diego,San Diego,CA,92101-3204,2018,Subject to Ordinance,,Hotel,63000,63000,32.72038,-117.15903
100094,1490 Air Wing Rd - Whalen Bldg 3,"1490 Air Wing Rd, BLDG 3",San Diego,San Diego,CA,92154,2005,Subject to Ordinance,,Distribution Center,56684,56684,32.57062,-116.95649
100095,1501 Imperial Ave,1501 Imperial Ave,San Diego,San Diego,CA,92101,,Subject to Ordinance,,Rehabilitation Center,63168,63168,32.70604,-117.14992
100096,1508-1544 E St,1508-1544 E St,San Diego,San Diego,CA,92101,1915,Subject to Ordinance,,Warehouse,55000,55000,32.71494,-117.1501
100097,151 YMCA Way,151 YMCA Way,San Diego,San Diego,CA,92102-4698,2017,Subject to Ordinance,,Health Club,65000,65000,32.70514,-117.09742
102358,Aperture Del Mar (Bldg. 2),"6040 Edgewood Bend Ct, BLDG 2",San Diego,San Diego,CA,92129,2022,Subject to Ordinance,,Commercial,106734,106734,32.90433354,
102359,Aperture Del Mar (Bldg. 1),"6040 Edgewood Bend Ct, BLDG 1",San Diego,San Diego,CA,92130,2022,Subject to Ordinance,,Commercial,121928,121928,,
100102,John Hine Mazda,1545 Camino del Rio S,San Diego,San Diego,CA,92108-3522,1966,Subject to Ordinance,,Automobile Dealership,56866,56866,32.76586,-117.14688
100103,1879-San Diego - Frazee Rd,1560 Frazee Rd,San Diego,San Diego,CA,92108,2017,Subject to Ordinance,,Self-Storage Facility,62028,63000,32.77558,-117.16068
100104,Mosaic,15822 Bernardo Center Dr,San Diego,San Diego,CA,92127-2362,1985/2018,Subject to Ordinance,,Office,77820,60344,33.00605,-117.09193
100105,Miramar Truck Body and Equipment,1595 Radar Rd,San Diego,San Diego,CA,92154-7814,2000,Subject to Ordinance,,Warehouse,53685,53685,32.56897,-116.95991
100106,16 15th St,16 15th St,San Diego,San Diego,CA,92101-7538,1940,Subject to Ordinance,,Shelter,54351,54351,32.70552,-117.15079
100107,1601 Precision Park Ln,1601 Precision Park Ln,San Diego,San Diego,CA,92173-1345,1980,Subject to Ordinance,,Manufacturing,61502,61502,32.56708,-117.05876
100108,"Mission Imprintables, Inc.",1604 Cactus Rd,San Diego,San Diego,CA,92154,2018,Subject to Ordinance,,Distribution Center,58360,60800,32.56765,-116.989
100110,16262 W Bernardo Dr,16262 W Bernardo Dr,San Diego,San Diego,CA,92127-1879,1984,Subject to Ordinance,,Office,54766,54964,33.01131,-117.09211
100111,1640-1666 Garnet Ave,1640-1666 Garnet Ave,San Diego,San Diego,CA,92109-3116,2015,Subject to Ordinance,,Grocery Store,60840,60840,32.80108,-117.24009
100112,16510-16516 Via Esprillo,16510 Via Esprillo,San Diego,San Diego,CA,92127-1708,1982,Subject to Ordinance,,Light Manufacturing,57338,57338,33.01476,-117.09276
100113,BFD- 1659,"1659 Gailes Blvd, BLDG A/D",San Diego,San Diego,CA,92154,2005,Not Subject to Ordinance,"GFA ≤ 50,000 sqft",Distribution Center,28127,28127,32.56728,-116.9735
100114,16644 W Bernardo Dr,16644 W Bernardo Dr,San Diego,San Diego,CA,92127-1901,1999,Subject to Ordinance,,Office,53444,53444,33.01522,-117.08345
100115,16767-16771 Bernardo Center Dr,16767-16771 Bernardo Center Dr,San Diego,San Diego,CA,92128,1998,Subject to Ordinance,,Retail,60860,60860,33.01792,-117.07522
100117,16875 W Bernardo Dr,16875 W Bernardo Dr,San Diego,San Diego,CA,92127-1675,1983,Subject to Ordinance,,Office,55267,55354,33.0192,-117.08008
100118,16885 W Bernardo Dr,16885 W Bernardo Dr,San Diego,San Diego,CA,92127-1618,1981,Subject to Ordinance,,Office,50458,50458,33.02055,-117.08013
100119,16950 Via Tazon,16950 Via Tazon,San Diego,San Diego,CA,92127-1607,2000,Subject to Ordinance,,Office,57420,57420,33.02213,-117.08615
100120,1709 Main St,1709 Main St,San Diego,San Diego,CA,92113-1025,1965,Subject to Ordinance,,Warehouse,50275,50275,32.70054,-117.14944
100121,BMR-17190 Bernardo Center Dr LP,17190 Bernardo Center Dr,San Diego,San Diego,CA,92128,1974,Subject to Ordinance,,Office,61286,61286,33.02475,-117.07741
100068,CVCC - 12225 El Camino Real,12225 El Camino Real,San Diego,San Diego,CA,92130-2084,1998,Subject to Ordinance,,Office,58995.7,58849,32.93836,-117.23846
100123,Pacific Plaza II,1802 Garnet Ave,San Diego,San Diego,CA,92109-3352,1969,Subject to Ordinance,,Other - Mall,57992,57992,32.80094,-117.23667
100124,1827 Main St,1827 Main St,San Diego,San Diego,CA,92113-2130,1960,Subject to Ordinance,,Warehouse,62000,62000,32.69948,-117.14792
100125,1822 Main St,1822 Main St,San Diego,San Diego,CA,92113-2128,1968,Subject to Ordinance,,Warehouse,52000,52000,32.70026,-117.14781
100126,Bristol Square Investment LP,185 West F St,San Diego,San Diego,CA,92101-6029,1987,Subject to Ordinance,,Office,84458,63398,32.71334,-117.16441
100127,1895 Hancock St,1895 Hancock St,San Diego,San Diego,CA,92110-2007,1945,Subject to Ordinance,,Retail Store,53000,53000,32.74295,-117.1862
100071,CVCC - 12235 El Camino Real,12235 El Camino Real,San Diego,San Diego,CA,92130-3002,1998,Subject to Ordinance,,Office,54276,54673,32.93893,-117.23966
100130,Specialty Produce,1929 Hancock St,San Diego,San Diego,CA,92110-2061,1945,Subject to Ordinance,,Wholesale Club/Supercenter,50824,50824,32.74365,-117.18763
100131,1955 San Diego Ave,1955 San Diego Ave,San Diego,San Diego,CA,92110-2105,1989,Subject to Ordinance,,Hotel,56856,56856,32.74501,-117.18672
100132,TRU Bankers Hill,2001 Fourth  Ave,San Diego,San Diego,CA,92101-2303,2021,Subject to Ordinance,,Multifamily Residence,61608,61608,32.72669,-117.16071
100133,Mission Brewery Plaza,2150 W Washington St,San Diego,San Diego,CA,92110-2044,1990,Not Subject to Ordinance,"GFA ≤ 50,000 sqft",Office,36198,36198,32.74165,-117.18392
100134,2191 Main St,2191 Main St,San Diego,San Diego,CA,92113-2217,1942,Subject to Ordinance,,Non-Refrigerated Warehouse,52500,52500,32.69565,-117.14237
100067,Executive Center Del Mar - 12220,12220 El Camino Real,San Diego,San Diego,CA,92130,1998,Subject to Ordinance,,Office,62684,56552,32.93686,-117.24017
100138,2275 Michael Faraday Dr,2275 Michael Faraday Dr,San Diego,San Diego,CA,92154-7927,2001,Subject to Ordinance,,Non-Refrigerated Warehouse,70967,62336,32.55772,-116.93124
100140,ICE Otay,2297 Niels Bohr Ct,San Diego,San Diego,CA,92154,2001,Subject to Ordinance,,Office,53401,52881,32.55624,-116.93937
100141,2321 Siempre Viva Ct,2321 Siempre Viva Ct,San Diego,San Diego,CA,92154,2008,Subject to Ordinance,,Warehouse,54000,54000,32.55657,-116.97624
100142,2355 Northside Dr,2355 Northside Dr,San Diego,San Diego,CA,92108-2705,1990,Subject to Ordinance,,Office,53610,53610,32.78393,-117.12536
100069,Executive Center Del Mar - 12230,12230 El Camino Real,San Diego,San Diego,CA,92130,1998,Subject to Ordinance,,Office,62684,56552,32.93744,-117.24022
100144,2480 Britannia Blvd,2480 Britannia Blvd,San Diego,San Diego,CA,92154,2004,Subject to Ordinance,,Manufacturing,60000,60000,32.55446,-116.98312
100145,2535 Camino Del Rio S,2535 Camino Del Rio S,San Diego,San Diego,CA,92108,1983/1999,Subject to Ordinance,,Office,52121,52121,32.76793,-117.13562
100147,Redwood Building,2727 Camino Del Rio S,San Diego,San Diego,CA,92108-3750,1972,Subject to Ordinance,,Office,54452,54452,32.76926,-117.13475
100148,903 Liberty Station,2750 Womble Rd,San Diego,San Diego,CA,92106,2003,Subject to Ordinance,,Office,63684,60383,32.73471,-117.21553
100149,"Seligman Liberty Station, LLC building 1",2816 Historic Decatur Rd,San Diego,San Diego,CA,92106,1934,Subject to Ordinance,,Restaurant,58596,60000,32.74022,-117.21119
100150,286 Euclid Ave,286 Euclid Ave,San Diego,San Diego,CA,92114-3610,1974/2002,Not Subject to Ordinance,"GFA ≤ 50,000 sqft",Medical Office,30000,60000,32.70714,-117.08558
100151,The Consulate Hotel,2901 Nimitz Blvd,San Diego,San Diego,CA,92106-2321,1970,Subject to Ordinance,,Hotel,63234,63234,32.72787,-117.22541
100152,SHARP | 2929 Health Center Dr,2929 Health Center Dr,San Diego,San Diego,CA,92123,1996,Subject to Ordinance,,Medical Office,59857,60440,32.79934,-117.1541
100491,Paseo Del Mar - Building 12255,12255 El Camino Real,San Diego,San Diego,CA,92130,2006,Subject to Ordinance,,Office,77533,74526,32.94043,-117.23925
100154,3033 5th Ave,"3033 5th Ave, STE  225",San Diego,San Diego,CA,92103-5856,1989,Subject to Ordinance,,Office,52525,52180,32.737,-117.16004
100493,Paseo Del Mar - Building 12265,12265 El Camino Real,San Diego,San Diego,CA,92130,2006,Subject to Ordinance,,Office,76719,78008,32.94016,-117.23975
100156,308-330 G St,308-330 G St,San Diego,San Diego,CA,92101-6920,1913,Subject to Ordinance,,Retail/Residential,63616,63616,32.71278,-117.16167
100157,3085 Beyer Blvd,3085 Beyer Blvd,San Diego,San Diego,CA,92154-3479,1986,Subject to Ordinance,,Warehouse,60000,60000,32.57181,-117.06584
100158,Horton Grand Hotel,311 Island Ave,San Diego,San Diego,CA,92101,1986,Subject to Ordinance,,Hotel,107615,58140,32.71024,-117.16148
100617,3770 Torrey View Ct,3770 Torrey View Ct,San Diego,San Diego,CA,92130-2622,2000,Subject to Ordinance,,Office,92913,93000,32.92128,-117.23177
100160,3146 Sports Arena Blvd,3146 Sports Arena Blvd,San Diego,San Diego,CA,92110-4527,1970,Subject to Ordinance,,Strip Mall,62880,62880,32.75299,-117.20628
100161,La Jolla Corporate Center,3252 Holiday Ct,La Jolla,San Diego,CA,92037-0027,1982/2015,Subject to Ordinance,,Medical Office,63968,63968,32.87101,-117.23258
100162,3333 Camino Del Rio S,3333 Camino Del Rio S,San Diego,San Diego,CA,92108-3808,1980,Subject to Ordinance,,Office,56847,56847,32.77514,-117.12122
100163,70300201-Sports Arena,3345 Sports Arena Blvd,San Diego,San Diego,CA,92110,2011,Subject to Ordinance,,Supermarket/Grocery Store,58146,57531,32.75177,-117.21051
100164,3350 E St,3350 E St,San Diego,San Diego,CA,92102-3332,1988,Subject to Ordinance,,Manufacturing,51330,51330,32.71496,-117.122
100165,3350 Market St,3350 Market St,San Diego,San Diego,CA,92102-3347,1988,Subject to Ordinance,,Manufacturing,51000,51000,32.71197,-117.1215
100166,3350 Rosecrans St,3350 Rosecrans St,San Diego,San Diego,CA,92110,1987,Subject to Ordinance,,Multifamily Residence,60478,60478,32.74915,-117.20769
100167,3375 Camino Del Rio S,3375 Camino Del Rio S,San Diego,San Diego,CA,92108-3807,1972,Subject to Ordinance,,Office,53500,53500,32.77565,-117.12024
100168,3414-3420 College Ave,3414-3420 College Ave,San Diego,San Diego,CA,92115-7134,2001,Subject to Ordinance,,Retail/Residential,60128,60128,32.74395,-117.05349
101094,3750 Torrey View Ct,3750 Torrey View Ct,San Diego,San Diego,CA,92130-2622,2000,Subject to Ordinance,,Office,121578,102072,32.92183,-117.23234
100171,Balboa Nursing & Rehabilitation Center (bl084),3520 4th Ave,San Diego,San Diego,CA,92103,1957,Not Subject to Ordinance,"GFA ≤ 50,000 sqft",Senior Living Community,40000,59936,32.74193,-117.16187
100172,BMR-3525 John Hopkins LP,3525 John Hopkins Ct,San Diego,San Diego,CA,92121-1121,1991,Not Subject to Ordinance,"GFA ≤ 50,000 sqft",Mixed Use Property,48306,48306,32.89167,-117.23835
100173,Dorris Neuroscience Center ,3528 General Atomics Ct,San Diego,San Diego,CA,92121-1122,1999,Subject to Ordinance,,R&D,53000,53000,32.89461,-117.23764
100174,Torrey Pines Building 9,3550 General Atomics Ct.,San Diego,San Diego,CA,92121-1122,1991,Subject to Ordinance,,Other,665285,59081,32.89284,-117.23792
100176,"02118AS - San Diego, CA",3550 Murphy Canyon Rd,San Diego,San Diego,CA,92123,2006,Subject to Ordinance,,Supermarket/Grocery Store,57873,57875,32.80742,-117.11656
100177,3554-3590 Kettner Blvd,3554-3590 Kettner Blvd,San Diego,San Diego,CA,92101-1139,1977,Subject to Ordinance,,Manufacturing,64939,64939,32.73952,-117.1794
100178,3568-3574 Ruffin Rd S,3568-3574 Ruffin Rd S,San Diego,San Diego,CA,92123-2597,1978,Subject to Ordinance,,Non-Refrigerated Warehouse,55296,55256,32.80762,-117.12956
100179,3579 Valley Centre Dr,3579 Valley Centre Dr,San Diego,San Diego,CA,92130,1999,Subject to Ordinance,,Office,54340.2,52375,32.93664,-117.23632
100180,3630 Afton Rd,3630 Afton Rd,San Diego,San Diego,CA,92123-2101,1985,Subject to Ordinance,,R&D,52525,52525,32.80865,-117.14501
100181,3666 Kearny Villa Rd,3666 Kearny Villa Rd,San Diego,San Diego,CA,92123-1951,1982/2016,Subject to Ordinance,,Office,60000,60792,32.80679,-117.15083
100182,3678 Aero Ct,3678 Aero Ct,San Diego,San Diego,CA,92123-1788,2008,Subject to Ordinance,,Privet College/University,60020,60020,32.80898,-117.14913
100183,3701-3751 Rosecrans St,3751 Rosecrans St,San Diego,San Diego,CA,92110,1974,Subject to Ordinance,,Strip Mall,65037,59000,32.75125,-117.20336
100184,3737 Moraga Ave Building A,"3737 Moraga Ave, BLDG A",San Diego,San Diego,CA,92117,1965,Subject to Ordinance,,Medical Office,52448,52448,32.80932,-117.21027
100185,3737 Moraga Ave BLDG B,"3737 Moraga Ave, BLDG B",San Diego,San Diego,CA,92117-5404,1974,Subject to Ordinance,,Medical Office,115524,63076,32.8093,-117.20985
100463,Pacific Plaza C (Torrey Plaza),10935 Vista Sorrento Pkwy,San Diego,San Diego,CA,92130-2649,2000,Subject to Ordinance,,Office,75450,72151,32.91479,-117.22853
100464,Pacific Plaza B (Torrey Plaza),10945 Vista Sorrento Pkwy,San Diego,San Diego,CA,92130-8649,2000,Subject to Ordinance,,Office,89132,86261,32.91556,-117.22906
100188,CA2371 - CARMEL VALLEY MEDICAL OFFICES,3851 Shaw Ridge Rd.,San Diego,San Diego,CA,92130,2013,Subject to Ordinance,,Medical Office,50469,50000,32.93489,-117.22975
100189,3855 Health Sciences Dr,3855 Health Sciences Dr,La Jolla,San Diego,CA,92037,2005,Subject to Ordinance,,Medical Office,61600,61600,32.8786,-117.22311
100190,SeeScan,3855 Ruffin Rd,San Diego,San Diego,CA,92123-1813,1971,Not Subject to Ordinance,GFA > 50% lab Manufacturing Industrial,Warehouse,63641,63641,32.81287,-117.1197
100191,3860 Calle Fortunada,3860 Calle Fortunada,San Diego,San Diego,CA,92123-4800,1983,Subject to Ordinance,,R&D,60711,60711,32.81198,-117.12281
100471,11099 N Torrey Pines Rd,11099 N Torrey Pines Rd,La Jolla,San Diego,CA,92037-1029,1986/2009,Not Subject to Ordinance,GFA > 50% lab Manufacturing Industrial,R&D,92479,92479,32.90875,-117.23969
100473,11119 North Torrey Pines Rd,11119 North Torrey Pines Rd,La Jolla,San Diego,CA,92037-1009,1989,Subject to Ordinance,,Laboratory,72506,72506,32.90798,-117.24288
102076,SDGE Exchange Torrey Reserves - 3390 Carmel Mountain Rd,3390 Carmel Mountain Rd,San Diego,San Diego,CA,92121,2000,Not Subject to Ordinance,"GFA ≤ 50,000 sqft",Office,40505,,32.91794,-117.23647
102580,The Reserve [3390],3390 Carmel Mountain Rd.,San Diego,San Diego,CA ,92121,2000,Not Subject to Ordinance,"GFA ≤ 50,000 sqft",Laboratory,42092,42092,,
100196,"Caster Storage, L.P. - 3911 Pacific Hwy, San Diego, CA 92110",3911 Pacific Hwy,San Diego,San Diego,CA,92110,1980,Subject to Ordinance,,Manufacturing/Industrial Plant,99999,54491,32.74239,-117.1876
100197,3912 Calle Fortunada,3912 Calle Fortunada,San Diego,San Diego,CA,92123-1827,1980,Not Subject to Ordinance,GFA > 50% lab Manufacturing Industrial,Manufacturing/ Industrial/ Lab,57553,57553,32.81288,-117.12435
100198,3939 Market St,3939 Market St,San Diego,San Diego,CA,92102-4511,1961/1979,Subject to Ordinance,,Manufacturing,51262,51262,32.71127,-117.10994
100199,Hilton Garden Inn,3939 ocean bluff ave,san diego,San Diego,CA,92130,2008,Subject to Ordinance,,Hotel,63206,57119,32.91718,-117.22886
100200,FAMILY HEALTH CENTERS OF SAN DIEGO,3959-3979 Lockridge St,San Diego,San Diego,CA,92102-4507,1978,Not Subject to Ordinance,GFA > 50% lab Manufacturing Industrial,Manufacturing/ Industrial/ Lab,50664,50664,32.70954,-117.10919
100201,3970 Sherman St,3970 Sherman St,San Diego,San Diego,CA,92110-4324,1983/2012,Subject to Ordinance,,Office,62701,62701,32.75807,-117.20659
100202,3985 Sorrento Valley Blvd.,3985 Sorrento Valley Blvd.,San Diego,San Diego,CA,92121-1421,1976,Subject to Ordinance,,Office,60545,55562,32.90259,-117.21934
100203,HPC Gaslamp Square,450 Fifth Ave,San Diego,San Diego,CA,92101,2004,Subject to Ordinance,,Strip Mall,54848,54773,32.70969,-117.16038
100204,Lockridge,4007 Lockridge St,San Diego,San Diego,CA,92102-4509,1981,Subject to Ordinance,,Office,50740,50740,32.7097,-117.10829
100205,4041-4049 Harney St,4041-4049 Harney St,San Diego,San Diego,CA,92110-2866,1987,Subject to Ordinance,,Hotel,53704,53704,32.75319,-117.19416
100206,Jacob Healthcare Center,4075 54th St,San Diego,San Diego,CA,92105-2301,1949,Subject to Ordinance,,Senior Care Community,59476,59093,32.75035,-117.07746
100779,Village at Mira Mesa - Building 2,8140 Mira Mesa Blvd,San Diego,San Diego,CA,92126,2000,Subject to Ordinance,,Retail Store,113682,70685,32.9145,-117.14832
100209,BMR-Sorrento Valley Blvd LP 4215,4215 Sorrento Valley Blvd,San Diego,San Diego,CA,92121,1982,Subject to Ordinance,,Other,56053,56230,32.90439,-117.21415
100210,4250 Pacific Hwy,4250 Pacific Hwy,San Diego,San Diego,CA,92110-3216,1972/2020,Subject to Ordinance,,Office,75400,62000,32.74606,-117.19675
100211,4255 Ruffin Rd,4255 Ruffin Rd,San Diego,San Diego,CA,92123-1821,1974,Not Subject to Ordinance,GFA > 50% lab Manufacturing Industrial,Manufacturing/ Industrial/ Lab,54400,54400,32.81894,-117.12517
100811,Rio Vista Tower III,9095 Rio San Diego Dr,San Diego,San Diego,CA,92108,2005,Subject to Ordinance,,Medical Office,81236,81799,32.77517,-117.13581
100213,4300 El Cajon Blvd,4300 El Cajon Blvd,San Diego,San Diego,CA,92105-1212,2015,Subject to Ordinance,,Health Club,53000,53000,32.75628,-117.1015
100886,10243 Genetic Center Dr,10243 Genetic Center Dr,San Diego,San Diego,CA,92121,2001,Subject to Ordinance,,Medical Office,102875,102875,32.90636,-117.18057
100216,4343 Ocean View Blvd,4343 Ocean View Blvd,San Diego,San Diego,CA,92113,,Subject to Ordinance,,K-12 School,53000,53000,32.69911,-117.10139
100217,Peterson Office Building,4355 Ruffin Rd,San Diego,San Diego,CA,92123-4306,1982,Subject to Ordinance,,Office,61528,61528,32.82039,-117.12639
100218,4370 Alvarado Canyon Rd,4370 Alvarado Canyon Rd,San Diego,San Diego,CA,92120-4301,2019,Subject to Ordinance,,Multifamily Residence ,58416,58416,32.78037,-117.09964
100220,The Convoy,4428-4444 Convoy St,San Diego,San Diego,CA,92111-3761,1973,Subject to Ordinance,,Office,51693,51449,32.82033,-117.1558
100221,445 Camino Del Rio S,445 Camino Del Rio S,San Diego,San Diego,CA,92108-3502,2016,Subject to Ordinance,,Hotel,50000,50000,32.76233,-117.15959
100222,4518 54th St,4518 54th St,San Diego,San Diego,CA,92115-3527,2006,Subject to Ordinance,,Assisted Living,63654,63654,32.75961,-117.07981
100223,San Diego Gaslamp CA CY,453 6th Ave,San Diego,San Diego,CA,92101,1980,Subject to Ordinance,,Hotel,60000,60000,32.70993,-117.15893
100224,Square One Office Plaza,4542 Ruffner St-Bldg 6,San Diego,San Diego,CA,92111,1983/2004,Subject to Ordinance,,Office,55690,55690,32.8231,-117.15768
100225,BMR-Axiom LP - 4545 Towne Centre,4545 Towne Centre Ct,San Diego,San Diego,CA,92121,1998,Subject to Ordinance,,Laboratory,62472,62472,32.88327,-117.21166
100226,4610 De Soto St,4610 De Soto St,San Diego,San Diego,CA,92109-3815,1984/2010,Subject to Ordinance,,Hotel,58628,58628,32.80726,-117.21805
100227,Clairemont Town Square,4615-5065 Clairemont Dr,San Diego,San Diego,CA,92117-2702,1954,Subject to Ordinance,,Strip Mall,515004,54592,32.828,-117.20584
100228,4650 Overland Ave,4650 Overland Ave,San Diego,San Diego,CA,92123,2006,Subject to Ordinance,,Light Manufacturing,55850,55850,32.82445,-117.13287
100229,"Caster Family Trust - 4680 Alvarado Canyon Rd, San Diego, CA 92120",4680 Alvarado Canyon Rd,San Diego,San Diego,CA,92120,1999,Subject to Ordinance,,Non-Refrigerated Warehouse,99775,59742,32.78159,-117.09359
100230,4755 Eastgate,4755 Eastgate Mall,San Diego,San Diego,CA,92121,2001,Subject to Ordinance,,Office,63412,63412,32.87922,-117.20475
100231,4760-4796 Clairemont Mesa Blvd,4760-4796 Clairemont Mesa Blvd,San Diego,San Diego,CA,92117-2066,1993/2011,Subject to Ordinance,,Retail/Office,59682,59682,32.83469,-117.18876
100232,4770 Eastgate,4770 Eastgate Mall,San Diego,San Diego,CA,92121,1999,Subject to Ordinance,,Office,60900,60900,32.88137,-117.2052
100233,4790 Eastgate,4790 Eastgate Mall,San Diego,San Diego,CA,92121,1999,Subject to Ordinance,,Office,60900,60900,32.88143,-117.20414
100234,4796 Executive Dr,4796 Executive Dr,San Diego,San Diego,CA,92121-3090,2015,Subject to Ordinance,,Laboratory,61755,61755,32.87747,-117.20272
100235,4802 Mission Blvd,4802 Mission Blvd,San Diego,San Diego,CA,92109-2546,1975,Subject to Ordinance,,Hotel,56908,56908,32.80126,-117.2577
100236,4820 Eastgate,4820 Eastgate Mall,San Diego,San Diego,CA,92121,2000,Subject to Ordinance,,Office,60000,63532,32.88288,-117.20646
100237,Spectrum Tech Center,"4820 Overland Ave, Bldg I",San Diego,San Diego,CA,92123-1235,2003,Subject to Ordinance,,Office,60335,60335,32.82713,-117.13221
100238,4840 Eastgate,4840 Eastgate Mall,San Diego,San Diego,CA,92121,2006,Subject to Ordinance,,Office,60000,62816,32.88321,-117.20469
100239,4850 Eastgate (Eastgate Summit),4850 Eastgate Mall,San Diego,San Diego,CA,92121,2017,Subject to Ordinance,,Office,62805,63129,32.88082,-117.20363
100240,4860 Ruffin Rd,4860 Ruffin Rd,San Diego,San Diego,CA,92123,2005,Subject to Ordinance,,Other,50030,50030,32.82703,-117.12777
100241,4875 Eastgate,4875 Eastgate Mall,San Diego,San Diego,CA,92121,2001,Subject to Ordinance,,Office,63412,63412,32.87948,-117.20226
100242,4909 Murphy Canyon Rd,4909 Murphy Canyon Rd,San Diego,San Diego,CA,92123-4349,1987,Subject to Ordinance,,Office,61630,61630,32.82883,-117.11923
100243,4910 Directors Pl,4910 Directors Place,San Diego,San Diego,CA,92121,2009,Subject to Ordinance,,Office,52500,50925,32.8946,-117.21199
100244,4911-4971 Clairemont Dr,4911-4971 Clairemont Dr,San Diego,San Diego,CA,92117,1954,Subject to Ordinance,,Strip Mall,56809,56809,32.83222,-117.2041
100245,4921 Directors Pl,4921 Directors Pl,San Diego,San Diego,CA,92121,2007,Not Subject to Ordinance,GFA > 50% lab Manufacturing Industrial,R&D,55500,55500,32.89412,-117.2104
100246,4939 Directors Pl,4939 Directors Pl,San Diego,San Diego,CA,92121-3829,2002/2017,Not Subject to Ordinance,GFA > 50% lab Manufacturing Industrial,R&D,61207,61207,32.89378,-117.20877
100247,Greencraig: Greencraig,4949 Greencraig Ln,San Diego,San Diego,CA,92123-1675,1980,Subject to Ordinance,,Other,88006,58935,32.82678,-117.12432
100248,Genesis Plaza,4995 Murphy Canyon Rd,San Diego,San Diego,CA,92123-4364,1988,Subject to Ordinance,,Office,57685,57685,32.82975,-117.11942
100249,Gateway at Kearny Mesa-Food 4 Less,4995 Shawline St,San Diego,San Diego,CA,92111,1995,Subject to Ordinance,,Supermarket/Grocery Store,54875,54945,32.83114,-117.16309
100250,BW Yacht Harbor Hotel,5005 N Harbor Dr,San Diego,San Diego,CA,92106,1973,Subject to Ordinance,,Hotel,59228,54348,32.72602,-117.22526
100530,15333 Avenue of Science,15333 Avenue of Science,San Diego,San Diego,CA,92128,2006,Subject to Ordinance,,Office,75099,78880,32.99385,-117.08006
100252,5060 Shoreham Pl,5060 Shoreham Pl,San Diego,San Diego,CA,92122-5903,1989/2019,Subject to Ordinance,,Office,53469,53469,32.85178,-117.1859
100253,5090 Kearny Mesa Rd,5090 Kearny Mesa Rd,San Diego,San Diego,CA,92111-2101,2003,Subject to Ordinance,,Auto Dealership,64004,64004,32.82847,-117.14437
100254,5105 Overland Ave,5105 Overland Ave,San Diego,San Diego,CA,92123-1238,2005,Subject to Ordinance,,Fitness Center/Health Club/Gym,51447,56936,32.82992,-117.12993
100255,Mission Hills Plaza (ARA),515 W Washington St,San Diego,San Diego,CA,92103,1976/ 2012,Subject to Ordinance,,Strip Mall,63992,57000,32.74965,-117.168
100256,Balboa Genesee Corners,5252 Balboa Ave STE  1002,San Diego,San Diego,CA,92117-6906,1970,Subject to Ordinance,,Office,52529,55559,32.8194,-117.18318
100257,CA2431 - VIEWRIDGE CtII,5271 Viewridge Ct.,San Diego,San Diego,CA,92123,2011,Subject to Ordinance,,Office,57594,56000,32.83133,-117.12172
100258,10517 Collwood Knolls,5308 Monroe Ave,San Diego,San Diego,CA,92115,1976,Subject to Ordinance,,Senior Living Community,57725,57725,32.75989,-117.08156
100259,Mission Center Office Pk,5333 Mission Center Rd,San Diego,San Diego,CA,92108-1302,1978/2005,Subject to Ordinance,,Office,64965,64965,32.77223,-117.15319
100260,5405 Morehouse Dr,5405 Morehouse Dr,San Diego,San Diego,CA,92121,1988,Subject to Ordinance,,Office,51711,51471,32.89324,-117.20094
100261,5414 Oberlin Dr,5414 Oberlin Dr,San Diego,San Diego,CA,92121-4752,1989,Subject to Ordinance,,Office,55559,55400,32.89204,-117.20115
100264,Crestwood | San Diego | MHRC & Hummingbird Healing House,5550 University Ave.,San Diego,San Diego,CA,92105,2000,Subject to Ordinance,,Other - Specialty Hospital,65699,62095,32.74964,-117.07656
100265,SFC/ Retail,"5553 Copley Dr, Rd Runner Sports",San Diego,San Diego,CA,92111-7904,1999,Subject to Ordinance,,Distribution Center,57038,57038,32.84061,-117.16493
100266,Alvarado Medical Plaza,"5555 Reservoir Dr, STE 300",San Diego,San Diego,CA,92120,1978,Subject to Ordinance,,Medical Office,55968,53398,32.77605,-117.05619
100267,5580 Morehouse Dr,5580 Morehouse Dr,San Diego,San Diego,CA,92121-1709,1990/ 2020,Not Subject to Ordinance,GFA > 50% lab Manufacturing Industrial,Laboratory,83374,62723,32.89708,-117.19903
102159,15253 Avenue of Science,15253 Avenue of Science- Bldg 2,San Diego,San Diego,CA,92128,2005,Not Subject to Ordinance,"GFA ≤ 50,000 sqft",Office,37437,37437,32.99303,-117.08054
100271,5675 Ruffin Rd,5675 Ruffin Rd,San Diego,San Diego,CA,92123-1424,1987,Subject to Ordinance,,Other,54980,56069,32.8375,-117.12614
100272,5704 Copley Dr,5704 Copley Dr,San Diego,San Diego,CA,92111,1997,Subject to Ordinance,,Warehouse,62368,62368,32.84,-117.16845
100100,15435 Innovation Dr,15435 Innovation Dr,San Diego,San Diego,CA,92128,2001,Subject to Ordinance,,Office,52366,51500,32.99579,-117.08211
100101,15445 Innovation Dr,15445 Innovation Dr,San Diego,San Diego,CA,92128,2001,Subject to Ordinance,,Office,51500,51400,32.99463,-117.07973
100276,5785 Oberlin Dr,5785 Oberlin Dr,San Diego,San Diego,CA,92121-3749,2000,Subject to Ordinance,,Laboratory,65878,61406,32.89294,-117.19349
100277,The YARD,5825 Oberlin Dr,San Diego,San Diego,CA,92121-3709,1985,Subject to Ordinance,,Office,60518,60518,32.89341,-117.19226
100278,Qualcomm WC,5828 Pacific Center Blvd- Bldg C,San Diego,San Diego,CA,92121,2005,Subject to Ordinance,,Office,50500,54712,32.90486,-117.19367
100279,Sterling City Science North Development (sb063),5910 Pacific Center Blvd,San Diego,San Diego,CA,92121,1985,Subject to Ordinance,,Office,51145,50882,32.90521,-117.19075
101970,Casa Mira View - Scripps 2EF,"9800 Mira Lee Way, Scripps 2EF",San Diego,San Diego,CA,92126,2015,Subject to Ordinance,,Multifamily Residence,315111,,32.92224,-117.11842
100281,57439-SANAA-Residence Inn By Marriott San Diego Sorrento Mesa/Sorrento Valley,5995 Pacific Mesa Ct,San Diego,San Diego,CA,92121,1990,Subject to Ordinance,,Hotel,98566,54648,32.90183,-117.18828
100282,University of San Diego,5998 Alcala Park,San Diego,San Diego,CA,92110,1949,Subject to Ordinance,,College/University,2487442,50000,32.77163,-117.19182
100283,Santo Rd L.P.,6050 Santo Rd,San Diego,San Diego,CA,92124,2003,Subject to Ordinance,,Office,51580,50225,32.84033,-117.09893
100284,6059 Cornerstone CtWest,6059 Cornerstone Ct W,San Diego,San Diego,CA,92121-3713,1987,Subject to Ordinance,,Office,50600,50600,32.89636,-117.19001
100285,6060 Cornerstone Ct W,6060 Cornerstone Ct W,San Diego,San Diego,CA,92121-3712,1986,Subject to Ordinance,,Office,62800,62800,32.89728,-117.18948
100286,610 Diamond St,610 Diamond St,San Diego,San Diego,CA,92109,1986,Subject to Ordinance,,Hotel,53000,53000,32.7993,-117.25768
100287,611 B St,611 B St,San Diego,San Diego,CA,92101-4306,1915,Subject to Ordinance,,Hotel,50000,50000,32.71757,-117.15899
100288,Sorrento Ridge Research Park,6138-6150 Nancy Ridge Dr,San Diego,San Diego,CA,92121-3223,1987,Subject to Ordinance,,Laboratory,56698,56698,32.88842,-117.1886
100290,Mission Corporate Center,6160 Mission Gorge Rd,San Diego,San Diego,CA,92120-3410,1972/1999,Subject to Ordinance,,Office,57729,57729,32.78677,-117.09819
100291,Gov. Executive Center I,6165 Greenwich Dr,San Diego,San Diego,CA,92122,1990,Subject to Ordinance,,Office,52392,51672,32.85399,-117.18327
101971,Casa Mira View - Scripps Mesa Developers II,"9800 Mira Lee Way, Scripps Mesa Developers II",San Diego,San Diego,CA,92126,2011,Subject to Ordinance,,Multifamily Residence,2003203,,32.92233,-117.11831
101972,Casa Mira View - Scripps 2GH,"9800 Mira Lee Way, Scripps 2GH",San Diego,San Diego,CA,92126,2011,Subject to Ordinance,,Multifamily Residence,2003203,,32.92233,-117.11831
100294,"02115- San Diego, CA",620 Dennery Rd,San Diego,San Diego,CA,92154,2006,Subject to Ordinance,,Supermarket/Grocery Store,57721,57000,32.58311,-117.03483
100295,6310 Sequence Dr,6310 Sequence Dr,San Diego,San Diego,CA,92121,2000,Subject to Ordinance,,Manufacturing/Industrial Plant,62415,62415,32.90701,-117.18604
100296,Lusk Property Owner LP,6325 Lusk Blvd,San Diego,San Diego,CA,92121-3733,1991,Subject to Ordinance,,Laboratory,50005,50005,32.90246,-117.19695
100297,Governor Park Plaza 6333,6333 Greenwich Dr,San Diego,San Diego,CA,92122,1986,Subject to Ordinance,,Office,64131,61808,32.85576,-117.18531
100298,6348 College Grove Way,6348 College Grove Way,San Diego,San Diego,CA,92115,1961,Subject to Ordinance,,Strip Mall,51910,51910,32.73801,-117.0576
100299,635 Hotel Cir S,635 Hotel Cir S,San Diego,San Diego,CA,92108-3404,2015,Subject to Ordinance,,Hotel,56170,56170,32.75985,-117.16909
100300,8268-San Diego - Miramar Rd,6360 Miramar Rd,San Diego,San Diego,CA,92121,2009,Subject to Ordinance,,Self-Storage Facility,54740,57573,32.87851,-117.17559
100301,Nancy Ridge Technology Center,6370 Nancy Ridge Dr,San Diego,San Diego,CA,92121-3212,1985,Not Subject to Ordinance,GFA > 50% lab Manufacturing Industrial,R&D,63594,63594,32.88792,-117.18058
100302,641 Camino Del Rio S,641 Camino Del Rio S,San Diego,San Diego,CA,92116,1985,Subject to Ordinance,,Hotel,77101,63000,32.76311,-117.15824
100303,6469 Flanders Dr,6469 Flanders Dr,San Diego,San Diego,CA,92121-4104,1997,Subject to Ordinance,,Commercial,61926,61926,32.90919,-117.17836
100304,6480 Weathers Pl,6480 Weathers Pl,San Diego,San Diego,CA,92121-3910,1989/2008,Subject to Ordinance,,Commercial,50405,50405,32.90581,-117.17899
100305,6608 Camino Maquiladora,6608 Camino Maquiladora,San Diego,San Diego,CA,92154-7521,2000,Subject to Ordinance,,Multifamily Residence,57100,57100,32.56713,-116.99636
100306,Alvarado Medical Plaza II,6699 Alvarado Rd,San Diego,San Diego,CA,92120,1979,Subject to Ordinance,,Medical Office,58207,53932,32.7766,-117.05467
100307,6700 Gateway Park Dr,6700 Gateway Park Dr,San Diego,San Diego,CA,92154-7533,2004,Subject to Ordinance,,Multifamily Residence,54435,54435,32.56341,-116.99422
100308,Alvarado Medical Plaza III,6719 Alvarado Rd,San Diego,San Diego,CA,92120,1991,Subject to Ordinance,,Medical Office,52366,52365,32.77612,-117.05425
100309,675 Gateway Center Dr,675 Gateway Center Dr,San Diego,San Diego,CA,92102-4531,1990,Subject to Ordinance,,Multifamily Residence,58258,58258,32.71259,-117.11352
102140,Casa Mira View Phase 3 (cs037),10915 Lee Way,San Diego,San Diego,CA,92126,2019,Subject to Ordinance,,Multifamily Residence,347755,347755,32.91918,-117.11844
100023,10325 Meanley Dr,10325 Meanley Dr,San Diego,San Diego,CA,92131,2008,Subject to Ordinance,,Financial Office,53706,53744,32.90924,-117.10348
100312,Otay West Logistics Center CA,6800 Gateway Park Dr,San Diego,San Diego,CA,92154,2005,Subject to Ordinance,,Distribution Center,61433,61433,32.56344,-116.99339
100313,6845 University Ave,6845 University Ave,San Diego,San Diego,CA,92115,,Subject to Ordinance,,Commercial,53548,53548,32.75453,-117.04989
100315,6995 Calle De Linea,6995 Calle De Linea- Bldg A,San Diego,San Diego,CA,92154-8015,1999,Subject to Ordinance,,Distribution Center,102895,53568,32.54722,-116.98885
100316,The Ratner-700-740 Park Blvd,730 13th St,San Diego,San Diego,CA,92101-6507,1971,Subject to Ordinance,,Multifamily Residence,55951,55951,32.71294,-117.1535
100024,MFCU - COASTLINE BUILDING,10343 Meanley Dr,San Diego,San Diego,CA,92131,2018,Subject to Ordinance,,Financial Office,53706,58246,32.90937,-117.10522
100318,710-740 13th St,710-740 13th St,San Diego,San Diego,CA,92101-7345,1955/2018,Subject to Ordinance,,Multifamily Residence,50000,50000,32.71297,-117.15313
100319,7303 Clairemont Mesa Blvd,7303 Clairemont Mesa Blvd,San Diego,San Diego,CA,92111-1101,1974,Subject to Ordinance,,Multifamily Residence,63771,63771,32.83159,-117.16161
100153,3013 Science Park Dr,3013 Science Park Dr,San Diego,San Diego,CA,92121-1101,2010,Subject to Ordinance,,Laboratory,63000,63539,32.90095,-117.23994
100321,7328 Trade St,7328 Trade St,San Diego,San Diego,CA,92121-3435,1982,Subject to Ordinance,,Multifamily Residence,64500,64500,32.88967,-117.16471
100322,Mission Trails Industrial Park,7345 Mission Gorge Rd,San Diego,San Diego,CA,92120,1999,Subject to Ordinance,,Manufacturing/ Industrial/ Lab,651279,62750,32.80317,-117.08523
100323,7401 Katelyn Ct,7401 Katelyn Ct-Bldg E,San Diego,San Diego,CA,92120-1200,1999,Subject to Ordinance,,Commercial,51071,51071,32.80249,-117.08446
100324,7415 Carroll Rd,7415 Carroll Rd,San Diego,San Diego,CA,92121-2354,1975,Subject to Ordinance,,Non-Refrigerated Warehouse,50475,50475,32.88527,-117.1623
100325,9622-San Diego -Mission Valley,7444 Mission Valley Rd,San Diego,San Diego,CA,92108-4406,1997,Subject to Ordinance,,Hotel,69531,52236,32.77865,-117.16164
100326,7484 Raytheon Rd,7484 Raytheon Rd,San Diego,San Diego,CA,92111-1551,1998,Subject to Ordinance,,Distribution Center,61121,62031,32.83146,-117.15753
100327,7550 Ronson Rd,7550 Ronson Rd,San Diego,San Diego,CA,92111,1998,Subject to Ordinance,,Distribution Center,51962,51400,32.82945,-117.15562
100328,7590 Carroll Rd,7590 Carroll Rd,San Diego,San Diego,CA,92121-2415,1977,Subject to Ordinance,,Distribution Center,52103,52103,32.88529,-117.15794
100329,7615 Othello Ave,7615 Othello Ave,San Diego,San Diego,CA,92111-3632,1991,Subject to Ordinance,,Manufacturing/ Industrial/ Lab,61838,61941,32.81609,-117.15794
100330,Square One Office Plaza,7675 Dagget St,San Diego,San Diego,CA,92111-2200,1986/2004,Subject to Ordinance,,Office,55690,55690,32.82301,-117.15851
100331,STERIS ISOMEDIX SERVICES INC,7685 Saint Andrews Ave,San Diego,San Diego,CA,92154-8209,1999,Subject to Ordinance,,Distribution Center,56647,56647,32.56527,-116.976
100332,7685 Siempre Viva Rd,7685 Siempre Viva Rd,San Diego,San Diego,CA,92154,2002,Subject to Ordinance,,Multifamily Residence,61600,61600,32.55246,-116.97601
100333,7720 Kenamar Ct,7720 Kenamar Ct,San Diego,San Diego,CA,92121-2425,1985,Subject to Ordinance,,Multifamily Residence,60431,60431,32.88689,-117.154
101055,3033 Science Park Rd,3033 Science Park Rd,San Diego,San Diego,CA,92121-1199,2007,Subject to Ordinance,,Laboratory,102938,102399,32.90168,-117.24046
100335,7766 Fay Ave,7766 Fay Ave,La Jolla,San Diego,CA,92037,1985,Subject to Ordinance,,Hotel,58819,57680,32.84451,-117.27549
100336,La Jolla Galleria,7777 Fay Ave,La Jolla,San Diego,CA,92037,1983,Subject to Ordinance,,Office,54291,54291,32.8446,-117.27478
100045,10901 N Torrey Pines Rd - Building 5,"10901 N Torrey Pines Rd, BLDG 5",La Jolla,San Diego,CA,92121,1985,Subject to Ordinance,,Commercial,55000,55000,32.89977,-117.24123
100338,"03323AS - San Diego, CA",7895 Highland Village Place,San Diego,San Diego,CA,92129,2016,Subject to Ordinance,,Supermarket/Grocery Store,50597,50511,32.96106,-117.15407
100339,7947 Mission Center Ct,7947 Mission Center Ct,San Diego,San Diego,CA,92108-1440,1974,Subject to Ordinance,,Office,53006,53006,32.77308,-117.15316
100340,7955 La Jolla Shores Dr,7955 La Jolla Shores Dr,La Jolla,San Diego,CA,92037-3301,1972,Subject to Ordinance,,Hotel,71482,62365,32.85122,-117.25324
100341,0235 8008 Frost St,8008 Frost St,San Diego,San Diego,CA,92123,1981,Subject to Ordinance,,Medical Office,51422,50501,32.80115,-117.15251
100343,810 Turquoise St,810 Turquoise St,San Diego,San Diego,CA,92109,2004,Subject to Ordinance,,Senior Living Community,53926,53926,32.80896,-117.25902
100344,8150-8190 Miralani Dr,8150-8190 Miralani Dr,San Diego,San Diego,CA,92126-4341,1982,Subject to Ordinance,,Multifamily Residence,52280,52280,32.8958,-117.1446
100345,8199 Clairemont Mesa,8199 Clairemont Mesa,San Diego,San Diego,CA,92111,1972,Subject to Ordinance,,Strip Mall,51400,51023,32.8322,-117.14718
100346,8240-8294 Mira Mesa Blvd,8240-8294 Mira Mesa Blvd,San Diego,San Diego,CA,92126-2626,1976,Subject to Ordinance,,Multifamily Residence,55341,55341,32.91419,-117.14619
100347,8280 Clairemont Mesa Blvd,8280 Clairemont Mesa Blvd,San Diego,San Diego,CA,92111-1707,1978,Subject to Ordinance,,Multifamily Residence,55667,55667,32.83368,-117.14522
100348,San Diego Downtown CA MOXY,831 6th Ave,San Diego,San Diego,CA,92101-6306,1980,Subject to Ordinance,,Manufacturing/ Industrial/ Lab,51970,51970,32.71409,-117.15895
100349,8316 Century Park Ct,8316 Century Park Ct,San Diego,San Diego,CA,92123-1530,1987,Subject to Ordinance,,Commercial,50700,50700,32.82398,-117.14381
100350,8330 Century Park Ct,8330 Century Park Ct,San Diego,San Diego,CA,92123-1530,1986,Subject to Ordinance,,Commercial,52740,52740,32.82361,-117.14297
100351,8385 Miramar Mall,8385 Miramar Mall,San Diego,San Diego,CA,92121-2521,1986,Subject to Ordinance,,Commercial,53990,53990,32.87965,-117.18219
100353,845 15th St,845 15th St,San Diego,San Diego,CA,92101,2018,Subject to Ordinance,,Multifamily Residence,60000,60000,32.71401,-117.15008
100354,8451 Miralani Dr,8451 Miralani Dr,San Diego,San Diego,CA,92126-4388,1987,Subject to Ordinance,,Multifamily Residence,56186,56186,32.89561,-117.14089
100355,8525 Camino Santa Fe (Rexford BEBO),8525 Camino Santa Fe,San Diego,San Diego,CA,92121-2655,1986,Subject to Ordinance,,Non-Refrigerated Warehouse,59399,59399,32.88075,-117.16971
100356,Shantalla - 8606,8606 Miramar Rd,San Diego,San Diego,CA,92126-4326,2000,Subject to Ordinance,,Other,65000,65000,32.89398,-117.13834
100357,8690 Kerns St,8690 Kerns St,San Diego,San Diego,CA,92154,2001,Subject to Ordinance,,Distribution Center,57509,56121,32.55155,-116.95552
100358,NAP San Diego LLC,8701 SIEMPRE VIVA RD,San Diego,San Diego,CA,92154,2002,Subject to Ordinance,,Distribution Center,56000,56160,32.55256,-116.95549
100359,8709 Kerns St,8709 Kerns St,San Diego,San Diego,CA,92154-6213,2001,Subject to Ordinance,,Distribution Center,59760,59760,32.54999,-116.95538
100360,San Diego Vista Steel Service,8753 Kerns St,San Diego,San Diego,CA,92154-6213,1999,Not Subject to Ordinance,GFA > 50% lab Manufacturing Industrial,Warehouse,59920,59920,32.55003,-116.95431
100361,"PWI Complex, LP",8787 Complex Dr,San Diego,San Diego,CA,92123-1419,1877/2014,Subject to Ordinance,,Commercial,55943,55946,32.8296,-117.13856
100362,8825-8831 Villa La Jolla Dr,8831 Villa La Jolla Dr,La Jolla,San Diego,CA,92037,1980,Subject to Ordinance,,Commercial,58733,58733,32.86885,-117.2308
100046,10901 N Torrey Pines Rd - Building 7,"10901 N Torrey Pines Rd, BLDG 7",San Diego,San Diego,CA,92121,1985,Subject to Ordinance,,Commercial,56888,56888,32.9,-117.24178
100746,7475 Lusk Blvd,7475 Lusk Blvd-Amenity Building,San Diego,San Diego,CA,92121-5707,1997/2020,Subject to Ordinance,,Commercial,78716,78716,32.90041,-117.21706
101242,7473 Lusk Blvd,7473 Lusk Blvd,San Diego,San Diego,CA,92121-5707,1998,Subject to Ordinance,,Office,223941,159616,32.90059,-117.21732
100366,Gentry Watts No. 2,8960 Carroll Way,San Diego,San Diego,CA,92121,1977,Subject to Ordinance,,Non-Refrigerated Warehouse,58968,58968,32.88691,-117.15975
100367,8975 Balboa Ave,8975 Balboa Ave,San Diego,San Diego,CA,92123-1507,1984,Subject to Ordinance,,Manufacturing/ Industrial/ Lab,61265,61265,32.82068,-117.13502
100368,8985 Crestmar Point (Rexford BEBO),8985 Crestmar Point,San Diego,San Diego,CA,92121-3222,1988,Subject to Ordinance,,Manufacturing/ Industrial/ Lab,55816,55816,32.88821,-117.16964
100370,Grande Colonial,910 Prospect St,La Jolla,San Diego,CA,92037-4144,1913,Subject to Ordinance,,Hotel,53170,62185,32.84729,-117.27533
100371,Harbour Lights,911 Fifth Avenue,San Diego,San Diego,CA,92101,2000,Subject to Ordinance,,Hotel,51800,51800,32.71501,-117.15986
100372,BLREH9 (R5REH9) - Rehco Rd 9125,9125 Rehco Rd,San Diego,San Diego,CA,92121,1985,Subject to Ordinance,,Manufacturing/ Industrial/ Lab,60786,60786,32.88964,-117.17171
100373,9212-9292 Miramar Rd,9212-9292 Miramar Rd,San Diego,San Diego,CA,92126-4453,1987,Subject to Ordinance,,Manufacturing/ Industrial/ Lab,58514,58514,32.89412,-117.12888
100374,Sky Park,9245 Sky Park Ct.,San Diego,San Diego,CA,92123,1983,Subject to Ordinance,,Office,54534,52600,32.81475,-117.12644
100375,925 B St,925 B St,San Diego,San Diego,CA,92101-4616,1986/2007,Subject to Ordinance,,Commercial,64581,64581,32.71754,-117.15591
100376,9250 Sky Park Ct,9250 Sky Park Ct,San Diego,San Diego,CA,92123,1985,Subject to Ordinance,,Commercial,63744,63744,32.8157,-117.12727
100377,9269 Lightwave Ave,9269 Lightwave Ave,San Diego,San Diego,CA,92123,2018,Subject to Ordinance,,Commercial,62600,62600,32.82839,-117.13166
100378,9279 Cabot Dr,9279 Cabot Dr,San Diego,San Diego,CA,92126-4364,1979,Subject to Ordinance,,Commercial,56551,56551,32.8915,-117.14225
100379,9350-9372 Cabot Dr,9350-9372 Cabot Dr,San Diego,San Diego,CA,92126-4311,1975,Subject to Ordinance,,Commercial,64180,64180,32.89182,-117.14434
100380,9355 Otay Mesa Rd,9355 Otay Mesa Rd,San Diego,San Diego,CA,92154,,Subject to Ordinance,,Commercial,64708,64708,32.567,-116.94391
100381,9373 Towne Centre Dr,9373 Towne Centre Dr,San Diego,San Diego,CA,92121-3027,1988,Subject to Ordinance,,Office,51768,52348,32.87779,-117.20703
100382,PolyPeptide Laboratories San Diego,9395 Cabot Dr,San Diego,San Diego,CA,92126-4310,1974,Not Subject to Ordinance,"GFA ≤ 50,000 sqft",Manufacturing/ Industrial/ Lab,47000,47000,32.89228,-117.14336
100383,9415 Campus Point Dr,9415 Campus Point Dr,La Jolla,San Diego,CA,92037,,Subject to Ordinance,,Commercial,61600,61600,32.87953,-117.22295
100384,9431 Dowdy Dr,9431 Dowdy Dr,San Diego,San Diego,CA,92126-4336,1979,Not Subject to Ordinance,GFA > 50% lab Manufacturing Industrial,Manufacturing/ Industrial/ Lab,57895,55200,32.89311,-117.14603
100385,9440-9450 Mira Mesa Blvd,9440-9450 Mira Mesa Blvd,San Diego,San Diego,CA,92126-4846,1992,Subject to Ordinance,,Commercial,56362,56362,32.91877,-117.12229
100386,9449 Balboa Ave,9449 Balboa Ave,San Diego,San Diego,CA,92123-4335,1985,Subject to Ordinance,,Commercial,57048,57048,32.82159,-117.12651
100387,Granger Building,944-964 5th Ave,San Diego,San Diego,CA,92101-6102,1904/1985,Subject to Ordinance,,Office,55000,51904,32.71515,-117.16042
100388,9515 Towne Centre,9515 Towne Centre Dr,San Diego,San Diego,CA,92121,2001,Subject to Ordinance,,Office,63412,63412,32.88011,-117.20707
100389,9520 Towne Centre,9520 Towne Centre Dr,San Diego,San Diego,CA,92121,1999,Subject to Ordinance,,Office,53794,53794,32.88024,-117.20928
100390,9525 Towne Centre,9525 Towne Centre Dr,San Diego,San Diego,CA,92121,2001,Subject to Ordinance,,Office,63412,62324,32.88092,-117.207
100251,5005 Wateridge Vista Dr,5005 Wateridge Vista Dr,San Diego,San Diego,CA,92121,2002,Subject to Ordinance,,Office,61460,61460,32.89581,-117.20843
100393,305-Oakmont of Pacific Beach,955 Grand Ave,San Diego,San Diego,CA,92109-4042,2017,Subject to Ordinance,,Senior Living Community,56643,55968,32.79502,-117.25179
100394,9550 Distribution Ave,9550 Distribution Ave,San Diego,San Diego,CA,92121-2306,2007,Subject to Ordinance,,Manufacturing/ Industrial/ Lab,56225,56350,32.88106,-117.16378
100396,North Shores Center,9575 Aero Dr,San Diego,San Diego,CA,92123-1803,1992,Not Subject to Ordinance,"GFA ≤ 50,000 sqft",Industrial Warehouse,48635,55093,32.80755,-117.12313
100397,9577 Chesapeake Dr,9577 Chesapeake Dr,San Diego,San Diego,CA,92123-1304,1990,Subject to Ordinance,,Commercial,51000,51000,32.83436,-117.12462
101176,Qualcomm Morehouse,5555 Morehouse Dr.,San Diego,San Diego,CA,92121-1710,1985,Subject to Ordinance,,Office,105000,105000,32.89559,-117.19613
100399,StoneCrest- 9635,9635 Granite Ridge Dr.,San Diego,San Diego,CA,92123,2003,Subject to Ordinance,,Office,55656,55656,32.80563,-117.12032
100400,StoneCrest- 9645 ,9645 Granite Ridge Dr,San Diego,San Diego,CA,92123,1990,Subject to Ordinance,,College/University,57210,55602,32.80538,-117.11976
100401,U-Haul Moving & Storage of Miramar (732082),9650 Camino Ruiz,San Diego,San Diego,CA,92126,1993,Subject to Ordinance,,Self-Storage Facility,62762,62183,32.89592,-117.13618
100402,9680 Granite Ridge Dr,9680 Granite Ridge Dr,San Diego,San Diego,CA,92123-2673,1992,Subject to Ordinance,,Office,52347,52347,32.80719,-117.11943
101181,5665 Morehouse Dr,5665 Morehouse Dr,San Diego,San Diego,CA,92121-1714,1986,Subject to Ordinance,,Office,270202,270202,32.89519,-117.19515
100403,9710 Scranton Rd,9710 Scranton Rd,San Diego,San Diego,CA,92121,1990,Subject to Ordinance,,Office,60704,58412,32.89676,-117.20335
100405,Cutwater Spirits,9750 Distribution Ave,San Diego,San Diego,CA,92121-2310,2017,Not Subject to Ordinance,GFA > 50% lab Manufacturing Industrial,Manufacturing/ Industrial,51123,52600,32.88455,-117.16371
100406,9791 Towne Centre,9791 Towne Centre Dr,San Diego,San Diego,CA,92121,1999,Subject to Ordinance,,Office,50466,50466,32.88735,-117.21278
100408,Otay Commerce Center,"9840 Siempre Viva Rd, Bldg B",San Diego,San Diego,CA,92154-7246,1992,Subject to Ordinance,,Manufacturing,61740,61740,32.55793,-116.9344
100409,9855 Distribution Avenue (Rexford BEBO),9855 Distribution Ave,San Diego,San Diego,CA,92121-2336,1983,Subject to Ordinance,,Distribution Center,60819,60819,32.87638,-117.20612
100411,9877 Waples St,9877 Waples St,San Diego,San Diego,CA,92121-2922,1990,Subject to Ordinance,,Manufacturing/Industrial Plant,60632,62392,32.90333,-117.18023
100412,9888 Carroll Centre Rd,9888 Carroll Centre Rd,San Diego,San Diego,CA,92126-4579,1987/2015,Subject to Ordinance,,Commercial,52425,52425,32.89996,-117.11871
100413,SND - San Diego 19 (SND19),9890 Towne Centre Dr,San Diego,San Diego,CA,92121,1999,Subject to Ordinance,,Office,61847,63412,32.88509,-117.21474
100414,9909 Mira Mesa Blvd,9909 Mira Mesa Blvd,San Diego,San Diego,CA,92131-1056,2001,Subject to Ordinance,,Multifamily Residence,56227,56134,32.91573,-117.11295
100415,12220 World Trade Dr,12220 World Trade Dr,San Diego,San Diego,CA,92128-3765,1990/2019,Subject to Ordinance,,Commercial,50432,50432,32.98634,-117.0747
100416,9915 Mira Mesa Blvd,9915 Mira Mesa Blvd,San Diego,San Diego,CA,92131-7001,2006,Subject to Ordinance,,Commercial,56135,56135,32.91518,-117.11362
100417,9925 Airway Rd,9925 Airway Rd,San Diego,San Diego,CA,92154,2005,Subject to Ordinance,,Manufacturing/ Industrial/ Lab,53601,53601,32.55916,-116.93323
100418,"Sorrento Heights Property Owner, LLC",9980 Huennekens St,San Diego,San Diego,CA,92121,1987,Subject to Ordinance,,Office,60291,59065,32.90173,-117.18113
100419,Sterling City Science South Development,9985 Pacific Heights Blvd,San Diego,San Diego,CA,92121,1980,Subject to Ordinance,,Laboratory,51817,51261,32.90155,-117.1907
100420,SPARK CHEN,10050 Scripps Ranch Ct,San Diego,San Diego,CA,92131-1271,1979,Subject to Ordinance,,Distribution Center,67681,67681,32.90614,-117.11024
100421,"Old Grove, LLC",10054 Old Grove Rd,San Diego,San Diego,CA,92131-1647,1971/2018,Subject to Ordinance,,Manufacturing,85824,85824,32.8996,-117.11051
100423,10155 Pacific Heights Blvd,10155 Pacific Heights Blvd,San Diego,San Diego,CA,92121-4214,2000,Subject to Ordinance,,Office,94505,94505,32.90281,-117.19439
100424,Quidel Corporation,10165 McKellar Ct,San Diego,San Diego,CA,92121,1988,Not Subject to Ordinance,GFA > 50% lab Manufacturing Industrial,Manufacturing/Industrial Plant,72863,78000,32.90475,-117.20004
100425,Seaview Corporate Center I,10180 Telesis Ct,San Diego,San Diego,CA,92121,1984,Subject to Ordinance,,Office,97200,93242,32.90229,-117.20832
100426,10201 Wateridge Circle,10201 Wateridge Cir,San Diego,San Diego,CA,92121-5800,1980,Subject to Ordinance,,Office,84304,89818,32.89965,-117.20563
100427,10210 Campus Point Dr,10210 Campus point Dr,San Diego,San Diego,CA,92121-1598,1990,Subject to Ordinance,,Laboratory,79263,79263,32.8884,-117.22292
100428,Barnes Canyon Life Sciences,10222 Barnes Canyon Rd,San Diego,San Diego,CA,92121-2711,1987,Subject to Ordinance,,Office,81976,81976,32.90034,-117.19825
100429,10225 Willow Creek Rd,10225 Willow Creek Rd,San Diego,San Diego,CA,92131-1639,1979/2014,Subject to Ordinance,,Light Manufacturing,67378,67378,32.89868,-117.10783
100431,10241 Wateridge Circle,10241 Wateridge Cir,San Diego,San Diego,CA,92121-2797,1985,Subject to Ordinance,,Office,89884,81613,32.89942,-117.20617
100433,10275 Science Center Dr,10275 Science Center Dr,San Diego,San Diego,CA,92121-1117,2021,Not Subject to Ordinance,GFA > 50% lab Manufacturing Industrial,R&D,95345,95345,32.89116,-117.23037
100434,10277 Scripps Ranch Blvd,10277 Scripps Ranch Blvd,San Diego,San Diego,CA,92131,1980,Subject to Ordinance,,Office,70041,69900,32.90788,-117.10877
100404,9740 Scranton,9740 Scranton Rd,San Diego,San Diego,CA,92121,1990,Subject to Ordinance,,Office,60692,58413,32.87465,-117.21183
100436,10410 Science Center Dr,10410 Science Center Dr,San Diego,San Diego,CA,92121-1119,2002/2021,Not Subject to Ordinance,GFA > 50% lab Manufacturing Industrial,R&D,94000,94000,32.89431,-117.23115
101164,Sorrento Towers North (N1),5355 Mira Sorrento Place,San Diego,San Diego,CA,92121,1989,Subject to Ordinance,,Office,139166,139264,32.89429,-117.2027
100438,10450 Science Center Dr,10450 Science Center Dr,San Diego,San Diego,CA,92121-1119,1995,Not Subject to Ordinance,GFA > 50% lab Manufacturing Industrial,R&D,80390,80390,32.89459,-117.23234
100439,The Canyons,10455 Pacific Center Ct,San Diego,San Diego,CA,92121-4339,1997,Subject to Ordinance,,R&D,92477,92477,32.90776,-117.18776
100441,10509 Vista Sorrento Pkwy,10509 Vista Sorrento Pkwy,San Diego,San Diego,CA,92121,1987,Subject to Ordinance,,Office,78000,78000,32.89777,-117.21598
100443,Pfizer CB10,10555 Science Center Dr,San Diego,San Diego,CA,92121-1100,1998,Subject to Ordinance,,Laboratory,127506,93000,32.89618,-117.22971
100444,CA - SANA,10585 Heater Ct,San Diego,San Diego,CA,92121-4111,1994,Subject to Ordinance,,Non-Refrigerated Warehouse,69587,69587,32.90968,-117.17267
100445,Torrey View Corporate Center,10590 W Ocean Air Dr,San Diego,San Diego,CA,92130-4682,2000,Subject to Ordinance,,Office,74886,71831,32.91065,-117.22366
101165,"PR Sorrento Towers North, LLC (N2)",5375 Mira Sorrento Place,San Diego,San Diego,CA,92121,1991,Subject to Ordinance,,Office,139166,139246,32.8943,-117.20358
100447,10620 Treena St,10620 Treena St,San Diego,San Diego,CA,92131,2012,Subject to Ordinance,,Office,93374,93374,32.91051,-117.11482
100448,Scripps Northridge Technology Plaza,10636 Scripps Summit Ct,San Diego,San Diego,CA,92131-3965,2001,Subject to Ordinance,,Office,102592,95069,32.94169,-117.09857
100449,Pfizer CB4,10646 Science Center Dr,San Diego,San Diego,CA,92121,2003,Subject to Ordinance,,Laboratory,213708,83653,32.89872,-117.23001
100450,SHARP | 10672 Wexford St,10672 Wexford St,San Diego,San Diego,CA,92131,2008,Subject to Ordinance,,Medical Office,60985,80547,32.93949,-117.09929
100451,NIBR San Diego,10675 John Jay Hopkins Dr,San Diego,San Diego,CA,92121,2000,Not Subject to Ordinance,GFA > 50% lab Manufacturing Industrial,Laboratory,282856,100000,32.8968,-117.23889
100452,10710 N Torrey Pines Rd,10710 N Torrey Pines Rd,La Jolla,San Diego,CA,92037,1981,Subject to Ordinance,,Medical Office,156920,89061,32.89834,-117.24225
100453,10715 Scripps Ranch Blvd,10715 Scripps Ranch Blvd,San Diego,San Diego,CA,92131,1988/ 2020,Subject to Ordinance,,Self-Storage Facility,90575,73470,32.9133,-117.10936
100454,10724 Treena St,10724 Treena St,San Diego,San Diego,CA,92131,1991,Subject to Ordinance,,Retail Store,72136,72136,32.91338,-117.11523
100455,"MMM East, Inc.",10733 Westview Parkway,San Diego,San Diego,CA,92126,2000,Subject to Ordinance,,Movie Theater,94041,94041,32.91521,-117.11758
100460,BMR-10835 Rd to the Cure LP,10835 Rd To the Cure,San Diego,San Diego,CA,92121,1977,Subject to Ordinance,,Laboratory,64362,67998,32.90217,-117.23633
100462,10905 Rd To The Cure,10905 Rd To The Cure,San Diego,San Diego,CA,92121,2006,Subject to Ordinance,,Office,71000,71000,32.90296,-117.23803
100274,Evoque-SAN2 (San Diego CA),5732 Pacific Center Blvd,San Diego,San Diego,CA,92121-4202,1998,Subject to Ordinance,,Data Center,115000,57500,32.90418,-117.19919
100275,5738 Pacific Center Blvd,5738 Pacific Center Blvd-Bldg B,San Diego,San Diego,CA,92121,1999,Subject to Ordinance,,Light Manufacturing,57500,57500,32.90481,-117.19886
100465,10996 Torreyana,10996 Torreyana,San Diego,San Diego,CA,92121-1105,2013,Subject to Ordinance,,Office,84504,78600,32.90438,-117.23908
100466,BMR-Torreyana LP,11010 Torreyana Rd,San Diego,San Diego,CA,92121,1980,Subject to Ordinance,,Laboratory,81204,81204,32.90578,-117.23863
100467,11011 N Torrey Pines Rd,11011 N Torrey Pines Rd,La Jolla,San Diego,CA,92037-1007,1982,Not Subject to Ordinance,GFA > 50% lab Manufacturing Industrial,R&D,85630,85630,32.90587,-117.24275
100468,11011 Torreyana Rd,11011 Torreyana Rd,San Diego,San Diego,CA,92121-1104,1980,Subject to Ordinance,,R&D,76715,76715,32.90544,-117.23703
101183,5751 Pacific Center Blvd,5751 Pacific Center Blvd,San Diego,San Diego,CA,92121-4252,1996,Subject to Ordinance,,Manufacturing,177500,177500,32.90344,-117.1972
101418,Qualcomm W/WT,5745 Pacific Center Blvd.,San Diego,San Diego,CA,92121,2006,Subject to Ordinance,,Office,415000,540000,32.90347,-117.19693
100854,9808 Scranton Rd,9808 Scranton Rd,San Diego,San Diego,CA,92121,1985,Subject to Ordinance,,Office,92812,94111,32.89821,-117.20331
100472,1111 6th Ave,1111 6th Ave,San Diego,San Diego,CA,92101-5209,1935/2017,Subject to Ordinance,,Office,79670,79670,32.71701,-117.15898
101351,9868 Scranton Rd,9868 Scranton Rd,San Diego,San Diego,CA,92121,1985,Subject to Ordinance,,Laboratory,94110,125518,32.89891,-117.20352
100475,1125 9th Ave,1125 9th Ave,San Diego,San Diego,CA,92101,2000,Subject to Ordinance,,Other,99684,66817,32.71719,-117.15627
100476,11255 N Torrey Pines Rd,11255 N Torrey Pines Rd,La Jolla,San Diego,CA,92037-1011,1978,Subject to Ordinance,,Office,103119,82500,32.90974,-117.24343
100477,11355 N Torrey Pines Rd,11355 N Torrey Pines Rd,La Jolla,San Diego,CA,92037-1013,1990,Subject to Ordinance,,Office,70800,74881,32.91085,-117.24386
100478,Promontory Assoc. G.P.,11440 W Bernardo Ct,San Diego,San Diego,CA,92127,1988,Subject to Ordinance,,Office,97419,98801,33.02268,-117.08312
100479,Torrey Reserve South CtI,11452 El Camino Real,San Diego,San Diego,CA,92130-2080,1996,Subject to Ordinance,,Office,77209,77508,32.92724,-117.23853
100480,Torrey Reserve North CtI,11682 El Camino Real,San Diego,San Diego,CA,92130-2092,1996,Subject to Ordinance,,Office,77071,75118,32.92895,-117.23854
100481,70300019 -- Carmel Mountain,11875 Carmel Mtn. Rd,San Diego,San Diego,CA,92128,1989,Not Subject to Ordinance,"GFA ≤ 50,000 sqft",Supermarket/Grocery Store,46425,46425,32.98124,-117.08004
100482,11770 Bernardo Plaza Ct,11770 Bernardo Plaza Ct,San Diego,San Diego,CA,92128-2422,1984,Subject to Ordinance,,Office,71735,71735,33.02069,-117.07719
100483,11920 El Camino Real,11920 El Camino Real,San Diego,San Diego,CA,92130-2592,2000,Subject to Ordinance,,Hotel,71944,71944,32.9349,-117.23848
100484,11940 Carmel Mountain Rd,11940 Carmel Mountain Rd,San Diego,San Diego,CA,92128-4603,1994,Subject to Ordinance,,Freestanding Retail,85976,85976,32.98269,-117.07839
100485,San Diego Rescue Missiom,120 Elm St,San Diego,San Diego,CA ,92101-2602,1970,Subject to Ordinance,,Multifamily Housing,95874,,32.72437,-117.16359
100487,1201 Hotel Cir S,1201 Hotel Cir S,San Diego,San Diego,CA,92108-3407,1968/2016,Subject to Ordinance,,Hotel,70184,70184,32.75897,-117.17353
100488,San Diego CA RI,12011 Scripps Highlands Dr,San Diego,San Diego,CA,92131,2000,Subject to Ordinance,,Hotel,68175,69070,32.93743,-117.10693
100489,San Diego CA SHS,12032 Scripps Highlands Dr,San Diego,San Diego,CA,92131,2000,Subject to Ordinance,,Hotel,75305,73925,32.93756,-117.1089
100490,Genesis Del Mar,12250 El Camino Real,San Diego,San Diego,CA,92130-3076,1999/2023,Subject to Ordinance,,Office,70221,70221,32.93843,-117.24079
100864,9940 Barnes Canyon Rd,9940 Barnes Canyon Rd,San Diego,San Diego,CA,92121-2720,1985,Subject to Ordinance,,Office,71379,71379,32.89985,-117.20181
100492,12264 El Camino Real,12264 El Camino Real,San Diego,San Diego,CA,92130-3058,2001,Subject to Ordinance,,Office,75883,75883,32.93956,-117.24082
100865,9950 Barnes Canyon Rd,9950 Barnes Canyon Rd,San Diego,San Diego,CA,92121-2720,1992,Subject to Ordinance,,Office,72620,72620,32.89965,-117.19975
100494,Paseo Del Mar - Building 12275,12275 El Camino Real,San Diego,San Diego,CA,92130,2006,Subject to Ordinance,,Office,82659,79501,32.94136,-117.2396
100495,Alexan Gallerie,123 Camino De La Reina,San Diego,San Diego,CA,92108-3002,1973,Subject to Ordinance,,Office,68983,68983,32.765,-117.1638
100496,Carmel Mountain - Bldg 1,12310 World Trade Dr,San Diego,San Diego,CA,92128,1997,Not Subject to Ordinance,"GFA ≤ 50,000 sqft",Mixed Use Property,48754,48754,32.9875,-117.07098
100497,1231-1233 Camino Del Rio S,1231-1233 Camino Del Rio S,San Diego,San Diego,CA,92108,1970,Subject to Ordinance,,Retail/Office,70000,70000,32.76604,-117.14889
100498,Carmel Mountain - Bldg 2,12316 World Trade Dr,San Diego,San Diego,CA,92128,1997,Subject to Ordinance,,Non-Refrigerated Warehouse,96271,95225,32.98816,-117.07084
100499,12340 El Camino Real,12340 El Camino Real,San Diego,San Diego,CA,92130-3078,2002,Subject to Ordinance,,Office,89272,89272,32.94068,-117.24104
100500,12340 World Trade Dr,12340 World Trade Dr,San Diego,San Diego,CA,92128-3742,2020,Subject to Ordinance,,Self-Storage Facility,159861,81980,32.98823,-117.0696
100501,12390 El Camino Real,12390 El Camino Real,San Diego,San Diego,CA,92130-2081,2000,Subject to Ordinance,,Office,72332,70140,32.94183,-117.24105
100502,Foley Parking Complex,1245 5th Ave,San Diego,San Diego,CA,92101,1990,Subject to Ordinance,,Parking,89500,89500,32.71841,-117.15989
100503,High Bluff Ridge 1,12481 High Bluff Dr,San Diego,San Diego,CA,92130,2005,Subject to Ordinance,,Office,70750,68038,32.94479,-117.23953
100504,High Bluff Ridge 2,12531 High Bluff Dr,San Diego,San Diego,CA,92130,2005,Subject to Ordinance,,Office,92929,90530,32.94546,-117.24
100505,Chase Suite Hotels - Corporate Office,12555 High Bluff Dr,San Diego,San Diego,CA,92130-2056,1987,Subject to Ordinance,,Office,72706,72007,32.94671,-117.23932
100506,"OF 09 Hacienda, LLC",12625 High Bluff Dr,San Diego,San Diego,CA,92130,1985,Subject to Ordinance,,Office,66324,65955,32.9475,-117.23922
100310,6769 Mesa Ridge Rd,6769 Mesa Ridge Rd,San Diego,San Diego,CA,92121-2995,2000,Subject to Ordinance,,Manufacturing/ Industrial/ Lab,51020,51020,32.90127,-117.17465
100508,12770 El Camino Real,12770 El Camino Real,San Diego,San Diego,CA,92130-2007,2016,Subject to Ordinance,,Office,75035,73032,32.94883,-117.23666
102208,Summit Ridge,6759 Mesa Ridge Rd- Bldg A,San Diego,San Diego,CA,92121,1999,Not Subject to Ordinance,"GFA ≤ 50,000 sqft",Manufacturing/ Industrial/ Lab,39010,39010,32.90137,-117.17271
100510,Del Mar Highlands Town Center (12873-12925),12873 El Camino Real,San Diego,San Diego,CA,92130,2002,Subject to Ordinance,,Strip Mall,115803,99070,32.95084,-117.23294
100511,24432-Brookdale Carmel Valley,13101 Hartfield Ave,San Diego,San Diego,CA,92130,2000,Subject to Ordinance,,Senior Care Community,69265,87235,32.95691,-117.22931
100512,1333 30th St,1333 30th St,San Diego,San Diego,CA,92154-3404,1986,Subject to Ordinance,,Warehouse,66616,66616,32.57231,-117.0683
100513,1101 Cesar Chavez Pkwy,1101 Cesar Chavez Pkwy,San Diego,San Diego,CA,92113-2123,2012,Subject to Ordinance,,Multifamily Residence,70000,70000,32.69997,-117.14492
100515,"ROHM Semiconductor USA, LLC",1424 Corporate Center Dr,San Diego,San Diego,CA,92154,2007,Subject to Ordinance,,Distribution Center,99139,99139,32.57345,-117.0023
100806,9040 Activity Rd,9040 Activity Rd,San Diego,San Diego,CA,92126-4473,1991,Subject to Ordinance,,Distribution Center,88275,88275,32.89666,-117.13279
101304,9020 Activity Rd,9020 Activity Rd,San Diego,San Diego,CA,92126-4454,1991,Subject to Ordinance,,Distribution Center,111143,111143,32.89747,-117.13215
100519,1441 Camino del Rio S,1441 Camino del Rio S,San Diego,San Diego,CA,92108-3581,1968,Subject to Ordinance,,Auto Dealership,65111,65111,32.76565,-117.14913
100521,150 W BRdway,150 W BRdway,San Diego,San Diego,CA,92101,1926/2006,Subject to Ordinance,,Hotel,91945,91945,32.71595,-117.16427
100522,A-1 Self Storage #525,1501 Frazee Rd,San Diego,San Diego,CA,92108,1999,Subject to Ordinance,,Non-Refrigerated Warehouse,99999,99999,32.7757,-117.15984
100523,15015 Avenue of Science,15015 Avenue of Science,San Diego,San Diego,CA,92128-3435,1998,Subject to Ordinance,,Office,86639,86639,32.98908,-117.079
100524,Innovation,15025 Innovation Dr,San Diego,San Diego,CA,92128,1972,Subject to Ordinance,,Office,85085,88430,32.98923,-117.0759
100525,15051 Avenue of Science,15051 Avenue of Science,San Diego,San Diego,CA,92128,2000,Subject to Ordinance,,Office,70617,69967,32.99026,-117.07961
100526,15231 Avenue of Science,15231 Avenue of Science,San Diego,San Diego,CA,92128,2004,Subject to Ordinance,,Office,76215.6,65638,32.99144,-117.0802
100527,15255 Innovation Dr,15255 Innovation Dr,San Diego,San Diego,CA,92128-3400,1986/2015,Subject to Ordinance,,Office,68496,68496,32.99303,-117.0772
100528,Hampton Inn San Diego Downtown,1531 Pacific Hwy,San Diego,San Diego,CA,92101-2413,1980,Subject to Ordinance,,Hotel,95344,93559,32.72127,-117.17053
100529,Bldg 7 - 15330 AOS,15330 Avenue of Science,San Diego,San Diego,CA,92128-3407,1987,Subject to Ordinance,,Office,73756,73756,32.99384,-117.08253
100816,Applied Composites,"9220 Activity Rd, STE100",San Diego,San Diego,CA,92126-4407,1986, Subject to Ordinance,GFA > 50% lab Manufacturing Industrial,Non-Refrigerated Warehouse,69125,69125,32.89764,-117.12841
100532,15373 Innovation Dr,15373 Innovation Dr,San Diego,San Diego,CA,92128-3415,1984,Subject to Ordinance,,Office,77559,77559,32.99459,-117.07915
100533,15378 Avenue of Science,15378 Avenue of Science,San Diego,San Diego,CA,92128,1985,Subject to Ordinance,,Office,68791,68791,32.99482,-117.0825
100534,"American Brewing Company, Ltd.",1550 Hotel Circle,San Diego,San Diego,CA,92108,1970,Subject to Ordinance,,Office,66627,66748,32.75984,-117.17728
100535,A-1 Self Storage #360,1550 Murray Canyon Rd,San Diego,San Diego,CA,92108,1999,Subject to Ordinance,,Non-Refrigerated Warehouse,98100,98100,32.77521,-117.159
100536,Douglas Wilson Companies,1620 Fifth Ave #400,San Diego,San Diego,CA,92101-2716,1985,Subject to Ordinance,,Office,87772,80651,32.72223,-117.16051
100537,1625 Rigel St,1625 Rigel St,San Diego,San Diego,CA,92113-3808,1950,Subject to Ordinance,,Manufacturing/ Industrial/ Lab,80665,80665,32.69015,-117.11987
100538,General Atomics Electromagetics,16275 Technology Dr,San Diego,San Diego,CA,92127-1815,1987,Subject to Ordinance,,Other - Technology/Science,65775,65755,33.00897,-117.09106
100539,16340 W Bernardo Dr,16340 W Bernardo Dr,San Diego,San Diego,CA,92127-1802,2007,Subject to Ordinance,,Office,90610,90610,33.0125,-117.09115
100540,16399 W Bernardo Dr Building 61B,"16399 W Bernardo Dr, BLDG 61B",San Diego,San Diego,CA,92127-1801,1985/2018,Subject to Ordinance,,Office,581417,67277,33.01075,-117.08905
100542,16465 Via Esprillo,16465 Via Esprillo,San Diego,San Diego,CA,92127,2011,Subject to Ordinance,,Office,84277,84277,33.01375,-117.09194
100545,The Point 16745,16745 W. Bernardo Dr.,San Diego,San Diego,CA,92127,1999,Subject to Ordinance,,Office,103140,93699,33.01484,-117.08118
100546,The Point 16765,16765 W. Bernardo Dr.,San Diego,San Diego,CA,92127,1999,Subject to Ordinance,,Office,103140,93161,33.01585,-117.08127
100547,16855 W Bernardo Dr,16855 W Bernardo Dr,San Diego,San Diego,CA,92127-1625,1983,Subject to Ordinance,,Office,91688,91688,33.01807,-117.08032
100548,16868 Via Del Campo Ct,16868 Via Del Campo Ct,San Diego,San Diego,CA,92127-1714,1986,Not Subject to Ordinance,GFA > 50% lab Manufacturing Industrial,Manufacturing/ Industrial/ Lab,93775,86952,33.02047,-117.09629
100549,Bluffs,16870 W. Bernardo Dr,San Diego,San Diego,CA,92127,2002,Subject to Ordinance,,Office,71334,68708,33.01965,-117.08129
100550,16899 W Bernardo Dr,16899 W Bernardo Dr,San Diego,San Diego,CA,92127-1603,2017,Subject to Ordinance,,Medical Office,101551,100000,33.02175,-117.08013
100551,54671-The Remington Club,16925 Hierba Dr,San Diego,San Diego,CA,92128,1988,Subject to Ordinance,,Mixed Use Property,352000,69884,33.0194,-117.07182
100552,RB Ctyard,16935 W Bernardo Dr,San Diego,San Diego,CA,92127,1979,Subject to Ordinance,,Office,78861,78861,33.02264,-117.0808
100553,1695-1699 Main St,1695-1699 Main St,San Diego,San Diego,CA,92113-1024,1962,Subject to Ordinance,,Warehouse,90000,90000,32.70129,-117.15028
100556,CA2491 - RANCHO BERNARDO MEDICAL OFFICES,17140 BERNARDO CENTER DR,San Diego,San Diego,CA,92128,2000,Subject to Ordinance,,Medical Office,83213,82157,33.0249,-117.07618
100557,08784-South Bay,1714 Palm Ave,San Diego,San Diego,CA,92154,2007,Subject to Ordinance,,Self-Storage Facility,53320,74102,32.5842,-117.09636
100558,1745-1765 Euclid Ave,1745-1765 Euclid Ave,San Diego,San Diego,CA,92105-5414,1957/2013,Subject to Ordinance,,Retail,70721,70721,32.72398,-117.08334
100559,1747 Pacific Hwy,1747 Pacific Hwy,San Diego,San Diego,CA,92101-2416,1980,Subject to Ordinance,,Hotel,85769,94460,32.72335,-117.17071
100560,Casa de las Campana #2,"18655 W Bernardo Dr, Casa de las Campana, STE  2",San Diego,San Diego,CA,92127-3002,2018,Subject to Ordinance,,Assisted Living,96019,96019,33.05114,-117.07458
100562,1901 Main St,1901 Main St,San Diego,San Diego,CA,92113-2129,2015,Subject to Ordinance,,K-12 School,67924,67924,32.69851,-117.1465
100838,Pacific Technology Park IV,9455 Waples St,San Diego,San Diego,CA,92121,1991,Subject to Ordinance,,Distribution Center,97284,97284,32.90119,-117.18316
100564,Marina Village,1936 Quivara Way,San Diego,San Diego,CA,92109-8315,1978,Subject to Ordinance,,Other - Recreation,87888,87888,32.76108,-117.23406
100565,2041 Columbia St,2041 Columbia St,San Diego,San Diego,CA,92101-1759,2024,Subject to Ordinance,,Multifamily Residence,93777,93777,32.7263,-117.16815
100566,207 5th Ave,207 5th Ave,San Diego,San Diego,CA,92101-6908,2008,Subject to Ordinance,,Hotel ,365000,74970,32.70777,-117.15962
100839,Pacific Technology Park V,"9477 Waples St, Pacific Technology Park V",San Diego,San Diego,CA,92121,1991,Subject to Ordinance,,Distribution Center,129083,96812,32.90153,-117.18329
100568,2131 Shelter Island Dr,2131 Shelter Island Dr,San Diego,San Diego,CA,92106-3106,1985,Subject to Ordinance,,Hotel,70632,70632,32.71586,-117.22493
100569,2137 Pacific Hwy,2137 Pacific Hwy,San Diego,San Diego,CA,92101,2016,Subject to Ordinance,,Hotel,68760,68760,32.72628,-117.17175
100570,"SPEC-BUILT SYSTEMS, INC.",2150 Michael Faraday Dr,San Diego,San Diego,CA,92154-7903,1991,Not Subject to Ordinance,GFA > 50% lab Manufacturing Industrial,Warehouse,70200,70200,32.55923,-116.93279
100571,2195 Britannia Blvd,"2195 Britannia Blvd, BLDG 8",San Diego,San Diego,CA,92154,2006,Subject to Ordinance,,Distribution Center,72208,72208,32.55788,-116.97811
100572,2200 Pacific Hwy Building D2,"2200 Pacific Hwy, BLDG D2",San Diego,San Diego,CA,92101-1745,,Subject to Ordinance,,Manufacturing,79132,79132,32.72678,-117.17281
100574,2223 El Cajon Blvd,2223 El Cajon Blvd,San Diego,San Diego,CA,92104-1103,1946/2023,Subject to Ordinance,,Hotel,84185,84185,32.75474,-117.14067
100575,Airway Trade Center,2225 Avenida Costa Este,San Diego,San Diego,CA,92154,1988,Subject to Ordinance,,Non-Refrigerated Warehouse,73349,75500,32.559,-116.95387
100576,2230 Truxtun Rd,2230 Truxtun Rd,San Diego,San Diego,CA,92106,1967,Subject to Ordinance,,K-12 School,96120,99383,32.73473,-117.2197
100577,Rio San Diego Plaza II,2275 Rio Bonito Way,San Diego,San Diego,CA,92108,2001,Subject to Ordinance,,Office,79947,74947,32.77727,-117.137
100578,2277 Rosecrans St,2277 Rosecrans St,San Diego,San Diego,CA,92106,2006,Subject to Ordinance,,Worship Facility,99999,99999,32.73573,-117.21882
100579,2280 Enrico Fermi Dr,2280 Enrico Fermi Dr,San Diego,San Diego,CA,92154-7227,2001,Subject to Ordinance,,Non-Refrigerated Warehouse,96998,96998,32.55767,-116.92883
100580,Humphreys Half Moon Inn and Suites,2303 Shelter Island Dr,San Diego,San Diego,CA,92106,1960,Subject to Ordinance,,Hotel,125800,95369,32.71737,-117.2241
102586,9477 Waples St,9477 Waples St,San Diego,San Diego,CA ,92121,1989,Subject to Ordinance,,Manufacturing/Industrial Plant,96812,,32.874483,
100582,2385 Northside Dr,2385 Northside Dr,San Diego,San Diego,CA,92108,2007,Subject to Ordinance,,Office,88934,89023,32.78454,-117.12535
100583,2400 Kettner Blvd,2400 Kettner Blvd,San Diego,San Diego,CA,92101-1249,1920,Subject to Ordinance,,Office,103398,78990,32.72889,-117.17191
100584,SHS Mission Valley,2401 N Camino Del Rio North,San Diego,San Diego,CA,92108,2016,Subject to Ordinance,,Hotel,83000,82500,32.76756,-117.13825
100585,2424 Hotel Circle No,2424 Hotel Circle No,San Diego,San Diego,CA,92108,1990,Subject to Ordinance,,Hotel,74676,74676,32.7603,-117.18577
100586,2435 Jefferson St,2435 Jefferson St,San Diego,San Diego,CA,92110,2016,Subject to Ordinance,,Hotel,97360,74584,32.75015,-117.19543
100588,2548 Kettner Blvd,2548 Kettner Blvd,San Diego,San Diego,CA,92101-1218,1988,Subject to Ordinance,,Parking,91329,91329,32.73071,-117.1727
100589,Merrill Gardens at Bankers Hill,2567 Second Avenue,San Diego,San Diego,CA,92103,2011,Subject to Ordinance,,Senior Living Community,128920,74668,32.73164,-117.16274
100590,2650 Camino Del Rio N,2650 Camino Del Rio N,San Diego,San Diego,CA,92108-1621,1982,Subject to Ordinance,,Office,70099,70099,32.77332,-117.1351
100591,2655 Camino Del Rio N,2655 Camino Del Rio N,San Diego,San Diego,CA,92108-1633,1986,Subject to Ordinance,,Office,93735,93735,32.77255,-117.13441
100592,2655 Melksee St,2655 Melksee St,San Diego,San Diego,CA,92154-2685,2000,Subject to Ordinance,,Distribution Center,66243,66243,32.55164,-116.95677
100593,2667 Camino Del Rio S,2667 Camino Del Rio S,San Diego,San Diego,CA,92108-3707,1980,Subject to Ordinance,,Office,70000,70000,32.76905,-117.13549
100594,2727 Kurtz St,2727 Kurtz St,San Diego,San Diego,CA,92110-3109,1978,Subject to Ordinance,,Refrigerated Warehouse,83469,83469,32.74994,-117.20128
100595,2735 Cactus Rd,2735 Cactus Rd,San Diego,San Diego,CA,92154-8024,2000,Subject to Ordinance,,Distribution Center,71393,74448,32.54816,-116.98726
100596,2815 Camino Del Rio S,2815 Camino Del Rio S,San Diego,San Diego,CA,92108-3815,1982/2023,Subject to Ordinance,,Multifamily Residence,69850,69850,32.76869,-117.13387
100597,2828 Meadow Lark Dr,2828 Meadow Lark Dr,San Diego,San Diego,CA,92123-2710,1955,Subject to Ordinance,,Multifamily Residence,82110,82110,32.79399,-117.1548
100598,2861 Womble Rd,2861 Womble Rd,San Diego,San Diego,CA,92106-6025,1980,Not Subject to Ordinance,"GFA ≤ 50,000 sqft",K-12 School,38996,70702,32.73517,-117.2172
100599,2878 Camino Del Rio S,2878 Camino Del Rio S,San Diego,San Diego,CA,92108-3872,1989,Subject to Ordinance,,Office,80217,80217,32.77104,-117.13215
100601,300 Fir St,300 Fir St,San Diego,San Diego,CA,92101,2012,Subject to Ordinance,,Medical Office,66009,66365,32.72533,-117.16179
100602,3010 Science Park,3010 Science Park,San DIego,San Diego,CA,92121-1102,2000,Subject to Ordinance,,Laboratory,74557,74557,32.90297,-117.24056
100603,Callan Ridge Campus,3020-3030 Callan Rd,San Diego,San Diego,CA,92121-1109,1984/1999,Subject to Ordinance,,Office,91000,91000,32.90703,-117.24003
100604,3030 Science Park,3030 Science Park Rd,San Diego,San Diego,CA,92121,1986,Subject to Ordinance,,Office,77830,77830,32.90288,-117.23978
100605,3167 5th Ave,3167 5th Ave,San Diego,San Diego,CA,92103-5838,1926,Subject to Ordinance,,Hotel,77523,77523,32.73851,-117.15998
100606,3204-3368 Governor Dr,3204-3368 Governor Dr,San Diego,San Diego,CA,92122-2902,1963/1981,Subject to Ordinance,,Retail,96850,96850,32.85176,-117.21615
100607,325 W F St,325 W F St,San Diego,San Diego,CA,92101,1913/1995,Subject to Ordinance,,Specialty,73179,73179,32.71329,-117.16609
100608,11359-College Grove,3450 College Ave,San Diego,San Diego,CA,92115,2009,Subject to Ordinance,,Retail Store,74335,84042,32.74398,-117.05355
100609,Ralphs Fresh Fare,3455 Del Mar Heights Rd.,San Diego,San Diego,CA,92130,1988,Not Subject to Ordinance,"GFA ≤ 50,000 sqft",Supermarket/Grocery Store,46637,91906,32.95294,-117.23181
100610,Sorrento Valley,3483 Dunhill St,San Diego,San Diego,CA,92121,1980,Subject to Ordinance,,Warehouse,142261,72490,32.90257,-117.22872
100611,3506-3580 National Ave,3506-3580 National Ave,San Diego,San Diego,CA,92113-3114,1965,Subject to Ordinance,,Retail,70854,70854,32.69697,-117.11833
100612,3535 General Atomics Ct,3535 General Atomics Ct,San Diego,San Diego,CA,92121-1140,1985,Subject to Ordinance,,Other,76084,76084,32.89352,-117.23872
100613,3545 Aero Ct,3545 Aero Ct,San Diego,San Diego,CA,92123-5700,1986,Subject to Ordinance,,Flex,73672,73672,32.80678,-117.14782
100614,BMR-3545-3575 John Hopkins LP,3545 John Hopkins Ct,San Diego,San Diego,CA,92121,1991,Subject to Ordinance,,Office,72192,72192,32.89155,-117.23784
100615,3580 Carmel Mountain,3580 Carmel Mountain Rd,San Diego,San Diego,CA,92130,2008,Subject to Ordinance,,Office,103502,97826,32.91943,-117.23436
100616,3595 John Hopkins Ct,3595 John Hopkins Ct,San Diego,San Diego,CA,92121-1121,2000,Not Subject to Ordinance,GFA > 50% lab Manufacturing Industrial,R&D,82500,82500,32.89168,-117.23686
101325,Pacific Technology Park II,9393 Waples St,San Diego,San Diego,CA,92121,1989,Subject to Ordinance,,Distribution Center,115986,115986,32.90007,-117.18435
100618,3805 Murphy Canyon Rd,3805 Murphy Canyon Rd,San Diego,San Diego,CA,92123-4404,1989/2016,Subject to Ordinance,,Hotel,89427,89427,32.8121,-117.11578
100619,3838 Camino Del Rio North,3838 Camino Del Rio N,San Diego,San Diego,CA,92108,1980,Subject to Ordinance,,Office,94612,94612,32.78005,-117.11538
100620,CA9971 - CALIFORNIA SVC CENTER,3840 MURPHY CANYON RD,San Diego,San Diego,CA,92123,1996,Subject to Ordinance,,Office,91146,88000,32.81268,-117.11682
100621,Pastoral Center,3888 Paducah Dr,San Diego,San Diego,CA,92117-5349,1962,Subject to Ordinance,,Religious Facility,84159,84159,32.81207,-117.21357
100622,3900-3902 Old Town Ave,3900-3902 Old Town Ave,San Diego,San Diego,CA,92110-2904,1982/2012,Subject to Ordinance,,Hotel,69272,69272,32.74917,-117.1927
100623,3910 University Ave,3910 University Ave,San Diego,San Diego,CA,92105-7302,2004,Subject to Ordinance,,Office,82236,82236,32.75004,-117.11023
100624,3914 Murphy Canyon Rd,"3914 Murphy Canyon Rd, Bldg A",San Diego,San Diego,CA,92123-4491,1988,Subject to Ordinance,,Office,74478,76118,32.81544,-117.11779
100625,3944-3960 W Point Loma Blvd,3944-3960 W Point Loma Blvd,San Diego,San Diego,CA,92110-5642,1981/2013,Subject to Ordinance,,Retail Store,88302,67950,32.75556,-117.22194
100626,3951 Camino de la Plaza,3951 Camino de la Plaza,San Diego,San Diego,CA,92173,1980,Subject to Ordinance,,Enclosed Mall,98032,98123,32.54346,-117.04604
100627,3953 Imperial Ave,3953 Imperial Ave,San Diego,San Diego,CA,92113,,Subject to Ordinance,,Funeral Home,79756,79756,32.70383,-117.10878
100629,3980 Sherman St,3980 Sherman St,San Diego,San Diego,CA,92110-4324,1983,Subject to Ordinance,,Office,73744,73774,32.75699,-117.20693
100631,404 Euclid Ave,404 Euclid Ave,San Diego,San Diego,CA,92114,2009,Subject to Ordinance,,Office,75000,75000,32.70897,-117.08782
100632,Mercy Medical Building,4060 4th Avenue,San Diego,San Diego,CA,92103,1979,Subject to Ordinance,,Medical Office,91137,86131,32.75118,-117.16196
100633,411 Hotel Cir S,411 Hotel Cir S,San Diego,San Diego,CA,92108,1967,Subject to Ordinance,,Hotel,94973,94973,32.75982,-117.16501
101327,Pacific Technology Park III,"9401 Waples St, Pacific Technology Park III",San Diego,San Diego,CA,92121,1989,Subject to Ordinance,,Distribution Center,132059,132059,32.9007,-117.18481
100635,4126 Executive Dr,4126 Executive Dr,La Jolla,San Diego,CA,92037,,Subject to Ordinance,,Health Club,71097,71097,32.87571,-117.21572
100637,4155 Camino de la Plaza,4155 Camino de la Plaza,San Diego,San Diego,CA,92173,2005,Subject to Ordinance,,Retail,68575,68575,32.54366,-117.04343
100638,4180 La Jolla Village Dr,4180 La Jolla Village Dr,La Jolla,San Diego,CA,92037-1402,1985,Subject to Ordinance,,Medical Office,98523,94162,32.87246,-117.21678
102587,9401 Waples St,9401 Waples St,San Diego,San Diego,CA ,92121,1989,Not Subject to Ordinance,"GFA ≤ 50,000 sqft",Manufacturing/Industrial Plant,34951,34951,,
100437,10421 Pacific Center Ct,10421 Pacific Center Ct,San Diego,San Diego,CA,92121-4339,1994,Subject to Ordinance,,Laboratory,75899,75899,32.90675,-117.188
100641,4275 Campus Point Ct,4275 Campus Point Ct,San Diego,San Diego,CA,92121-1513,1981,Subject to Ordinance,,Office,92663,95000,32.88706,-117.22391
100642,4282 Balboa Ave,4282 Balboa Ave,San Diego,San Diego,CA,92117-5544,1991,Subject to Ordinance,,Assisted Living,68225,68225,32.81261,-117.19874
100644,4320 Westerra Ct,4320 Westerra Ct,San Diego,San Diego,CA,92121,,Not Subject to Ordinance,GFA > 50% lab Manufacturing Industrial,Manufacturing/ Industrial/ Lab,72003,72003,32.8841,-117.21668
100645,4330 Camino De La Plz,4330 Camino De La Plz,San Ysidro,San Diego,CA,92173-3024,1981,Subject to Ordinance,,Retail,98194,98194,32.54675,-117.0404
102577,Sterling City Science North Portfolio_2,10421-10445 Pacific Center Ct,San Diego,San Diego,CA ,92121,1994,Subject to Ordinance,,Laboratory,124608,,,-117.188173
100647,Park Plaza,4350 Executive Dr,San Diego,San Diego,CA,92121,1984,Subject to Ordinance,,Office,74875,73060,32.87573,-117.21216
100648,4370 Jutland Dr,4370 Jutland Dr,San Diego,San Diego,CA,92117-3642,1966/2011,Subject to Ordinance,,Manufacturing,72716,72716,32.82596,-117.22659
100650,4401 Eastgate,4401 Eastgate Mall,San Diego,San Diego,CA,92121,2001,Subject to Ordinance,,Office,93171,89309,32.87717,-117.21063
100651,City Heights Center,4421 University Ave,San Diego,San Diego,CA,92105,1988,Subject to Ordinance,,Supermarket/Grocery Store,77009,66284,32.74864,-117.0992
100652,4435 Eastgate,4435 Eastgate Mall,San Diego,San Diego,CA,92121,2001,Subject to Ordinance,,Office,97031,91393,32.87778,-117.21105
100435,10390 Pacific Center Ct,10390 Pacific Center Ct,San Diego,San Diego,CA,92121-4340,1985,Subject to Ordinance,,Laboratory,68536,68536,32.90607,-117.18943
100655,4511 Riviera Shores St,4511 Riviera Shores St,San Diego,San Diego,CA,92154,2022,Subject to Ordinance,,Self-Storage Facility,87534,91449,32.57291,-117.03821
100656,4520 Executive Dr,4520 Executive Dr,San Diego,San Diego,CA,92121-3018,1988,Subject to Ordinance,,Medical Office,72484,72484,32.87645,-117.21039
102576,Sterling City Science North Portfolio_1,"10390, 10394, 10398 Pacific Center Ct",San Diego,San Diego,CA ,92121,1985,Subject to Ordinance,,Laboratory,189951,,32.896581,
100658,Saint-Gobain Solar Gard,4540 Viewridge Ave,San Diego,San Diego,CA,92123-1637,1987,Subject to Ordinance,,Manufacturing/ Industrial/ Lab,72207,72862,32.82439,-117.12602
100292,6175 Lusk Blvd,6175 Lusk Blvd,San Diego,San Diego,CA,92121-2729,1987,Not Subject to Ordinance,GFA > 50% lab Manufacturing Industrial,R&D,56799,56799,32.8993,-117.19484
100660,BMR-Towne Centre CtLP 4550,4550 Towne Centre Ct,San Diego,San Diego,CA,92121,1997,Subject to Ordinance,,Office,78470,83008,32.88479,-117.21258
100661,4560 Viewridge Ave,4560 Viewridge Ave,San Diego,San Diego,CA,92123,1996,Subject to Ordinance,,Office,106091,93177,32.82462,-117.12365
100662,4627-4853 Carmel Mountain Rd,4627-4853 Carmel Mountain Rd,San Diego,San Diego,CA,92130,2000,Subject to Ordinance,,Strip Mall,85834,85834,32.9204,-117.2151
100663,A-1 Self Storage #240,4688 Alvarado Canyon Rd,San Diego,San Diego,CA,92120,1988,Subject to Ordinance,,Non-Refrigerated Warehouse,97975,70218,32.78178,-117.09333
100664,4723-4735 Clairemont Dr,4723-4735 Clairemont Dr,San Diego,San Diego,CA,92117-2704,1954,Subject to Ordinance,,Strip Mall,67810,67810,32.83025,-117.20508
100665,4757 Nexus Centre Dr,4757 Nexus Centre Dr,San Diego,San Diego,CA,92121,1989,Subject to Ordinance,,Office,68423,69673,32.87811,-117.2026
100666,4767 Nexus Centre Dr,4767 Nexus Centre Dr,San Diego,San Diego,CA,92121,2000, Subject to Ordinance,,Mixed Use Property,65280,65280,32.87756,-117.20166
100293,6195 Lusk Blvd,6195 Lusk Blvd,San Diego,San Diego,CA,92121-3723,1987/1997,Subject to Ordinance,,Office,50470,50470,32.89897,-117.19497
100868,9975 Summers Ridge Rd,9975 Summers Ridge Rd,San Diego,San Diego,CA,92121,2006,Not Subject to Ordinance,GFA > 50% lab Manufacturing Industrial,R&D,81898,81898,32.89713,-117.17172
100669,4810 Eastgate,4810 Eastgate Mall,San Diego,San Diego,CA,92121,2000,Subject to Ordinance,,Office,90000,94543,32.88199,-117.20584
100670,4821-4839 Clairemont Dr,4821-4839 Clairemont Dr,San Diego,San Diego,CA,92117,1954,Subject to Ordinance,,Strip Mall,66121,66121,32.83198,-117.20454
100671,4825-4857 College Ave,4825-4857 College Ave,San Diego,San Diego,CA,92115,,Subject to Ordinance,,Senior Housing,68034,68034,32.76552,-117.06656
100672,4830 Eastgate,4830 Eastgate Mall,San Diego,San Diego,CA,92121,2006,Subject to Ordinance,,Office,90000,93744,32.88234,-117.20457
100673,4830 Ruffin Rd,4830 Ruffin Rd,San Diego,San Diego,CA,92123,2005,Subject to Ordinance,,Office,66495,66495,32.82612,-117.12803
100674,4863 Shawline St,4863 Shawline St,San Diego,San Diego,CA,92111-1435,2000,Subject to Ordinance,,Distribution Center,97276,96648,32.82986,-117.16302
100675,4951 Ruffin Rd,4951 Ruffin Rd,San Diego,San Diego,CA,92123-1615,1981,Subject to Ordinance,,Warehouse,90352,90352,32.82602,-117.12449
100676,4953 Paramount Dr,4953 Paramount Dr,San Diego,San Diego,CA,92123,2001,Subject to Ordinance,,Distribution Center,75896,75896,32.82827,-117.13444
100677,4955 Directors Pl,4955 Directors Pl,San Diego,San Diego,CA,92121-3829,2001,Not Subject to Ordinance,GFA > 50% lab Manufacturing Industrial,R&D,76687,76687,32.89344,-117.20757
100678,500 W BRdway,500 W BRdway,San Diego,San Diego,CA,92101-3506,1924,Subject to Ordinance,,Hotel,84000,84000,32.71607,-117.16784
100680,505 Coast Blvd S,505 Coast Blvd S,La Jolla,San Diego,CA,92037-4616,1962,Not Subject to Ordinance,GFA > 50% lab Manufacturing Industrial,Research Center,81892,81892,32.84318,-117.27938
100681,5105-5185 Waring Rd,5105-5185 Waring Rd,San Diego,San Diego,CA,92120-2705,1956,Subject to Ordinance,,Storefront Retail/Office,100000,100000,32.79139,-117.08055
100682,Cox Communications California,5159 Federal Blvd,San Diego,San Diego,CA,92105-5428,1982,Subject to Ordinance,,Mixed Use Property,112810,94000,32.72045,-117.08262
100683,20480-Mission Bay,5175 Pacific Highway,San Diego,San Diego,CA,92110,1995,Subject to Ordinance,,Self-Storage Facility,106564,92715,32.76789,-117.20493
100869,9985 Summers Ridge Rd,9985 Summers Ridge Rd,San Diego,San Diego,CA,92121,2006,Not Subject to Ordinance,GFA > 50% lab Manufacturing Industrial,R&D,92570,92570,32.8968,-117.17096
100685,24346-Brookdale Clairemont,5219 Clairemont Mesa Blvd,San Diego,San Diego,CA,92117,2000,Subject to Ordinance,,Senior Living Community,58815,80000,32.83398,-117.17822
100686,525 Saturn Blvd,525 Saturn Blvd,San Diego,San Diego,CA,92154,1991,Subject to Ordinance,,Retail,80000,94286,32.58696,-117.09179
100687,CA2051 - VIEWRIDGE CtI,5251 Viewridge Ct.,San Diego,San Diego,CA,92123,2011,Subject to Ordinance,,Office,72406,71000,32.82946,-117.1216
100689,5260 Anna Ave,5260 Anna Ave,San Diego,San Diego,CA,92110-4007,1968,Subject to Ordinance,,Warehouse,72220,72220,32.76331,-117.2019
100691,5360 Eastgate Mall,5360 Eastgate Mall,San Diego,San Diego,CA,92121-2812,1984,Not Subject to Ordinance,"GFA ≤ 50,000 sqft",Warehouse,34000,34000,32.88223,-117.19086
100870,9995 Summers Ridge Rd,9995 Summers Ridge Rd,San Diego,San Diego,CA,92121,2006,Subject to Ordinance,,Other,70419,70419,32.89648,-117.17209
100020,TORREY PINES CENTER NORTH,10300 North Torrey Pines Rd,San Diego,San Diego,CA,92037-1020,1979,Subject to Ordinance,,Office,65760,55000,32.89122,-117.24259
100695,5434 Kearny Mesa Rd,5434 Kearny Mesa Rd,San Diego,San Diego,CA,92111-1303,1989,Subject to Ordinance,,Hotel,71530,71530,32.8342,-117.14315
100697,11377-Balboa,5505 Balboa Ave,San Diego,San Diego,CA,92111,1980,Subject to Ordinance,,Strip Mall,207147,83061,32.81819,-117.17987
100698,5505 Morehouse Dr,5505 Morehouse Dr,San Diego,San Diego,CA,92121-1719,1990,Subject to Ordinance,,Office,71016,71016,32.89332,-117.19908
100699,Genesis Morehouse,5510 Morehouse Dr,San Diego,San Diego,CA,92121-3788,1984,Subject to Ordinance,,Laboratory,92405,92405,32.8946,-117.19904
100889,10280 N Torrey Pines Rd,10280 N Torrey Pines Rd,La Jolla,San Diego,CA,92037-1033,1986,Subject to Ordinance,,Office,152373,140000,32.89062,-117.24263
100739,7170 Miramar Rd,7170 Miramar Rd,San Diego,San Diego,CA,92121-2374,2000,Subject to Ordinance,,Non-Refrigerated Warehouse,200000,87343,32.88243,-117.1588
100702,555 W Ash St,555 W Ash St,San Diego,San Diego,CA,92101,1985/2008,Subject to Ordinance,,Hotel,80834,80834,32.71961,-117.16783
100703,555 W Beech St,555 W Beech St,San Diego,San Diego,CA,92101-2936,1983/2018,Subject to Ordinance,,Office,82634,82634,32.72066,-117.16783
100706,70300077 -- Mission Valley,5680 Mission Center Rd.,San Diego,San Diego,CA,92108,1990,Subject to Ordinance,,Strip Mall,146898,70925,32.77588,-117.15544
101429,7130 Miramar Rd,7130 Miramar Rd,San Diego,San Diego,CA,92121-2353,2000,Subject to Ordinance,,Non-Refrigerated Warehouse,200000,365421,32.88203,-117.15997
100708,5717 Pacific Center Blvd,5717 Pacific Center Blvd,San Diego,San Diego,CA,92121-4250,1987,Subject to Ordinance,,Office,67832,67832,32.90244,-117.19792
100709,Walmart Store #5938,575 Saturn Blvd,San Diego,San Diego,CA,92154,2012,Subject to Ordinance,,Retail Store,75299,75207,32.58672,-117.08941
100710,Qualcomm BC,5770 Morehouse Dr.,San Diego,San Diego,CA,92121,1982,Subject to Ordinance,,Non-Refrigerated Warehouse,141776,71370,32.89753,-117.19679
100711,U-Haul Moving & Storage of Clairmont Mesa (717037),5871 Copley Dr,San Diego,San Diego,CA,92111,2013,Subject to Ordinance,,Self-Storage Facility,127425,85742,32.84379,-117.1712
100712,"Pacific Sorrento, LLC",5880 Oberlin Dr,San Diego,San Diego,CA,92121-4750,1988,Subject to Ordinance,,Office,77309,77309,32.89551,-117.19306
100713,"SDCA-Country Inn & Suites, San Diego N.",5975 Lusk Blvd,San Diego,San Diego,CA,92121,1989,Subject to Ordinance,,Hotel,105415,92792,32.89812,-117.19249
100714,5985 Pacific Center Blvd,5985 Pacific Center Blvd,San Diego,San Diego,CA,92121-4335,1988,Subject to Ordinance,,Distribution Center,93885,93885,32.90381,-117.18743
102071,MOS01087 - 7130-7170 Miramar Rd,7130 Miramar Rd Ste 100,San Diego,San Diego,CA,92121,1998,Subject to Ordinance,,Non-Refrigerated Warehouse,452044,,32.88197,-117.16
100716,6055 Lusk Blvd,6055 Lusk Blvd,San Diego,San Diego,CA,92121,1996,Subject to Ordinance,,Office,93000,93000,32.89789,-117.19426
100717,611 E Island Ave,611 Island Ave,San Diego,San Diego,CA,92101,1930,Subject to Ordinance,,Self-Storage Facility,57196,80000,32.71014,-117.15868
100718,BMR-6122 Nancy Ridge Dr BLDG F,6122 Nancy Ridge Dr,San Diego,San Diego,CA,92121-3223,1994,Subject to Ordinance,,Other,68000,68000,32.88902,-117.18736
100719,6180 Business Center Ct,6180 Business Center Ct,San Diego,San Diego,CA,92154,2000,Subject to Ordinance,,Manufacturing,95146,95146,32.56933,-117.00201
100720,6200 Greenwich Dr,6200 Greenwich Dr,San Diego,San Diego,CA,92122-5913,2002,Subject to Ordinance,,Office,70987,70601,32.85147,-117.18189
100722,6290 Sequence Dr,6290 Sequence Dr,San Diego,San Diego,CA,92121,1997,Subject to Ordinance,,Manufacturing/Industrial Plant,90000,90000,32.90479,-117.18606
100723,631 Camino Del Rio S,631 Camino Del Rio S,San Diego,San Diego,CA,92108-3512,1988/2000,Subject to Ordinance,,Commercial,73026,73026,32.7631,-117.15922
100724,6340 Sequence Dr,6340 Sequence Dr,San Diego,San Diego,CA,92121,1998,Subject to Ordinance,,Manufacturing/Industrial Plant,66400,66400,32.90773,-117.18569
100725,6411-6535 University Ave,6411-6535 University Ave,San Diego,San Diego,CA,92115-5808,1975/1990,Subject to Ordinance,,Commercial,72478,72478,32.75474,-117.05609
100726,6501-6585 Mission Gorge Rd,6501-6585 Mission Gorge Rd,San Diego,San Diego,CA,92120-2306,1967,Subject to Ordinance,,Commercial,87889,87889,32.79136,-117.0968
100728,Gateway Warehouse,655 Gateway Center Way,San Diego,San Diego,CA,92102-4537,1996,Subject to Ordinance,,Non-Refrigerated Warehouse,86254,86254,32.71193,-117.11108
100729,6565 Miramar Rd,6565 Miramar Rd,San Diego,San Diego,CA,92121-2506,1980,Subject to Ordinance,,Commercial,81779,81779,32.87708,-117.17363
100391,BMR-Waples LP,9535 Waples St,San Diego,San Diego,CA,92121,1988,Subject to Ordinance,,Other,50055,50055,32.90277,-117.18218
100732,6755 Mira Mesa Blvd,6755 Mira Mesa Blvd,San Diego,San Diego,CA,92121-4392,1989,Subject to Ordinance,,Commercial,74868,74868,32.90594,-117.17253
100733,6795 Calle de Linea,6795 Calle de Linea,San Diego,San Diego,CA,92154-8017,2000,Subject to Ordinance,,Commercial,93745,93745,32.54677,-116.99467
100392,9540 Towne Centre,9540 Towne Centre Dr,San Diego,San Diego,CA,92121,1999,Subject to Ordinance,,Office,63412,63412,32.88204,-117.21009
100735,6910 Carroll Rd,6910 Carroll Rd,San Diego,San Diego,CA,92121,1998,Subject to Ordinance,,Office,73936,73936,32.88595,-117.17267
100398,9620 Towne Centre,9620 Towne Centre Dr,San Diego,San Diego,CA,92121,1998,Subject to Ordinance,,Office,53794,53794,32.88281,-117.21037
100737,6965 Lusk Blvd,6965 Lusk Blvd,San Diego,San Diego,CA,92121-5704,1991/2020,Not Subject to Ordinance,GFA > 50% lab Manufacturing Industrial,Manufacturing/ Industrial/ Lab,74571,74571,32.90094,-117.20896
100738,CA2061 - CLAIREMONT MESA MEDICAL OFFICES,7060 CLAIREMONT MESA Blvd,San Diego,San Diego,CA,92111,1977,Subject to Ordinance,,Medical Office,91142,84455,32.83363,-117.16428
101159,5206 Eastgate Mall,5206  Eastgate Mall,San Diego,San Diego,CA,92121,1986,Subject to Ordinance,,Self-Storage,99999,120000,32.88294,-117.19531
100740,7330 Carroll Rd,"7330 Carroll Rd, BLDG 3",San Diego,San Diego,CA,92121-2363,1989,Not Subject to Ordinance,GFA > 50% lab Manufacturing Industrial,Light Manufacturing,66244,66244,32.88612,-117.16447
100742,7350 Princess View Dr,7350 Princess View Dr,San Diego,San Diego,CA,92120,1974,Subject to Ordinance,,Self-Storage Facility,68740,68740,32.80433,-117.07945
100743,7455-7465 Carroll Rd,7455-7465 Carroll Rd,San Diego,San Diego,CA,92121-2303,1973,Subject to Ordinance,,Manufacturing/ Industrial/ Lab,83335,83335,32.88535,-117.1613
100744,Gentry Watts No. 1,7466 Carroll Way,San Diego,San Diego,CA,92126,1976,Subject to Ordinance,,Office,93138,93138,32.88667,-117.16106
100745,302 - 7470 Mission Valley Rd,7470 Mission Valley Rd Bldg C,San Diego,San Diego,CA,92108,1980,Subject to Ordinance,,Office,67346,67872,32.78043,-117.16171
102016,5206 Eastgate Mall,5206 Eastgate Mall,San Diego,San Diego,CA,92121,1984,Subject to Ordinance,,Self-Storage Facility,99999,,32.88324,-117.19512
100747,7480 Miramar Rd,7480 Miramar Rd- Metroplex Bldg B,San Diego,San Diego,CA,92126-4220,1992,Subject to Ordinance,,Strip Mall,113435,97744,32.88438,-117.1538
100748,7515 Britannia Ct,7515 Britannia Ct- Britannia Commerce II-B,San Diego,San Diego,CA,92154-7403,1990,Subject to Ordinance,,Commercial,84825,84825,32.54785,-116.97872
100749,7520 Airway Rd,7520 Airway Rd,San Diego,San Diego,CA,92154-8304,1997,Subject to Ordinance,,Non-Refrigerated Warehouse,78486,78296,32.56195,-116.97818
100750,Rivulis Irrigation,7545 Carroll Rd,San Diego,San Diego,CA,92121-2401,1974,Not Subject to Ordinance,GFA > 50% lab Manufacturing Industrial,Manufacturing,86615,86615,32.88469,-117.16009
100751,08209-Kearney - Balboa,7545 Dagget St,San Diego,San Diego,CA,92111,2006,Subject to Ordinance,,Self-Storage Facility,92365,90000,32.82302,-117.15921
100752,7550 Miramar Rd,7550 Miramar Rd,San Diego,San Diego,CA,92126-4217,1980,Subject to Ordinance,,Commercial,99129,99129,32.88432,-117.15406
100753,7577 Airway Rd,7577 Airway Rd- Phase I - Bldg. 4,San Diego,San Diego,CA,92154,2005,Subject to Ordinance,,Commercial,79684,79684,32.55962,-116.97809
100754,7590 Britannia Ct,7590 Britannia Ct- Britannia Commerce I-D,San Diego,San Diego,CA,92154-7403,1988,Subject to Ordinance,,Commercial,71360,71360,32.54945,-116.97612
100755,7594-7596 Trade St,7594-7596 Trade St,San Diego,San Diego,CA,92121-2412,1979,Subject to Ordinance,,Commercial,73467,73467,32.88984,-117.15936
100756,7598 Trade St,7598 Trade St,San Diego,San Diego,CA,92121-2412,1982,Subject to Ordinance,,Commercial,73259,73259,32.89009,-117.15819
100757,7606 Trade St,7606 Trade St,San Diego,San Diego,CA,92121-2468,1979,Subject to Ordinance,,Commercial,85147,85147,32.88959,-117.15708
100758,7615 Siempre Viva Rd,7615 Siempre Viva Rd,San Diego,San Diego,CA,92154,2000,Subject to Ordinance,,Distribution Center,66243,83411,32.55247,-116.97711
100759,332 - 7650 Mission Valley Rd.,7650 Mission Valley Rd,San Diego,San Diego,CA,92108,2002,Subject to Ordinance,,Office,75000,75000,32.77868,-117.15531
100760,7651 Saint Andrews Ave,7651 Saint Andrews Ave,San Diego,San Diego,CA,92154,2007,Not Subject to Ordinance,GFA > 50% lab Manufacturing Industrial,Food Processing,73292,73292,32.56535,-116.97716
100761,7655 Clairemont Mesa Blvd,7655 Clairemont Mesa Blvd,San Diego,San Diego,CA,92111-1534,1974,Subject to Ordinance,,Commercial,94500,94500,32.83157,-117.15502
100762,02350 - Palm Promenade 24,770 Dennery Rd,San Diego,San Diego,CA,92154,2000,Subject to Ordinance,,Movie Theater,107250,86610,32.58025,-117.03641
100763,7710 Balboa Ave,7710 Balboa Ave,San Diego,San Diego,CA,92111-2261,1980,Subject to Ordinance,,Office,79924,75615,32.82233,-117.15786
100764,7808 Saint Andrews Ave,7808 Saint Andrews Ave,San Diego,San Diego,CA,92154,2006,Subject to Ordinance,,Refrigerated Warehouse,90925,90925,32.56686,-116.97206
100765,7828 Waterville Rd,7828 Waterville Rd,San Diego,San Diego,CA,92154-8205,1996,Subject to Ordinance,,Commercial,100000,100000,32.56324,-116.97336
100766,7830 Fay Ave,7830 Fay Ave,La Jolla,San Diego,CA,92037-4240,1971,Subject to Ordinance,,Commercial,88950,88950,32.84555,-117.27583
100767,BF3,7850 Waterville Rd,San Diego,San Diego,CA,92154,1999,Subject to Ordinance,,Refrigerated Warehouse,82303,69720,32.56318,-116.97178
100768,7875 Convoy Ct,7875 Convoy Ct,San Diego,San Diego,CA,92111-1223,1980,Subject to Ordinance,,Commercial,66000,66000,32.8341,-117.14966
100769,7878 Airway Rd,7878 Airway Rd,San Diego,San Diego,CA,92154-8305,1997,Not Subject to Ordinance,GFA > 50% lab Manufacturing Industrial,Industrial Warehouse,90000,86917,32.56161,-116.97182
100770,The Headquarters,789 W Harbor Dr,San Diego,San Diego,CA,92101,2013,Subject to Ordinance,,Strip Mall,72793,89876,32.71099,-117.1704
100667,i3 - Block C 4785,4785 executive Dr,San Diego,San Diego,CA,92121,2016,Subject to Ordinance,,Parking,83621,85492,32.8758,-117.20284
100774,27282-San Diego / Clairemont - Mesa,8000 Raytheon Rd,San Diego,San Diego,CA,92111,1999,Subject to Ordinance,,Self-Storage Facility,78625,98495,32.83111,-117.15075
100775,(0236) 8010 Frost St,8010 Frost St,San Diego,San Diego,CA,92123,1986,Subject to Ordinance,,Medical Office,91718,68000,32.80161,-117.15194
100776,8048-8050 Othello Ave,8048-8050 Othello Ave,San Diego,San Diego,CA,92111-3714,1980,Subject to Ordinance,,Commercial,69338,69338,32.81778,-117.15108
100777,Seaport Village Office,849 W Harbor Dr,San Diego,San Diego,CA,92101-7706,1980/1995,Subject to Ordinance,,Commercial,92274,92274,32.70423,-117.15746
100778,8100 Gigantic St,8100 Gigantic St,San Diego,San Diego,CA,92154-8233,2007,Not Subject to Ordinance,College/University,College/University,69543,68244,32.56279,-116.96813
100668,i3 - Block A 4795,4795 Executive Dr,San Diego,San Diego,CA,92121,2016,Subject to Ordinance,,Parking,83468,99445,32.87584,-117.20206
100826,9333 Genesee Ave,9333 Genesee Ave,San Diego,San Diego,CA,92121-2111,1983,Subject to Ordinance,,Mixed Use Property,161185,79500,32.87586,-117.21326
100828,9339 Genesee Ave,9339 Genesee Ave,San Diego,San Diego,CA,92121,1985/2014,Subject to Ordinance,,Mixed Use Property,161185,81684,32.876,-117.21314
100654,4505 La Jolla Village Dr,4505 La Jolla Village Dr,San Diego,San Diego,CA,92122,1977/2017,Subject to Ordinance,,Retail,78000,78000,32.87216,-117.20978
100659,4545 La Jolla Village Dr,4545 La Jolla Village Dr,San Diego,San Diego,CA,92122-1241,1977,Subject to Ordinance,,Other - Mall,1066842,65123,32.87154,-117.21061
100785,8330-8590 Rio San Diego Dr,8330-8590 Rio San Diego Dr,San Diego,San Diego,CA,92108-5502,1995,Subject to Ordinance,,Commercial,96406,96406,32.77523,-117.14614
100786,"Arjons Industrial Park - Building 8333,8221,8441",8333 Arjons Dr,San Diego,San Diego,CA,92126-6320,1978,Subject to Ordinance,,Other,244400,244400,32.89314,-117.14109
101122,4301 La Jolla Village Dr,4301 La Jolla Village Dr,San Diego,San Diego,CA,92122-1201,2017,Subject to Ordinance,,Commercial,251000,251000,32.87227,-117.21264
100788,8340 Buckhorn St,8340 Buckhorn St,San Diego,San Diego,CA,92111,2003,Subject to Ordinance,,Commercial,67288,67288,32.8263,-117.14603
100789,Makers Quarter,"845 15th St, STE 100",San Diego,San Diego,CA,92101-8959,1983,Subject to Ordinance,,Non-Refrigerated Warehouse,53000,73656,32.71398,-117.15171
100790,8500 Kerns,8500 Kerns St - Bldg 17,San Diego,San Diego,CA,92154-6240,2019,Subject to Ordinance,,Non-Refrigerated Warehouse,79050,79050,32.55207,-116.9601
100791,8515 Avenida De La Fuente,8515 Avenida De La Fuente,San Diego,San Diego,CA,92154,2003,Subject to Ordinance,,Commercial,82690,82690,32.55622,-116.95999
100792,The Argen Corporation,8515-8525 Miralani Dr,San Diego,San Diego,CA,92126-4352,1986,Not Subject to Ordinance,GFA > 50% lab Manufacturing Industrial,Manufacturing/ Industrial/ Lab,81404,81404,32.89539,-117.13937
100794,San Diego Jewelers Exchange,861 6th Ave,San Diego,San Diego,CA,92101,1910,Subject to Ordinance,,Other,95286,76990,32.71437,-117.15896
100795,8650 Tech Way,8650 Tech Way,San Diego,San Diego,CA,92123-1435,2018,Subject to Ordinance,,Commercial,80000,80000,32.82432,-117.13912
100796,8680 Balboa Ave,8680 Balboa Ave,San Diego,San Diego,CA,92123-1502,2000,Subject to Ordinance,,Office,92150,92150,32.82124,-117.14133
100797,Culligan Water of san Diego,885 Gateway Center Way,San Diego,San Diego,CA,92102-4541,1996,Subject to Ordinance,,Other,65133,65133,32.71524,-117.11485
100798,888 Prospect,888 Prospect St,La Jolla,San Diego,CA,92037-4260,1984,Subject to Ordinance,,Parking,70485,70485,32.84669,-117.27604
100801,8911 Balboa Ave,8911 Balboa Ave,San Diego,San Diego,CA,92123-1596,1990,Subject to Ordinance,,Office,69230,69230,32.82035,-117.13625
100803,8963 Carroll Way,8963 Carroll Way,San Diego,San Diego,CA,92121-3423,1975,Subject to Ordinance,,Non-Refrigerated Warehouse,80700,80700,32.88656,-117.15832
100804,8989 Rio San Diego Dr,8989 Rio San Diego Dr,San Diego,San Diego,CA,92108-1646,1989,Subject to Ordinance,,Commercial,78388,78388,32.7751,-117.13683
101818,6340 Gullstrand St,6340 Gullstrand St Unit 156,San Diego,San Diego,CA,92122-3836,,Subject to Ordinance,,Multifamily Residence,57500,57500,32.85218,-117.19118
100807,9040 Friars Rd,9040 Friars Rd,San Diego,San Diego,CA,92108-5859,1988/2022,Subject to Ordinance,,Office,73214,75000,32.77943,-117.13534
100808,Point Loma Nazarene University-Balboa Corporate Center,9055 Balboa Ave,San Diego,San Diego,CA,92123,1973,Subject to Ordinance,,College/University,67866,67866,32.82168,-117.13316
100809,Wawansa Insurance,9050 Friars Rd,San Diego,San Diego,CA,92108-5800,1988/2022,Subject to Ordinance,,Office,73685,75932,32.77995,-117.13466
101819,6345 Gullstrand St,6345 Gullstrand St,San Diego,San Diego,CA,92122-3058,2016,Subject to Ordinance,,Multifamily Residence,220000,220000,32.85221,-117.19064
100812,9112 Spectrum Center Blvd,"9112 Spectrum Center Blvd, Spectrum Tech Center Bldg II",San Diego,San Diego,CA,92123-1439,2000/2003,Subject to Ordinance,,Commercial,98250,98250,32.82716,-117.13366
100813,Activity Service Center,9115 Activity Rd,San Diego,San Diego,CA,92126-4424,1985,Subject to Ordinance,,"Repair Services (Vehicle, Shoe, Locksmith, etc.)",90568,85180,32.89584,-117.13006
100814,9151 Rehco Rd,9151 Rehco Rd,San Diego,San Diego,CA,92121-3288,1987,Subject to Ordinance,,Commercial,68937,68937,32.89051,-117.17143
100815,9190 Activity Rd (AB 802 Rexford),9190 Activity Rd,San Diego,San Diego,CA,92126-4423,1986,Subject to Ordinance,,Distribution Center,83520,83520,32.89746,-117.12978
101758,4820 Clairemont Mesa Blvd,4820 Clairemont Mesa Blvd,San Diego,San Diego,CA,92117-2179,1970/2024,Subject to Ordinance,,Multifamily Residence,75832,75832,32.83473,-117.18635
100817,9233 Balboa Ave,9233 Balboa Ave,San Diego,San Diego,CA,92123,2020,Subject to Ordinance,,Office,119562,100000,32.82169,-117.13135
100819,9250 Brown Deer,9250 Brown Deer Rd,San Diego,San Diego,CA,92121,1985,Subject to Ordinance,,Manufacturing/ Industrial/ Lab,92678,87000,32.88998,-117.17827
100820,930 S 47th St,"930 S 47th St, U-Stor-It Logan",San Diego,San Diego,CA,92113-3669,2017,Subject to Ordinance,,Commercial,98000,98000,32.69603,-117.0942
100821,9323 Balboa Ave,9323 Balboa Ave,San Diego,San Diego,CA,92123,1979,Subject to Ordinance,,Office,101325,99999,32.82145,-117.12874
102323,Clairemont Town Square,4821 Clairemont Dr,San Diego,San Diego,CA,92117,1950,Subject to Ordinance,,Strip Mall,515500,,32.830738,-117.203702
100317,Gateway at Kearny Mesa-Lots 1-5,7035-7095 Clairemont Mesa Blvd,San Diego,San Diego,CA,92111,1991,Subject to Ordinance,,Retail Store,100169,54536,32.83159,-117.16531
100824,9330 Sky Park Ct,9330 Sky Park Ct,San Diego,San Diego,CA,92123,1983,Subject to Ordinance,,Commercial,66497,66497,32.81648,-117.12593
100825,Building C,9333 Balboa Ave,San Diego,San Diego,CA,92123,1979,Subject to Ordinance,,Office,200155,94022,32.82153,-117.12848
100320,7305-7351 Clairemont Mesa Blvd,7351 Clairemont Mesa Blvd,San Diego,San Diego,CA,92111-1101,1974/1995,Subject to Ordinance,,Multifamily Residence,62843,62843,32.83178,-117.16126
100827,9335 Kearny Mesa Rd,9335 Kearny Mesa Rd,San Diego,San Diego,CA,92126-4502,1989,Subject to Ordinance,,Commercial,89664,89664,32.89252,-117.11788
102227,8055 Armour St #201a,8055 Armour St,San Diego,San Diego,CA,92111,1992,Subject to Ordinance,,Strip Mall,141288,,32.81969,-117.14999
100829,9340 Cabot Dr (AB 802 Rexford),9340 Cabot Dr,San Diego,San Diego,CA,92126-4397,1975,Subject to Ordinance,,Non-Refrigerated Warehouse,86564,86564,32.8911,-117.1461
100830,Jack In the Box Innovation Center,9357 Spectrum Center Blvd,San Diego,San Diego,CA,92123-1444,2004/2021,Subject to Ordinance,,Office,70000,70000,32.82521,-117.12904
100831,BMR-9360 Towne Centre Dr,9360 Towne Centre Dr,San Diego,San Diego,CA,92121,1990,Subject to Ordinance,,Office,71390,73983,32.87734,-117.20831
100832,HCP University Center East,9381 Judicial Dr,San Diego,San Diego,CA,92121,2002,Subject to Ordinance,,Laboratory,97264,97976,32.87772,-117.20475
100834,BMR-9390 Towne Centre Dr,9390 Towne Centre Dr,San Diego,San Diego,CA,92121,1990,Subject to Ordinance,,Office,72921,72921,32.87822,-117.20816
100835,9440 Carroll Park,9440 Carroll Park Dr,San Diego,San Diego,CA,92121,1987,Not Subject to Ordinance,GFA > 50% lab Manufacturing Industrial,Mixed Use Property,97162,97162,32.88741,-117.17299
100836,9444 Waples St,9444 Waples St,San Diego,San Diego,CA,92121-2939,1986,Subject to Ordinance,,Office,97284,88315,32.90208,-117.18521
100837,9455 Cabot Dr (AB 802 Rexford),9455 Cabot Dr,San Diego,San Diego,CA,92126-4312,1975,Subject to Ordinance,,Distribution Center,99403,96840,32.89352,-117.14328
102228,VILLAGE VIEW - R.A Snyder,8155 CARGILL AVE,San Diego,San Diego,CA,92122,2000,Not Subject to Ordinance,"GFA ≤ 50,000 sqft",Multifamily Residence,38908,,32.86548,-117.21618
101120,4255 Genesee Ave,4255 Genesee Ave,San Diego,San Diego,CA,92117,1986,Subject to Ordinance,,Retail Store,98961,122744,32.82292,-117.18141
100842,9605 Airway Rd,9605 Airway Rd,San Diego,San Diego,CA,92154,2000,Subject to Ordinance,,Non-Refrigerated Warehouse,72000,72000,32.55958,-116.93807
100843,9635 Heinrich Hertz Dr,9635 Heinrich Hertz Dr,San Diego,San Diego,CA,92154-7918,1998,Subject to Ordinance,,Non-Refrigerated Warehouse,66760,66760,32.55813,-116.9373
100844,#445 - 9645 Aero Dr,9645 Aero Dr,San Diego,San Diego,CA,92123,1970,Subject to Ordinance,,Manufacturing/ Industrial/ Lab,88000,88000,32.80777,-117.12129
100845,311L5 - Sorrento Mesa/LA Jolla Ctyard,9650 Scranton Rd,San Diego,San Diego,CA,92121,1990,Subject to Ordinance,,Hotel,85000,85000,32.89571,-117.20372
100846,9650-9660 Chesapeake Dr,9650-9660 Chesapeake Dr,San Diego,San Diego,CA,92123-1307,1979,Subject to Ordinance,,Commercial,75468,75468,32.83316,-117.123
100847,9654 Siempre Viva Rd,9654 Siempre Viva Rd,San Diego,San Diego,CA,92154,1998,Subject to Ordinance,,Non-Refrigerated Warehouse,81282,82480,32.55725,-116.9371
100848,9660 Granite Ridge Dr,9660 Granite Ridge Dr,San Diego,San Diego,CA,92123-2688,1999,Subject to Ordinance,,Office,73008,73800,32.80682,-117.12094
100849,9665 Chesapeake Dr,9665 Chesapeake Dr,San Diego,San Diego,CA,92123-1367,1988,Subject to Ordinance,,Office,92881,92881,32.83245,-117.12336
100850,9779 Towne Centre Dr,9779 Towne Centre Dr,San Diego,San Diego,CA,92121,2017,Subject to Ordinance,,Office,94557,96543,32.88649,-117.21075
100851,9785 Towne Centre,9785 Towne Centre Dr,San Diego,San Diego,CA,92121,1999,Subject to Ordinance,,Office,75534,76141,32.88726,-117.21155
100852,Avid Center,9797 Aero Dr,San Diego,San Diego,CA,92123-1899,1992,Subject to Ordinance,,Other - Education,80000,92463,32.80849,-117.11814
100853,9800 Campus Point Dr,9800 Campus Point Dr,San Diego,San Diego,CA,92121-1514,1983,Subject to Ordinance,,Commercial,95000,95000,32.88356,-117.22088
101182,5680 Balboa Ave,5680 Balboa Ave,San Diego,San Diego,CA,92111,2008,Subject to Ordinance,,Retail Store,152588,176775,32.8222,-117.17852
100855,9820 Willow Creek Rd,9820 Willow Creek Rd,San Diego,San Diego,CA,92131-1112,1989,Subject to Ordinance,,Commercial,74042,74042,32.90153,-117.11501
100856,9834 Genesee Ave,9834 Genesee Ave,La Jolla,San Diego,CA,92121,1979,Subject to Ordinance,,Medical Office,81954,81954,32.884,-117.2258
100857,23424-San Diego / Morena,984 Sherman St,San Diego,San Diego,CA,92110,2000,Subject to Ordinance,,Self-Storage Facility,115622,79761,32.76602,-117.20017
100858,Jacobs & Cushman San Diego Food Bank,9850 Distribution Ave,San Diego,San Diego,CA,92121-2320,1984,Subject to Ordinance,,Non-Refrigerated Warehouse,90856,79744,32.88698,-117.16375
100859,9850 Siempre Viva Rd,9850 Siempre Viva Rd,San Diego,San Diego,CA,92154-7247,1992,Subject to Ordinance,,Commercial,95000,95000,32.55932,-116.93441
100860,9855 Scranton Rd,9855 Scranton Rd,San Diego,San Diego,CA,92121,1986,Subject to Ordinance,,Office,62369,71987,32.8985,-117.20103
100861,BMR-9865 Towne Centre LP-BLD C,9865 Towne Centre Dr,San Diego,San Diego,CA,92121,2001,Subject to Ordinance,,Financial Office,83865,83866,32.88622,-117.21487
100862,9889 Willow Creek Rd,9889 Willow Creek Rd,San Diego,San Diego,CA,92131-1119,1980/2013,Subject to Ordinance,,Commercial,74390,74390,32.90074,-117.11436
100863,Inova Diagnostics Inc.,9900 Old Grove Rd,San Diego,San Diego,CA,92131-1638,1979,Not Subject to Ordinance,GFA > 50% lab Manufacturing Industrial,Manufacturing/ Industrial/ Lab,76190,76190,32.89921,-117.11486
100280,5950 Balboa Ave,5950 Balboa Ave,San Diego,San Diego,CA,92111,1974,Subject to Ordinance,,Supermarket/Grocery Store,55000,55000,32.82147,-117.17685
101804,99 Ranch Market,"5950 Balboa Ave, STE  2712",San Diego,San Diego,CA,92130,,Subject to Ordinance,,,197000,197000,32.96367,-117.18959
100866,9965 Summers Ridge Rd,9965 Summers Ridge Rd,San Diego,San Diego,CA,92121,2006,Not Subject to Ordinance,GFA > 50% lab Manufacturing Industrial,R&D,71644,71644,32.89616,-117.17105
100867,9970 Carroll Canyon Rd,9970 Carroll Canyon Rd,San Diego,San Diego,CA,92131-1106,1999,Subject to Ordinance,,Commercial,81881,81881,32.90467,-117.11326
100270,5620-5660 Friars Rd,5620-5660 Friars Rd,San Diego,San Diego,CA,92110-2513,1970,Subject to Ordinance,,Office,55000,55000,32.76511,-117.1906
100273,5710 Kearny Villa Rd,5710 Kearny Villa Rd,San Diego,San Diego,CA,92123-1100,1991,Subject to Ordinance,,Multiuse Office,51407,51407,32.83854,-117.13486
100872,Salk Institute For Biological Studies,10010 N Torrey Pines Rd,La Jolla,San Diego,CA,92037-1002,1980,Not Subject to Ordinance,GFA > 50% lab Manufacturing Industrial,Manufacturing/ Industrial/ Lab,264000,264000,32.88747,-117.24614
100873,10015 Waples Ct(AB 802 Rexford),10015 Waples Ct,San Diego,San Diego,CA,92121-2962,1988,Subject to Ordinance,,Distribution Center,106412,106412,32.90156,-117.17925
100874,10044 Pacific Mesa Blvd,10044 Pacific Mesa Blvd,San Diego,San Diego,CA,92121-4386,1999,Subject to Ordinance,,Hotel,108375,107709,32.89909,-117.19169
100875,Willow Creek,10089 Willow Creek RD STE  300,San Diego,San Diego,CA,92131,1980,Subject to Ordinance,,Office,114355,121496,32.90061,-117.10958
100876,10105 Pacific Heights Blvd,"10105 Pacific Heights Blvd, Pacific Center II",San Diego,San Diego,CA,92121-4249,2001,Subject to Ordinance,,Commercial,141454,141454,32.90253,-117.19326
100877,10145 Pacific Heights Blvd,"10145 Pacific Heights Blvd, Pacific Center I",San Diego,San Diego,CA,92121-4234,1998,Subject to Ordinance,,Commercial,243388,243388,32.90271,-117.19433
100878,10160 McKellar Ct,"10160 McKellar Ct, , Bldg Q Addition",San Diego,San Diego,CA,92121-4201,2013,Subject to Ordinance,,Commercial,250000,250000,32.90358,-117.20006
100879,10160 Pacific Mesa Blvd,"10160 Pacific Mesa Blvd, Pacific Center III",San Diego,San Diego,CA,92121,2006,Subject to Ordinance,,Commercial,143301,143301,32.90207,-117.19188
100880,Watermark I,10181 Scripps Gateway Ct,San Diego,San Diego,CA,92131,2010,Subject to Ordinance,,Office,154987,154987,32.93416,-117.10838
100881,10182 Telesis Ct,"10182 Telesis Ct, Phase II",San Diego,San Diego,CA,92121,1999,Subject to Ordinance,,Office,127900,123879,32.9028,-117.20941
100882,10185 McKellar Ct,"10185 McKellar Ct, Bldg R",San Diego,San Diego,CA,92121-4233,1996,Subject to Ordinance,,Commercial,224589,224589,32.90437,-117.20331
100883,10188 Telesis Ct,10188 Telesis Ct,San Diego,San Diego,CA,92121,2001,Subject to Ordinance,,Office,127900,123565,32.90333,-117.20854
100884,10210 Genetic Center Dr,"10210 Genetic Center Dr,  Gen-Probe Bldg",San Diego,San Diego,CA,92121-4362,1998,Subject to Ordinance,,Office,262000,262000,32.90521,-117.18329
100885,10221 Wateridge Cir,10221 Wateridge Cir,San Diego,San Diego,CA,92121-2702,1985,Subject to Ordinance,,Other - Technology/Science,106558,107356,32.89992,-117.20614
101449,Kaiser Permanente San Diego Medical Center,9455 Clairmont Mesa Blvd,San Diego,San Diego,CA,92123,2015,Subject to Ordinance,,Hospital (General Medical & Surgical),690285,829382,32.82992,-117.12534
100887,1025 W Laurel St,1025 W Laurel St,San Diego,San Diego,CA,92101-1299,1986,Subject to Ordinance,,Commercial,160700,160700,32.72961,-117.17223
100888,10260 Campus Point Dr,10260 Campus Point Dr,San Diego,San Diego,CA,92121,1985,Subject to Ordinance,,Laboratory,109164,109164,32.88922,-117.22298
100783,8315 Century Park Ct,"8315 Century Park Ct, BLDG 2",San Diego,San Diego,CA,92123-1548,1986,Subject to Ordinance,,Commercial,82264,82264,32.82268,-117.14274
100893,10450 Pacific Center Ct,10450 Pacific Center Ct,San Diego,San Diego,CA,92121-4338,1992,Subject to Ordinance,,Commercial,134000,134000,32.90838,-117.19019
100894,10455 Pomerado Rd,10455 Pomerado Rd,San Diego,San Diego,CA,92131-1717,1969,Subject to Ordinance,,Manufacturing/ Industrial/ Lab,232759,232759,32.89672,-117.09509
100895,10466 N Torrey Pines Rd,10466 N Torrey Pines Rd,La Jolla,San Diego,CA,92037,1981,Subject to Ordinance,,Manufacturing/ Industrial/ Lab,118000,118000,32.8944,-117.24266
100897,10578 Science Center Dr,10578 Science Center Dr,San Diego,San Diego,CA,92121,2010,Subject to Ordinance,,Laboratory,143630,179843,32.89582,-117.23183
100898,1060 J St,1060 J St,San Diego,San Diego,CA,92101,1975,Subject to Ordinance,,Manufacturing/ Industrial/ Lab,262416,262416,32.70963,-117.15505
100899,10604 Westview Pkwy,10604 Westview Pkwy,San Diego,San Diego,CA,92126,2000,Subject to Ordinance,,Strip Mall,238747,129833,32.91357,-117.12123
100900,10628 Science Center Dr,10628 Science Center Dr,San Diego,San Diego,CA,92121,2003,Subject to Ordinance,,Laboratory,87990,100354,32.89783,-117.23155
100901,Summit Pointe,10641 Scripps Summit Ct,San Diego,San Diego,CA,92131-3961,2000,Subject to Ordinance,,Office,146626,155000,32.94089,-117.09525
100902,Scripps Corporate Plaza (10680),10680 Treena St,San Diego,San Diego,CA,92131,1985,Subject to Ordinance,,Office,153550,153500,32.91233,-117.11535
100903,Pfizer CB3,10724 Science Center Dr,San Diego,San Diego,CA,92121,2002,Subject to Ordinance,,Laboratory,220661,102058,32.8995,-117.22887
100904,Pfizer CB2,10770 Science Center Dr,San Diego,San Diego,CA,92121,2001,Subject to Ordinance,,Laboratory,249066,128940,32.89984,-117.22787
100905,Pfizer CB1,10777 Science Center Dr,San DIego,San Diego,CA,92121-1111,1998,Subject to Ordinance,,Laboratory,152738,104000,32.89872,-117.22794
100907,10850 Via Frontera,10850 Via Frontera,San Diego,San Diego,CA,92127-1705,1982/2015,Subject to Ordinance,,Commercial,260000,260000,33.01452,-117.09727
100787,8335 Century Park Ct,"8335 Century Park Ct, BLDG 1",San Diego,San Diego,CA,92123-1569,1986,Subject to Ordinance,,Commercial,68184,68184,32.82318,-117.1437
100909,Pinnacle,10920 Via Frontera,San Diego,San Diego,CA,92127,2007,Subject to Ordinance,,Office,115827,110110,33.01404,-117.09461
100782,8306 Century Park Ct,"8306 Century Park Ct, BLDG 4",San Diego,San Diego,CA,92123-1530,1986,Subject to Ordinance,,Commercial,77178,77178,32.82435,-117.14278
100912,110 W C St,110 W C St,San Diego,San Diego,CA,92101-3900,1963/1978,Subject to Ordinance,,Commercial,177725,177725,32.71705,-117.16412
100913,Homewood Suites By Hilton,11025 vista sorrento Pkwy,San Diego,San Diego,CA,92130,2000,Subject to Ordinance,,Hotel,97094,107136,32.9165,-117.22901
100784,8326 Century Park Ct,"8326 Century Park Ct, BLDG 6",San Diego,San Diego,CA,92123-1530,1986,Subject to Ordinance,,Commercial,71243,71243,32.82426,-117.14309
100917,11160 Rancho Carmel Dr,11160 Rancho Carmel Dr,San Diego,San Diego,CA,92128-4672,1996,Subject to Ordinance,,Commercial,130125,105982,32.98028,-117.08404
100918,1122-1150 BRdway,1122-1150 BRdway,San Diego,San Diego,CA,92101,2006,Subject to Ordinance,,Commercial,109389,109389,32.71596,-117.15434
100919,General Atomics,11222 Flintoke Ave,San Diego,San Diego,CA,92121-1215,1980,Subject to Ordinance,,Laboratory,86699,137974,32.90423,-117.23306
100921,Torrey Plaza,11455 El Camino Real,San Diego,San Diego,CA,92130-2088,1996,Subject to Ordinance,,Office,161754,144419,32.92694,-117.23682
100922,The Lodge at Torrey Pines,11480 N Torrey Pines Rd,La Jolla,San Diego,CA,92037,2000,Subject to Ordinance,,Hotel,204975,120000,32.91231,-117.24519
100923,Radisson Hotel San Diego - Rancho Bernardo,11520 W Bernardo Ct.,San Diego,San Diego,CA,92127,1988,Subject to Ordinance,,Hotel,86000,116718,33.02101,-117.08279
100924,1155 Island,1155 Island Ave,San Diego,San Diego,CA,92101,2011,Subject to Ordinance,,Office,203596,178669,32.71022,-117.15418
100925,San Diego Rancho Bernardo CA CY,11611 Bernardo Plaza CT HM,San Diego,San Diego,CA,92128,1980,Subject to Ordinance,,Hotel,88247,125246,33.01824,-117.07817
100926,11640-11730 Carmel Mountain Rd,11640-11730 Carmel Mountain Rd,San Diego,San Diego,CA,92128-4627,1994,Subject to Ordinance,,Commercial,127024,127024,32.97955,-117.08101
100927,11855 Avenue Of Industry,11855 Avenue Of Industry,San Diego,San Diego,CA,92128,2002,Subject to Ordinance,,Hotel,69511,106980,32.99036,-117.07582
100928,11878 Avenue Of Industry,11878 Avenue Of Industry,San Diego,San Diego,CA,92128-3423,1988/2016,Subject to Ordinance,,Commercial,106432,106432,32.99151,-117.0748
100930,11915 El Camino Real,11915 El Camino Real,San Diego,San Diego,CA,92130-2539,1991,Subject to Ordinance,,Commercial,137280,137280,32.93569,-117.23644
100931,11966 El Camino Real,11966 El Camino Real,San Diego,San Diego,CA,92130,2002,Subject to Ordinance,,Commercial,148986,148986,32.93581,-117.23891
100933,Del Mar Gateway,11988 El Camino Real,San Diego,San Diego,CA,92130,2000,Subject to Ordinance,,Office,172563,165652,32.93628,-117.23958
100935,12080 Carmel Mountain Rd,12080 Carmel Mountain Rd,San Diego,San Diego,CA,92128-4605,2019,Subject to Ordinance,,Retail Store,107210,107210,32.98483,-117.07773
100936,121 BRdway,121 BRdway,San Diego,San Diego,CA,92101-5006,1912/2024,Subject to Ordinance,,Commercial,145364,145364,32.71505,-117.16345
100937,1210 Air Wing Rd,"1210 Air Wing Rd, BLDG 1",San Diego,San Diego,CA,92154,2007,Subject to Ordinance,,Commercial,178000,178000,32.57406,-116.95674
100938,The Plaza at Scripps Northridge,12121 Scripps Summit Dr,San Diego,San Diego,CA,92131,2006,Subject to Ordinance,,Office,112990,112990,32.93989,-117.10126
100939,12185 Carmel Mountain Rd,12185 Carmel Mountain Rd,San Diego,San Diego,CA,92128-4606,1991,Subject to Ordinance,,Commercial,102440,102440,32.98476,-117.075
100940,12220 Scripps Summit Dr,12220 Scripps Summit Dr,San Diego,San Diego,CA,92131-3697,2000,Subject to Ordinance,,Parking,129916,129916,32.94004,-117.10293
100941,1224 Exposition Way,"1224 Exposition Way, BLDG B",San Diego,San Diego,CA,92154,2006,Subject to Ordinance,,Commercial,152919,152919,32.57491,-117.00515
100942,Carmel Mountain - Bldg 3,12270 World Trade Dr,San Diego,San Diego,CA,92128,1997,Subject to Ordinance,,Distribution Center,185000,190341,32.98865,-117.07352
100943,12278 Scripps Summit Dr,12278 Scripps Summit Dr,San Diego,San Diego,CA,92131-3697,1999,Subject to Ordinance,,Laboratory,188399,198880,32.93979,-117.10257
100944,2 Columbia Place,1230 Columbia St,San Diego,San Diego,CA,92101-8571,1990,Subject to Ordinance,,Office,151312,143574,32.71815,-117.16768
100945,Costco #0452 Carmel Mountain,12350 Carmel Mountain Rd,San Diego,San Diego,CA,92128,1992,Subject to Ordinance,,Supermarket/Grocery Store,146290,133087,32.98724,-117.07768
100946,12400 High Bluff Dr,12400 High Bluff Dr,San Diego,San Diego,CA,92130,2003,Subject to Ordinance,,Office,214554.1,209220,32.94338,-117.24093
100947,One Del Mar,12544 High Bluff Dr.,San Diego,San Diego,CA,92130,2001,Subject to Ordinance,,Office,122551,115376,32.94627,-117.24179
100948,Mill's Building,1255 Imperial Ave,San Diego,San Diego,CA,92101-7493,1988, Subject to Ordinance,,Commercial,180000,180000,32.70574,-117.1534
100363,8888 Balboa Ave,8888 Balboa Ave,San Diego,San Diego,CA,92123-1506,2024,Not Subject to Ordinance,GFA > 50% lab Manufacturing Industrial,Manufacturing/ Industrial/ Lab,59518,59518,32.82218,-117.13645
100950,1288 Camino Del Rio N,1288 Camino Del Rio N,San Diego,San Diego,CA,92108,2002,Subject to Ordinance,,Retail Store,199774,199774,32.76797,-117.15049
100951,13075 Evening Creek Dr S,13075 Evening Creek Dr S,San Diego,San Diego,CA,92128,2001,Subject to Ordinance,,Senior Living Community,129000,176379,32.95541,-117.09782
100952,13112 Evening Creek Dr,13112 Evening Creek Dr,San Diego,San Diego,CA,92128-4108,1990,Subject to Ordinance,,Office,109780,109780,32.95663,-117.09918
100953,1320 Air Wing Rd,"1320 Air Wing Rd, BLDG 2",San Diego,San Diego,CA,92154,2007,Subject to Ordinance,,Commercial,155000,155000,32.57224,-116.95698
100954,1330 30th St,1330 30th St,San Diego,San Diego,CA,92154-3471,1985,Not Subject to Ordinance,"GFA ≤ 50,000 sqft",Commercial,31128,105465,32.57228,-117.07032
100956,13480 Evening Creek - Kilroy Sabre Springs - Bridgepoint Education,13480 N Evening Creek Dr,San Diego,San Diego,CA,92128,2008,Subject to Ordinance,,Office,146023.7,154157,32.96216,-117.09503
100957,13500 Evening Creek - Kilroy Sabre Springs - 13500,13500 Evening Creek Dr N,San Diego,San Diego,CA,92128,2003,Subject to Ordinance,,Office,144725.1,137658,32.96285,-117.0944
100958,13520 Evening Creek Dr - Kilroy Sabre Springs - 13520,13520 Evening Creek Dr,San Diego,San Diego,CA,92128,2003,Subject to Ordinance,,Office,147415.4,146701,32.96335,-117.09333
100959,1366 30th St,1366 30th St,San Diego,San Diego,CA,92154,1976,Subject to Ordinance,,Commercial,103200,103200,32.57158,-117.06908
100961,Holiday Inn Express San Diego Downtown,1430-1460 7th Ave,San Diego,San Diego,CA,92101-2815,1986,Subject to Ordinance,,Hotel,139872,139872,32.72033,-117.15864
100364,8929 Aero Dr,8929 Aero Dr,San Diego,San Diego,CA,92123-2231,1979,Subject to Ordinance,,Data Center,64000,64000,32.80896,-117.1359
100963,Millennium PQ (ml081),14433 Penasquitos Dr,San Diego,San Diego,CA ,92129,2023,Subject to Ordinance,,Multifamily Housing,452180,,32.97906,-117.0913
100964,"G&I IX Frazee, LP",1450 Frazee Rd,San Diego,San Diego,CA,92108,1982,Subject to Ordinance,,Office,140486,140476,32.77333,-117.15927
100965,Pacific Center 1,1455 Frazee Rd,San Diego,San Diego,CA,92108,1984,Subject to Ordinance,,Office,220482,218898,32.77405,-117.15851
100966,1462 Corporate Center Dr,"1462 Corporate Center Dr, BLDG C",San Diego,San Diego,CA,92154,2007,Subject to Ordinance,,Commercial,183695,183695,32.5736,-117.00471
100967,1470 Exposition Way,1470 Exposition Way,San Diego,San Diego,CA,92154-6659,2007,Subject to Ordinance,,Commercial,110998,110998,32.57419,-117.00646
100968,Carmel Medical Office,15004 Innovation Dr,San Diego,San Diego,CA,92128-3491,2008,Subject to Ordinance,,Medical Office,160801,150801,32.98899,-117.07773
100969,15120 Innovation Dr,15120 Innovation Dr,San Diego,San Diego,CA,92128-3402,1981,Subject to Ordinance,,Commercial,244500,244500,32.99035,-117.0776
100970,1515 Hotel Cir S,1515 Hotel Cir S,San Diego,San Diego,CA,92108-3409,1971,Subject to Ordinance,,Hotel,137000,140000,32.75819,-117.17679
100971,1540 Air Wing Rd,1540 Air Wing Rd,San Diego,San Diego,CA,92154,2005,Subject to Ordinance,,Commercial,120000,120000,32.56961,-116.95751
100973,1551 Shelter Island Dr,1551 Shelter Island Dr,San Diego,San Diego,CA,92106,1954/2018,Subject to Ordinance,,Hotel,170575,126800,32.70953,-117.23204
100974,15720 Bernardo Centre Dr,15720 Bernardo Centre Dr,San Diego,San Diego,CA,92127,1988,Subject to Ordinance,,Commercial,125648,125648,33.00586,-117.09409
100975,1578 Air Wing Rd,1578 Air Wing Rd,San Diego,San Diego,CA,92154,2004,Subject to Ordinance,,Commercial,106000,106000,32.56849,-116.95751
100977,Pacific Center 2,1615 Murray Canyon Rd,San Diego,San Diego,CA,92108,1986,Subject to Ordinance,,Office,220419,218150,32.7748,-117.15782
100978,Four Points by Sheraton ,1617 1st Ave,San Diego,San Diego,CA,92101,1969/2014,Subject to Ordinance,,Hotel,153476,153476,32.72233,-117.1634
100822,Sky Park CtPlaza (9325),9325 Sky Park Ct,San Diego,San Diego,CA,92123,1986,Subject to Ordinance,,Office,71856,71857,32.81563,-117.12541
101316,Sky Park CtPlaza (9275),9275 Sky Park Ct,San Diego,San Diego,CA,92123,1986,Subject to Ordinance,,Office,71856,131619,32.81563,-117.12541
100212,4285 Ponderosa Ave (Rexford BEBO),"4285 Ponderosa Ave, BLDG 2",San Diego,San Diego,CA,92123,1969,Subject to Ordinance,,Other - Technology/Science,66648,55000,32.81913,-117.13159
100985,DoubleTree by Hilton,1646 Front St,San Diego,San Diego,CA,92101,1990,Subject to Ordinance,,Commercial,254940,254940,32.72239,-117.1652
100987,1651-1665 Otay Heights Ct,1651 Otay Heights Ct,San Diego,San Diego,CA,92154,2009,Subject to Ordinance,,Self-Storage Facility,136000,132075,32.56723,-116.98643
100989,16550 Via Esprillo,16550 Via Esprillo,San Diego,San Diego,CA,92127,1989,Subject to Ordinance,,Distribution Center,180946,180946,33.01696,-117.09095
100990,16550 W Bernardo Dr,16550 West Bernardo Dr,San Diego,San Diego,CA,92127,1967,Subject to Ordinance,,Office,542328,542328,33.01773,-117.08605
100993,Hotel Circle Plaza,1660 Hotel Cir N,San Diego,San Diego,CA,92108-2807,1972,Subject to Ordinance,,Commercial,105000,105000,32.75995,-117.17922
100994,Y-TSRB,16620 W. Bernardo Dr,San Diego,San Diego,CA,92127,2009,Subject to Ordinance,,Office,196734,196734,33.01491,-117.08488
100995,16710 & 16750 Via Del Campo Ct,16710 Via Del Campo Ct,San Diego,San Diego,CA,92127,1989,Subject to Ordinance,,Laboratory,168072,130425,33.01712,-117.09707
100996,General Atomics Bldg,16761 Via Del Campo Ct,San Diego,San Diego,CA,92127-1713,1984,Subject to Ordinance,,Manufacturing/ Industrial/ Lab,159761,160412,33.01801,-117.0951
100998,Remington Club II,"16916 Hierba Dr, Remington Club II",San Diego,San Diego,CA,92128,1990,Subject to Ordinance,,Commercial,167308,167308,33.02164,-117.0711
102513,CASA DEL MAR - SAN DIEGO SUNRISE,5060 LA JOLLA Blvd,San Diego,San Diego,CA ,92109,1977,Not Subject to Ordinance,"GFA ≤ 50,000 sqft",Multifamily Housing,33219,33219,,
102514,CASA HERMOSA - SAN DIEGO SUNRISE,5050 LA JOLLA Blvd,San Diego,San Diego,CA ,92109,1977,Not Subject to Ordinance,"GFA ≤ 50,000 sqft",Multifamily Housing,38620,38620,,
100122,Pacific Plaza Shopping Center,1762 Garnet Ave,San Diego,San Diego,CA,92109,1961,Subject to Ordinance,,Other - Mall,55709,55709,32.80064,-117.23804
101009,San Diego CA HGI,17240 Bernardo Center Dr,San Diego,San Diego,CA,92128,2000,Subject to Ordinance,,Hotel,104769,118539,33.02554,-117.07761
101010,17550 Bernardo Oaks Dr,17550 Bernardo Oaks Dr,San Diego,San Diego,CA,92128,1962,Subject to Ordinance,,Commercial,126822,126822,33.03163,-117.06692
101011,YARA North America,1770 THOR St,San Diego,San Diego,CA,92113-3936,1990,Subject to Ordinance,,Non-Refrigerated Warehouse,128150,128248,32.68923,-117.11877
101001,1702-1742 Garnet,1702-1742 Garnet Ave,San Diego,San Diego,CA,92109-3350,1960,Subject to Ordinance,,Freestanding Retail,126911,126911,32.80135,-117.23777
101014,1940 El Cajon Blvd,1940 El Cajon Blvd,San Diego,San Diego,CA,92104,2000,Subject to Ordinance,,Other/Specialty Hospital,76000,179770,32.75613,-117.14436
101015,1960 Harbor Island Dr,1960 Harbor Island Dr,San Diego,San Diego,CA,92101-1013,1969/2000,Subject to Ordinance,,Commercial,193509,193509,32.72522,-117.2091
101017,200-254 BRdway,200-254  w BRdway,San Diego,San Diego,CA,92101-5004,,Subject to Ordinance,,Commercial,245100,245100,32.71593,-117.16263
100634,4110-4190 Mission Blvd,4190 Mission Blvd,San Diego,San Diego,CA,92109-5001,1986,Subject to Ordinance,,Retail,76168,76168,32.79112,-117.2541
101019,2020 Camino Del Rio N,2020 Camino Del Rio N,San Diego,San Diego,CA,92108,1970/2000,Subject to Ordinance,,Commercial,105796,105796,32.77048,-117.14312
101020,2055 Dublin Dr,2055 Dublin Dr,San Diego,San Diego,CA,92154-8202,1990,Subject to Ordinance,,Commercial,205440,205440,32.56166,-116.97396
101021,San Diego - 166,2149 Fenton Parkway,San Diego,San Diego,CA,92108,2000,Subject to Ordinance,,Wholesale Club/Supercenter,198000,243544,32.78004,-117.12664
101022,Storage Etc. Hancock,2150 Hancock St,San Diego,San Diego,CA,92110,2003,Subject to Ordinance,,Self-Storage Facility,109479,111526,32.74613,-117.19154
101023,2151 Hotel Cir S,2151 Hotel Cir S,San Diego,San Diego,CA,92108-3314,1970/2014,Subject to Ordinance,,Commercial,105620,105620,32.75822,-117.18222
101024,2195 E Belt St (Ship yard),2195 E Belt St,San Diego,San Diego,CA,92113,1967,Subject to Ordinance,,Commercial,200956,200956,32.69307,-117.14404
102009,Pacific Beach Promenade,4150 Mission Blvd,San Diego,San Diego,CA,92109,1986,Subject to Ordinance,,Strip Mall,75666,75666,32.79109,-117.25412
101026,2222 Enrico Fermi Dr,2222 Enrico Fermi Dr,San Diego,San Diego,CA,92154-7296,2011,Subject to Ordinance,,Manufacturing/Industrial Plant,300000,300000,32.55922,-116.92896
101027,A-1 Self Storage #435,2235 Pacific Hwy,San Diego,San Diego,CA,92101,1927,Subject to Ordinance,,Manufacturing/Industrial Plant,99999,217000,32.72706,-117.17209
101052,3010 Childrens Way,3010 Childrens Way,San Diego,San Diego,CA,92123-4223,2000,Subject to Ordinance,,Manufacturing/ Industrial/ Lab,257232,257232,32.79907,-117.15275
101029,2270 Hotel Cir N,2270 Hotel Cir N,San Diego,San Diego,CA,92108-2810,1967/2012,Subject to Ordinance,,Commercial,272801,272801,32.76046,-117.18446
101030,2305 Historic Decatur Rd--Liberty Building 902,2305 Historic Decatur Rd,San Diego,San Diego,CA,92106,2009,Subject to Ordinance,,Office,107456,107456,32.73419,-117.21641
101053,3020 Childrens Way,3020 Childrens Way,San Diego,San Diego,CA,92123,2009,Subject to Ordinance,,Commercial,272274,272274,32.79815,-117.15136
101032,2318 Northside Dr,2318 Northside Dr,San Diego,San Diego,CA,92108-2704,2000,Subject to Ordinance,,Wholesale Club/Supercenter,130210,141200,32.78136,-117.12539
101033,2323 Avenida Costa Este,2323 Avenida Costa Este,San Diego,San Diego,CA,92154,1999,Subject to Ordinance,,Distribution Center,106607,106607,32.55497,-116.95442
101034,College of English Language San Diego,"233 A St, STE  400",San Diego,San Diego,CA,92101,1927,Subject to Ordinance,,Office,115000,101344,32.71858,-117.16232
101035,2340 4th Ave,2340 4th Ave,San Diego,San Diego,CA,92101-1607,1981,Subject to Ordinance,,Senior Living Community,92780,110859,32.72996,-117.16165
101036,2345 Britannia Blvd,2345 Britannia Blvd,San Diego,San Diego,CA,92154,2007,Subject to Ordinance,,Distribution Center,115542,115542,32.55639,-116.979
101037,Costco #0488 Mission Valley,2345 Fenton Parkway,San Diego,San Diego,CA,92108,2000,Subject to Ordinance,,Supermarket/Grocery Store,153735,147000,32.78202,-117.12877
101038,2350 Siempre Viva Ct,2350 Siempre Viva Ct,San Diego,San Diego,CA,92154,2007,Subject to Ordinance,,Non-Refrigerated Warehouse,104000,104000,32.55654,-116.97768
101039,2404 Loring St,2404 Loring St,San Diego,San Diego,CA,92109-2397,2000,Subject to Ordinance,,Commercial,147700,147700,32.81296,-117.22922
101040,2485 Hotel Circle Pl,2485 Hotel Circle Pl,San Diego,San Diego,CA,92108,1971,Subject to Ordinance,,Hotel,119877,116537,32.76049,-117.18868
101041,MFFA,2550 Fifth Avenue,San Diego,San Diego,CA,92103,1967,Subject to Ordinance,,Office,164738,161430,32.73191,-117.16057
101042,2550 Britannia Blvd,2550 Britannia Blvd,San Diego,San Diego,CA,92154-7404,1987,Subject to Ordinance,,Distribution Center,147232,147232,32.55244,-116.981
101043,Homewood Suites by Hilton - Laning Rd,2576 Laning Rd,San Diego,San Diego,CA,92106-6418,2007,Subject to Ordinance,,Commercial,114684,114684,32.72806,-117.21771
101044,Ctyard by Marriott SD,2592 Laning Rd,San Diego,San Diego,CA,92106-6418,2008,Subject to Ordinance,,Commercial,162440,162440,32.73078,-117.21572
101045,2600 Melksee,2600 Melksee St,San Diego,San Diego,CA,92154,2016,Subject to Ordinance,,Non-Refrigerated Warehouse,121970,121970,32.55218,-116.95833
101046,2651 Drucker Ln,2651 Drucker Ln,San Diego,San Diego,CA,92154-7610,2019,Subject to Ordinance,,Non-Refrigerated Warehouse,182910,182910,32.55039,-116.9478
101047,2660 Sarnen St,2660 Sarnen St,San Diego,San Diego,CA,92154,2001,Subject to Ordinance,,Distribution Center,119701,118550,32.5516,-116.95426
101048,2695 Customhouse Ct,2695 Customhouse Ct,San Diego,San Diego,CA,92154-7645,1989,Subject to Ordinance,,Non-Refrigerated Warehouse,111644,111644,32.55052,-116.94452
101049,A-1 Self Storage at 2740 Garnet Ave,2740 Garnet Ave,San Diego,San Diego,CA,92109,1983,Subject to Ordinance,,Retail Store,160884,114000,32.80668,-117.22025
101051,2880 Torrey Pines Scenic Dr,2880 Torrey Pines Scenic Dr,La Jolla,San Diego,CA,92037,2012,Subject to Ordinance,,Laboratory,123224,150000,32.88944,-117.24406
100736,6925-6941 Linda Vista Rd,6925 Linda Vista Rd,San Diego,San Diego,CA,92111-6362,1977/1986,Subject to Ordinance,,Commercial,72086,72086,32.78488,-117.16978
101054,BMR-Bunker Hill LP,3030 Bunker Hill St,San Diego,San Diego,CA,92109,1973,Subject to Ordinance,,Other,105364,105364,32.80399,-117.21478
101271,River Front,750 Camino De La Reina,San Diego,San Diego,CA,92108,1991,Subject to Ordinance,,Multifamily Residence,309490,,32.76785,-117.15772
101846,710 Camino De La Reina,710 Camino De La Reina,San Diego,San Diego,CA,92108-3216,1991,Subject to Ordinance,,Multifamily Residence,233237,233237,32.76785,-117.15772
101058,310-314 5th Ave,310-314 5th Ave,San Diego,San Diego,CA,92101-6910,1929,Subject to Ordinance,,Retail/Residential,110986,110986,32.70859,-117.16034
101059,3105-3146 Mission Blvd,3105-3146 Mission Blvd,San Diego,San Diego,CA,92109-8724,1988,Subject to Ordinance,,Other - Entertainment/Public Assembly,110000,104710,32.76989,-117.25254
101060,Centerside I,3111 Camino del Rio N,San Diego,San Diego,CA,92108,1982,Subject to Ordinance,,Office,223145,209686,32.7741,-117.12787
101061,Centerside II,3131 Camino del Rio N,San Diego,San Diego,CA,92108,1986,Subject to Ordinance,,Office,306415,297136,32.7754,-117.12558
101062,Janssen Research & Development,3210 Merryfield Row,San Diego,San Diego,CA,92121,2007, Not Subject to Ordinance,GFA > 50% lab Manufacturing Industrial,R&D,350000,122000,32.90101,-117.2373
101063,3215 Merryfield Row,3215 Merryfield Row,San Diego,San Diego,CA ,92121,2017,Not Subject to Ordinance,GFA > 50% lab Manufacturing Industrial,Manufacturing/ Industrial/ Lab,170523,,32.89973,-117.23721
101065,3298 Kettner Blvd,3298 Kettner Blvd,San Diego,San Diego,CA,92101-1122,2005,Subject to Ordinance,,Commercial,176214,176214,32.73671,-117.17678
101066,3299 Holiday Ct,3299 Holiday Ct,La Jolla,San Diego,CA,92037-1830,1963,Subject to Ordinance,,Commercial,271620,271620,32.87045,-117.23058
101067,Loma Square,3305 Rosecrans St,San Diego,San Diego,CA,92110,1980,Subject to Ordinance,,Strip Mall,125615,167545,32.74762,-117.2068
101070,Walmart Store #2177,3382 Murphy Canyon Rd,San Diego,San Diego,CA,92123,1995,Subject to Ordinance,,Retail Store,126769,140000,32.80526,-117.11615
101071,Walmart Supercenter #2479,3412 College Ave,San Diego,San Diego,CA,92115,2010,Subject to Ordinance,,Wholesale Club/Supercenter,132593,109090,32.74397,-117.0535
101072,3424 College Ave,3424 College Ave,San Diego,San Diego,CA,92115,2003,Subject to Ordinance,,Retail Store,129649,129649,32.74401,-117.05347
101073,3475 Kenyon St,3475 Kenyon St,San Diego,San Diego,CA,92110-5002,1975,Subject to Ordinance,,Commercial,173845,173845,32.74826,-117.21453
101075,350 Camino de la Reina,350 Camino de la Reina,San Diego,San Diego,CA,92108-3003,1975/2018,Subject to Ordinance,,Office,327042,163000,32.76424,-117.16553
101077,57523-Residence Inn San Diego,3525 Valley Centre Dr,San Diego,San Diego,CA,92130,2013,Subject to Ordinance,,Hotel,73990,120960,32.93545,-117.23816
101078,3545 Cray Ct,3545 CRAY CT,San Diego,San Diego,CA,92121,2000,Subject to Ordinance,,Laboratory,112161,116556,32.89954,-117.23988
101079,355 Marketplace Ave,355 Marketplace Ave,San Diego,San Diego,CA,92113,2002,Subject to Ordinance,,Retail Store,109457,109577,32.70228,-117.10131
101080,3550 General Atomics Ct Building 2,"3550 General Atomics Ct, BLDG 2",San Diego,San Diego,CA,92121,1998,Subject to Ordinance,,Laboratory,59199,59199,32.89284,-117.23774
101081,3555 Sports Arena Blvd,3555 Sports Arena Blvd,San Diego,San Diego,CA,92110,1980,Subject to Ordinance,,Retail Store,96720,108690,32.75244,-117.21353
101082,San Diego Gaslamp CA RI,356 6th Ave,San Diego,San Diego,CA,92101,1980,Subject to Ordinance,,Hotel,153167,275000,32.7091,-117.15949
101083,3570 Carmel Mountain,3570 Carmel Mountain Rd,San Diego,San Diego,CA,92130,2007,Subject to Ordinance,,Office,104687,101035,32.91987,-117.23313
101084,3611 Valley Centre Dr,3611 Valley Centre Dr,San Diego,San Diego,CA,92130,2000,Subject to Ordinance,,Office,132367,129656,32.93619,-117.23507
100041,Scripps Ranch Marketplace/2107AS,10675 Scripps Poway Pkwy,San Diego,San Diego,CA,92131,1980,Subject to Ordinance,,Strip Mall,56663,56825,32.93569,-117.09866
101086,San Diego Blood Bank,3636 Gateway Center Ave,San Diego,San Diego,CA,92102-4508,1987,Not Subject to Ordinance,GFA > 50% lab Manufacturing Industrial,R&D,131720,138222,32.71406,-117.11337
101087,Nobel Corporate Plaza,3636 Nobel Dr,San Diego,San Diego,CA,92122,1984,Subject to Ordinance,,Office,106840,102919,32.86925,-117.22795
101089,Nobel Executive Center,3655 Nobel Dr,San Diego,San Diego,CA,92122-1003,1987,Subject to Ordinance,,Office,120972,119991,32.86777,-117.22844
101090,3661 Valley Centre Dr,3661 Valley Center Dr,San Diego,San Diego,CA,92130,2001,Subject to Ordinance,,Office,131203.6,128364,32.93628,-117.2341
101091,3665 Kearny Villa Rd,3665 Kearny Villa Rd,San Diego,San Diego,CA,92123-1953,1983,Subject to Ordinance,,Commercial,102872,102872,32.80848,-117.14999
101092,3721 Valley Center Dr,3721 Valley Center Dr,San Diego,San Diego,CA,92130,2002,Subject to Ordinance,,Office,115092.3,115193,32.93646,-117.23321
101093,3737 Sports Arena Blvd,3737 Sports Arena Blvd,San Diego,San Diego,CA,92110-5131,1982,Subject to Ordinance,,Commercial,138000,138000,32.75384,-117.21515
100541,Mission Valley,1640 Camino Del Rio North,San Diego,San Diego,CA,92108,2000,Subject to Ordinance,,Movie Theater,84532,84352,32.76852,-117.1485
101095,"1533-San Diego, CA",3808 Cedar St,San Diego,San Diego,CA,92105,2009,Subject to Ordinance,,Self-Storage Facility,130515,131000,32.72198,-117.11282
101096,3811 Valley Centre Dr,3811 Valley Center Dr,San Diego,San Diego,CA,92130,2000,Subject to Ordinance,,Medical Office,112067,112067,32.93668,-117.23234
101097,Pavilions,3850 Valley Centre Dr,San Diego,San Diego,CA,92130,1991,Not Subject to Ordinance,"GFA ≤ 50,000 sqft",Commercial,49347,49347,32.93805,-117.23257
101098,0170-San Diego - Sherman St.,3883 Sherman St,San Diego,San Diego,CA,92110,2005,Subject to Ordinance,,Self-Storage Facility,140805,143000,32.75687,-117.20574
101099,3888 Greenwood St,3888 Greenwood St,San Diego,San Diego,CA,92110-4412,1991/2013,Subject to Ordinance,,Commercial,159600,159600,32.75584,-117.20552
101100,3890 Nobel Dr,3890 Nobel Dr,San Diego,San Diego,CA,92122,1992,Subject to Ordinance,,Commercial,188005,188005,32.8688,-117.22301
101101,3952-3998 Clairemont Mesa Blvd,3952-3998 Clairemont Mesa Blvd,San Diego,San Diego,CA,92117-2739,1954,Subject to Ordinance,,Strip Mall,174890,174890,32.8289,-117.20393
101102,Catamaran Resort & Spa,3999 Mission Blvd,San Diego,San Diego,CA,92109,1987,Subject to Ordinance,,Hotel,247189,220525,32.79022,-117.2525
101103,A0000076 - HILTONGAS_SD_LHOSANDIEGOONE,401 K St,San Diego,San Diego,CA,92101,2000,Subject to Ordinance,,Hotel,223495,222360,32.70793,-117.16062
101104,10351 La Jolla,4025 Pulitzer Place,San Diego,San Diego,CA,92122-4220,1984,Subject to Ordinance,,Senior Care Community,136952,126500,32.86549,-117.21704
101105,404 Camino Del Rio S,404 Camino Del Rio S,San Diego,San Diego,CA,92108-3503,1979/2013,Subject to Ordinance,,Commercial,139745,139745,32.76132,-117.16212
101107,4115-4141 Pacific Hwy,4115-4141 Pacific Hwy,San Diego,San Diego,CA,92110,,Subject to Ordinance,,Commercial,109748,109748,32.74453,-117.19251
101108,4161 Campus point Ct,4161 Campus Point Ct,San Diego,San Diego,CA,92121,1990,Subject to Ordinance,,Laboratory,159884,159884,32.88984,-117.22619
102510,Scripps Ranch Marketplace/60835,10675 Scripps Poway Pkwy.,San Diego,San Diego,CA ,92131,1997,Subject to Ordinance,,Strip Mall,131758,,,
101110,4200 Taylor St,4200 Taylor St,San Diego,San Diego,CA,92110-2789,2015,Subject to Ordinance,,Commercial,117020,117020,32.75838,-117.19778
101111,421 W B St,421 W B St,San Diego,San Diego,CA,92101-3501,1980,Subject to Ordinance,,Hotel,250000,250000,32.71754,-117.16689
101112,4224 Campus point Ct,4224 Campus point Ct,San Diego,San Diego,CA,92121-1599,1990,Subject to Ordinance,,Laboratory,101998,101998,32.88805,-117.22409
101377,1640-1750 Camino Del Rio N,1640-1750 Camino Del Rio N,San Diego,San Diego,CA,92108-3208,1960/1996,Subject to Ordinance,,Storefront Retail,1148994,1148994,32.76753,-117.14758
101609,Amanecer Apartments,2701 Ulric St,San Diego,San Diego,CA,92111-5523,2023,Subject to Ordinance,,Multifamily Residence,178449,90000,32.79214,-117.17249
101115,San Diego Marriott La Jolla Hotel,4240 La Jolla Village Dr,La Jolla,San Diego,CA,92037-1407,1985,Subject to Ordinance,,Hotel,274202,274200,32.8727,-117.21535
101116,4242 Campus point Ct,4242 Campus point Ct,San Diego,San Diego,CA,92121-1588,1990,Subject to Ordinance,,Laboratory,132874,132874,32.88823,-117.22434
101117,Qualcomm BB,4243 Campus Point Ct,San Diego,San Diego,CA,92121,1990,Subject to Ordinance,,Office,147067,140841,32.88808,-117.22561
101118,Mission Valley,425 S. Camino Del Rio,San Diego,San Diego,CA,92108,1990,Subject to Ordinance,,Multifamily Housing,935835,135600,32.76219,-117.15886
101119,Regents Square II,4250 Executive Sq,La Jolla,San Diego,CA,92037,1986,Subject to Ordinance,,Office,169751,147119,32.87455,-117.215
100962,Sheraton San Diego - SDS,1433 Cam Del Rio South,San Diego,San Diego,CA,92108,2004,Subject to Ordinance,,Hotel,167128,214612,32.76498,-117.15034
101121,Regents Square I,4275 Executive Sq,La Jolla,San Diego,CA,92037,1984,Subject to Ordinance,,Office,200052,168855,32.87349,-117.21502
101524,Royal Village,1435 Elder Ave,San Diego,San Diego,CA,92154,1977,Subject to Ordinance,,Multifamily Residence,126136,129300,32.57823,-117.10344
101123,City Heights Center,4305 University Avenue,San Diego,San Diego,CA,92105,2002,Subject to Ordinance,,Office,119210,119210,32.74916,-117.10142
101124,4321-4417 La Jolla Village Dr,4545 La Jolla Village Dr Ste E25,San Diego,San Diego,CA,92122,1977,Subject to Ordinance,,Commercial,109772,109772,32.87175,-117.212
101125,4333 La Jolla Village Dr,4333 LA JOLLA VILLAGE Dr,San Diego,San Diego,CA,92122,1977,Subject to Ordinance,,Retail Store,155018,135623,32.86763,-117.21223
101667,3801-3803 Marquette Pl,3801-3803 Marquette Pl,San Diego,San Diego,CA,92110,1966,Subject to Ordinance,,Multifamily Residence,181803,181803,32.7519,-117.22
101127,Smith Barney Tower,4350 La Jolla Village Dr,San Diego,San Diego,CA,92122,1986,Subject to Ordinance,,Office,208663,193456,32.87408,-117.2126
101128,Pacific Hwy Storage - 4350 Pacific Highway,4350 Pacific Hwy,San Diego,San Diego,CA ,92110,2009,Subject to Ordinance,,Self-Storage Facility,89000,,32.74865,-117.20006
101129,Northern Trust Tower,4370 La Jolla Village Dr,San Diego,San Diego,CA,92122,1987,Subject to Ordinance,,Office,210554,195399,32.87408,-117.21107
101130,4400 Ruffin Rd,4400 Ruffin Rd,San Diego,San Diego,CA,92123-1606,2024,Subject to Ordinance,,Office,237314,237314,32.81981,-117.12885
101131,4401 La Jolla Village Dr,4401 La Jolla Village Dr,San Diego,San Diego,CA,92122-1201,2017,Subject to Ordinance,,Retail Store,155195,149000,32.87242,-117.21129
101132,CA2211 - VANDEVER MEDICAL OFFICES,4405 VANDEVER ST,San Diego,San Diego,CA,92120,1987,Subject to Ordinance,,Medical Office,138585,152222,32.78716,-117.09905
101134,4425 La Jolla Village Dr,4425 La Jolla Village Dr,San Diego,San Diego,CA,92122,2000,Subject to Ordinance,,Movie Theater,51701,160000,32.87101,-117.21191
101136,4445 Eastgate,4445 Eastgate Mall,San Diego,San Diego,CA,92121,2000,Subject to Ordinance,,Office,128202,123608,32.87762,-117.21021
101137,Plazma Palmera,4455-4463 Camino de la Plaza,San Diego,San Diego,CA,92173-3002,2015,Subject to Ordinance,,Freestanding Retail,134950,134950,32.54316,-117.03802
101138,4490 Murphy Canyon Rd,4490 Murphy Canyon Rd,San Diego,San Diego,CA,92123-4316,1985,Subject to Ordinance,,Self-Storage,108120,108120,32.82522,-117.11959
101139,450 B Tower,450 B St,San Diego,San Diego,CA,92101-4207,1981,Subject to Ordinance,,Office,309947,283786,32.71858,-117.16071
101140,UC San Diego Health,4510 Executive Dr,San Diego,San Diego,CA,92121-3021,1988,Subject to Ordinance,,Medical Office,129421,129421,32.87613,-117.2108
101141,BMR-4570 Executive Dr LP,4570 Executive Dr,San Diego,San Diego,CA,92121,1999,Subject to Ordinance,,Mixed Use Property,125219,125300,32.87758,-117.20925
101142,4575 La Jolla Village Dr,4575 La Jolla Village Dr,San Diego,San Diego,CA,92122,2019,Subject to Ordinance,,Lifestyle Center,190000,190000,32.87248,-117.20882
101143,4595 Mission Bay Dr,4595 Mission Bay Dr,San Diego,San Diego,CA,92109,1975/2003,Subject to Ordinance,,Self-Storage Facility,125159,123981,32.80522,-117.21561
101144,La Jolla Center I,4660 La Jolla Village Dr,San Diego,San Diego,CA,92122,1984,Subject to Ordinance,,Office,182290,165756,32.87466,-117.2065
101145,4667 Albuquerque St,4667 Albuquerque St,San Diego,San Diego,CA,92109-3812,2002,Subject to Ordinance,,Self-Storage Facility,185362,154201,32.80818,-117.21811
101146,4750 Kearny Mesa Rd,4750 Kearny Mesa Rd,San Diego,San Diego,CA,92111-2405,1965/2003,Subject to Ordinance,,Auto-Dealership,100004,100004,32.82409,-117.14713
101147,i3 - Block B 4775,4775 executive Dr,San Diego,San Diego,CA,92121,2016,Subject to Ordinance,,Parking,81471,131325,32.8758,-117.20286
101148,Walmart Store #5338,4840 Shawline St,San Diego,San Diego,CA,92111,2004,Subject to Ordinance,,Retail Store,132706,101000,32.82984,-117.16543
101151,5010 Wateridge Vista Dr,5010 Wateridge Vista Dr,San Diego,San Diego,CA,92121,2002,Subject to Ordinance,,Office,111318,111318,32.89703,-117.20935
101152,501-555 Washington St,555 Washington St,San Diego,San Diego,CA,92103-2231,1992, Subject to Ordinance,,Other - Specialty Hospital,121195,135331,32.74973,-117.16001
101153,Hotel Indigo San Diego Gaslamp Quarter,509 9th Avenue,San Diego,San Diego,CA,92101,1980,Subject to Ordinance,,Hotel,135846,138156,32.71091,-117.15624
101154,South Campus Plaza South,5100 College Ave,San Diego,San Diego,CA,92115-2436,2017,Subject to Ordinance,,Parking,122000,122000,32.77095,-117.07017
101155,5200 Illumina Way BLDG 5,"5200 Illumina Way, BLDG 5",San Diego,San Diego,CA,92122,2006,Subject to Ordinance,,Laboratory,127373,295609,32.87092,-117.199
101156,5200 Illumina Way BLDG 1,"5200 Illumina Way, BLDG 1",San Diego,San Diego,CA,92122,2006,Subject to Ordinance,,Laboratory,497078,171340,32.87094,-117.19909
101157,5200 Illumina Way BLDG 2,"5200 Illumina Way, BLDG 2",San Diego,San Diego,CA,92122,2006,Subject to Ordinance,,Office,174340,159272,32.87097,-117.19919
102177,Gables Point Loma,3811 Marquette Place,San Diego,San Diego,CA,92106,1966,Subject to Ordinance,,Multifamily Residence,142626,,32.75193,-117.21909
101160,"SFII 530B, LLC",530 B St,San Diego,San Diego,CA,92101,1966,Subject to Ordinance,,Office,250181,250181,32.71813,-117.15973
101161,203- CYMSD,530 BRdway St,San Diego,San Diego,CA,92101,2013,Subject to Ordinance,,Hotel,182000,171870,32.71602,-117.15954
101162,5300 Grand del Mar Ct,5300 Grand del Mar Ct,San Diego,San Diego,CA,92130-4901,2007/2017,Subject to Ordinance,,Hotel,300000,300000,32.93808,-117.19809
101163,5331 Mount Alifan Dr,5331 Mount Alifan Dr,San Diego,San Diego,CA,92111,1986,Subject to Ordinance,,Religious Facility,158146,158146,32.8164,-117.18139
101085,2053AS,3645 Midway Dr,San Diego,San Diego,CA,92110,1988,Subject to Ordinance,,Supermarket/Grocery Store,50521,160263,32.75116,-117.21739
102073,Point Loma Plaza/ 90010,3645 Midway Dr.,San Diego,San Diego,CA,92110,1989,Not Subject to Ordinance,"GFA ≤ 50,000 sqft",Strip Mall,27500,,32.75116,-117.21739
101166,5403-5405 University Ave,5403-5405 University Ave,San Diego,San Diego,CA,92105-2304,1969,Subject to Ordinance,,Freestanding Retail,104176,104176,32.7472,-117.07758
101167,5415 Clairemont Mesa Blvd,5415 Clairemont Mesa Blvd,San Diego,San Diego,CA,92117,1974,Subject to Ordinance,,Hotel,109106,109106,32.83348,-117.17519
101168,543 Hotel Cir S,543 Hotel Cir S,San Diego,San Diego,CA,92108-3402,1976,Subject to Ordinance,,Hotel,118878,118878,32.76009,-117.16725
101169,550 J St,550 J St,San Diego,San Diego,CA,92101-7020,2017,Subject to Ordinance,,Hotel,240000,240000,32.70961,-117.15965
101173,5525 Morehouse Dr,5525 Morehouse Dr,San Diego,San Diego,CA,92121-1710,1985,Subject to Ordinance,,Warehouse,108585,108585,32.89377,-117.19761
101694,Metro Villas Housing Partners L.P.,4031-4091 39th St,San Diego,San Diego,CA,92105,2004,Subject to Ordinance,,Multifamily Residence,123909,123909,32.75046,-117.11035
101180,5651 Copley Dr,5651 Copely Dr,San Diego,San Diego,CA,92111-7903,1993,Subject to Ordinance,,Office,152500,118264,32.84206,-117.16672
101666,3783 Florida St,3783 Florida St,San Diego,San Diego,CA,92104,2013,Subject to Ordinance,,Multifamily Residence,73734,73734,32.74716,-117.14338
102176,Kalos: Kalos,3795 Florida St,San Diego,San Diego,CA,92104,2013,Subject to Ordinance,,Multifamily Residence,73843,,32.74751,-117.14339
101184,5755-5775 Kearny Villa Rd,5755-5775 Kearny Villa Rd,San Diego,San Diego,CA,92123-1111,1984/2003,Subject to Ordinance,,Showroom,108183,108183,32.83827,-117.13326
101185,5775 Ruffin Rd,5775 Ruffin Rd,San Diego,San Diego,CA,92123-1012,1978/1996,Subject to Ordinance,,Manufacturing,106190,106190,32.83913,-117.12645
101186,70400374 -- College ~ University,5975 University Ave,San Diego,San Diego,CA,92115,1991,Subject to Ordinance,,Supermarket/Grocery Store,56602,158091,32.74918,-117.07184
101187,Copley Corporate Center,5855 Copley Dr,San Diego,San Diego,CA,92111,1999,Subject to Ordinance,,Office,117500,120489,32.84225,-117.17163
101188,Home Depot,5920 Fairmount Ave,San Diego,San Diego,CA,92120,1998,Subject to Ordinance,,Retail Store ,106026,125000,32.78233,-117.1018
101189,5887 Copley Dr,5887 Copley Dr,San Diego,San Diego,CA,92111-7906,2008,Subject to Ordinance,,Parking,201661,205725,32.84458,-117.17441
101190,CA2201 - GARFIELD SPECIALTY CARE,5893 Copley Dr.,San Diego,San Diego,CA,92111,2010,Subject to Ordinance,,Medical Office,172992,171684,32.84526,-117.17384
101191,5898 Copley Dr,5898 Copley Dr,San Diego,San Diego,CA,92111,2008,Subject to Ordinance,,Office,129135,129135,32.84345,-117.17385
101192,Valley Corportate Center,591 Camino De La Reina,San Diego,San Diego,CA,92108-3102,1972/2018,Subject to Ordinance,,Office,182744,176132,32.76563,-117.16158
101193,595 Hotel Circle S,595 Hotel Circle S,San Diego,San Diego,CA,92108,1980,Subject to Ordinance,,Hotel,159556,171945,32.7597,-117.16826
101194,Sorrento Building 5950,5950 Nancy Ridge Dr,San Diego,San Diego,CA,92121-2833,1997,Subject to Ordinance,,Distribution Center,112790,113150,32.88938,-117.19004
101195,5959 Santa Fe St,5959 Santa Fe St,San Diego,San Diego,CA,92109-1623,1980,Subject to Ordinance,,Warehouse,127000,127000,32.8299,-117.23149
101196,5995 Pacific Center Blvd,5995 Pacific Center Blvd,San Diego,San Diego,CA,92121-6309,1988,Subject to Ordinance,,Distribution Center,167063,167063,32.90429,-117.18845
101197,Andaz San Diego,600 F St,San Diego,San Diego,CA,92101,2007,Subject to Ordinance,,Hotel,160319,135000,32.71386,-117.15897
101198,6060 Business Center Ct,6060 Business Center Ct,San Diego,San Diego,CA,92154,2004,Subject to Ordinance,,Distribution Center,134776,134776,32.56978,-117.00443
101199,Sorrento Building 6060,6060 Nancy Ridge Dr,San Diego,San Diego,CA,92121-3210,1997,Subject to Ordinance,,Distribution Center,99383,121322,32.88922,-117.18872
101200,610 W Ash St,610 W Ash St,San Diego,San Diego,CA,92101-3300,1986,Subject to Ordinance,,Office,99999,177489,32.72024,-117.16857
101201,614-620 Market St,620 Market St,San Diego,San Diego,CA,92101-7033,2000,Subject to Ordinance,,Commercial,205328,205328,32.71173,-117.15889
101202,BMR-6154 Nancy Ridge Dr BLDG E,6154 Nancy Ridge Dr,San Diego,San Diego,CA,92121,1983,Subject to Ordinance,,Other,125557,125000,32.88912,-117.18467
101203,25731-UTC/Miramar Rd,6200 Miramar Rd,San Diego,San Diego,CA,92121,2008,Subject to Ordinance,,Self-Storage Facility,100383,105935,32.87828,-117.17977
101204,UC San Diego Health Medical Records Office,6220 Greenwich Dr,San Diego,San Diego,CA,92122-5913,1996,Subject to Ordinance,,Office,141214,141214,32.85156,-117.18328
101205,6256 Greenwich Dr,6256 Greenwich Dr,San Diego,San Diego,CA,92122,1990,Subject to Ordinance,,Office,101054,103554,32.85252,-117.18318
101206,6260 Sequence Dr,6260 Sequence Dr,San Diego,San Diego,CA,92121,1994,Not Subject to Ordinance,GFA > 50% lab Manufacturing Industrial,Manufacturing/ Industrial Plant,100000,100000,32.9035,-117.18574
101207,6333 Rancho Mission Rd,6333 Rancho Mission Rd,San Diego,San Diego,CA,92108-2099,2015,Subject to Ordinance,,Residential Care Facility,105767,101361,32.78542,-117.10734
101208,6333 Sequence Dr,6333 Sequence Dr,San Diego,San Diego,CA,92121,2006,Subject to Ordinance,,Office,289788,221000,32.90692,-117.18339
101209,Sam's Club #6235,6336 College Grove Way,San Diego,San Diego,CA,92115,2000,Subject to Ordinance,,Wholesale Club/Supercenter,129485,111595,32.73946,-117.05593
101210,6350 Sequence Dr,6350 Sequence Dr,San Diego,San Diego,CA,92121,1998,Subject to Ordinance,,Distribution Center,132600,132802,32.90827,-117.18581
101211,635-675 Saturn Blvd,635-675 Saturn Blvd,San Diego,San Diego,CA,92154-4732,1983,Subject to Ordinance,,Commercial,113999,113999,32.58479,-117.09024
101213,6420 Sequence Dr,6420 Sequence Dr,San Diego,San Diego,CA,92121,1997,Subject to Ordinance,,Office,121702,109991,32.90939,-117.18191
101214,6450 Sequence Dr,6450 Sequence Dr,San Diego,San Diego,CA,92121,1997,Subject to Ordinance,,Office,212539,211481,32.90924,-117.18076
101215,Costco #0483 SE San Diego,650 Gateway Center Dr,San Diego,San Diego,CA,92102,1999,Subject to Ordinance,,Supermarket/Grocery Store,133708,118500,32.71256,-117.11614
101216,6545 Sequence Dr,6545 Sequence Dr,San Diego,San Diego,CA,92121-4363,2002,Subject to Ordinance,,Commercial,103000,103000,32.90701,-117.17893
101217,6602-6694 Convoy Ct,6602-6694 Convoy Ct,San Diego,San Diego,CA,92111-1009,1974/2002,Subject to Ordinance,,Commercial,100589,100589,32.83487,-117.16652
101218,6625-6629 Miramar Rd,6625-6629 Miramar Rd,San Diego,San Diego,CA,92121-2508,1973,Subject to Ordinance,,Commercial,239626,239626,32.87725,-117.17148
101219,6639 Mira Mesa Blvd,6639 Mira Mesa Blvd,San Diego,San Diego,CA,92121-6307,1990,Subject to Ordinance,,Hotel,85589,130000,32.90595,-117.17482
101220,Top Gun,6650 Top Gun St,San Diego,San Diego,CA,92121,1992,Subject to Ordinance,,Distribution Center,121496,,32.90932,-117.17597
101222,6740-6760 Cobra Way,6740-6760 Cobra Way,San Diego,San Diego,CA,92121-4109,1998,Subject to Ordinance,,Commercial,100749,100749,32.91113,-117.17528
101223,6935 Flanders Dr,6935 Flanders Dr,San Diego,San Diego,CA,92121-2975,2000,Subject to Ordinance,,Non-Refrigerated Warehouse,137466,133500,32.90286,-117.17335
101224,Fashion Valley Mall - JC Penney,6987 Fashion Valley Rd,San Diego,San Diego,CA,92108,1970,Subject to Ordinance,,Commercial,270000,270000,32.76706,-117.16937
101225,6997 Friars Rd,6997 Friars Rd,San Diego,San Diego,CA,92108-1100,1981,Subject to Ordinance,,Retail Store,219585,240000,32.76871,-117.16844
101226,7007 Consolidated Way,7007 Consolidated Way,San Diego,San Diego,CA,92121-2604,1973,Subject to Ordinance,,Commercial,135000,135000,32.87759,-117.16432
101228,The Salvation Army Silvercrest Residence,701 E St,San Diego,San Diego,CA,92101-6204,2022,Subject to Ordinance,,Senior Living Community,122224,122224,32.71449,-117.15788
101752,4750 Home Ave,4750 Home Ave,San Diego,San Diego,CA,92105,1988,Subject to Ordinance,,Multifamily Residence,52491,52491,32.73657,-117.0927
101230,1016 San Diego,7027 Friars Rd,San Diego,San Diego,CA,92108-1129,1981,Subject to Ordinance,,Retail Store,107332,107332,32.76894,-117.16723
101231,7057 Friars Rd,7057 FRIARS RD,San Diego,San Diego,CA,92108,1969/1997,Subject to Ordinance,,Retail Store,219000,225000,32.76867,-117.1644
101232,Bright Event Rentals,7069 Consolidated Way,San Diego,San Diego,CA,92121-2688,1978,Subject to Ordinance,,Commercial,139330,139330,32.87696,-117.16317
101233,707 BRdway,707 BRdway,San Diego,San Diego,CA,92101-5391,1961,Subject to Ordinance,,Office,200343,179220,32.71546,-117.158
101234,7077 Consolidated Way,7077 Consolidated Way,San Diego,San Diego,CA,92121-2633,1980,Subject to Ordinance,,Commercial,157270,157208,32.877,-117.16209
101235,Walmart Store #2150,710 Dennergy Rd,San Diego,San Diego,CA,92154,1995,Subject to Ordinance,,Retail Store,135735,155000,32.58136,-117.0353
101236,7220 Trade St,7220 Trade St,San Diego,San Diego,CA,92121-2324,1986,Subject to Ordinance,,Office,103375,103325,32.88922,-117.16692
101237,7310 Miramar Rd,7310 Miramar Rd,San Diego,San Diego,CA,92126-4221,1992/2008,Subject to Ordinance,,Commercial,133195,133195,32.88283,-117.15591
101238,ICE 2,7350 Britannia Ct,San Diego,San Diego,CA,92154-7430,2009,Subject to Ordinance,,Refrigerated Warehouse,134511,134511,32.54946,-116.983
101239,7365 Mission Gorge Rd,7365 Mission Gorge Rd,San Diego,San Diego,CA,92120-1273,1999,Subject to Ordinance,,Commercial,131876,131876,32.80373,-117.08395
101240,7385 Mission Gorge Rd,7385 Mission Gorge Rd,San Diego,San Diego,CA,92120-1275,1999,Subject to Ordinance,,Distribution Center,113092,113092,32.80521,-117.08074
101241,7411 Goen Pl,7411 Goen Pl,San Diego,San Diego,CA,92120-1269,1999,Subject to Ordinance,,Manufacturing/ Industrial/ Lab,292490,292490,32.80404,-117.08067
102060,Home Garden Apartments,4770 Home Ave,San Diego,San Diego,CA,92105,1989,Subject to Ordinance,,Multifamily Residence,52491,,32.7363,-117.09268
101244,7525 Torrey Santa Fe Rd,7525 Torrey Santa Fe Rd,San Diego,San Diego,CA,92129,2007,Subject to Ordinance,,Office,103979,103979,32.9568,-117.15793
101245,7535 Torrey Santa Fe Rd,7535 Torrey Santa Fe Rd,San Diego,San Diego,CA,92129,2007,Subject to Ordinance,,Office,130243,130243,32.95771,-117.15828
101246,7545 Torrey Santa Fe Rd,7545 Torrey Santa Fe Rd,San Diego,San Diego,CA,92129,2007,Subject to Ordinance,,Office,130354,130354,32.95876,-117.15823
101247,7555 Torrey Santa Fe Rd,7555 Torrey Santa Fe Rd,San Diego,San Diego,CA,92129,2007,Subject to Ordinance,,Office,101236,101236,32.95962,-117.15778
101249,7597 Bristow Ct,7597 Bristow Ct,San Diego,San Diego,CA,92154-7419,1990,Subject to Ordinance,,Industrial Warehouse,120000,120000,32.55096,-116.97658
101250,7603 Saint Andrews Ave,7603 Saint Andrews Ave,San Diego,San Diego,CA,92154,1998,Subject to Ordinance,,Manufacturing,195734,195734,32.56638,-116.97869
101251,7625 Panasonic Way,7625 Panasonic Way,San Diego,San Diego,CA,92154-8204,1995,Subject to Ordinance,,R&D,107000,107000,32.56159,-116.97669
101252,7664 Panasonic Way,7664 Panasonic Way,San Diego,San Diego,CA,92154-8206,1996,Subject to Ordinance,,Manufacturing/ Industrial/ Lab,105000,105000,32.56325,-116.97592
101253,022210 - Hazard Center Office Tower,7676 Hazard Center Dr,San Diego,San Diego,CA,92108,1990,Subject to Ordinance,,Office,284000,268645,32.77139,-117.15696
100128,San Diego Pacific Vu,1901 1st Ave,San Diego,San Diego,CA,92101,1986,Subject to Ordinance,,Mixed Use Property,106196,52000,32.72583,-117.16328
101255,BF1,7757 Saint Andrews Ave,San Diego,San Diego,CA,92154,1998,Subject to Ordinance,,Distribution Center,199359,199359,32.56523,-116.97476
101256,7770 Miramar Rd,7770 Miramar Rd,San Diego,San Diego,CA,92126-4203,1974,Subject to Ordinance,,Warehouse,115540,115540,32.88613,-117.15078
101257,Costco #0578 San Diego BD,7803 OTHELLO AVE,San Diego,San Diego,CA,92111,2010,Subject to Ordinance,,Supermarket/Grocery Store,108394,110720,32.81625,-117.15363
101258,7825 Fay Avenue,7825 Fay Avenue,San Diego,San Diego,CA,92037,1984,Subject to Ordinance,,Office,138339,100798,32.84536,-117.27502
101259,"7825 Trade St CA, LP",7825 Trade St,San Diego,San Diego,CA,92121,1989,Subject to Ordinance,,Distribution Center,140255,140255,32.88813,-117.15254
101260,7835 Trade St,7835 Trade St,San Diego,San Diego,CA,92121-2460,1988,Subject to Ordinance,,Distribution Center,183695,168026,32.88842,-117.15109
101261,7910 Frost St,7910 Frost St,San Diego,San Diego,CA,92123,2006,Subject to Ordinance,,Medical Office,149923,148821,32.80061,-117.15458
101262,7925 Ronson Rd,7925 Ronson Rd,San Diego,San Diego,CA,92111-1910,1987,Subject to Ordinance,,Distribution Center,203960,200000,32.82817,-117.1498
101263,Stromesa CtBuilding,7949 Stromesa Ct,San Diego,San Diego,CA,92126-6338,1980,Subject to Ordinance,,Industrial Warehouse,107604,107564,32.89169,-117.1485
101264,7995 Armour St,7995 Armour St,San Diego,San Diego,CA,92111-3717,1962,Subject to Ordinance,,Non-Refrigerated Warehouse,116000,109350,32.81917,-117.15156
101265,8001 Othello Ave,8001 OTHELLO AVE,San Diego,San Diego,CA,92111,1983,Subject to Ordinance,,Retail Store,110963,101115,32.81645,-117.15141
101266,0779-San Diego - Arjons Dr,8038 Arjons Dr,San Diego,San Diego,CA,92121,2009,Subject to Ordinance,,Self-Storage Facility,122677,148870,32.89481,-117.14599
101268,8110 Aero Dr,8110 Aero Dr,San Diego,San Diego,CA,92123,1987,Subject to Ordinance,,Hotel,192400,192400,32.81062,-117.14913
101269,815 W San Ysidro Blvd,815 W San Ysidro Blvd,San Diego,San Diego,CA,92173-1827,1979/2018,Subject to Ordinance,,Hotel,112708,112708,32.55905,-117.05896
101568,1958 2nd Ave,1958 2nd Ave,San Diego,San Diego,CA,92101,1986,Subject to Ordinance,,Multifamily Residence,54196,54196,32.72566,-117.16325
101272,8251 Mira Mesa Blvd,8251 MIRA MESA Blvd,San Diego,San Diego,CA,92126,1987,Subject to Ordinance,,Retail Store,112689,103564,32.91029,-117.14609
101273,8400 Miramar Rd,8400 Miramar Rd,San Diego,San Diego,CA,92126-4387,1978/2010,Subject to Ordinance,,Showroom,126800,126800,32.89219,-117.14104
101274,8409 Kerns St,8409 Kerns St,San Diego,San Diego,CA,92154,2005,Subject to Ordinance,,Distribution Center,248269,248269,32.54977,-116.96156
101275,Bruce Johnson,8411 SIEMPRE VIVA RD,San Diego,San Diego,CA,92154,2019,Subject to Ordinance,,Manufacturing/ Industrial/ Lab,163000,159631,32.55266,-116.96184
101276,849 Coast Blvd,849 Coast Blvd,La Jolla,San Diego,CA,92037-4293,2000,Subject to Ordinance,,Assisted Living,124907,124907,32.8464,-117.27803
101278,8511 Kerns St,8511 Kerns St,San Diego,San Diego,CA,92154,2005,Subject to Ordinance,,Non-Refrigerated Warehouse,225763,225763,32.54985,-116.95965
101279,8515 Miramar Pl,8515 Miramar Pl,San Diego,San Diego,CA,92121-2529,1982,Subject to Ordinance,,Distribution Center,101760,101760,32.88277,-117.17939
101280,"Kyocera International, Inc.",8611 Balboa Ave,San Diego,San Diego,CA,92123-1501,1960,Not Subject to Ordinance,GFA > 50% lab Manufacturing Industrial,Manufacturing/ Industrial/ Lab,288000,288000,32.82024,-117.1426
101281,8620 Spectrum Center Blvd,8620 Spectrum Center Blvd,San Diego,San Diego,CA,92123,2006,Subject to Ordinance,,Office,293675,279800,32.82727,-117.14196
101283,8651 Spectrum Center Blvd,8651 Spectrum Center Blvd,San Diego,San Diego,CA,92123-1489,1980,Subject to Ordinance,,Hotel,141470,141912,32.82588,-117.14225
101284,IM00994 8661 Kerns St,8661 Kerns St,San Diego,San Diego,CA,92154-6286,2002,Subject to Ordinance,,Non-Refrigerated Warehouse,185796,187625,32.54996,-116.95645
101285,8695 Spectrum Center Ct,8695 Spectrum Center Ct,San Diego,San Diego,CA,92123-1489,2023,Subject to Ordinance,,Office,258303,190421,32.82523,-117.1406
101286,8730 Rio San Diego Dr,8730 Rio San Diego Dr,San Diego,San Diego,CA,92108-5500,1996,Subject to Ordinance,,Retail Store,111395,113395,32.7762,-117.1427
101287,8757 Rio San Diego Dr,8757 Rio San Diego Dr,San Diego,San Diego,CA,92108-1620,1989,Subject to Ordinance,,Hotel,199024,199024,32.77481,-117.13989
101289,SDIC - 8830 Siempre Viva Rd,8830 Siempre Viva Rd,San Diego,San Diego,CA,92154-6272,1999,Subject to Ordinance,,Distribution Center,264679,153035,32.55399,-116.95442
101290,8851 Kerns St,8851 Kerns St,San Diego,San Diego,CA,92154,2005,Subject to Ordinance,,Distribution Center,115290,115290,32.55022,-116.95284
101291,8863 Siempre Viva Rd,8863 Siempre Viva Rd,San Diego,San Diego,CA,92154,2002,Subject to Ordinance,,Distribution Center,112430,112000,32.55252,-116.95266
101292,29191-San Diego / Miramar Rd,8866 Miramar Rd,San Diego,San Diego,CA,92126,2003,Subject to Ordinance,,Self-Storage Facility,101763,116352,32.89423,-117.13512
101293,8870 Liquid Ct,8870 Liquid Ct,San Diego,San Diego,CA,92121-2234,1989,Subject to Ordinance,,Warehouse,181185,181185,32.88454,-117.17352
101294,Rio Vista Tower,"8880 Rio San Diego Dr, STE  310",San Diego,San Diego,CA,92108-1634,1988,Subject to Ordinance,,Office,190261,190261,32.77671,-117.1389
101295,8885 Rio San Diego Dr,8885 Rio San Diego Dr,San Diego,San Diego,CA,92108-1624,1985,Subject to Ordinance,,Office,108550,108550,32.77472,-117.13822
101296,8901 Gilman Dr,8901 Gilman Dr,La Jolla,San Diego,CA,92037-1625,1986,Subject to Ordinance,,Hotel,177698,182902,32.87044,-117.23715
101297,Aventine,8910 University Center Lane,San Diego,San Diego,CA,92122,1988,Subject to Ordinance,,Office,253249,219987,32.87085,-117.22661
101298,8915-8985 Mira Mesa Blvd,8915-8985 Mira Mesa Blvd,San Diego,San Diego,CA,92126-2716,1972/2005,Subject to Ordinance,,Retail,140438,140438,32.91444,-117.1316
101299,WIP-Kerns,8917 Kerns St,San Diego,San Diego,CA,92154,2006,subject to Ordinance,,Distribution Center,104180,104180,32.55022,-116.95087
101300,Rio San Diego Plaza,8954 Rio San Diego Dr,San Diego,San Diego,CA,92108,2001,Subject to Ordinance,,Office,195125,189490,32.77631,-117.13681
101301,8990-8998 Miramar Rd,8990-8998 Miramar Rd,San Diego,San Diego,CA,92126-4433,1985,Subject to Ordinance,,Freestanding Retail,131360,131360,32.89548,-117.13235
101302,900 7th St Ave,900 7th St ,San Diego,San Diego,CA,92101,,Subject to Ordinance,,Student Housing,111750,111750,32.71501,-117.15864
101303,ResMed Corp,9001 Spectrum Center Blvd,San Diego,San Diego,CA,92123-1438,2009,Subject to Ordinance,,Office,230000,230238,32.82565,-117.13405
102459,Simone Little Italy,1401 Union St,San Diego,San Diego,CA,92101,2023,Subject to Ordinance,,Multifamily Residence,612000,612000,,-117.165494
101305,"L3 Technologies, Telemetry & RF Products",9020 Balboa Ave,San Diego,San Diego,CA,92123-1510,1966,Subject to Ordinance,,Manufacturing/ Industrial/ Lab,187000,186000,32.82342,-117.13813
101306,9043 Siempre Viva Rd,9043 Siempre Viva Rd,San Diego,San Diego,CA,92154,2003,Subject to Ordinance,,Distribution Center,258053,257972,32.55163,-116.9505
101307,206 - 9045 Carroll Way,9045 Carroll Way,San Diego,San Diego,CA,92121,1975,Subject to Ordinance,,Bar/Nightclub,115232,106584,32.88807,-117.15811
102467,North Park Seniors,4212 Texas St,San Diego,San Diego,CA,92104,2023,Subject to Ordinance,,Multifamily Residence,612000,60099,,
101311,La Jolla Gateway Two,9171 Towne Centre Dr,San Diego,San Diego,CA,92122,1983,Subject to Ordinance,,Office,200870,170467,32.87205,-117.20629
101312,La Jolla Gateway One,9191 Towne Centre Dr,San Diego,San Diego,CA,92122,1983,Subject to Ordinance,,Office,215487,181317,32.87344,-117.20641
101313,Californa Coast Credit Union,9201 Spectrum Center Blvd,San Diego,San Diego,CA,92123,2003,Not Subject to Ordinance,"GFA ≤ 50,000 sqft",Financial Office,43098,43098,32.826,-117.13246
101314,9255 Customhouse Plz,9255 Customhouse Plz,San Diego,San Diego,CA,92154-7636,1989,Subject to Ordinance,,Non-Refrigerated Warehouse,296602,296602,32.55166,-116.94733
101315,La Jolla Center II,9255 Towne Centre Dr,San Diego,San Diego,CA,92121,1986,Subject to Ordinance,,Office,163312,148278,32.87551,-117.20704
101396,Westin San Diego,400 West BRdway,San Diego,San Diego,CA,92101,1990,Subject to Ordinance,,Hotel,337716,305925,32.71625,-117.16693
101318,9305 Lightwave,9305 Lightwave Ave,San Diego,San Diego,CA,92123-6463,1984,Subject to Ordinance,,Office,166892,166892,32.8278,-117.12978
101319,9326-9356 Spectrum Center Blvd,9326-9356 Spectrum Center Blvd,San Diego,San Diego,CA,92123,2005,Subject to Ordinance,,Office,116375,116375,32.82642,-117.12977
101321,"PR Sorrento Towers South, LLC (S2)",9330 Scranton Rd,San Diego,San Diego,CA,92121,2001,Not Subject to Ordinance,GFA > 50% lab Manufacturing Industrial,Laboratory,157034,154815,32.89147,-117.20303
101322,Mesa View Plaza,9350 Waxie Way,San Diego,San Diego,CA,92123-1015,2003,Subject to Ordinance,,Office,112109,111268,32.84037,-117.12656
101323,CASAS JOLLIFFE PACIFIC RIM LLC,"9355 AIRWAY RD, STE  4",San Diego,San Diego,CA,92154,2001,Subject to Ordinance,,Non-Refrigerated Warehouse,120000,121000,32.55926,-116.94162
101324,Pacific Technology Park I,9389 Waples St,San Diego,San Diego,CA,92121,1989,Subject to Ordinance,,Distribution Center,102211,102211,32.89921,-117.18671
101400,Emerald Plaza,"402 W BRdway, STE  180",San Diego,San Diego,CA,92101-3542,1992,Subject to Ordinance,,Office,375421,393769,32.71625,-117.16693
101126,Margaritaville Hotel San Diego Gaslamp Quarter,435 Sixth Avenue,San Diego,San Diego,CA,92101,2005,Subject to Ordinance,,Hotel,238563,191409,32.70979,-117.15891
101328,9410 Carroll Park,9410 Carroll Park Dr,San Diego,San Diego,CA,92121,1991,Subject to Ordinance,,Office,110041,110041,32.8887,-117.17338
101329,9420 Athena Cir,9420 Athena Cir,La Jolla,San Diego,CA,92037,2007,Not Subject to Ordinance,GFA > 50% lab Manufacturing Industrial,Medical Office,119270,119270,32.87819,-117.22248
101330,9434 Kearny Mesa Rd,9434 Kearny Mesa Rd,San Diego,San Diego,CA,92126-4526,1975,Subject to Ordinance,,Self-Storage Facility,125237,197660,32.89513,-117.11888
101331,9444 Balboa Ave,9444 Balboa Ave,San Diego,San Diego,CA,92123-4447,1988/2015,Subject to Ordinance,,Office,120992,120992,32.82316,-117.127
101332,Building 3 - 9485 Customhouse Plaza,9485 Customhouse Plaza,San Diego,San Diego,CA,92154-7635,1989,Subject to Ordinance,,Non-Refrigerated Warehouse,102904,102520,32.5507,-116.94197
101333,950 Dennery Rd,950 Dennery Rd,San Diego,San Diego,CA,92154-8471,2001,Subject to Ordinance,,Retail Store,107927,131848,32.57635,-117.03732
101334,Handlery Hotel San Diego,950 Hotel Circle N,San Diego,San Diego,CA,92108,1954,Subject to Ordinance,,Hotel,147000,267274,32.76088,-117.17327
101335,PRICE CENTERS TOTAL SF & MAIN METERS,9500 Gilman Dr,La Jolla,San Diego,CA,92037,2011,Subject to Ordinance,,Food Sales,393154,226000,32.87767,-117.23535
101336,9586 Distribution Ave,9586 Distribution Ave,San Diego,San Diego,CA,92121-2312,1977,Subject to Ordinance,,Non-Refrigerated Warehouse,150044,150044,32.882,-117.16382
101337,R6SHER - Sherman 960,960 Sherman St,San Diego,San Diego,CA,92110,2020,Subject to Ordinance,,Retail Store,118007,184000,32.76505,-117.20033
101338,9605 Scranton Rd,9605 Scranton Rd,San Diego,San Diego,CA,92121,1984,Subject to Ordinance,,Office,161247,167542,32.89573,-117.20211
101339,9625 Towne Centre Dr,9625 Towne Centre Dr,San Diego,San Diego,CA,92121,1998,Not Subject to Ordinance,GFA > 50% lab Manufacturing Industrial,R&D,147566,163648,32.88218,-117.20776
101340,SDGE SDTC Bldg 2 - 9645 Scranton Rd,9645 Scranton Rd,San Diego,San Diego,CA,92121,1984,Subject to Ordinance,,Office,150934,159600,32.89526,-117.20116
101341,StoneCrest- 9655,9655 Granite Ridge Dr.,San Diego,San Diego,CA,92123,1990,Subject to Ordinance,,Office,112337,108956,32.80586,-117.11952
101342,StoneCrest- 9665,9665 Granite Ridge Dr.,San Diego,San Diego,CA,92123,2001,Subject to Ordinance,,Office,112337,107020,32.80611,-117.12002
101344,A-1 Self Storage #450,9701 Camino Ruiz,San Diego,San Diego,CA,92126,1999,Subject to Ordinance,,Manufacturing/Industrial Plant,99999,125000,32.89775,-117.13682
101345, Facilities Department,9730 Summers Ridge Rd,San Diego,San Diego,CA,92121,2011,Subject to Ordinance,,Medical Office,101940,102000,32.89327,-117.17038
102598,Amanecer Apartments,2645 Ulric St,San Diego,San Diego,CA,92111,2023,Subject to Ordinance,,Multifamily Housing,178449,,32.9985882,
101347,9805 Scranton Rd,9805 Scranton Rd,San Diego,San Diego,CA,92121,1986,Subject to Ordinance,,Office,103745,111084,32.8982,-117.20223
101349,Scripps Memorial Ximed Medical Center L,9850 Genesee Ave,La Jolla,San Diego,CA,92037,1992,Subject to Ordinance,,Ambulatory Surgical Center,204000,204000,32.88297,-117.22611
101350,9867-10025 Carmel Mountain Rd,9867-10025 Carmel Mountain Rd,San Diego,San Diego,CA,92129-2811,1980,Subject to Ordinance,,Retail,112281,112281,32.96,-117.11462
102466,StorAmerica – San Diego Metro,4455 Federal Blvd,San Diego,San Diego,CA,92102,1987,Subject to Ordinance,,Self-Storage,117064,117064,32.7621975,
101352,BMR-9875 Towne Centre LP-BLDG B,9875 Towne Centre Dr,San Diego,San Diego,CA,92121,2001,Subject to Ordinance,,Laboratory,58620,113061,32.88639,-117.21596
101353,9880-9888 Mira Mesa Blvd,9880-9888 Mira Mesa Blvd,San Diego,San Diego,CA,92131,1988/2004,Subject to Ordinance,,Hotel,123000,123000,32.91773,-117.114
101354,Scripps La Jolla - AMP Building,9898 GENESEE AVE,La Jolla,San Diego,CA,92037,2016,Subject to Ordinance,,Medical Office,443646,154000,32.88517,-117.2258
101355,9920 Pacific Heights Blvd.,9920 Pacific Heights Blvd.,San Diego,San Diego,CA,92121,1988,Subject to Ordinance,,Office,125220,120986,32.90001,-117.19036
101356,Bahia Resort Hotel,998 W Mission Bay Dr,San Diego,San Diego,CA,92109,1953,Subject to Ordinance,,Hotel,187665,258524,32.77222,-117.24882
101357,9990 Alesmith Ct,9990 Alesmith Ct,San Diego,San Diego,CA,92126-4200,1973,Subject to Ordinance,,Manufacturing/ Industrial/ Lab,105000,105636,32.88824,-117.14985
101358,Eastgate Distribution Center,9999 Olson Dr,San Diego,San Diego,CA,92121-2837,1996,Subject to Ordinance,,Non-Refrigerated Warehouse,200000,200000,32.88682,-117.19571
102578,StorAmerica San Diego Metro,4455 Federal Blvd.,San Diego,San Diego,CA ,92102,1986,Subject to Ordinance,,Self-Storage Facility,102636,,32.90663826,
101729,4328 Mayberry St,4328 Mayberry St,San Diego,San Diego,CA,92113-3461,1984,Subject to Ordinance,,Multifamily Residence,65590,65590,32.69213,-117.10046
101361,Qualcomm Pac Center,10001 Pacific Heights Blvd.,San Diego,San Diego,CA,92121,2014,Subject to Ordinance,,Office,957462,410000,32.90137,-117.19206
101362,10020 Pacific Mesa Blvd,10020 Pacific Mesa Blvd,San Diego,San Diego,CA,92121,2005,Subject to Ordinance,,Office,318000,318000,32.89939,-117.19318
101363,101 Ash,101 Ash St,San Diego,San Diego,CA,92101-3017,1967,Subject to Ordinance,,Office,329939,314545,32.71931,-117.16342
101364,101 West BRdway (SBC),101 W BRdway,San Diego,San Diego,CA,92101,1983,Subject to Ordinance,,Office,443646,,32.71514,-117.16426
101365,10290 Campus Point Dr,10290 Campus Point Dr,San Diego,San Diego,CA,92121-1522,1985,Subject to Ordinance,,Laboratory,277592,304326,32.89088,-117.22324
101366,10300 Campus Point Dr,10300 Campus Point Dr,San Diego,San Diego,CA,92121-1504,1980,Subject to Ordinance,,Laboratory,449759,450438,32.89321,-117.22339
101368,10950 N Torrey Pines Rd,10950 N Torrey Pines Rd,La Jolla,San Diego,CA,92037,2008,Subject to Ordinance,,Hotel,358000,360000,32.90206,-117.24413
101369,One Ten Plaza,110 West A St,San Diego,San Diego,CA,92101,1972,Subject to Ordinance,,Office,343680,307374,32.71936,-117.1643
101371,San Diego Convention Center,111 W Harbor Dr,San Diego,San Diego,CA,92101-7822,1989,Subject to Ordinance,,Convention Center,1763876,1763876,32.70797,-117.16426
101373,120-570 Horton Plz,120-570 Horton Plz,San Diego,San Diego,CA,92101-6144,1985/1998,Subject to Ordinance,,Retail,741241,741241,32.71374,-117.16345
101374,1348 47th St,1348 47th St,San Diego,San Diego,CA,92102-2510,2022,Subject to Ordinance,,Distribution Center,262177,350000,32.71983,-117.09543
101375,1355 N Harbor Dr,1355 N. Harbor Dr,San Diego,San Diego,CA,92101,1965,Subject to Ordinance,,Hotel,436048,1197079,32.71934,-117.17157
101376,1380 Harbor Island Dr,1380 Harbor Island Dr,San Diego,San Diego,CA,92101-1007,1972/2024,Subject to Ordinance,,Hotel,390139,390139,32.72712,-117.19791
102192,Mayberry Townhomes: Mayberry Townhomes,4418 Mayberry St,San Diego,San Diego,CA,92113,1984,Subject to Ordinance,,Multifamily Residence,63840,,32.69209,-117.0998
101378,16535 Via Esprillo,16535 Via Esprillo,San Diego,San Diego,CA,92127,2009,Subject to Ordinance,,Office,492433,450000,33.01476,-117.0913
101380,1702 N Camino Del Rio Riv,1702 N Camino Del Rio Riv,San Diego,San Diego,CA,92108,1961,Subject to Ordinance,,Department Store,363000,363000,32.91,-117.24416
101381,San Diego Mission Bay Resort,1775 E Mission Bay Dr,San Diego,San Diego,CA,92109-6801,1962,Subject to Ordinance,,Hotel,262197,344619,32.77853,-117.20938
101382,Casa de las Campana,18655 W Bernardo Dr,San Diego,San Diego,CA,92127,1988,Subject to Ordinance,,Assisted Living,471120,471120,33.05146,-117.07462
101383,MOS01547 - 2020 Piper Ranch,2020 Piper Ranch Rd,San Diego,San Diego,CA,92154,2003,Subject to Ordinance,,Non-Refrigerated Warehouse,601104,601417,32.56204,-116.95601
101384,225 BRdway (NBC),225 BRdway,San Diego,San Diego,CA,92101,1973,Subject to Ordinance,,Office,368767,,32.71548,-117.16254
101385,3250 Barnett Ave,3250 Barnett Ave,San Diego,San Diego,CA,92110,2023,Subject to Ordinance,,Multifamily Residence,325752,373000,32.74615,-117.20155
101386,2798 Harbor Dr,2798 Harbor Dr,San Diego,San Diego,CA,92113-3650,1945,Subject to Ordinance,,Shipyard,500000,500000,32.69021,-117.13768
101387,289 6th Ave,289 6th Ave,San Diego,San Diego,CA,92101,2004,Subject to Ordinance,,Parking,402759,402759,32.70797,-117.15892
101388,"09SB7-The US Grant, San Diego",326 BRdway,San Diego,San Diego,CA,92101,2000,Subject to Ordinance,,Hotel,335810,335000,32.71607,-117.16153
101391,337j8-San Diego Marina Marriott,333 West Harbor Dr,San Diego,San Diego,CA,92101,1987,Subject to Ordinance,,Hotel,1412419,1052000,32.70868,-117.16614
102207,BONITA VIEW - R.A Snyder,6737-6747 Doriana St.,San Diego,San Diego,CA,92139,1978,Not Subject to Ordinance,"GFA ≤ 50,000 sqft",Multifamily Residence,25400,,32.68429,-117.04838
101394,DWF V DiamondView Tower LLC.,350 Tenth Ave.,San Diego,San Diego,CA,92101,2007,Subject to Ordinance,,Office,324984,313103,32.70893,-117.15602
101395,3777 La Jolla Village Dr,3777 La Jolla Village Dr,San Diego,San Diego,CA,92122-1080,1989,Subject to Ordinance,,Hotel,341311,304744,32.87074,-117.22526
102209,PACIFIC VIEW - R.A Snyder,6767 Doriana St,San Diego,San Diego,CA,92139,1985,Subject to Ordinance,,Multifamily Residence,53600,,32.68429,-117.04838
101397,4000 Ruffin Rd,4000 Ruffin Rd,San Diego,San Diego,CA,92123-1878,1980,Subject to Ordinance,,Other,151346,,32.81499,-117.1236
101398,Wells Fargo Plaza,401 B St,San Diego,San Diego,CA,92101,1984,Subject to Ordinance,,Office,521502,,32.7174,-117.16063
101399,1 Columbia Place,401 West A St,San Diego,San Diego,CA,92101-7901,1982,Subject to Ordinance,,Office,645026,556749,32.71829,-117.16694
101402,4200-4242 Ruffin Rd,4200-4242 Ruffin Rd,San Diego,San Diego,CA,92123-1822,1971,Subject to Ordinance,,Manufacturing,391202,391202,32.81721,-117.12846
101404,Pacifica Tower,4365 Executive Dr,San Diego,San Diego,CA,92121,1990,Subject to Ordinance,,Office,338226,,32.87465,-117.21183
101405,Embassy Suites by Hilton San Diego La Jolla (SANLJ),4550 La Jolla Village Dr,San Diego,San Diego,CA,92122,1987,Subject to Ordinance,,Hotel,269067,345732,32.87456,-117.2081
102088,"Village Apartments, 2302-2392 Servando Ave",2314 Servando Avenue,San Diego,San Diego,CA,92154,1984,Subject to Ordinance,,Multifamily Residence,114816,,32.55739,-117.0632
101407,Kaiser Permanente Zion Medical Center,4647 Zion Ave.,San Diego,San Diego,CA,92120,1973,Subject to Ordinance,,Hospital (General Medical & Surgical),651043,476175,32.79126,-117.09524
101653,Villa Nueva Apartments,3604 Beyer Blvd,San Ysidro,San Diego,CA,92173,1969,Subject to Ordinance,,Multifamily Residence,477024,364200,32.57399,-117.05674
101409,One La Jolla Center,4655 Executive Dr,San Diego,San Diego,CA,92121,2015,Subject to Ordinance,,Office,365409,,32.87638,-117.20612
101410,La Jolla Commons II,4707 Executive Dr,San Diego,San Diego,CA,92121,2014,Subject to Ordinance,,Office,392471,414575,32.87621,-117.20499
101411,La Jolla Commons I,4747 Executive Dr,San Diego,San Diego,CA,92121,2009,Subject to Ordinance,,Office,321591,302262,32.87513,-117.2039
101412,Sempra Energy Headquarters,488 8th Ave,San Diego,San Diego,CA,92101-7123,2015,Subject to Ordinance,,Office,330399,320000,32.71008,-117.15765
101413,Town and Country Resort,500 Hotel Cir N,San Diego,San Diego,CA,92108-3005,1953,Subject to Ordinance,,Land,787584,787584,32.76257,-117.16883
101414,501 W BRdway,501 W BRdway,San Diego,San Diego,CA,92101-3536,2000,Subject to Ordinance,,Office,412271,395359,32.71517,-117.16797
101665,3774 Beyer Blvd,3774 Beyer Blvd,San Ysidro,San Diego,CA,92173-1952,2011,Subject to Ordinance,,Multifamily Residence,89725,89725,32.56097,-117.0524
101416,Procopio Tower at 525 B St,"525 B St, STE  220",San Diego,San Diego,CA,92101,1969,Subject to Ordinance,,Office,439756,454882,32.71756,-117.15988
101417,550 W C St,550 West C St,San Diego,San Diego,CA,92101,1989,Subject to Ordinance,,Office,357477,357477,32.71708,-117.15972
100516,OVCC - 1425 Corporate Center Dr,1425 Corporate Center Dr,San Diego,San Diego,CA,92154,2005,Subject to Ordinance,,Distribution Center,86069,86069,32.57236,-117.0038
101420,600 B St San Diego Owner LLC,600 B St,San Diego,San Diego,CA,92101-4520,1974,Subject to Ordinance,,Office,365851,359278,32.7182,-117.15882
101421,One America Plaza,600 W BRdway,San Diego,San Diego,CA,92101,1991,Subject to Ordinance,,Office,653363,,32.71671,-117.16863
101422,A0000026 - EMBASSY_SD_BEARCATS,601 Pacific Hwy,San Diego,San Diego,CA,92101,1988,Subject to Ordinance,,Hotel,241479,316563,32.71202,-117.17048
101423,Qualcomm Q & R,6455 Lusk Blvd,San Diego,San Diego,CA,92121,1995,Not Subject to Ordinance,GFA > 50% lab Manufacturing Industrial,Manufacturing,809963,325000,32.90293,-117.20276
101424,655 West BRdway,"655 West BRdway, STE  1460",San Diego,San Diego,CA,92101,2005,Subject to Ordinance,,Office,428426,406552,32.7154,-117.16856
101425,660 K St,660 K St,San Diego,San Diego,CA,92101-7036,1985,Subject to Ordinance,,Hotel,315500,421470,32.70858,-117.15874
101426,Omni San Diego,675 L St,San Diego,San Diego,CA,92101-7022,2004,Subject to Ordinance,,Hotel,600728,664048,32.7069,-117.1587
101427,7007 Friars Rd,7007 Friars Rd,San Diego,San Diego,CA,92108-1148,2000,Subject to Ordinance,,Enclosed Mall,795944,601146,32.76934,-117.16812
101428,701 B St,701 B St,San Diego,San Diego,CA,92101-8101,1982,Subject to Ordinance,,Office,565294,565294,32.7175,-117.15789
100518,OVCC -1440 Innovative Dr.,1440 Innovative Dr,San Diego,San Diego,CA,92154,2005,Subject to Ordinance,,Distribution Center,98779,98779,32.5718,-117.00184
101430,AT&T Building M2288,7337 Trade St,San Diego,San Diego,CA,92121-2423,1983,Subject to Ordinance,,Office,499402,499402,32.88814,-117.16434
101431,DoubleTree by Hilton San Diego-Mission Valley (SDGO),7450 Hazard Center Dr,San Diego,San Diego,CA,92108,1990,Subject to Ordinance,,Hotel,300000,573760,32.76983,-117.16033
101432,Symphony Tower,750 B St,San Diego,San Diego,CA,92101,1989,Subject to Ordinance,,Office,589003,,32.71808,-117.15789
101433,8515 Costa Verde Blvd,8515 Costa Verde Blvd,San Diego,San Diego,CA,92122-1130,1996,Subject to Ordinance,,Assisted Living,523838,523838,32.8681,-117.21599
101434,La Jolla Village Square,"8657 Villa La Jolla Dr, STE  123",La Jolla,San Diego,CA,92037,2000,Subject to Ordinance,,Lifestyle Center,51547,401145,32.86506,-117.23195
101435,880-940 Front St,880-940 Front St,San Diego,San Diego,CA,92101,1976,Subject to Ordinance,,Specialty,895249,895249,32.71425,-117.16497
101436,900 Bayfront Ct,900 Bayfront Ct,San Diego,San Diego,CA,92101,2016,Subject to Ordinance,,Hotel,600000,600000,32.7171,-117.1718
101437,19A32-San Diego Downtown SHS & Res Inn,901 Bayfront Ct,San Diego,San Diego,CA,92101,2016,Subject to Ordinance,,Hotel,281216,449321,32.71709,-117.17184
101438,901 Camino Del Rio S,901 Camino Del Rio S,San Diego,San Diego,CA,92108,1988,Subject to Ordinance,,Hotel,75000,427168,32.76368,-117.15635
101439,84S2O - Westin San Diego Gaslamp,910 BRdway Circle,San Diego,San Diego,CA,92101,1987,Subject to Ordinance,,Hotel,358431,327405,32.71446,-117.16333
101442,Scripps Memorial Hospital,9888 Genesee Ave,La Jolla,San Diego,CA,92037,1964,Subject to Ordinance,,Hospital (General Medical & Surgical),415778,415778,32.88497,-117.22388
100715,OVCC - 6020 Progressive Ave,6020 Progressive Ave,San Diego,San Diego,CA,92154,2004,Subject to Ordinance,,Distribution Center,89418,89418,32.57162,-117.00394
101445,SV Motorsport,11211 Sorrento Valley Rd,San Diego,San Diego,CA,92121,1977,Subject to Ordinance,,Mixed Use Property,54720,54720,32.90719,-117.22744
101446,Hyatt Regency Mission Bay,1441 Quivira Rd,San Diego,San Diego,CA,92109,1972,Subject to Ordinance,,Hotel,381325,381887,32.7649,-117.24044
101447,A-1 Self Storage #415,845 Hollister St,San Diego,San Diego,CA,92154,1984,Subject to Ordinance,,Manufacturing/Industrial Plant,96056,64468,32.58065,-117.08362
101448,A-1 Self Storage #573,2245 Hotel Cir S,San Diego,San Diego,CA,92108,2007,Subject to Ordinance,,Self-Storage Facility,138850,108412,32.75884,-117.18386
100066,1222 Innovative Dr,1222 Innovative Dr,San Diego,San Diego,CA,92154,2007,Subject to Ordinance,,Commercial,62874,62874,32.57428,-117.00182
101450,67575-San Diego / Federal Blvd,5950 Federal Blvd,San Diego,San Diego,CA,92114,1985,Subject to Ordinance,,Self-Storage Facility,51265,69100,32.72756,-117.06856
101451,1855 Dornoch Ct.,1855 Dornoch Ct,San Diego,San Diego,CA,92154,1988,Subject to Ordinance,,Distribution Center,210130,216249,32.56492,-116.93739
101453,Tower 180,180 BRdway,San Diego,San Diego,CA,92101,2020,Subject to Ordinance,,Office,387627,387627,32.71595,-117.16438
101454,3202-3298 Greyling Dr,3202 Greyling Dr,San Diego,San Diego,CA,92123,1957,Subject to Ordinance,,Strip Mall,56394,55863,32.80249,-117.14001
101456,B. St. Cruise Ship Terminal,1140 N Harbor Dr,San Diego,San Diego,CA ,92101-3365,1970,Subject to Ordinance,,Transportation Terminal/Station,147171,,32.7175434,-117.1743805
101457,3165 Pacific Highway,3165 Pacific Hwy,San Diego,San Diego,CA,92101,1960,Subject to Ordinance,,Office,165000,,32.73495,-117.17651
101458,1150 Terminal St,1150 Terminal St,San Diego,San Diego,CA,92101,1964,Not Subject to Ordinance,GFA > 50% lab Manufacturing Industrial,Non-Refrigerated Warehouse,385331,2556724,32.69848,-117.15476
100072,1225 Exposition Way,"1225 Exposition Way,Bldg D",San Diego,San Diego,CA,92154,2007,Subject to Ordinance,,Commercial,55948,55948,32.57425,-117.00281
100337,Empire Centre,"7880 Airway Rd, Bldg B",San Diego,San Diego,CA,92154,1999,Not Subject to Ordinance,GFA > 50% lab Manufacturing Industrial,Manufacturing/ Industrial/ Lab,57751,57751,32.56115,-116.97009
101461,290 Cedar St,290 Cedar St,San Diego,San Diego,CA,92101,1915,Not Subject to Ordinance,"GFA ≤ 50,000 sqft",Office,44308,44308,32.72225,-117.16235
101462,350 Cedar St,350 Cedar St,San Diego,San Diego,CA,92101,1915,Not Subject to Ordinance,"GFA ≤ 50,000 sqft",Office,47750,47750,32.72221,-117.16159
101463,BMR-CNT 9310 Athena Circle,9310 Athena Circle,La Jolla,San Diego,CA,92037,2018,Subject to Ordinance,,Laboratory,137568,105358,32.87724,-117.21974
100771,Empire Centre A,7920 Airway Rd- Bldg A,San Diego,San Diego,CA,92154-8311,1999,Subject to Ordinance,,Non-Refrigerated Warehouse,64942,67906,32.56195,-116.96994
101465,Park 12-Greystar (Tower),"100 Park Plaza, Park 12-Greystar (Tower)",San Diego,San Diego,CA,92101,2018,Subject to Ordinance,,Multifamily Residence,470335,652900,32.70648,-117.15634
101466,CA095_Eaves Rancho Penasquitos,10024 Paseo Montril,San Diego,San Diego,CA,92129,1986,Subject to Ordinance,,Multifamily Residence,209389,191256,32.95228,-117.10864
101467,Club River Run Apartment Homes,10041 Rio San Diego Dr,San Diego,San Diego,CA,92108-5632,1988,Subject to Ordinance,,Multifamily Residence,296080,296080,32.77691,-117.13224
101468,BRdway Lofts,1007 5th Ave,San Diego,San Diego,CA,92101,2016,Subject to Ordinance,,Multifamily Residence,108065,75436,32.71595,-117.15987
101469,10210 San Diego Mission Rd,10210 San Diego Mission Rd,San Diego,San Diego,CA,92108,1995,Subject to Ordinance,,Multifamily Residence,62728,62728,32.78627,-117.11276
101470,10343 San Diego Mission Rd,10343 San Diego Mission Rd,San Diego,San Diego,CA,92108-2172,1980,Subject to Ordinance,,Multifamily Residence,363543,308912,32.78542,-117.11246
101471,El Pedregal Apartments,"104 Averil Rd, Bldg 104",San Ysidro,San Diego,CA,92173-4536,2010,Subject to Ordinance,,Multifamily Residence,58000,58000,32.55714,-117.05399
101473,1045 San Ysidro Blvd,1045 San Ysidro Blvd,San Diego,San Diego,CA,92173,1988,Subject to Ordinance,,Multifamily Residence,72400,72400,32.56064,-117.06358
101474,Ten Fifty B Apts.,1050 B St,San Diego,San Diego,CA,92101,2010,Subject to Ordinance,,Multifamily Residence,184418,256490,32.71807,-117.15517
101475,Ocean Air  Apartments,10500 Sea Pearl Cove,San Diego,San Diego,CA,92130-4677,2014,Subject to Ordinance,,Multifamily Residence,157670,134013,32.91105,-117.2227
101476,10625 Calle Mar De Mariposa,10625 Calle Mar De Mariposa,San Diego,San Diego,CA,92130,2014,Subject to Ordinance,,Multifamily Residence,384872,384872,32.91342,-117.22708
101477,10752 Scripps Ranch Blvd,10752 Scripps Ranch Blvd,San Diego,San Diego,CA,92131-6001,2002,Subject to Ordinance,,Multifamily Residence,207052,207052,32.91505,-117.11166
101478,Ascent at Campus of Life,9889 Graduate Drway,San Diego,San Diego,CA,92131,2018,Subject to Ordinance,,Multifamily Residence,266361,266361,32.9024,-117.08691
101479,Canyon Rim (11130),10845 Via Los Narcisos,San Diego,San Diego,CA,92129,1970,Subject to Ordinance,,Multifamily Residence,472580,617632,32.97245,-117.09512
101480,10878 Poblado Rd,10878 Poblado Rd,San Diego,San Diego,CA,92127,1989/2008,Subject to Ordinance,,Multifamily Residence,551768,551768,33.0327,-117.08833
101481,10940 Scripps Ranch Blvd,10940 Scripps Ranch Blvd,San Diego,San Diego,CA,92131,1983,Subject to Ordinance,,Multifamily Residence,64280,64280,32.91801,-117.11242
101482,Casoleil Apartments,1100 Dennery Rd,San Diego,San Diego,CA,92154,2002,Subject to Ordinance,,Multifamily Residence,340574,347101,32.57461,-117.03656
101483,SAN DIEGO (603),1335 Cesar E Chavez Pky,San Diego,San Diego,CA,92113,1970,Subject to Ordinance,,Wholesale Club/Supercenter,72000,105000,32.69997,-117.14492
101484,11012 Camino Playa Carmel,11012 Camino Playa Carmel,San Diego,San Diego,CA,92124,1990,Subject to Ordinance,,Multifamily Residence,414968,414968,32.83805,-117.0899
101485,11026 W Ocean Air Dr,11026 W Ocean Air Dr,San Diego,San Diego,CA,92130-4672,2000,Subject to Ordinance,,Multifamily Residence,651378,651378,32.91606,-117.22708
101486,11035 Via Livorno,11035 Via Livorno,San Diego,San Diego,CA,92129,2010,Subject to Ordinance,,Multifamily Residence,457424,470000,32.97582,-117.09199
101487,1110 F St,1110 F St,San Diego,San Diego,CA,92101-6609,2019,Subject to Ordinance,,Multifamily Residence,88000,88000,32.71388,-117.15437
101488,11100 Vista Sorrento Pkwy,11100 Vista Sorrento Pkwy,San Diego,San Diego,CA,92130,2002,Subject to Ordinance,,Multifamily Residence,943000,943000,32.91752,-117.23052
101489,11203 Paseo Montanoso,11203 Paseo Montanoso,San Diego,San Diego,CA,92127,1989,Subject to Ordinance,,Multifamily Residence,303408,346346,32.99799,-117.08608
101490,1148 Beyer Blvd,1148 Beyer Blvd,San Diego,San Diego,CA,92154,1982,Subject to Ordinance,,Multifamily Residence,82276,114675,32.57494,-117.06544
101491,1150 Tesoro Grove Way,1150 Tesoro Grove Way,San Diego,San Diego,CA,92154-3111,2003,Subject to Ordinance,,Multifamily Residence,90647,83390,32.57434,-117.08163
101492,11505 Windcrest Ln,11505 Windcrest Ln,San Diego,San Diego,CA,92128,1989,Subject to Ordinance,,Multifamily Residence,285373,283426,32.97553,-117.0831
101493,Coronado Terrace Apartments - Total,1151 25th St.,San Diego,San Diego,CA,92154,1975,Subject to Ordinance,,Multifamily Residence,270800,298600,32.57486,-117.07655
101494,CARMEL TERRACE - 29106,11540 WINDCREST LANE,San Diego,San Diego,CA,92128,1988,Subject to Ordinance,,Multifamily Residence,314814,298520,32.97916,-117.07874
101495,Otay Park-GK Mgt,1170 30th St,San Diego,San Diego,CA,92154,1981,Subject to Ordinance,,Multifamily Residence,72723,86532,32.57504,-117.07008
101497,11795 Stoney Peak Dr,11795 Stoney Peak Dr,San Diego,San Diego,CA,92128-4211,1989,Subject to Ordinance,,Multifamily Residence,229397,225880,32.97928,-117.07737
101498,11803-11811 Bernardo Ter,11803-11811 Bernardo Ter,San Diego,San Diego,CA,92128-1903,1979,Subject to Ordinance,,Multifamily Residence,85848,85848,33.02709,-117.07705
101499,11820 Paseo Lucido,11820 Paseo Lucido,San Diego,San Diego,CA,92128,1988,Subject to Ordinance,,Multifamily Residence,207752,205548,33.01354,-117.07498
101500,Jefferson @ Carmel Mtn Ranch,11832 Stoney Peak Dr.,San Diego,San Diego,CA,92128,1998,Subject to Ordinance,,Multifamily Residence,346881,246252,33.02706,-117.07686
101501,1190 W San Ysidro Blvd,1190 W San Ysidro Blvd,San Diego,San Diego,CA,92173-1193,1985,Subject to Ordinance,,Multifamily Residence,138630,138630,32.56257,-117.06742
101502,11921 Carmel Creek Rd,11921 Carmel Creek Rd,San Diego,San Diego,CA,92130-2477,2017,Subject to Ordinance,,Multifamily Residence,242871,50000,32.93504,-117.22519
101503,McClintock Warehouse Lofts,1202 Kettner Blvd,San Diego,San Diego,CA,92101-3338,1925,Subject to Ordinance,,Multifamily Residence,61000,61000,32.71831,-117.16949
101504,Island Village,1245 MARKET St,San Diego,San Diego,CA,92101-7337,2001,Subject to Ordinance,,Multifamily Residence,109531,77450,32.7113,-117.1533
101505,Del Mar Ridge - 29189,12629 El Camino Real,San Diego,San Diego,CA,92130,1998,Subject to Ordinance,,Multifamily Residence,271245,313544,32.94722,-117.2365
101506,12646 Torrey Bluff Dr,12646 Torrey Bluff Dr,San Diego,San Diego,CA,92130-4301,1986,Subject to Ordinance,,Multifamily Residence,330640,326840,32.95311,-117.22713
101507,Windwood Village Apartments,12730 Briarcrest Pl,San Diego,San Diego,CA,92130-5701,2003,Subject to Ordinance,,Multifamily Residence,89940,91879,32.95115,-117.20104
101508,12760 Rancho Penasquitos Blvd,12760 Rancho Penasquitos Blvd,San Diego,San Diego,CA,92129,1985,Subject to Ordinance,,Multifamily Residence,136012,136012,32.94789,-117.10749
101509,Vantage Pointe - 29257,1281 9th Avenue,San Diego,San Diego,CA,92101,2000,Subject to Ordinance,,Multifamily Residence,729066,729066,32.71848,-117.15628
101510,130 W Calle Primera,130 W Calle Primera,San Diego,San Diego,CA,92173,1987,Subject to Ordinance,,Multifamily Residence,132664,112288,32.55104,-117.04652
101511,Signature Point,13006 Signature Point,San Diego,San Diego,CA,92130,2001,Subject to Ordinance,,Multifamily Residence,313113,310685,32.95466,-117.2322
101512,1301 5th Ave,1301 5th Ave,San Diego,San Diego,CA,92101-4253,1913,Subject to Ordinance,,Multifamily Residence,100784,81957,32.74026,-117.16007
101513,13030 Rancho Penasquitos Blvd,13030 Rancho Penasquitos Blvd,San Diego,San Diego,CA,92129,1992,Not Subject to Ordinance,"GFA ≤ 50,000 sqft",Multifamily Residence,39560,39560,32.95448,-117.10904
101514,The Village at Del Mar Heights - 29855,13138 Kellam Ct.,San Diego,San Diego,CA,92130,1986,Subject to Ordinance,,Multifamily Residence,158604,156800,32.95681,-117.23344
101515,1330 Market St,1330 Market St,San Diego,San Diego,CA,92101-7631,2013,Subject to Ordinance,,Multifamily Residence,294753,270000,32.71177,-117.15245
101516,Torrey Highlands (tr87),13370 Torrey Meadows Dr,San Diego,San Diego,CA,92129,2002,Subject to Ordinance,,Multifamily Residence,76470,105252,32.96323,-117.1521
101517,Sola,13385 Highlands Pl,San Diego,San Diego,CA,92130,2018,Subject to Ordinance,,Multifamily Residence,236966,384492,32.96122,-117.18942
101518,1343 Market St,1343 Market St,San Diego,San Diego,CA,92101-7313,2015,Subject to Ordinance,,Multifamily Residence,185000,185000,32.71126,-117.15213
101520,1379 27th St,1379 27th St,San Diego,San Diego,CA,92154-3273,1985,Subject to Ordinance,,Multifamily Residence,67850,67850,32.5714,-117.07441
101521,13863 Carmel Valley Rd,13863 Carmel Valley Rd,San Diego,San Diego,CA,92130-5636,2000,Subject to Ordinance,,Multifamily Residence,157476,157476,32.97005,-117.15948
101522,1394 Oro Vista Rd,1394 Oro Vista Rd,San Diego,San Diego,CA,92154,1990,Subject to Ordinance,,Multifamily Residence,136520,136520,32.5714,-117.07991
101523,CA060_AVA Cortez Hill,1399 Ninth Avenue,San Diego,San Diego,CA,92101,1997,Subject to Ordinance,,Multifamily Residence,236645,238315,32.71925,-117.15609
102481,Runway Distribution Cente- Building I ,"9040 Airway Rd, BLDG I, STE  100, STE  200",San Diego ,San Diego ,CA ,92154,2023,Subject to Ordinance,,Distribution,140092,140092,32.7549189,
101525,Vista del Puente: Vista del Puente,1436 South 40th St,San Diego,San Diego,CA,92113,2018,Subject to Ordinance,,Multifamily Residence,54438,60000,32.69116,-117.10838
101526,1437 J St,1437 J St,San Diego,San Diego,CA,92101,2006,Subject to Ordinance,,Multifamily Residence,111804,111804,32.70919,-117.15121
101527,Luma-LMC,1440 Columbia St,San Diego,San Diego,CA,92101-3408,2018,Subject to Ordinance,,Multifamily Residence,234000,274462,32.72036,-117.16766
101528,Presidio View,1440 Hotel Circle North,San Diego,San Diego,CA,92108,2006,Subject to Ordinance,,Multifamily Residence,325000,522576,32.76043,-117.17558
101529,1443 45th St,1443 45th St,San Diego,San Diego,CA,92113,2003,Subject to Ordinance,,Multifamily Residence,70012,70012,32.69178,-117.09787
101530,Form 15 - Essex,1450 Market St,San Diego,San Diego,CA,92101,2015,Subject to Ordinance,,Multifamily Residence,224698,184190,32.71176,-117.15113
101531,"Atmosphere (ph97, tm024, ph96)",1453 4th Ave,San Diego,San Diego,CA,92101-3105,2017,Subject to Ordinance,,Multifamily Residence,488812,196664,32.72061,-117.16083
101533,Luther Tower,1455 2nd Ave,San Diego,San Diego,CA,92101,1964,Subject to Ordinance,,Multifamily Residence,122640,99999,32.72054,-117.16265
101534,Allegro Towers,1455 Kettner Blvd,San Diego,San Diego,CA,92101,2005,Subject to Ordinance,,Multifamily Residence,380271,183158,32.7204,-117.1689
101535,The Heritage,1471 8th Avenue,San Diego,San Diego,CA,92101,2002,Subject to Ordinance,,Multifamily Residence,233759,213058,32.72076,-117.15716
101536,Studio 15,1475 Imperial Ave,San Diego,San Diego,CA,92101,2009,Not Subject to Ordinance,"GFA ≤ 50,000 sqft",Multifamily Residence,27272,233750,32.70595,-117.15079
101537,1475 Island Ave,1475 Island Ave,San Diego,San Diego,CA,92101,2019,Subject to Ordinance,,Multifamily Residence,500000,500000,32.71023,-117.15098
101538,Shift-LMC,1501 Island Ave,San Diego,San Diego,CA,92101,2018,Subject to Ordinance,,Multifamily Residence,366790,359058,32.71022,-117.15008
101540,Cathedral Plaza,1551 3rd Ave,San Diego,San Diego,CA,92101,1975,Subject to Ordinance,,Multifamily Residence,160352,160352,32.72158,-117.16175
102482,Runway Distribution Center- Building II,"9050 Airway Rd, BLDG II, STE  100",San Diego ,San Diego ,CA ,92154,2023,Subject to Ordinance,,Distribution,59905,59905,,
101542,Current,1551 Union St,San Diego,San Diego,CA,92101,2007,Subject to Ordinance,,Multifamily Residence,166859,180092,32.72162,-117.16532
101543,The Clubhouse,1555 Satellite Blvd,San Diego,San Diego,CA,92154,1974,Subject to Ordinance,,Multifamily Residence,87514,80200,32.5685,-117.10047
101544,1560 Coronado Ave,1560 Coronado Ave,San Diego,San Diego,CA,92154-1929,1972,Subject to Ordinance,,Multifamily Residence,71880,71880,32.57702,-117.0999
101545,15605 Avenida Alcachofa,15605 Avenida Alcachofa,San Diego,San Diego,CA,92128,1986,Subject to Ordinance,,Multifamily Residence,160860,160860,32.99743,-117.06821
101546,DEERWOOD (SD) - 29104,15640 BERNARDO CENTER Dr,San Diego,San Diego,CA,92127,1990,Subject to Ordinance,,Multifamily Residence,343469,329258,33.00515,-117.09402
101547,1587 Oro Vista Rd,1587 Oro Vista Rd,San Diego,San Diego,CA,92154-4056,1987,Subject to Ordinance,,Multifamily Residence,195960,195960,32.56701,-117.07717
101548,Overlook at Bernardo,15909 Avenida Venusto,San Diego,San Diego,CA,92128,2005,Subject to Ordinance,,Multifamily Residence,361056,246582,33.00154,-117.0746
101549,The Artisan,1601 BRdway,San Diego,San Diego,CA,92101-5709,2018,Subject to Ordinance,,Multifamily Residence,228650,127976,32.71553,-117.14921
101550,Gateway Family,1605 Logan Ave,San Diego,San Diego,CA,92113,2007,Subject to Ordinance,,Multifamily Residence,70241,53654,32.70443,-117.14911
100311,6794 Calle De Linea,6794 Calle De Linea,San Diego,San Diego,CA,92154,2001,Subject to Ordinance,,Commercial,51304,51304,32.54803,-116.99453
101552,1616 Guy St,1616 Guy St,San Diego,San Diego,CA,92103-3768,1963,Subject to Ordinance,,Multifamily Residence,120000,120000,32.74383,-117.17801
101553,1642 University Ave,1642 University Ave,San Diego,San Diego,CA,92103,2018,Subject to Ordinance,,Multifamily Residence,52500,52500,32.74864,-117.14886
101554,1644 Thomas St,1644 Thomas St,San Diego,San Diego,CA,92109,1985,Subject to Ordinance,,Multifamily Residence,50000,50000,32.79738,-117.23901
101555,LOS VIENTOS,1668 National Ave,San Diego,San Diego,CA,92113,2009,Subject to Ordinance,,Multifamily Residence,149934,120904,32.70374,-117.14894
101556,Camden Tuscany-Camden,1670 Kettner Blvd,San Diego,San Diego,CA,92101,2000,Subject to Ordinance,,Multifamily Residence,179048,142560,32.72248,-117.1696
101557,Westminster Manor Apartments,1730 3rd Ave,San Diego,San Diego,CA,92101,1970,Subject to Ordinance,,Multifamily Residence,118453,68970,32.72335,-117.16233
101558,Vantaggio Suites STATE ST.,1736 State St,San Diego,San Diego,CA,92101-2513,1994,Subject to Ordinance,,Multifamily Residence,86367,88867,32.72331,-117.16716
101559,1755 Logan Ave,1755 Logan Ave,San Diego,San Diego,CA,92113,2009,Subject to Ordinance,,Multifamily Residence,72250,99999,32.70301,-117.14693
101560,Oro Vista Villas,1767 Oro Vista Rd,San Diego,San Diego,CA,92154,1986,Subject to Ordinance,,Multifamily Residence,187584,179428,32.56487,-117.07762
100731,"bkmBorderpoint 230, LLC",6754 Calle De Linea,San Diego,San Diego,CA,92154,2001,Subject to Ordinance,,Distribution Center,171516,89931,32.54784,-116.99611
101562,1790 Del Sur Blvd,1790 Del Sur Blvd,San Ysidro,San Diego,CA,92173,1982,Subject to Ordinance,,Multifamily Residence,316494,316494,32.56417,-117.05621
101563,1810 State St,1810 State St,San Diego,San Diego,CA,92101,2017,Subject to Ordinance,,Multifamily Residence,116110,90000,32.72413,-117.16699
101564,1825 Hancock St,1825 Hancock St,San Diego,San Diego,CA,92110-2074,2012,Subject to Ordinance,,Multifamily Residence,99894,99894,32.74225,-117.1844
101565,18795 Caminito Cantilena,18795 Caminito Cantilena,San Diego,San Diego,CA,92128-6190,1988,Subject to Ordinance,,Multifamily Residence,124678,124678,33.0525,-117.0708
101566,1919 Pacific Hwy,1919 Pacific Hwy,San Diego,San Diego,CA,92101,2018,Subject to Ordinance,,Multifamily Residence,120983,120983,32.72363,-117.1711
101567,1930 Emerald St,1930 Emerald St,San Diego,San Diego,CA,92109,1963,Subject to Ordinance,,Multifamily Residence,56970,56970,32.80326,-117.23522
101006,Teradata Building C,"17087 Via Del Campo, BLDG C",San Diego,San Diego,CA,92127-1711,1983,Subject to Ordinance,,Office,209394,209394,33.0214,-117.09235
101569,BRdstone Little Italy,1980 Kettner Blvd,San Diego,San Diego,CA,92101,2014,Subject to Ordinance,,Multifamily Residence,213921,204722,32.72469,-117.16993
101570,Mercado del Barrio,1985 National Ave,San Diego,San Diego,CA,92113,2010,Subject to Ordinance,,Multifamily Residence,93171,93171,32.69947,-117.14378
101571,2001 Newton Ave,2001 Newton Ave,San Diego,San Diego,CA,92113,1994,Subject to Ordinance,,Multifamily Residence,179622,179622,32.69796,-117.14355
101572,Vista la Rosa,2002 Rimbey Ave,San Diego,San Diego,CA,92154-3031,1964,Subject to Ordinance,,Multifamily Residence,214706,274280,32.56914,-117.08952
101573,2005 Alaquinas Dr,2005 Alaquinas Dr,San Ysidro,San Diego,CA,92173-2152,1983,Subject to Ordinance,,Multifamily Residence,63738,82746,32.55935,-117.04357
101574,2015 Hancock St,2015 Hancock St,San Diego,San Diego,CA,92110,1970,Subject to Ordinance,,Multifamily Residence,99999,98848,32.7439,-117.188
101007,17089 Via Del Campo,17089 Via Del Campo,San Diego,San Diego,CA,92127-1726,1995,Subject to Ordinance,,Office,155067,155067,33.02121,-117.09223
101576,202 W San Ysidro Blvd,202 W San Ysidro Blvd,San Diego,San Diego,CA,92173-2416,1987,Subject to Ordinance,,Multifamily Residence,64341,64341,32.55361,-117.04852
101577,2020 El Cajon Blvd,2020 El Cajon Blvd,San Diego,San Diego,CA,92104,2020,Subject to Ordinance,,Multifamily Residence,168203,168203,32.75548,-117.1433
101578,2040 Columbia St,2040 Columbia St,San Diego,San Diego,CA,92101,2004,Subject to Ordinance,,Multifamily Residence,77679,86400,32.7257,-117.16886
101008,17095 Via Del Campo,"17095 Via Del Campo,  BLDG A",San Diego,San Diego,CA,92127-1711,1995,Subject to Ordinance,,Office,176222,176222,33.02018,-117.09342
101580,Mesa Family Villas,2065 Avenida Del Mexico,San Diego,San Diego,CA,92154,2003,Subject to Ordinance,,Multifamily Residence,57298,57298,32.58292,-117.08926
101581,2125 Westinghouse St,2125 Westinghouse St,San Diego,San Diego,CA,92111,1980,Subject to Ordinance,,Multifamily Residence,74157,135394,32.78226,-117.16894
101582,2132 - 2172 Garston St,2132 - 2172 Garston St,San Diego,San Diego,CA,92111,1972,Subject to Ordinance,,Multifamily Residence,137640,137640,32.7833,-117.16607
101583,Cedar Shores - Sunrise,2151 Oliver Ave,San Diego,San Diego,CA,92109,1972,Subject to Ordinance,,Multifamily Residence,60720,60720,32.79701,-117.22923
101584,AV8,2155 Kettner Blvd,San Diego,San Diego,CA,92101-1736,2018,Subject to Ordinance,,Multifamily Residence,184338,184338,32.72671,-117.17024
101585,The Missions at Rio Vista,2242 Gill Village Way,San Diego,San Diego,CA,92108-5529,1998,Subject to Ordinance,,Multifamily Residence,413598,665523,32.77419,-117.14791
101586,The Promenade,2185 Station Village Way,San Diego,San Diego,CA,92108,2002,Subject to Ordinance,,Multifamily Residence,953681,1416604,32.77457,-117.14164
101587,220 47th St,220 47th St,San Diego,San Diego,CA,92102,1985,Subject to Ordinance,,Multifamily Residence,132020,140984,32.70692,-117.0945
101588,2220 C St,2220 C St,San Diego,San Diego,CA,92102,1986,Subject to Ordinance,,Multifamily Residence,52170,56940,32.71715,-117.14358
101589,Paseo at COMM22,2325 Commercial St,San Diego,San Diego,CA,92113,2014,Subject to Ordinance,,Multifamily Residence,179000,179000,32.70501,-117.14341
101590,2233 Ulric St,2233 Ulric St,San Diego,San Diego,CA,92111-6404,1942,Subject to Ordinance,,Multifamily Residence,68948,68948,32.78488,-117.16877
101591,224 Sycamore Rd,224 Sycamore Rd,San Ysidro,San Diego,CA,92173,1983,Subject to Ordinance,,Multifamily Residence,81866,81866,32.55008,-117.04442
101592,2265 River Run Dr,2265 River Run Dr,San Diego,San Diego,CA,92108-5869,1986,Not Subject to Ordinance,"GFA ≤ 50,000 sqft",Multifamily Residence,38736,154944,32.7782,-117.1331
101593,2288 Fenton Pkwy,2288 Fenton Pkwy,San Diego,San Diego,CA,92108-4740,2000,Subject to Ordinance,,Multifamily Residence,692624,692624,32.77929,-117.12893
100908,10920 Technology Pl,10920 Technology Pl,San Diego,San Diego,CA,92127-1874,2002,Subject to Ordinance,,Office,210284,215000,33.0098,-117.09399
101595,2330 Grove Ave,2330 Grove Ave,San Diego,San Diego,CA,92154,1970,Subject to Ordinance,,Multifamily Residence,65960,65960,32.57391,-117.08242
100979,SCA Campus,16250 Technology Place,San Diego,San Diego,CA,92127-1800,1978,Subject to Ordinance,,Office,410930,205000,33.00997,-117.09294
101597,Versa,2365 Via Alta,San Diego,San Diego,CA,92108-4374,2014,Subject to Ordinance,,Multifamily Residence,126605,89054,32.77586,-117.15009
100914,"11045 Technology Pl, Building C",11045 Technology Pl,San Diego,San Diego,CA,92127,1990,Subject to Ordinance,,Manufacturing/Industrial Plant,217645,108381 ,33.00717,-117.09208
101599,240 Euclid Ave,240 Euclid Ave,San Diego,San Diego,CA,92114,1976,Subject to Ordinance,,Multifamily Residence,82000,84232,32.70675,-117.08527
102469,Bldg A,11035 Technology Place,San Diego,San Diego,CA,92127,1990,Subject to Ordinance,,Manufacturing/ Industrial/ Lab,50689,50689,,
101601,Portofino,2500 Northside Dr,San Diego,San Diego,CA,92108-2824,2005,Subject to Ordinance,,Multifamily Residence,585122,718552,32.78417,-117.12933
101602,2507 Northside Dr,2507 Northside Dr,San Diego,San Diego,CA,92108,1998/2006,Subject to Ordinance,,Multifamily Residence,589836,589836,32.78468,-117.12811
100980,16397 W Bernardo Dr,16397 W Bernardo Dr,San Diego,San Diego,CA,92127,1981,Subject to Ordinance,,Office,123881,132000,33.01159,-117.08882
100984,16409 West Bernardo Dr,16409 W Bernardo Dr,San Diego,San Diego,CA,92127-1877,1987,Subject to Ordinance,,Office,159353,160925,33.01233,-117.09025
100135,2200 Pacific Hwy Building D1,"2200 Pacific Hwy, BLDG D1",San Diego,San Diego,CA,92101-1745,2000,Subject to Ordinance,,Manufacturing,59748,59748,32.72678,-117.17281
101606,2635 2nd Ave,2635 2nd Ave,San Diego,San Diego,CA,92103,,Subject to Ordinance,,Senior Living Community,111287,96896,32.73306,-117.16259
101607,The Pacific at Mission Bay,2636 Grand Ave,San Diego,San Diego,CA,92109,1971,Subject to Ordinance,,Multifamily Residence,101882,98561,32.8026,-117.2214
101608,2643 W Canyon Ave,2643 W Canyon Ave,San Diego,San Diego,CA,92123-4645,1999,Subject to Ordinance,,Multifamily Residence,314993,314993,32.79795,-117.11771
101025,2200 Pacific Hwy Building C,"2200 Pacific Hwy, BLDG C",San Diego,San Diego,CA,92101,2000,Subject to Ordinance,,Commercial,174034,174034,32.72678,-117.17281
101610,2707 Mission Village Dr,2707 Mission Village Dr,San Diego,San Diego,CA,92123-3249,1965,Subject to Ordinance,,Multifamily Residence,142748,142748,32.79521,-117.12398
101611,Bay View Apartments Front Office,2710 Grand Ave,San Diego,San Diego,CA,92109,1962/2022,Subject to Ordinance,,Multifamily Residence,51510,51510,32.80277,-117.2193
101612,CA026_Eaves Mission Ridge,2745 Meadowlark Dr,San Diego,San Diego,CA,92123,1960,Subject to Ordinance,,Multifamily Residence,259718,207675,32.79213,-117.15407
101613,2799 Adrian St,2799 Adrian St,San Diego,San Diego,CA,92110-5713,1958,Subject to Ordinance,,Multifamily Residence,550950,549050,32.74931,-117.22572
101614,2870 4th Ave,2870 4th Ave,San Diego,San Diego,CA,92103-6298,2016,Subject to Ordinance,,Multifamily Residence,65901,65901,32.73536,-117.16168
101615,Sorrento Tower,2875 Cowley Way,San Diego,San Diego,CA,92110-1008,1976,Subject to Ordinance,,Multifamily Residence,110000,124600,32.79398,-117.19108
101616,Palm Terrace Interfaith Housing Corp,2885 Palm Ave,San Diego,San Diego,CA,92154-1477,1978,Subject to Ordinance,,Multifamily Residence,184607,105554,32.5831,-117.07177
101617,2905 Clairemont Dr,2905 Clairemont Dr,San Diego,San Diego,CA,92117-6710,1958,Subject to Ordinance,,Multifamily Residence,153600,153600,32.79304,-117.19599
101618,2925-2945 BRdway,2925-2945 BRdway,San Diego,San Diego,CA,92102,1988,Subject to Ordinance,,Multifamily Residence,63004,63004,32.71563,-117.13088
101619,2930 Barnard St,2930 Barnard St,San Diego,San Diego,CA,92110,2015,Subject to Ordinance,,Multifamily Residence,204039,236000,32.75186,-117.22411
101620,Alexan ALX,300 14th St,San Diego,San Diego,CA,92101,2016,Subject to Ordinance,,Multifamily Residence,303920,250000,32.70869,-117.15216
101621,3010 Cowley Way,3010 Cowley Way,San Diego,San Diego,CA,92117-6862,1986,Subject to Ordinance,,Multifamily Residence,77751,77751,32.79609,-117.19176
101622,Cornerstone Lofts,302 Island Ave,San Diego,San Diego,CA,92101,1992,Subject to Ordinance,,Multifamily Residence,76656,55204,32.71079,-117.16165
101623,3060 53rd St,3060 53rd St,San Diego,San Diego,CA,92105,1989/2008,Subject to Ordinance,,Multifamily Residence,73966,73966,32.737,-117.0827
101624,Lions Manor,310 Market St,San Diego,San Diego,CA,92101,1981,Subject to Ordinance,,Multifamily Residence,121200,117156,32.71182,-117.16152
101625,3131 Cauby St,3131 Cauby St,San Diego,San Diego,CA,92110-4613,1970,Subject to Ordinance,,Multifamily Residence,113706,113706,32.74882,-117.20888
101626,3175 Cauby St,3175 Cauby St,San Diego,San Diego,CA,92110,1962/2014,Subject to Ordinance,,Multifamily Residence,67520,67520,32.74933,-117.20973
101627,Canyon Ridge (WW Parent),3187 COWLEY WAY,San Diego,San Diego,CA,92117,2010,Subject to Ordinance,,Multifamily Residence,151223,132000,32.80007,-117.19288
101628,3200 Paseo Village Way,3200 Paseo Village Way,San Diego,San Diego,CA,92130-3209,2020,Subject to Ordinance,,Multifamily Residence,853369,230000,32.95121,-117.23759
101629,3233 Kemper St,3233 Kemper St,San Diego,San Diego,CA,92110-5352,2018,Subject to Ordinance,,Multifamily Residence,71278,71278,32.75076,-117.21561
101630,3235 Armstrong St,3235 Armstrong St,San Diego,San Diego,CA,92111,1972,Subject to Ordinance,,Multifamily Residence,175603,150250,32.80352,-117.16238
101359,Hyatt Manchester San Diego,1 Market PL,San Diego,San Diego,CA,92101,2003,Subject to Ordinance,,Hotel,1704835,737380,32.71012,-117.16835
101632,The Barcelona,326 Juniper St,San Diego,San Diego,CA,92101,1923,Subject to Ordinance,,Multifamily Housing,54984,54984,32.72954,-117.16165
101633,327 S Willie Jones Ave,327 S Willie Jones Ave,San Diego,San Diego,CA,92113,2016,Subject to Ordinance,,Multifamily Residence,100000,100000,32.7016,-117.08744
101634,3277 Berger Ave,3277 Berger Ave,San Diego,San Diego,CA,92123,1978/2009,Subject to Ordinance,,Multifamily Residence,67654,67654,32.80381,-117.1519
101360,Hilton San Diego Bayfront (SANCC),1 Park Blvd,San Diego,San Diego,CA,92101,2008,Subject to Ordinance,,Hotel,1200700,509550,32.70321,-117.15847
101636,K1,330 13th St,San Diego,San Diego,CA,92101-3829,2019,Subject to Ordinance,,Multifamily Residence,421790,422793,32.70881,-117.1531
101637,Coral Bay-Prime Group,3321 Cowley Way,San Diego,San Diego,CA,92117,1955,Subject to Ordinance,,Multifamily Residence,699340,699340,32.80285,-117.1941
101638,333 G St,333 G St,San Diego,San Diego,CA,92101,1981,Subject to Ordinance,,Multifamily Residence,132808,132808,32.71223,-117.16153
101639,3394 Daley Center Dr,3394 Daley Center Dr,San Diego,San Diego,CA,92123,1998,Subject to Ordinance,,Multifamily Residence,317958,317958,32.80435,-117.11812
101640,Beyer Ctyard Apartments (by026),3412 Beyer Blvd,San Ysidro,San Diego,CA,92173,2006,Subject to Ordinance,,Multifamily Residence,77906,77313,32.56525,-117.05921
101642,3417 Lebon Dr,3417 Lebon Dr,San Diego,San Diego,CA,92122,1986,Subject to Ordinance,,Multifamily Residence,338000,345548,32.86668,-117.22447
101643,3441 Ruffin Rd,3441 Ruffin Rd,San Diego,San Diego,CA,92123-2528,1998,Subject to Ordinance,,Multifamily Residence,91400,91400,32.80429,-117.12803
101644,Village Glen (vl12),3454 Ruffin Rd,San Diego,San Diego,CA,92123-2510,1969,Subject to Ordinance,,Multifamily Residence,207559,203850,32.80531,-117.12933
101645,Mira Bella-Simpson,3455 Kearny Villa Rd,San Diego,San Diego,CA,92123,2009,Subject to Ordinance,,Multifamily Residence,487863,325242,32.80671,-117.14948
101646,350 17th St,350 17th St,San Diego,San Diego,CA,92101,1994,Subject to Ordinance,,Multifamily Residence,72652,72652,32.70889,-117.14884
101648,La Casa Flores,3510 Front St,San Diego,San Diego,CA,92103,1968,Subject to Ordinance,,Multifamily Residence,123000,123000,32.74184,-117.16527
101649,3534 5th Ave,3534 5th Ave,San Diego,San Diego,CA,92103-5017,2019,Subject to Ordinance,,Multifamily Residence,261900,261900,32.86984,-117.22361
101650,La Jolla Palms,3535 Lebon Dr,San Diego,San Diego,CA,92122-4594,2001,Subject to Ordinance,,Multifamily Residence,212800,356380,32.70972,-117.11772
101651,3536 - 3584 J St,3536 - 3584 J St,San Diego,San Diego,CA,92102-4412,1960,Subject to Ordinance,,Multifamily Residence,84512,84512,32.74274,-117.14726
101652,First Congregational Memorial: 3541 Park Blvd,3541 Park Blvd,San Diego,San Diego,CA,92103,1979,Not Subject to Ordinance,"GFA ≤ 50,000 sqft",Multifamily Residence,33106,,32.74274,-117.14726
100021,Quantum Design Inc.,10307 Pacific Center Ct,San Diego,San Diego,CA,92121-4340,1991,Subject to Ordinance,,Manufacturing/ Industrial/ Lab,104000,53539,32.90532,-117.18726
100027,10398 Pacific Center Ct,10398 Pacific Center Ct,San Diego,San Diego,CA,92121-4340,1985,Subject to Ordinance,,Laboratory,59111,59111,32.90599,-117.18954
101655,3622 Kemper Ct,3622 Kemper Ct,San Diego,San Diego,CA,92110-5306,1966,Subject to Ordinance,,Multifamily Residence,62528,62528,32.81061,-117.17658
101656,3625 Earnscliff Pl,3625 Earnscliff Pl,San Diego,San Diego,CA,92111-4157,1984,Subject to Ordinance,,Multifamily Residence,201690,201690,32.74645,-117.05958
101657,3635 College Ave,3635 College Ave,San Diego,San Diego,CA,92115-7042,1961,Subject to Ordinance,,Multifamily Residence,60000,58814,32.74574,-117.08633
101658,3676 - 3688 Altadena Ave,3676 - 3688 Altadena Ave,San Diego,San Diego,CA,92105,1989,Subject to Ordinance,,Multifamily Residence,74835,74835,32.74543,-117.14338
101659,3701 Florida St,3701 Florida St,San Diego,San Diego,CA,92104-8217,2009,Subject to Ordinance,,Multifamily Residence,116139,116139,32.86762,-117.22627
101661,Nobel Ct,3707 Nobel Dr,San Diego,San Diego,CA,92122,1987,Subject to Ordinance,,Multifamily Residence,192835,192265,32.86762,-117.22627
101662,3710 Alabama St,3710 Alabama St,San Diego,San Diego,CA,92104,1972,Subject to Ordinance,,Multifamily Residence,62154,62154,32.7455,-117.1425
101663,3710 - 3810 Wabash Ave,3710 - 3810 Wabash Ave,San Diego,San Diego,CA,92104,1986,Subject to Ordinance,,Multifamily Residence,115446,115446,32.74779,-117.12056
101664,3730 Southview Dr,3730 Southview Dr,San Diego,San Diego,CA,92117,1971,Subject to Ordinance,,Multifamily Residence,127476,127544,32.80918,-117.21174
100026,10394 Pacific Center Ct,10394 Pacific Center Ct,San Diego,San Diego,CA,92121-4340,1992,Subject to Ordinance,,Laboratory,59327,59327,32.90667,-117.19032
100039,"SCRIPPS TECHNOLOGY PLAZA, SCRIPPS T [SDGE]",10640 SCRIPPS RANCH Blvd,San Diego,San Diego,CA,92131-1095,1986,Subject to Ordinance,,Office,62244,62244,32.91236,-117.11071
100155,1646-San Diego - Del Sol Blvd,3085 Del Sol Blvd,San Diego,San Diego,CA,92154,2015,Subject to Ordinance,,Self-Storage Facility,73792,58280,32.57324,-117.06733
101669,Village Townhomes,3806 Fairmount Ave,San Diego,San Diego,CA,92105,2003,Subject to Ordinance,,Multifamily Residence,191600,177483,32.74841,-117.10143
101670,3808 El Cajon Blvd,3808 El Cajon Blvd,San Diego,San Diego,CA,92105-1021,2019,Not Subject to Ordinance,"GFA ≤ 50,000 sqft",Multifamily Residence,30000,30000,32.7555,-117.11121
101671,3810 Winona Ave,3810 Winona Ave,San Diego,San Diego,CA,92105-3024,2006,Subject to Ordinance,,Multifamily Residence,53198,56976,32.74687,-117.08841
101672,El Dorado Hills Apartment Homes,3828 Pendiente Ct,San Diego,San Diego,CA,92124-3702,1983,Subject to Ordinance,,Multifamily Residence,386349,386525,32.8149,-117.0847
101673,3833-3889 Midway Dr,3833-3889 Midway Dr,San Diego,San Diego,CA,92110-5239,1979,Subject to Ordinance,,Multifamily Residence,224250,219923,32.75418,-117.21892
101674,3845 Nobel Dr,3845 Nobel Dr,San Diego,San Diego,CA,92122-5701,1989,Subject to Ordinance,,Multifamily Residence,283496,316424,32.86814,-117.22322
101675,3866 Ingraham St,3866 Ingraham St,San Diego,San Diego,CA,92109-6432,1969,Subject to Ordinance,,Multifamily Residence,475098,554472,32.78999,-117.23886
100159,70400763 -- Mrkt.Creek Plaza,312 N. Euclid Ave,San Diego,San Diego,CA,92102,2001,Subject to Ordinance,,Supermarket/Grocery Store,59336,61917,32.70813,-117.08581
101677,Tuscany Villas Apartments,3880 Shasta St,San Diego,San Diego,CA,92109-6539,1969,Subject to Ordinance,,Multifamily Residence,56744,56744,32.79059,-117.23545
101678,CA025_AVA Pacific Beach,3883 Ingraham St,San Diego,San Diego,CA,92109,1969,Subject to Ordinance,,Multifamily Residence,502856,402320,32.79017,-117.23765
101679,3883 Jewell St,3883 Jewell St,San Diego,San Diego,CA,92109-6428,1962,Subject to Ordinance,,Multifamily Residence,125698,125698,32.79051,-117.23581
101680,Stratton,3884 1/2 Caminito Aguilar Dr,San Diego,San Diego,CA,92111-2967,1970,Subject to Ordinance,,Multifamily Residence,282460,343338,32.8168,-117.17729
101681,3888 Genesee Ave,3888 Genesee Ave,San Diego,San Diego,CA,92111-3249,1987,Subject to Ordinance,,Multifamily Residence,59754,59754,32.81386,-117.17957
100169,Torrey Point A&B,3420 Carmel Mountain Rd,San Diego,San Diego,CA,92121,2018,Subject to Ordinance,,Office,100061,56775,32.91831,-117.23667
101684,Cathedral Arms: 3911 Park Blvd,3911 Park Blvd,San Diego,San Diego,CA,92103,2013,Subject to Ordinance,,Multifamily Residence,119205,124530,32.74897,-117.14585
101685,"Iowa St Senior Housing Partners, L.P.",3939 Iowa St,San Diego,San Diego,CA,92104-3008,2016,Subject to Ordinance,,Senior Care Community,181801,150000,32.74933,-117.12617
101686,Trinity Manor: 3940 Park Blvd,3940 Park Blvd,San Diego,San Diego,CA,92103,1979,Subject to Ordinance,,Multifamily Residence,81066,79083,32.74936,-117.14683
101687,The Summit at Point Loma - tp65,3950 Leland St,San Diego,San Diego,CA,92106,1968,Subject to Ordinance,,Multifamily Residence,85430,132714,32.75132,-117.22161
101688,3950 Mahaila Ave,3950 Mahaila Ave,San Diego,San Diego,CA,92122,1988,Subject to Ordinance,,Multifamily Residence,271551,250529,32.86934,-117.22181
101689,Grace Tower: 3955 Park Blvd,3955 Park Blvd,San Diego,San Diego,CA,92103,1967,Subject to Ordinance,,Multifamily Residence,106920,234000,32.75002,-117.14587
101690,400 Prospect St,400 Prospect St,La Jolla,San Diego,CA,92037,2016,Subject to Ordinance,,Multifamily Residence,56540,63420,32.84206,-117.27937
101691,4005-4095 Home Ave,4025 Home Ave,San Diego,San Diego,CA,92105,1987,Subject to Ordinance,,,218012,218012,32.72205,-117.10851
101692,Mission Hills Commons,4021 Falcon St,San Diego,San Diego,CA,92103,2002,Subject to Ordinance,,Multifamily Residence,66641,51009,32.75051,-117.17013
101693,City Heights Square,4029 43rd St,San Diego,San Diego,CA,92105-1510,2011,Subject to Ordinance,,Multifamily Residence,163330,142015,32.75037,-117.1017
100207,31450101 - Regents Ct,4130 La Jolla Village Dr,La Jolla,San Diego,CA,92037-9121,1988,Subject to Ordinance,,Medical Office,56422,56422,32.8721,-117.21778
100215,70300207 -- Pacific Beach Ralph's,4315 Mission Blvd,San Diego,San Diego,CA,92109,1999,Not Subject to Ordinance,"GFA ≤ 50,000 sqft",Supermarket/Grocery Store,45678,56204,32.79387,-117.25439
101697,4040-4080 Hancock St,4040 Hancock St,San Diego,San Diego,CA,92110,1978,Subject to Ordinance,,Multifamily Residence,564000,321776,32.75585,-117.21709
101698,Green Manor: 4041 Ibis St,4041 Ibis St,San Diego,San Diego,CA,92103,1970,Subject to Ordinance,,Multifamily Residence,90904,82121,32.75051,-117.17293
101699,Uptown Villa Apartments - front office,4050 3rd Ave,San Diego,San Diego,CA,92103,1989,Subject to Ordinance,,Multifamily Residence,55750,53914,32.75108,-117.16311
101700,Beyer Trolley Apartments - front office,4061 Beyer Blvd,San Ysidro,San Diego,CA,92173,1984,Subject to Ordinance,,Multifamily Residence,72650,72650,32.55766,-117.04589
101701,4065 43rd St,4065 43rd St,San Diego,San Diego,CA,92105,2007,Subject to Ordinance,,Multifamily Residence,171700,171700,32.75103,-117.10164
101702,Pacific Bay Club (pc011),4070 Huerfano Ave,San Diego,San Diego,CA,92117-5257,1973,Subject to Ordinance,,Multifamily Residence,103275,103275,32.81576,-117.21878
101704,4072 Messina Dr,4072 Messina Dr,San Diego,San Diego,CA,92113,1982,Subject to Ordinance,,Multifamily Residence,156272,156272,32.70371,-117.10489
101705,THE PARK - SAN DIEGO SUNRISE MANAGEMENT COMPANY,4075 Park Blvd,San Diego,San Diego,CA,92103,2018,Subject to Ordinance,,Multifamily Residence,55000,50772,32.75184,-117.14586
101706,4085 Nobel Dr,4085 Nobel Dr,San Diego,San Diego,CA,92122-5867,1983/2020,Subject to Ordinance,,Multifamily Residence,60000,60000,32.86654,-117.21792
101707,4103-4125 54th Pl,4103 54th Pl,San Diego,San Diego,CA,92105-2303,1989,Subject to Ordinance,,Multifamily Residence,78108,78108,32.75159,-117.07908
101708,4125 W Point Loma Blvd,4125 W Point Loma Blvd,San Diego,San Diego,CA,92110,1971,Subject to Ordinance,,Multifamily Residence,85812,85812,32.75314,-117.22433
101709,4134 4th Ave,4134 4th Ave,San Diego,San Diego,CA,92103,1975,Subject to Ordinance,,Multifamily Residence,83960,83960,32.75262,-117.16198
101710,Village Garden Apartments,"4150 Bonillo Dr, STE 101",San Diego,San Diego,CA,92115,1964,Subject to Ordinance,,Multifamily Residence,102443,76400,32.75283,-117.0603
101711,Guadalupe Plaza,4142 42nd St,San Diego,San Diego,CA,92105,1981,Subject to Ordinance,,Multifamily Residence,104374,118536,32.7525,-117.1048
100219,Talmadge Gateway (ly72),4422 Euclid Ave,San Diego,San Diego,CA,92115,2016,Subject to Ordinance,,Multifamily Residence,125709,60000,32.75704,-117.09252
100268,5590 Morehouse Dr,5590 Morehouse Dr,San Diego,San Diego,CA,92121-1709,1984/2020,Not Subject to Ordinance,"GFA ≤ 50,000 sqft","Genesis Science Center, R&D",35684,35684,32.89664,-117.19795
100334,70400333 -- Mission ~ Hazard,7730 Hazard Center Rd,San Diego,San Diego,CA,92108,1994,Subject to Ordinance,,Supermarket/Grocery Store,50288,65000,32.77117,-117.1559
101715,Montecito Point,4179 3rd Ave,San Diego,San Diego,CA,92103-1400,1986,Subject to Ordinance,,Multifamily Residence,59786,54096,32.75333,-117.16199
101716,Vida North Park,4223 Texas St,San Diego,San Diego,CA,92104,2018,Subject to Ordinance,,Multifamily Residence,119513,150000,32.75442,-117.13855
101717,LUX UTC A,4200 Brooke Ct,San Diego,San Diego,CA,92122,2018,Subject to Ordinance,,Multifamily Residence,205951,175000,32.87173,-117.21556
101718,4201 6th Ave,4201 6th Ave,San Diego,San Diego,CA,92103,1962,Subject to Ordinance,,Multifamily Residence,82548,82548,32.75403,-117.1593
101721,4225 Chamoune Ave,4225 Chamoune Ave,San Diego,San Diego,CA,92115,1984,Subject to Ordinance,,Multifamily Residence,78891,78891,32.75373,-117.09623
101722,4227 52nd St,4227 52nd St,San Diego,San Diego,CA,92115,1997,Not Subject to Ordinance,"GFA ≤ 50,000 sqft",Multifamily Residence,38000,38000,32.75378,-117.08334
101723,424 15th St,424 15th St,San Diego,San Diego,CA,92101,2015,Subject to Ordinance,,Multifamily Residence,500000,500000,32.70982,-117.15062
101724,4247 Nobel Dr,4247 Nobel Dr,San Diego,San Diego,CA,92122-1104,1976,Subject to Ordinance,,Multifamily Residence,73300,73300,32.86633,-117.21471
101725,4250 4th Ave,4250 4th Ave,San Diego,San Diego,CA,92103,1969,Subject to Ordinance,,Multifamily Residence,102562,102562,32.75547,-117.16206
101726,Foxwood Apartments,4260 Palm Ave,San Diego,San Diego,CA,92154,1988, Subject to Ordinance,,Multifamily Residence,108476,108476,32.5844,-117.04064
101727,4275 Mission Bay Dr,4275 Mission Bay Dr,San Diego,San Diego,CA,92109-5727,2020,Subject to Ordinance,,Multifamily Residence,289198,191000,32.80066,-117.21285
101728,Ctyard Terrace,4321 52nd St,San Diego,San Diego,CA,92115,2010,Subject to Ordinance,,Multifamily Residence,83868,83868,32.75577,-117.08335
100365,The Campus on Villa La Jolla BLDG A,"8950 Villa La Jolla Dr, BLDG A",La Jolla,San Diego,CA,92037,1979,Subject to Ordinance,,Office,213514,51944,32.87106,-117.23557
101730,Renaissance Senior Housing Partners L.P.,4330 30th St,San Diego,San Diego,CA,92104-1376,2005,Subject to Ordinance,,Multifamily Residence,101473,135472,32.75587,-117.13063
101731,4333 Dawson Ave,4333 Dawson Ave,San Diego,San Diego,CA,92115-5251,1957,Subject to Ordinance,,Multifamily Residence,54582,54582,32.75562,-117.08232
101732,Las Serenas (ls109),4352 Delta St,San Diego,San Diego,CA,92113,1987,Subject to Ordinance,,Multifamily Residence,104857,75990,32.82216,-117.21382
101733,4350 Home Ave,4350 Home Ave,San Diego,San Diego,CA,92105,2002,Subject to Ordinance,,Multifamily Residence,120000,120000,32.72805,-117.10113
101735,4386 Clairemont Mesa Blvd,4386 Clairemont Mesa Blvd,San Diego,San Diego,CA,92117-1982,1963,Not Subject to Ordinance,College/University,Multifamily Residence,93800,93800,32.83458,-117.19845
101736,Mariners Cove (CA),4392 West Point Loma Blvd,San Diego,San Diego,CA,92107,2016,Subject to Ordinance,,Multifamily Residence,404386,455812,32.75266,-117.23085
101737,Vora Mission Gorge,4440 Twain Ave,San Diego,San Diego,CA,92120-3406,2018,Subject to Ordinance,,Multifamily Residence,342125,441000,32.78524,-117.09901
101738,4444 Greene St,4444 Greene St,San Diego,San Diego,CA,92107,1972,Not Subject to Ordinance,"GFA ≤ 50,000 sqft",Multifamily Residence,41871,41871,32.74742,-117.23559
101739,Mission Pacific Apartments,4454 44th St,San Diego,San Diego,CA,92115,1980,Subject to Ordinance,,Multifamily Residence,124717,125266,32.7581,-117.10065
101740,Citra Apartments LLC,4464 Caste lar St,San Diego,San Diego,CA,92107,1970,Subject to Ordinance,,Multifamily Residence,59565,70000,32.74977,-117.23599
101741,Urbana,450 10th Ave,San Diego,San Diego,CA,92101,2015,Subject to Ordinance,,Multifamily Residence,87105,90000,32.71013,-117.15585
100446,Tierrasanta Town Center,10615 Tierrasanta Blvd,San Diego,San Diego,CA,92124-2616,1975,Subject to Ordinance,,Strip Mall,126315,92868,32.82111,-117.10126
101743,4525 Twain Ave,4525 Twain Ave,San Diego,San Diego,CA,92120,1969,Subject to Ordinance,,Multifamily Residence,81000,94555,32.78437,-117.09675
101744,Entrada,453 13th St,San Diego,San Diego,CA,92101,2004,Subject to Ordinance,,Multifamily Residence,101879,87096,32.71027,-117.15258
101745,The Landing,455 Dennery Rd,San Diego,San Diego,CA,92154,2002,Subject to Ordinance,,Multifamily Residence,111356,212000,32.58704,-117.03069
101746,4580 Zion Ave,4580 Zion Ave,San Diego,San Diego,CA,92120-2562,1970,Subject to Ordinance,,Multifamily Residence,128354,128354,32.7932,-117.09595
101747,4611 Governor Dr,4611 Governor Dr,San Diego,San Diego,CA,92122-3005,1969,Subject to Ordinance,,Multifamily Residence,433600,433600,32.85169,-117.19344
101748,4641 Home Ave,4641 Home Ave,San Diego,San Diego,CA,92105,1989,Subject to Ordinance,,Multifamily Residence,66488,66488,32.73263,-117.09453
101749,4655 Governor Dr,4655 Governor Dr,San Diego,San Diego,CA,92122-3047,2012,Subject to Ordinance,,Multifamily Residence,65004,65004,32.85196,-117.19316
101750,4695 Torrey Cir,4695 Torrey Cir,San Diego,San Diego,CA,92130-4681,2001,Subject to Ordinance,,Multifamily Residence,639116,639116,32.91884,-117.21195
101751,4715-4765 Solola Ave,4742 Solola Ave,San Diego,San Diego,CA,92113,1971,Subject to Ordinance,,Multifamily Residence,134506,137756,32.69338,-117.09251
100469,11025 N Torrey Pines Rd,11025 N Torrey Pines Rd,La Jolla,San Diego,CA,92037-1030,1984,Not Subject to Ordinance,GFA > 50% lab Manufacturing Industrial,R&D,69798,69798,32.90586,-117.24283
101753,4765 Home Ave,4765 Home Ave,San Diego,San Diego,CA,92105-4469,1976,Subject to Ordinance,,Multifamily Residence,77408,77408,32.73616,-117.09192
101754,4768 Logan Ave,4768 Logan Ave,San Diego,San Diego,CA,92113,1996,Subject to Ordinance,,Multifamily Residence,67378,67378,32.69702,-117.09276
101755,4740-4790 Conrad Ave,4790 Conrad Ave,San Diego,San Diego,CA,92117,1972,Subject to Ordinance,,Multifamily Residence,60604,69594,32.83634,-117.1876
101756,Riveredge Terrace,4805 Wind Surf Way,San Diego,San Diego,CA,92154-8804,2010,Subject to Ordinance,,Multifamily Residence,259532,518176,32.58924,-117.02892
101757,4808 - 4888 Logan Ave,4808 - 4888 Logan Ave,San Diego,San Diego,CA,92113,1967,Subject to Ordinance,,Multifamily Residence,267400,250000,32.69703,-117.09169
100470,11085 N Torrey Pines Rd,11085 N Torrey Pines Rd,La Jolla,San Diego,CA,92037-1015,1982,Not Subject to Ordinance,GFA > 50% lab Manufacturing Industrial,R&D,85987,85987,32.90723,-117.24165
101759,4850 Talmadge Park Row,4850 Talmadge Park Row,San Diego,San Diego,CA,92115-1942,1986/2015,Subject to Ordinance,,Multifamily Residence,135280,135280,32.76741,-117.09652
101760,4855 Ariva Way,4855 Ariva Way,San Diego,San Diego,CA,92123-2164,2014,Subject to Ordinance,,Multifamily Residence,412000,275124,32.82688,-117.13907
101761,4863 Clairemont Mesa Blvd,4863 Clairemont Mesa Blvd,San Diego,San Diego,CA,92117-2165,1970,Subject to Ordinance,,Multifamily Residence,123640,123640,32.83414,-117.1857
101762,4881 Rolando Ct,4881 Rolando Ct,San Diego,San Diego,CA,92115-2720,1967,Subject to Ordinance,,Multifamily Residence,73975,73975,32.76794,-117.05709
101763,4914 Logan Ave,4914 Logan Ave,San Diego,San Diego,CA,92113-3076,1975,Subject to Ordinance,,Multifamily Residence,87360,87360,32.69729,-117.08877
101764,Logan Plaza,4965 Logan Avenue,San Diego,San Diego,CA,92113,1984,Subject to Ordinance,,Multifamily Residence,74615,87120,32.69626,-117.08776
101765,Aspen Apartments,4975 Clairemont Mesa Blvd,San Diego,San Diego,CA,92117-2135,1970,Subject to Ordinance,,Multifamily Residence,75028,75028,32.83368,-117.18358
101766,4981 Catoctin Dr,4981 Catoctin Dr,San Diego,San Diego,CA,92115-2611,1968,Subject to Ordinance,,Multifamily Residence,79418,97270,32.76825,-117.05863
101767,4985 Market St,4985 Market St,San Diego,San Diego,CA,92102-4731,2016,Subject to Ordinance,,Multifamily Residence,54939,54939,32.71024,-117.0867
101768,Avino,5040 Camino San Fermin,San Diego,San Diego,CA,92130,2016,Subject to Ordinance,,Multifamily Residence,301392,260000,32.95775,-117.19262
101769,Parkside Terrace,515 13th St,San Diego,San Diego,CA,92101,2009,Subject to Ordinance,,Multifamily Residence,61900,52000,32.71071,-117.15237
101770,The Millenium,5080 Camino Del Arroyo,San Diego,San Diego,CA,92108,2018,Subject to Ordinance,,Multifamily Residence,273970,250000,32.76611,-117.15835
101771,Auburn Park Apartments,5135 University Avenue,San Diego,San Diego,CA,92105,2007,Subject to Ordinance,,Multifamily Residence,54325,80164,32.74886,-117.08432
101772,5150 Balboa Arms Dr,5150 Balboa Arms Dr,San Diego,San Diego,CA,92117,1972,Subject to Ordinance,,Multifamily Residence,51438,51438,32.82458,-117.18249
101773,5165 Luigi Ter,5165 Luigi Ter,San Diego,San Diego,CA,92122-2457,1980,Subject to Ordinance,,Multifamily Residence,51852,51852,32.85914,-117.20765
101774,5188 Balboa Arms Dr,5188 Balboa Arms Dr,San Diego,San Diego,CA,92117,1972,Subject to Ordinance,,Multifamily Residence,57434,57434,32.82443,-117.18172
101775,Casa Colina Del Sol,5207 52ND PLACE,San Diego,San Diego,CA,92105,1978,Subject to Ordinance,,Multifamily Residence,86718,86718,32.74972,-117.08308
101776,5210 Genesee Cv,5210 Genesee Cv,San Diego,San Diego,CA,92122,1985/2017,Subject to Ordinance,,Multifamily Residence,57500,57500,32.8568,-117.2051
101777,525 14th St,525 14th St,San Diego,San Diego,CA,92101,2003,Subject to Ordinance,,Multifamily Residence,128228,128228,32.7109,-117.15162
101778,Ocean Breeze Apartments,561 W San Ysidro Blvd,San Diego,San Diego,CA,92173,1987,Subject to Ordinance,,Multifamily Residence,184064,184064,32.5574,-117.05637
101779,Talmadge: Talmadge,5252 El Cajon Blvd,San Diego,San Diego,CA,92115,2006,Subject to Ordinance,,Multifamily Residence,59532,87549,32.75777,-117.08221
101780,5280 Fiore Ter,5280 Fiore Ter,San Diego,San Diego,CA,92122-5643,1992/2019,Subject to Ordinance,,Multifamily Residence,873385,873385,32.87049,-117.20214
101781,Valentia (vt38),5305 Toscana Way,San Diego,San Diego,CA,92122,1993,Subject to Ordinance,,Multifamily Residence,334356,355179,32.86868,-117.20168
101782,Talmadge Submarket,5343 Monroe Ave,San Diego,San Diego,CA,92115,1975,Subject to Ordinance,,Multifamily Residence,66211,104912,32.75887,-117.08057
101783,Arrive Mission Valley - Trinity,5395 Napa St,San Diego,San Diego,CA,92110-2653,2007,Subject to Ordinance,,Multifamily Residence,307332,309668,32.76474,-117.19656
101784,Tierrasanta Ridge Apartment Homes,5410 Repecho Dr,San Diego,San Diego,CA,92124-1704,1978,Subject to Ordinance,,Multifamily Residence,281936,321368,32.83098,-117.11248
101785,5430 University Ave,5430 University Ave,San Diego,San Diego,CA,92105-2357,1974,Subject to Ordinance,,Multifamily Residence,72800,72800,32.74927,-117.07846
101787,5471 Bayview Heights Pl,5471 Bayview Heights Pl,San Diego,San Diego,CA,92105,1971,Subject to Ordinance,,Multifamily Residence,278290,278290,32.72375,-117.0798
101788,Villa Del Sol,5474 Reservoir Dr,San Diego,San Diego,CA,92120-5145,1965,Subject to Ordinance,,Multifamily Residence,193288,157525,32.77502,-117.05743
101789,Vici Luxury Rentals,550 W Date St,San Diego,San Diego,CA,92101-2517,2018,Subject to Ordinance,,Multifamily Residence,139148,137000,32.72322,-117.16784
101790,Greenfield Village Apartments,5540 Ocean Gate Lane,San Diego,San Diego,CA,92154,2008,Subject to Ordinance,,Multifamily Residence,673853,673124,32.57044,-117.01175
101791,Gardens Apartments - Sunrise,5544 Balboa Arms Dr,San Diego,San Diego,CA,92117-5077,1972,Subject to Ordinance,,Multifamily Residence,94938,94938,32.82278,-117.17777
101792,5550 Balboa Arms Dr,5550 Balboa Arms Dr,San Diego,San Diego,CA,92117-5078,1970,Subject to Ordinance,,Multifamily Residence,83465,81192,32.82306,-117.17752
101793,Park Genesee Apartments,5550 Genesee Ct E,San Diego,San Diego,CA,92111,1972,Subject to Ordinance,,Multifamily Residence,96865,108994,32.81376,-117.17802
100563,27814-San Diego / 54th St & Euclid,1925 54th St,San Diego,San Diego,CA,92105,2001,Subject to Ordinance,,Self-Storage Facility,74328,97283,32.72505,-117.08311
101795,5705 Bates St,5705 Bates St,San Diego,San Diego,CA,92115-6420,1954,Subject to Ordinance,,Multifamily Residence,125000,125000,32.746,-117.07452
101796,5728 Bates St,5728 Bates St,San Diego,San Diego,CA,92115,1954,Subject to Ordinance,,Multifamily Residence,60900,60900,32.74731,-117.07371
101797,Colony Village,5757 University Avenue,San Diego,San Diego,CA,92115,1970,Subject to Ordinance,,Multifamily Residence,123352,123352,32.74808,-117.07285
101798,Aquatera,5777 Mission Center Rd,San Diego,San Diego,CA,92108,2015,Subject to Ordinance,,Multifamily Residence,417000,260731,32.7787,-117.15448
101799,5802 University Ave,5802 University Ave,San Diego,San Diego,CA,92115-6250,1955,Subject to Ordinance,,Multifamily Residence,283000,283000,32.74956,-117.07219
101800,5826 Streamview Dr,5826 Streamview Dr,San Diego,San Diego,CA,92105-3967,1970,Subject to Ordinance,,Multifamily Residence,81230,81230,32.74415,-117.07105
101801,5945 Linda Vista Rd,5945 Linda Vista Rd,San Diego,San Diego,CA,92110,2013,Subject to Ordinance,,Multifamily Residence,605568,1113670,32.77068,-117.18679
100567,2087 Hotel Cir S,2087 Hotel Circle South,San Diego,San Diego,CA,92108,1999,Subject to Ordinance,,Hotel,89474,68709,32.7579,-117.1815
101803,600 Front Investments LP,600 Front St,San Diego,San Diego,CA,92101-6730,1986,Subject to Ordinance,,Multifamily Residence,127800,120183,32.71202,-117.16515
100657,4525 La Jolla Village Dr,4525 La Jolla Village Dr,San Diego,San Diego,CA,92122,1977/2017,Subject to Ordinance,,Retail,76000,76000,32.87121,-117.20995
101805,Casa De Flores,601 Blackshaw Lane,San Ysidro,San Diego,CA,92173-2375,1987,Subject to Ordinance,,Multifamily Residence,73955,85598,32.55981,-117.05882
101109,4181 Ruffin Rd,4181 Ruffin Rd,San Diego,San Diego,CA,92123-1819,1987,Subject to Ordinance,,Office,150144,150144,32.81843,-117.12345
101807,605-695 Picador Blvd,605-695 Picador Blvd,San Diego,San Diego,CA,92154,1984,Subject to Ordinance,,Multifamily Residence,60588,86364,32.58335,-117.06174
101808,Market St Square-GK Mgt,606 3rd Ave,San Diego,San Diego,CA,92101,1987,Subject to Ordinance,,Multifamily Residence,173750,139450,32.71202,-117.16243
101809,The Warwick,606 Washington St,San Diego,San Diego,CA,92103-2234,1986,Subject to Ordinance,,Multifamily Residence,92000,56400,32.75032,-117.15945
100684,5215-5255 Lovelock St,5215 Lovelock St,San Diego,San Diego,CA,92110-4012,1980,Subject to Ordinance,,Other - Education,66860,66860,32.76441,-117.20249
101811,6106 Beadnell Way,6106 Beadnell Way,San Diego,San Diego,CA,92117-5033,1979,Subject to Ordinance,,Multifamily Residence,159874,159874,32.82107,-117.17572
101812,6132 Gullstrand St,6132 Gullstrand St,San Diego,San Diego,CA,92122-3824,2014,Subject to Ordinance,,Multifamily Residence,120000,224823,32.84981,-117.19097
101813,Plaza Apartments,6150 El Cajon Blvd,San Diego,San Diego,CA,92115,1989,Subject to Ordinance,,Multifamily Residence,72682,124960,32.76283,-117.0653
101814,6161 Fairmount Ave,6161 Fairmount Ave,San Diego,San Diego,CA,92120,2019,Subject to Ordinance,,Multifamily Residence,101814,349951,32.7859,-117.10124
101815,625 BRdway,625 BRdway,San Diego,San Diego,CA,92101,1926,Subject to Ordinance,,Multifamily Residence,204299,230000,32.71546,-117.15863
101816,6263 Acorn St,6263 Acorn St,San Diego,San Diego,CA,92115-4000,1963,Subject to Ordinance,,Multifamily Residence,135992,135992,32.76034,-117.06317
101817,Prado (pr52),6304 Rancho Mission Rd,San Diego,San Diego,CA,92108,1970,Subject to Ordinance,,Multifamily Residence,262582,239830,32.78723,-117.10949
100693,21908-San Diego / 16th St,560 16th St,San Diego,San Diego,CA,92101,1989,Subject to Ordinance,,Self-Storage Facility,111622,90842,32.71103,-117.14991
100694,5400 Kearny Mesa Rd,5400 Kearny Mesa Rd,San Diego,San Diego,CA,92111-1394,1989,Subject to Ordinance,,,82876,82876,32.83401,-117.14303
101820,635 C St,635 C St,San Diego,San Diego,CA,92101-5318,2000,Subject to Ordinance,,Multifamily Residence,50000,50000,32.71651,-117.15864
101821,Barclay Square (br08),6363 Beadnell Way,San Diego,San Diego,CA,92117,1968,Subject to Ordinance,,Multifamily Residence,471390,230000,32.82064,-117.1732
101822,640 16th St,640 16th St,San Diego,San Diego,CA,92101,1973,Subject to Ordinance,,Multifamily Residence,130000,130000,32.71212,-117.14979
101823,6410 College Grove Dr,6410 College Grove Dr,San Diego,San Diego,CA,92115,2008,Subject to Ordinance,,Multifamily Residence,51500,51750,32.73957,-117.05767
100707,A-1 Self Storage #255,5654 Copley Dr,San Diego,San Diego,CA,92111,1999,Subject to Ordinance,,Non-Refrigerated Warehouse,80000,97920,32.83955,-117.16655
101825,6470 El Cajon Blvd,6470 El Cajon Blvd,San Diego,San Diego,CA,92115-2658,2014,Subject to Ordinance,,Multifamily Residence,136755,136755,32.76594,-117.06006
101826,6520 Beadnell Way,6520 Beadnell Way,San Diego,San Diego,CA,92117,1972,Subject to Ordinance,,Multifamily Residence,55372,55372,32.82123,-117.17236
101827,The Lofts at 655 Sixth,655 6th Ave,San Diego,San Diego,CA,92101,2008,Subject to Ordinance,,Multifamily Residence,103326,99528,32.71206,-117.15895
101828,Village Mission Valley #555,6555 Ambrosia Dr,San Diego,San Diego,CA,92124,1989,Subject to Ordinance,,Multifamily Residence,132341,1410000,32.79504,-117.10648
101829,Penthouse Apartments,6560 Montezuma Rd,San Diego,San Diego,CA,92115,1970,Subject to Ordinance,,Multifamily Residence,92200,120450,32.76957,-117.05772
101830,Dorchester Apartments,6595 Montezuma Rd,San Diego,San Diego,CA,92115,1967,Subject to Ordinance,,Multifamily Residence,106096,118350,32.76862,-117.05727
101832,6650 Linda Vista Rd,6650 Linda Vista Rd,San Diego,San Diego,CA,92111-7370,1971,Subject to Ordinance,,Multifamily Residence,133600,133600,32.77478,-117.17444
101833,6699 Beadnell Way,6699 Beadnell Way,San Diego,San Diego,CA,92117-5125,1999,Subject to Ordinance,,Multifamily Residence,85000,68000,32.82064,-117.17031
101834,The Lofts at 677 Seventh,677 7th Ave,San Diego,San Diego,CA,92101,2008,Subject to Ordinance,,Multifamily Residence,121511,152475,32.71226,-117.15785
101835,6779 Beadnell Way,6779 Beadnell Way,San Diego,San Diego,CA,92117-5153,1964,Subject to Ordinance,,Multifamily Residence,81950,81950,32.82075,-117.16774
101836,The Verge_CO (ms65),6850 Mission Gorge Rd,San Diego,San Diego,CA,92120,2016,Subject to Ordinance,,Multifamily Residence,416458,462000,32.7981,-117.09456
101838,6888 Friars Rd,6888 Friars Rd,San Diego,San Diego,CA,92108,1991,Subject to Ordinance,,Multifamily Residence,99111,73394,32.7693,-117.17154
101839,MARKET St VILLAGE - 29245,699 14TH St,San Diego,San Diego,CA,92101,2006,Subject to Ordinance,,Multifamily Residence,158726,150787,32.71209,-117.15147
101840,7004 -7082 Eastman St,7004 -7082 Eastman St,San Diego,San Diego,CA,92111-6004,1941,Subject to Ordinance,,Multifamily Residence,335000,335000,32.78888,-117.16958
101841,Ariel,701 W Beech st,San Diego,San Diego,CA,92101-2640,2014,Subject to Ordinance,,Multifamily Residence,223100,182696,32.72067,-117.16941
101842,La Jolla Blue,7039 Charmant Dr,San Diego,San Diego,CA,92122,1986,Subject to Ordinance,,Multifamily Residence,249656,248656,32.86308,-117.22876
100734,6875 Consolidated Way,6875 Consolidated Way,San Diego,San Diego,CA,92121-2602,1980,Subject to Ordinance,,Office,121976,72675,32.87703,-117.16668
101844,Apex Mission Valley,7084 Friars Rd,San Diego,San Diego,CA,92108,2008,Subject to Ordinance,,Multifamily Residence,359744,176133,32.77026,-117.16576
101845,7095 Eastman St,"7095 Eastman St, 7105-7120 Eastman St",San Diego,San Diego,CA,92111,1989,Not Subject to Ordinance,"GFA ≤ 50,000 sqft",Multifamily Residence,44131,58016,32.78972,-117.16806
100780,Village at Mira Mesa - Building 5,8170 Mira Mesa Blvd,San Diego,San Diego,CA,92126,2000,Subject to Ordinance,,Retail Store,112926,68000,32.91431,-117.14771
101847,Villa Harvey Mandel,72 17th St,San Diego,San Diego,CA,92101,2003,Subject to Ordinance,,Multifamily Residence,78218,78218,32.70608,-117.14877
101848,CA561_Avalon La Jolla Colony,7205 Charmant Dr,San Diego,San Diego,CA,92122,1987,Subject to Ordinance,,Multifamily Residence,171295,137036,32.86295,-117.22794
101849,7366 Mesa College Dr,7366 Mesa College Dr,San Diego,San Diego,CA,92111,1972,Subject to Ordinance,,Multifamily Residence,57820,66121,32.80269,-117.16169
101850,Golden Age Apartments - Logan,740 S 36th St,San Diego,San Diego,CA,92113-2750,1981,Subject to Ordinance,,Multifamily Residence,57403,57403,32.69859,-117.11807
101851,Mirada Apartments,7568 Charmant Dr,San Diego,San Diego,CA,92122,1987,Subject to Ordinance,,Multifamily Residence,308072,316600,32.86632,-117.22632
101852,7575 Linda Vista Rd,7575 Linda Vista Rd,San Diego,San Diego,CA,92111,1960,Subject to Ordinance,,Multifamily Residence,82327,78355,32.79983,-117.1572
101853,La Regencia (lr021),7689 Palmilla Dr,San Diego,San Diego,CA,92122-4709,1992,Subject to Ordinance,,Multifamily Residence,730726,683450,32.86444,-117.22467
101854,Pacific Point,768 Hollister St,San Diego,San Diego,CA,92154,1986,Subject to Ordinance,,Multifamily Residence,155244,144588,32.5826,-117.08449
101855,Horton 4th Avenue Apartments,808 4th Ave,San Diego,San Diego,CA,92101,1995, Subject to Ordinance,,Multifamily Residence,51317,51317,32.71362,-117.16128
101856,7705-7795 Belden St,7705-7795 Belden St,San Diego,San Diego,CA,92111,1983,Subject to Ordinance,,Multifamily Residence,166882,181944,32.81038,-117.15711
101857,7717 Linda Vista Rd,7717 Linda Vista Rd,San Diego,San Diego,CA,92111-5203,1978,Subject to Ordinance,,Multifamily Residence,134368,134368,32.80329,-117.15638
101858,7720 Belden St,7720 Belden St,San Diego,San Diego,CA,92111,1986,Subject to Ordinance,,Multifamily Residence,67798,61468,32.81122,-117.15642
101859,Vista Terraza I and II,7735 Via Solare,San Diego,San Diego,CA,92129,2006,Subject to Ordinance,,Multifamily Residence,110205,184636,32.96142,-117.15576
101860,7777 Westside Dr,7777 Westside Dr,San Diego,San Diego,CA,92108-1200,2015,Subject to Ordinance,,Multifamily Residence,882560,510602,32.77588,-117.1531
101861,7800 Westside Dr,7800 Westside Dr,San Diego,San Diego,CA,92108,2012,Subject to Ordinance,,Multifamily Residence,282095,510960,32.77684,-117.15202
101862,7830-7870 Wexford Manor,7870 Stalmer St,San Diego,San Diego,CA,92111,1980,Subject to Ordinance,,Multifamily Residence,107086,107086,32.80808,-117.15487
101863,Agave Ridge Townhomes-GK Mgt,7901 Harmarsh St,San Diego,San Diego,CA,92123,1959,Subject to Ordinance,,Multifamily Residence,388000,368575,32.80228,-117.15269
101864,7936 Avenida Navidad,7936 Avenida Navidad,San Diego,San Diego,CA,92122-5408,1985,Subject to Ordinance,,Multifamily Residence,422764,422764,32.86347,-117.20926
101865,Mesa Vista - REMM,7980 Linda Vista Rd,San Diego,San Diego,CA,92111,1977,Subject to Ordinance,,Multifamily Residence,98551,108184,32.80617,-117.15638
101866,The Rey - Whole Building Meters,801 A St,San Diego,San Diego,CA,92101,2016,Subject to Ordinance,,Multifamily Residence,381469,328000,32.71864,-117.15718
101867,8046 Regents Rd,8046 Regents Rd,San Diego,San Diego,CA,92122-1333,,Subject to Ordinance,,Student Housing,477597,477597,32.8654,-117.22298
101868,8148 Genesee Ave,8148 Genesee Ave,San Diego,San Diego,CA,92122,1977,Subject to Ordinance,,Multifamily Residence,156000,99999,32.86517,-117.21384
101869,Vantaggio Suites UNIVERSITY AVE,819 University Ave,San Diego,San Diego,CA,92103,1989,Not Subject to Ordinance,"GFA ≤ 50,000 sqft",Multifamily Residence,43900,140000,32.74799,-117.15654
101870,Harborview #820,820 W. G St,San Diego,San Diego,CA,92101,1992,Subject to Ordinance,,Multifamily Residence,195273,237019,32.71305,-117.17048
101871,8310-8380 Phyllis Pl,8380 Phyllis Pl,San Diego,San Diego,CA,92123,2000,Subject to Ordinance,,Multifamily Residence,57000,57000,32.78449,-117.14918
101872,City View-Greystar,840 17th St,San Diego,San Diego,CA,92101,2000,Subject to Ordinance,,Multifamily Residence,120000,100000,32.7142,-117.14886
101874,Regents Ct,8465 Regents Rd,San Diego,San Diego,CA,92122,2001,Subject to Ordinance,,Multifamily Residence,244361,225854,32.86651,-117.21907
101875,8506 Villa La Jolla,8506 Villa La Jolla,La Jolla,San Diego,CA,92037,1991,Subject to Ordinance,,Multifamily Residence,239498,239498,32.86543,-117.23556
101876,Corsair,8583 Aero Dr,San Diego,San Diego,CA,92123-1722,2015,Subject to Ordinance,,Multifamily Residence,527781,751468,32.80907,-117.14345
100823,9326-9330 Mira Mesa Blvd,9326 Mira Mesa Blvd,San Diego,San Diego,CA,92126-4817,1975,Subject to Ordinance,,Other - Mall,73514,73514,32.9183,-117.12339
101878,Costa Verde North Village,8720 Costa Verde Blvd,San Diego,San Diego,CA,92122,2002,Subject to Ordinance,,Multifamily Residence,810053,1352079,32.86822,-117.21721
101879,Vive on the Park,8725 Ariva Ct,San Diego,San Diego,CA,92123-2237,2017,Subject to Ordinance,,Multifamily Residence,569393,360800,32.82697,-117.14012
101880,The Towers at Costa Verde - tw024,8775 Costa Verde Blvd,San Diego,San Diego,CA,92122,2005,Subject to Ordinance,,Multifamily Residence,855964,703231,32.87022,-117.21575
101881,Domain San Diego-Magnolia,8798 Spectrum Center Blvd,San Diego,San Diego,CA,92123,2012,Subject to Ordinance,,Multifamily Residence,449962,363858,32.82664,-117.13819
101882,Palisade - Greystar,8800 LOMBARD PL,San Diego,San Diego,CA,92122-1637,2019,Subject to Ordinance,,Multifamily Residence,393164,300000,32.86776,-117.21208
101883,Avion at Spectrum-Prime Group,8811 Spectrum Center Blvd,San Diego,San Diego,CA,92123,2002,Subject to Ordinance,,Multifamily Residence,488156,421828,32.8262,-117.13745
101884,Torrey Pines Village - Sunrise,8939 Lombard Pl,San Diego,San Diego,CA,92122-6302,1979,Subject to Ordinance,,Multifamily Residence,137474,137474,32.86766,-117.21128
101885,IDEA1 Apartments,895 Park Blvd,San Diego,San Diego,CA,92101,2017,Subject to Ordinance,,Multifamily Residence,381144,223293,32.71437,-117.15351
101886,900 F St Apartments,900 F St,San Diego,San Diego,CA,92101,2002,Subject to Ordinance,,Multifamily Residence,82162,82162,32.71406,-117.15607
101887,Peachtree Inn,901 F St,San Diego,San Diego,CA,92101-6515,1990,Subject to Ordinance,,Multifamily Residence,58520,58520,32.7134,-117.15606
101888,Columbia Tower-GK Management,904 State St,San Diego,San Diego,CA,92101,1984,Subject to Ordinance,,Multifamily Residence,95025,99999,32.71489,-117.16681
101889,9065 Sydney Ct,9065 Sydney Ct,San Diego,San Diego,CA,92122-1626,2016,Subject to Ordinance,,Multifamily Residence,308905,247200,32.87343,-117.2021
100910,10933 North Torrey Pines Rd,10933 N Torrey Pines Rd,La Jolla,San Diego,CA,92037-1044,1962,Subject to Ordinance,,Laboratory,107709,117000,32.90306,-117.2418
101013,1865 Hotel Cir S,1865 Hotel Cir S,San Diego,San Diego,CA,92108-3319,2003/2011,Subject to Ordinance,,Multifamily Residence,189252,189252,32.75777,-117.17995
101894,Regents La Jolla,9253 Regents Rd,La Jolla,San Diego,CA,92037-1479,2000,Subject to Ordinance,,Parking,250423,827980,32.87432,-117.21799
101895,Celadon at 9th & BRdway,929 9th Ave,San Diego,San Diego,CA,92101-6414,2015,Subject to Ordinance,,Multifamily Residence,231663,230000,32.71511,-117.15625
101896,Trolley Ct,940 Park Blvd,San Diego,San Diego,CA,92101-6529,1989, Subject to Ordinance,,Multifamily Residence,90000,90000,32.71518,-117.15405
101898,La Jolla Canyon (lj000),9515 Genessee Ave,San Diego,San Diego,CA,92121,1976,Subject to Ordinance,,Multifamily Residence,103200,103860,32.87851,-117.21324
101028,2245 Hotel Circle S,2245 Hotel Circle S,San Diego,San Diego,CA,92108,1929,Subject to Ordinance,,Self-Storage Facility,99999,108412,32.75884,-117.18386
101900,9865 Erma Rd,9865 Erma Rd,San Diego,San Diego,CA,92131-1002,2013,Subject to Ordinance,,Multifamily Residence,104310,104310,32.91939,-117.11393
101031,2310 Via Tercero,2310 Via Tercero,San Ysidro,San Diego,CA,92173,1989,Subject to Ordinance,,Self-Storage Facility,92397,175683,32.55422,-117.05466
101902,Scripps Landing Apartment Homes,9970 Erma Rd,San Diego,San Diego,CA,92131,1986,Subject to Ordinance,,Multifamily Residence,131300,130000,32.91965,-117.11289
101903,2420 Cardinal Dr,2420 Cardinal Dr,San Diego,San Diego,CA,92123-4104,1980,Subject to Ordinance,,Multifamily Residence,220000,220000,32.78841,-117.15833
101904,Paradise Point Resort & Spa,1404 W Vacation Rd,San Diego,San Diego,CA,92109,1962,Subject to Ordinance,,Hotel,275000,,32.77504,-117.23778
101057,3075 Health Center Dr,3075 Health Center Dr,San Diego,San Diego,CA,92123-2773,2003,Subject to Ordinance,,Commercial,128733,128733,32.79936,-117.15464
101906,Vons - 2495 Truxton Rd. Bldg 28,2495 Truxton Rd. Bldg 28,San Diego,San Diego,CA,92106,2007,Subject to Ordinance,,Supermarket/Grocery Store,52420,52420,32.73712,-117.21589
101908,3860 Murphy Canyon Rd.,3860 Murphy Canyon Rd.,San Diego,San Diego,CA,92123,2002,Subject to Ordinance,,Hotel,57673,57673,32.81338,-117.11716
101909,9880 Pacific Heights Blvd,9880 Pacific Heights Blvd,San Diego,San Diego,CA,92121,1998,Subject to Ordinance,,Hotel,65219,65219,32.89852,-117.19031
101113,La Jolla Executive Tower,4225 Executive Sq,La Jolla,San Diego,CA,92037,1989,Subject to Ordinance,,Office,268407,260162,32.87378,-117.21571
101911,57424-Carmel Mtn Ranch Residence Inn,11002 Rancho Carmel Dr,San Diego,San Diego,CA,92128,1990,Subject to Ordinance,,Hotel,82142,,32.97707,-117.08398
101229,04440 - Fashion Valley 18,7037 Friars Rd,San Diego,San Diego,CA,92108,2000,Subject to Ordinance,,Movie Theater,51610,210000,32.76948,-117.16801
101254,Vista Balboa Center,7715 Balboa Ave,San Diego,San Diego,CA,92111,1970,Subject to Ordinance,,Fitness Center/Health Club/Gym,117410,105210,32.82071,-117.1578
101914,1725 Dornoch Ct,1725 Dornoch Ct,San Diego,San Diego,CA,92154,1988,Not Subject to Ordinance,GFA > 50% lab Manufacturing Industrial,Warehouse,111000,111000,32.5668,-116.93747
101916,8766 Navajo Rd,8766 Navajo Rd,San Diego,San Diego,CA,92119,1980,Subject to Ordinance,,Strip Mall,125661,125661,32.80419,-117.00757
101917,2350 6th Ave,2350 6th Ave,San Diego,San Diego,CA,92101,1968,Subject to Ordinance,,Multifamily Residence,135735,135804,32.73014,-117.15968
101918,Sofi Canyon Hills,9870 Mercy Rd,San Diego,San Diego,CA,92129,1991,Subject to Ordinance,,Multifamily Residence,139460,,32.93866,-117.11447
101920,Sofi Highlands,11600 Compass Point Dr N,San Diego,San Diego,CA,92126,1995,Subject to Ordinance,,Multifamily Residence,200935,,32.93021,-117.12476
101921,Sofi Westview,11760 Westview Pkwy,San Diego,San Diego,CA,92126,1995,Subject to Ordinance,,Multifamily Residence,216440,,32.93083,-117.12496
101923,7926-Las Americas Premium Outlets,4211 Camino de la Plaza,San Diego,San Diego,CA,92173,2000,Subject to Ordinance,,Lifestyle Center,543503,,32.54392,-117.04313
101114,4240-4380 Kearny Mesa Rd-Hawthorne Crossing,4240 Kearny Mesa Rd,San Diego,San Diego,CA,92111-3732,1980,Subject to Ordinance,,Strip Mall,141288,133422,32.81775,-117.14968
101310,916 Northpoint Dr,916 Northpoint Dr,La Jolla,San Diego,CA,92093,,Subject to Ordinance,,Specialty,237900,237900,32.88867,-117.24223
101930,11545 W Bernardo Ct,11545 W Bernardo Ct,San Diego,San Diego,CA,92127-1629,1987/1998,Not Subject to Ordinance,"GFA ≤ 50,000 sqft",Office,48027,48027,33.01979,-117.08229
101343,SDGE SDTC Bldg 3 - 9725 Scranton Rd,9725 Scranton Rd,San Diego,San Diego,CA,92121,1986,Subject to Ordinance,,Data Center,51058,102008,32.89702,-117.2011
101933,1666 Rosecrans St,1666 Rosecrans St,San Diego,San Diego,CA,92106,1953,Not Subject to Ordinance,"GFA ≤ 50,000 sqft",Supermarket/Grocery Store,29482,29482,32.7286,-117.22689
101934,3011 Alta View Dr,3011 Alta View Dr,San Diego,San Diego,CA,92139,1983,Not Subject to Ordinance,"GFA ≤ 50,000 sqft",Supermarket/Grocery Store,40837,40837,32.67656,-117.03858
101935,5120 Shoreham Pl,5120 Shoreham Pl,San Diego,San Diego,CA,92122-5959,1984,Not Subject to Ordinance,"GFA ≤ 50,000 sqft",Office,38840,38840,32.85322,-117.18618
101936,6670 Montezuma Rd,6670 Montezuma Rd,San Diego,San Diego,CA,92115,1997,Not Subject to Ordinance,"GFA ≤ 50,000 sqft",Supermarket/Grocery Store,45000,45000,32.76952,-117.05424
101938,9265 Skypark Ct,9265 Sky Park Ct,San Diego,San Diego,CA,92123,1983,Not Subject to Ordinance,"GFA ≤ 50,000 sqft",Office,44020,44020,32.81446,-117.12736
101939,National University Testing Services,"9393 Lightwave Ave, STE  233",San Diego,San Diego,CA,92123,2000,Not Subject to Ordinance,"GFA ≤ 50,000 sqft",Library-University,41426,41426,32.82823,-117.12723
101944,1450 El Prado,1450 El Prado,San Diego,San Diego,CA,92101-1618,1926,Subject to Ordinance,,Museum,98121,98121,32.73217,-117.15029
101947,Macy's Fashion Valley,7017 Friars Rd,San Diego,San Diego,CA,92108,1969,Subject to Ordinance,,Retail Store,204022,51610,32.76732,-117.16741
101948,Blvd 63 Apartments,6345 El Cajon Blvd,San Diego,San Diego,CA,92115,2014,Subject to Ordinance,,Multifamily Residence,582783,564272,32.76389,-117.06195
101393,3402 Pacific Hwy,3402 Pacific Hwy,San Diego,San Diego,CA,92101,2016,Subject to Ordinance,,Parking,2000000,2000000,32.73726,-117.18081
101950,Mesa Village - REMM,11355 Zapata Ave,San Diego,San Diego,CA,92126,1979,Subject to Ordinance,,Multifamily Residence,104480,97136,32.92672,-117.14171
101406,Costco #0400 SD Regional Office,4649 Morena Blvd,San Diego,San Diego,CA,92117,1976,Subject to Ordinance,,Office,50167,431328,32.8234,-117.22598
101408,Otay Mesa MOB Campus,4660 Palm Ave.,San Diego,San Diego,CA,92154,1990,Subject to Ordinance,,Medical Office,262091,325923,32.58582,-117.03288
101955,Watermark II,10159 Scripps Gateway Ct,San Diego,San Diego,CA,92131,2018,Subject to Ordinance,,Office,158000,158995,32.93409,-117.10876
101443,Prebys Cardiovascular Institute,"9896 Genesee Ave, Prebys Cardiovascular Institute",La Jolla,San Diego,CA,92037-1205,2014,Subject to Ordinance,,Hospital (General Medical & Surgical),404550,383000,32.88558,-117.22495
101957,6466-6596 Friars Rd,6466-6596 Friars Rd,San Diego,San Diego,CA,92108,1974,Subject to Ordinance,,Multifamily Residence,126700,126700,32.76786,-117.17649
101459,Navajo Shopping Center,8650 Lake Murray Blvd,San Diego,San Diego,CA,92119,1997,Subject to Ordinance,,Strip Mall,102227,83029,32.80167,-117.01319
101959,Meadowbrook: Meadowbrook,7844 Paradise Valley Rd,San Diego,San Diego,CA,92139,1979,Subject to Ordinance,,Multifamily Residence,416065,408451,32.69847,-117.02973
101460,225 Cedar St,225 Cedar St,San Diego,San Diego,CA,92101,1964,Not Subject to Ordinance,"GFA ≤ 50,000 sqft",Office,26748,26748,32.72173,-117.16251
101464,BMR-9885 Towne Centre LP-BLDG A ,9885 Towne Centre Dr,San Diego,San Diego,CA,92121-1975,2001,Not Subject to Ordinance,"GFA ≤ 50,000 sqft",Mixed Use Property,46250,46250,32.88736,-117.21592
101519,The Crossings Apartments (th92),13533 Zinnia Hills Pl,San Diego,San Diego,CA,92130,2006,Subject to Ordinance,,Multifamily Residence,165135,109821,32.96593,-117.18501
101964,The Casas,"10802 Camino Ruiz, STE  B",San Diego,San Diego,CA,92126,1981,Subject to Ordinance,,Multifamily Residence,229718,345000,32.91682,-117.14442
101965,Navajo Bluffs,6575 Jaffe Ct,San Diego,San Diego,CA,92119,1973,Subject to Ordinance,,Multifamily Residence,135647,178500,32.80212,-117.00857
101966,Hollister Creek Village,945 Hollister St,San Diego,San Diego,CA,92154,1986,Not Subject to Ordinance,"GFA ≤ 50,000 sqft",Multifamily Residence,45862,46000,32.57904,-117.0835
101967,MONTIERRA (CA) - 29182,9904 KIKA Ct,San Diego,San Diego,CA,92129,1990,Subject to Ordinance,,Multifamily Residence,287982,290188,32.94157,-117.11381
101968,52739780201 - San Diego CA Temple,7474 Charmant Dr,San Diego,San Diego,CA,92122,2000,Subject to Ordinance,,Worship Facility,72000,72000,32.86582,-117.22872
101969,6317-6357 Imperial Ave,6317-6357 Imperial Ave,San Diego,San Diego,CA,92114,2019,Subject to Ordinance,,Multifamily Residence,125615,125615,32.70978,-117.06152
101541,Imperial Pacific Village,1533 Saturn Blvd,San Diego,San Diego,CA,92154,1970,Subject to Ordinance,,Multifamily Residence,231446,243000,32.56948,-117.09165
101551,Cedar Gateway: Cedar Gateway,1612 6th Avenue,San Diego,San Diego,CA,92101,2012,Subject to Ordinance,,Multifamily Residence,105367,104976,32.72224,-117.15957
101561,178 W Calle Primera,178 W Calle Primera,San Ysidro,San Diego,CA,92173,1984,Subject to Ordinance,,Multifamily Residence,84180,108680,32.55054,-117.04762
101575,Island Inn,202 Island Ave,San Diego,San Diego,CA,92101-6826,1990,Subject to Ordinance,,Storefront/Residential,91952,91952,32.71079,-117.16223
101579,2052 Via Las Cumbres,2052 Via Las Cumbres,San Diego,San Diego,CA,92111-6804,1984,Subject to Ordinance,,Multifamily Residence,99166,75000,32.77933,-117.17956
101982,Diplomat Apartments,6621 Montezuma Rd,San Diego,San Diego,CA,92115,1981,Subject to Ordinance,,Multifamily Residence,51776,51776,32.76857,-117.05662
101983,4516 Mission Blvd,4516 Mission Blvd,San Diego,San Diego,CA,92109,1997,Not Subject to Ordinance,"GFA ≤ 50,000 sqft",Retail,21618,21618,32.79681,-117.25599
101984,Scripps Research Institute,10666 N. Torrey Pines Rd,San Diego,San Diego,CA,92037,1974, Subject to Ordinance,,Hospital (General Medical & Surgical),443604,443604,32.8965,-117.24263
101985,DeepSea Power & Light,4033 Ruffin Rd,San Diego,San Diego,CA,92123,1970,Not Subject to Ordinance,"GFA ≤ 50,000 sqft",Warehouse,34875,34875,32.81601,-117.12243
101596,Grove Terrace,2361 Grove Avenue,San Diego,San Diego,CA,92154,1977,Subject to Ordinance,,Multifamily Residence,71567,,32.57155,-117.08251
101598,2389 5th Ave,2389 5th Ave,San Diego,San Diego,CA,92101-1610,,Subject to Ordinance,,,117480,117480,32.73011,-117.16006
101600,Tower 180,1010 Second Ave,San Diego,San Diego,CA,92101,1963,Subject to Ordinance,,Office,346343,345016,32.71626,-117.16319
101994,9880 Campus Point Dr,9880 Campus Pt Dr,San Diego,San Diego,CA,92121,2019,Subject to Ordinance,,Mixed Use Property,98282,,32.88538,-117.22141
101603,5295 Kona Springs Ln,5295 Kona Springs Ln,San Diego,San Diego,CA,92120,2009,Subject to Ordinance,,Multifamily Residence,146990,176586,32.78192,-117.08571
101996,Creek View Rental Condominiums (ck77),12389 Creekview Dr,San Diego,San Diego,CA,92128,2005,Subject to Ordinance,,Multifamily Residence,156000,,32.94401,-117.08976
101998,Evening Creek Rental Condominiums (vc60),10918 Evening Creek Dr E,San Diego,San Diego,CA,92128,2005,Subject to Ordinance,,Multifamily Residence,161405,,32.96254,-117.09031
101604,260 Cottonwood Rd,260 Cottonwood Rd,San Ysidro,San Diego,CA,92173,1970,Subject to Ordinance,,Multifamily Residence,111200,111200,32.55639,-117.04771
102001,Victoria at Comm 22 (TCAC),690 Beardsley St,San Diego,San Diego,CA,92113,2015,Subject to Ordinance,,Multifamily Residence,60850,60850,32.70468,-117.14458
102006,1420 Kettner,1420 Kettner Blvd,San Diego,San Diego,CA,92101,1985,Subject to Ordinance,,Office,119409,,32.72017,-117.16958
102007,15095 Via Hondonado,15095 Via Hondonado,San Diego,San Diego,CA,92129,1970,Subject to Ordinance,,Multifamily Residence,223552,,32.98849,-117.09025
102008,3865 Rosecrans St,3865 Rosecrans St,San Diego,San Diego,CA,92110,1980,Subject to Ordinance,,Multifamily Residence,83620,,32.75389,-117.20178
101605,2625 Le Hardy St,2625 Le Hardy St,San Diego,San Diego,CA,92136-5182,,Subject to Ordinance,,Multifamily Residence,700000,700000,32.69195,-117.12988
102011,4275 El Cajon Blvd,4275 El Cajon Blvd,San Diego,San Diego,CA,92105,1946,Not Subject to Ordinance,"GFA ≤ 50,000 sqft",Office,26688,,32.75484,-117.10263
102012,4283 El Cajon Blvd,4283 El Cajon Blvd,San Diego,San Diego,CA,92105,1946,Subject to Ordinance,,Office,57136,,32.75484,-117.10218
102014,4835 Pacific Hwy,4835 Pacific Hwy,San Diego,San Diego,CA,92110,1980,Subject to Ordinance,,Multifamily Residence,76821,,32.76004,-117.20187
102015,4955 Ruffner St,4955 Ruffner St,San Diego,San Diego,CA,92111,1980,Subject to Ordinance,,Manufacturing/ Industrial/ Lab,55321,,32.8318,-117.15861
101631,3250 Transmitter Rd,3250 Transmitter Rd,San Diego,San Diego,CA,92115-8254,,Subject to Ordinance,,Multifamily Residence,494250,494250,32.73987,-117.06386
102017,5450 Kearny Mesa Rd,5450 Kearny Mesa Rd,San Diego,San Diego,CA,92111,1980,Subject to Ordinance,,Self-Storage Facility,67362,,32.83554,-117.14182
102021,6155 El Cajon Blvd,6155 El Cajon Blvd,San Diego,San Diego,CA,92115,1992,Not Subject to Ordinance,"GFA ≤ 50,000 sqft",Supermarket/Grocery Store,49546,,32.76086,-117.06494
102025,8520 Tech Way,8520 Tech Way,San Diego,San Diego,CA,92123,2001,Not Subject to Ordinance,"GFA ≤ 50,000 sqft",Office,44000,,32.82577,-117.14342
102026,901 Liberty Station,2280 Historic Decatur Rd,San Diego,San Diego,CA,92106,2005,Subject to Ordinance,,Office,50568,,32.73411,-117.21753
101635,BRdstone Balboa Park,3288 5th Avenue,San Diego,San Diego,CA,92103,2015,Subject to Ordinance,,Multifamily Residence,167000,80000,32.73939,-117.16062
102028,A Storage Place Del Sol,3070 Del Sol Blvd,San Diego,San Diego,CA,92154,2017,Subject to Ordinance,,Self-Storage Facility,81253,,32.57422,-117.06751
102031,Aztec Lofts,6159 Montezuma Rd,San Diego,San Diego,CA,92115,1962,Not Subject to Ordinance,"GFA ≤ 50,000 sqft",Multifamily Residence,41000,,32.76842,-117.05613
102032,Ballpark Place Apartments,229 16th St,San Diego,San Diego,CA,92101,1992,Not Subject to Ordinance,"GFA ≤ 50,000 sqft",Multifamily Residence,46151,,32.70783,-117.14899
102033,BFD- 7702,7702 Saint Andrews Ave,San Diego,San Diego,CA,92154,2005,Not Subject to Ordinance,"GFA ≤ 50,000 sqft",Distribution Center,49200,,32.5665,-116.97457
102034,Campus Plaza (Grocery),6083 El Cajon Blvd,San Diego,San Diego,CA,92115,1992,Subject to Ordinance,,Strip Mall,112255,,32.76126,-117.06664
102035,Campus Village,5925 El Cajon Blvd,San Diego,San Diego,CA,92115,1986,Subject to Ordinance,,Multifamily Residence,52000,,32.75925,-117.06935
101654,Del Sol Apartments (dl038),3690 Del Sol Blvd,San Diego,San Diego,CA,92154,1973,Subject to Ordinance,,Multifamily Residence,78700,83700,32.75048,-117.21816
102039,Del Mar Highlands Town Center (12955 - 3525),12955 El Camino Real,San Diego,San Diego,CA,92130,2002,Subject to Ordinance,,Strip Mall,98583,,32.95234,-117.23187
102040,Del Rio #2116,2116 Fenton Pkwy,San Diego,San Diego,CA,92108,2000,Subject to Ordinance,,Multifamily Residence,53479,,32.77887,-117.12815
101676,Del Prado Apartments,3878 Beyer Blvd,San Ysidro,San Diego,CA,92173,2000,Subject to Ordinance,,Multifamily Residence,53728,53728,32.56045,-117.05139
101683,391 Sycamore Rd,391 Sycamore Rd,San Ysidro,San Diego,CA,92173,1985,Subject to Ordinance,,Multifamily Residence,74980,74980,32.54756,-117.04556
101695,4038 Brant St,4038 Brant St,San Diego,San Diego,CA,92103-1973,,Subject to Ordinance,,,60000,60000,32.75076,-117.16753
101712,4158 Decoro St,4158 Decoro St,San Diego,San Diego,CA,92122-1419,1976,Subject to Ordinance,,Multifamily Residence,68000,55520,32.86436,-117.21516
101713,Nightingale Apartments,4175 Bachman Pl,San Diego,San Diego,CA,92103,1964,Not Subject to Ordinance,"GFA ≤ 50,000 sqft",Multifamily Residence,38229,70000,32.75322,-117.16293
101714,4178 Decoro St,4178 Decoro St,San Diego,San Diego,CA,92122-1403,1976,Subject to Ordinance,,Multifamily Residence,92000,140600,32.86491,-117.21518
101742,4531 Logan Ave,4531 Logan Ave,San Diego,San Diego,CA,92113,1959,Subject to Ordinance,,Multifamily Residence,131600,121500,32.6963,-117.0964
101794,College Campanile Apartments,5691 Montezuma Rd,San Diego,San Diego,CA,92115,1963,Subject to Ordinance,,Multifamily Residence,72875,66634,32.77048,-117.07384
101802,Park La Jolla Apartments,610 Carla Way,La Jolla,San Diego,CA,92037,1950,Subject to Ordinance,,Multifamily Residence,178000,178000,32.80983,-117.26329
102050,Del Rio #2420,2420 Fenton Pkwy,San Diego,San Diego,CA,92108,2000,Subject to Ordinance,,Multifamily Residence,53479,,32.77976,-117.13292
101810,University City Village,6102 Gullstrand St,San Diego,San Diego,CA,92122-3824,2007,Subject to Ordinance,,Multifamily Residence,175000,233916,32.8497,-117.19104
102052,Elivia Apartments,5385 Clairemont Mesa Blvd,San Diego,San Diego,CA,92117,1959,Not Subject to Ordinance,"GFA ≤ 50,000 sqft",Multifamily Residence,36000,,32.83405,-117.17602
101824,CentrePointe - Essex (cn378),6540 Friars Rd,San Diego,San Diego,CA,92108,1974,Subject to Ordinance,,Multifamily Residence,130075,126700,32.7675,-117.17757
102054,Esprit Villas,9830 Reagan Rd,San Diego,San Diego,CA,92126,1986,Subject to Ordinance,,Multifamily Residence,91900,,32.90976,-117.14744
101843,The Lofts at 707 Tenth,707 Tenth Ave,San Diego,San Diego,CA,92101,2008,Subject to Ordinance,,Multifamily Residence,180724,171700,32.71291,-117.15513
102058,Holiday Inn Bayside,4875 North Harbor Dr,San DIego,San Diego,CA,92106,1966,Subject to Ordinance,,Hotel,200000,,32.72619,-117.22388
101877,Village Square,8683 Via Mallorca,La Jolla,San Diego,CA,92037-2540,1979,Subject to Ordinance,,Multifamily Residence,66500,65120,32.86484,-117.23316
102061,Hotel Z,521 6th Ave,San Diego,San Diego,CA,92101,1988,Not Subject to Ordinance,"GFA ≤ 50,000 sqft",Hotel,40752,,32.71078,-117.15892
101890,9072 Gramercy Dr,9072 Gramercy Dr,San Diego,San Diego,CA,92123-2390,1979,Subject to Ordinance,,Multifamily Residence,158870,158870,32.80269,-117.13351
102063,Inn at the Park,525 Spruce St,San Diego,San Diego,CA,92103,1980,Subject to Ordinance,,Multifamily Residence,81000,,32.73842,-117.15986
102064,JH Business Park,"8148 Ronson Rd, Ste J",San Diego,San Diego,CA,92111,1979,Subject to Ordinance,,Office,105260,,32.82958,-117.147
102067,Legacy Apartments,9320 Hillery Dr,San Diego,San Diego,CA,92126,2020,Subject to Ordinance,,Multifamily Residence,388538,,32.91376,-117.11862
101893,910 C St,910 C St,San Diego,San Diego,CA,92101,1990,Subject to Ordinance,,Multifamily Residence,142884,142884,32.71624,-117.15607
101897,945-969 Market St,969 Market St,San Diego,San Diego,CA,92101,2010,Subject to Ordinance,,Multifamily Residence,262506,279887,32.71129,-117.15604
101899,Canyon Park - Sunrise,9555 Genesee Ave,San Diego,San Diego,CA,92121,1978,Subject to Ordinance,,Multifamily Residence,165000,165000,32.87939,-117.21434
102069,Luna at Pacific Highlands Ranch,6041 Village Way,San Diego,San Diego,CA,92130,2018,Subject to Ordinance,,Multifamily Residence,63894,63894,32.9627,-117.18802
102074,Ryan Plaza,11943 El Camino Real,San Diego,San Diego,CA,92130,2005,Not Subject to Ordinance,"GFA ≤ 50,000 sqft",Medical Office,34600,,32.93623,-117.23718
102075,Sagewood at stonebridge,16217 Stonebridge Pkwy,San Diego,San Diego,CA,92131,2006,Subject to Ordinance,,Multifamily Residence,360241,,32.98849,-117.09025
101901,9925 Bruckart Sq,9925 Bruckart Sq,San Diego,San Diego,CA,92131,,Subject to Ordinance,,Multifamily Residence,170174,170174,32.89995,-117.09425
101905,Providence Chesapeake,9573 Chesapeake Dr,San Diego,San Diego,CA,92123,1985,Subject to Ordinance,,Office,51464,,32.83423,-117.1249
101910,Manchester Financial Building,"7979 Ivanhoe Ave, STE  250",La Jolla,San Diego,CA,92037,1974,Subject to Ordinance,,Office,78540,88540,32.84869,-117.27216
102081,The Oberlin,5897 Oberlin Dr,San Diego,San Diego,CA,92121,2017,Subject to Ordinance,,Manufacturing/ Industrial/ Lab,60551,,32.89606,-117.19197
102083,Torrey Garden Hills,10615 Calle Mar de Mariposa,San Diego,San Diego,CA,92130,2013,Subject to Ordinance,,Multifamily Residence,520896,,32.9134,-117.22718
102084,Torrey Pines (3333),3333 N Torrey Pines Ct,La Jolla,San Diego,CA,92037,1977,Not Subject to Ordinance,"GFA ≤ 50,000 sqft",Office,46478,,32.89212,-117.24246
102085,Torrey Pines (10350),10350 N Torrey Pines Rd,La Jolla,San Diego,CA,92037,1977,Not Subject to Ordinance,"GFA ≤ 50,000 sqft",Office,39678,39678,32.89149,-117.24173
102086,Torrey Pines (3344),3344 N Torrey Pines Ct,La Jolla,San Diego,CA,92037,1977,Not Subject to Ordinance,"GFA ≤ 50,000 sqft",Office,46193,46193,32.89385,-117.24281
102087,Torrey Pines (3366),3366 N Torrey Pines Ct,La Jolla,San Diego,CA,92037,1977,Not Subject to Ordinance,"GFA ≤ 50,000 sqft",Office,38167,38167,32.89359,-117.24163
101912,Cielo Carmel I,5035 Camino Andorra,San Diego,San Diego,CA,92130,2016,Subject to Ordinance,,Multifamily Residence,95121,95121,32.95635,-117.19309
102089,Village at Mira Mesa - Building 1,8310 Mira Mesa Blvd,San Diego,San Diego,CA,92126,2000,Subject to Ordinance,,Retail Store,67222,,32.91527,-117.14494
102090,Village at Mira Mesa - Building 3,8260 Mira Mesa Blvd,San Diego,San Diego,CA,92126,2000,Subject to Ordinance,,Retail Store,86026,,32.91416,-117.146
102091,Village at Mira Mesa - Building 4,8290 Mira Mesa Blvd,San Diego,San Diego,CA,92126,2000,Subject to Ordinance,,Retail Store,53837,,32.91506,-117.14606
101913,College Terrace,3960 58th St,San Diego,San Diego,CA,92115,1954,Subject to Ordinance,,Multifamily Residence,96616,,32.74742,-117.07157
101928,3385 Elm St,3385 Elm St,San Diego,San Diego,CA,92102,,Not Subject to Ordinance,"GFA ≤ 50,000 sqft",Multifamily Residence,28428,28428,32.72455,-117.1211
101932,15073 Avenue of Science,15073 Avenue of Science,San Diego,San Diego,CA,92128,2000,Subject to Ordinance,,Office,120759,120759,32.99133,-117.08025
101949,Summit Park Village - Essex,6460 Lake Arrowhead Dr,San Diego,San Diego,CA,92119,1972,Subject to Ordinance,,Multifamily Residence,255036,229400,32.79879,-117.01228
101952,Scripps La Jolla - Parking A,9886 GENESEE AVE,La Jolla,San Diego,CA,92037,1986,Subject to Ordinance,,Hospital (General Medical & Surgical),274748,274748,32.88338,-117.22182
101954,Iconic on Alvarado,6625 Alvarado Rd,San Diego,San Diego,CA,92120,2011,Subject to Ordinance,,Multifamily Residence,391987,299667,32.77714,-117.05775
101956,10360 Maya Linda Rd,10360 Maya Linda Rd,San Diego,San Diego,CA,92126,1982,Subject to Ordinance,,Multifamily Residence,264847,262600,32.90656,-117.11723
101958,10752-10776 Scripps Ranch Blvd,10776 Scripps Ranch Blvd,San Diego,San Diego,CA,92131,2002,Subject to Ordinance,,Multifamily Residence,211303,207052,32.91505,-117.11166
101961,Ryan Learning Center-College/University,"3900 Lomaland Dr,Ryan Learning Center",San Diego,San Diego,CA,92106,1970,Subject to Ordinance,,Library-University,66500,66500,32.71712,-117.25102
101962,Nease Hall-College/University,"3900 Lomaland Dr, Nease Hall",San Diego,San Diego,CA,92106,1970,Subject to Ordinance,,Student Housing,87621,87621,32.71663,-117.25099
102102,Villas of Renaissance #01,5215 Fiore Terrace,San Diego,San Diego,CA,92122,1992,Subject to Ordinance,,Multifamily Residence,91101,,32.86972,-117.20394
102103,Villas of Renaissance #02,5205 Fiore Terrace,San Diego,San Diego,CA,92122,1992,Subject to Ordinance,,Multifamily Residence,92424,,32.86972,-117.20394
102104,Villas of Renaissance #03,5235 Fiore Terrace,San Diego,San Diego,CA,92122,1992,Subject to Ordinance,,Multifamily Residence,92166,,32.86993,-117.20311
102105,Villas of Renaissance #04,5225 Fiore Terrace,San Diego,San Diego,CA,92122,1992,Subject to Ordinance,,Multifamily Residence,92524,,32.86993,-117.20311
101963,Mission Valley Campus-College/University,4007 Camino Del Rio S,San Diego,San Diego,CA,92108,1973,Subject to Ordinance,,Private University,53248,53248,32.77787,-117.10628
101974,AIRWAY TRADE CENTER,2235 AVENIDA COSTA ESTE ,San Diego,San Diego,CA,92154,1987,Not Subject to Ordinance,"GFA ≤ 50,000 sqft",Manufacturing,46572,46800,32.55935,-116.96006
101990,Scripps Green Rad Onc,10670 JOHN JAY HOPKINS DR,San Diego,San Diego,CA,92121,2010,Not Subject to Ordinance,"GFA ≤ 50,000 sqft",Other,45531,,32.89664,-117.23988
101991,Scripps Mercy SD - Hospital,4077 5TH AVE,San Diego,San Diego,CA,92103,1963,Subject to Ordinance,,Hospital (General Medical & Surgical),521805,,32.75101,-117.16061
102110,Villas of Renaissance #09,5260 Fiore Terrace,San Diego,San Diego,CA,92122,1992,Subject to Ordinance,,Multifamily Residence,80367,,32.87089,-117.20276
102111,Villas of Renaissance #10,5240 Fiore Terrace,San Diego,San Diego,CA,92122,1992,Subject to Ordinance,,Multifamily Residence,92524,,32.87108,-117.2033
102112,Villas of Renaissance #11,5230 Fiore Terrace,San Diego,San Diego,CA,92122,1992,Subject to Ordinance,,Multifamily Residence,92524,,32.87087,-117.20368
102113,Villas of Renaissance #12,5210 Fiore Terrace,San Diego,San Diego,CA,92122,1992,Subject to Ordinance,,Multifamily Residence,74147,,32.87064,-117.2045
102114,Villas of Renaissance #13,5220 Fiore Terrace,San Diego,San Diego,CA,92122,1992,Subject to Ordinance,,Multifamily Residence,72367,,32.87042,-117.20423
102115,Westgate Hotel,1055 2nd Ave,San Diego,San Diego,CA,92101,1970,Subject to Ordinance,,Hotel,250000,,32.71635,-117.1626
101992,Scripps Mercy Hospital Parking Structures,4077 Fifth Ave,San Diego,San Diego,CA,92103,,Subject to Ordinance,,Parking,285600,,32.7522,-117.1611
101995,"Amo Apartment Homes (mr005,mz41)",555 W Date St,San Diego,San Diego,CA,92101,2018,Not Subject to Ordinance,"GFA ≤ 50,000 sqft",Multifamily Residence,28020,,32.72281,-117.168
102118,G76 - 16825 Via Del Campo Ct.,16825 Via Del Campo Ct,San Diego,San Diego,CA,92127,1987,Subject to Ordinance,,Other - Technology/Science,56796,,33.01905,-117.09466
102121,G94 - 16510 Via Esprillo,"16510 Via Esprillo, G94",San Diego,San Diego,CA,92127,1993,Subject to Ordinance,,Other - Technology/Science,57975,,33.0149,-117.09309
102125,Costco #0401 Morena,4605 Morena Blvd,San Diego,San Diego,CA,92117,1976,Subject to Ordinance,,Supermarket/Grocery Store,165822,,32.82004,-117.22363
102000,Torrey del Mar Apartments,13875 Carmel Valley Rd,San Diego,San Diego,CA,92130,2002,Subject to Ordinance,,Multifamily Residence,102424,,32.97024,-117.15977
102127,9685 Scranton Rd,9685 Scranton Rd,San Diego,San Diego,CA,92121,1985,Subject to Ordinance,,Office,51968,102008,32.89649,-117.20105
102128,IMT Sorrento Valley,11102 Caminito Alvarez,San Diego,San Diego,CA,92126,1987,Subject to Ordinance,,Multifamily Residence,616795,722126,32.90727,-117.16737
102129,Macy's Home & Furniture,1555 Camino De La Reina,San Diego,San Diego,CA,92108,1975,Subject to Ordinance,,Retail Store,185043,185000,32.76949,-117.14982
102130,Pinos Produce,1710 Dornoch Ct,San Diego,San Diego,CA,92154,1987,Subject to Ordinance,,Warehouse,86592,86592,32.56711,-116.93989
102131,TownePlace Suites San Diego Airport/Liberty Station,2311 Lee Ct,San Diego,San Diego,CA,92101,2019,Subject to Ordinance,,Hotel,54120,100000,32.72934,-117.21146
102133,The Silvergate Rancho Bernardo,16061 Avenida Venusto,San Diego,San Diego,CA,92128,2020,Subject to Ordinance,,Senior Living Community,221409,100000,33.00475,-117.07661
102134,Hampton Inn & Suites San Diego Airport Liberty Station,2211 Lee Ct,San Diego,San Diego,CA,92101,2019,Subject to Ordinance,,Hotel,86170,,32.72926,-117.21145
102135,The Paladion,770 1st Ave,San Diego,San Diego,CA,92101,1992,Subject to Ordinance,,Office,77000,77000,32.71279,-117.16413
102136,Congregation Beth Israel,9001 Towne Centre Dr,San Diego,San Diego,CA,92122,2001,Subject to Ordinance,,House of Worship,104256,104256,32.87093,-117.20637
102137,Old Town Plaza,2251 San Diego Ave B-200,San Diego,San Diego,CA,92110,1974,Subject to Ordinance,,Office,65679,53579,32.74859,-117.19237
102138,Mission Trails,6975 Golfcrest Dr,San Diego,San Diego,CA,92119,1987,Subject to Ordinance,,Multifamily Residence,166048,166048,32.80285,-117.03803
102027,9885 Mesa Rim Rd,9885 Mesa Rim Rd- Bldg A,San Diego,San Diego,CA,92121,1991,Not Subject to Ordinance,"GFA ≤ 50,000 sqft",Non-Refrigerated Warehouse,31932,,32.89829,-117.17865
102036,Collins Business Park,3878 Ruffin Rd,San Diego,San Diego,CA,92123,1980,Not Subject to Ordinance,"GFA ≤ 50,000 sqft",Other,31922,,32.81307,-117.12133
102141,Carte Hotel San Diego Downtown,401 W Ash St,San Diego,San Diego,CA,92101,2019,Subject to Ordinance,,Hotel,161701,155148,32.71946,-117.16679
102142,Consolidated Way,6955 Consolidated Way,San Diego,San Diego,CA,92121,1975,Subject to Ordinance,,Warehouse,82781,82781,32.87754,-117.16447
102041,Del Rio #2132,2132 Fenton Pkwy,San Diego,San Diego,CA,92108,2000,Subject to Ordinance,,Multifamily Residence,53479,,32.77858,-117.12739
102145,Ranch Bernardo Data Center,10975 Technology Place,San Diego,San Diego,CA,92127,1983,Not Subject to Ordinance,GFA > 50% lab Manufacturing Industrial,Data Center,61033,61033,33.00827,-117.09375
102148,JCPenney,6987 FRIARS RD,San Diego,San Diego,CA,92108,1970,Subject to Ordinance,,Retail Store,244185,244185,32.76735,-117.16945
102149,Pacific Beach Marketplace,4303-4343 Mission Blvd,San Diego,San Diego,CA,92109,1995,Subject to Ordinance,,Shopping Center,56204,56204,32.79426,-117.25412
102150,Hanover Little Italy,310 A St,San Diego,San Diego,CA,92101,2021,Subject to Ordinance,,Multifamily Residence,423668,274036,32.71929,-117.16172
102151,10065 Barnes Canyon Rd,10065 Barnes Canyon Rd,San Diego,San Diego,CA,92121,1995,Not Subject to Ordinance,"GFA ≤ 50,000 sqft",Office,21932,21932,32.89835,-117.1998
102152,SAN DIEGO SQUARE - Winn (West),1055 9TH AVE,San Diego,San Diego,CA,92101,1980,Subject to Ordinance,,Multifamily Residence,156000,,32.7163,-117.15607
102153,Wateridge Property Owner LP,10770 Wateridge Circle,San Diego,San Diego,CA,92121,1990,Subject to Ordinance,,Laboratory,183565,,32.90033,-117.21131
102042,Del Rio #2148,2148 Fenton Pkwy,San Diego,San Diego,CA,92108,2000,Subject to Ordinance,,Multifamily Residence,51107,,32.77827,-117.12838
102043,Del Rio #2180,2180 Fenton Pkwy,San Diego,San Diego,CA,92108,2000,Subject to Ordinance,,Multifamily Residence,53479,,32.77753,-117.12961
102044,Del Rio #2196,2196 Fenton Pkwy,San Diego,San Diego,CA,92108,2000,Subject to Ordinance,,Multifamily Residence,58537,,32.77798,-117.12993
102045,Del Rio #2228,2228 Fenton Pkwy,San Diego,San Diego,CA,92108,2000,Subject to Ordinance,,Multifamily Residence,58537,,32.77875,-117.1304
102160,BONITA HEIGHTS - R.A Snyder,2123  Honey Dr,San Diego,San Diego,CA,92139,1983,Subject to Ordinance,,Multifamily Residence,121800,,32.68807,-117.04307
102046,Del Rio #2244,2244 Fenton Pkwy,San Diego,San Diego,CA,92108,2000,Subject to Ordinance,,Multifamily Residence,54822,,32.7784,-117.12937
102162,PARK REGENCY APARTMENTS - R.A. SNYDER,2309 5TH AVE,San Diego,San Diego,CA,92101,1915,Not Subject to Ordinance,"GFA ≤ 50,000 sqft",Multifamily Residence,24092,,32.72949,-117.15999
102163,RANCHO VISTA APTS - R.A. SNYDER,"2311,2733, 2743, MANOS Dr",San Diego,San Diego,CA,92139,1964,Not Subject to Ordinance,"GFA ≤ 50,000 sqft",Multifamily Residence,31128,,32.6713,-117.05904
102165,UPTOWN VILLAS APARTMENTS - R.A Snyder,2678 MARKET ST,San Diego,San Diego,CA,92102,1990,Not Subject to Ordinance,"GFA ≤ 50,000 sqft",Multifamily Residence,36840,,32.71198,-117.1362
102166,Olivewood Garden - Logan,2855 55th St,San Diego,San Diego,CA,92105,1981,Not Subject to Ordinance,"GFA ≤ 50,000 sqft",Multifamily Residence,28476,,32.73532,-117.07691
102167,CHATEAU VUE - R.A Snyder,2920 CLAIREMONT DR,San Diego,San Diego,CA,92117,1987,Not Subject to Ordinance,"GFA ≤ 50,000 sqft",Multifamily Residence,39000,,32.79374,-117.19711
102168,CANYON BREEZE - R.A Snyder,318 W ROBINSON AVE,San Diego,San Diego,CA,92103,2008,Not Subject to Ordinance,"GFA ≤ 50,000 sqft",Multifamily Residence,31000,,32.74716,-117.16682
102169,Apache Village Apartments - R.A Snyder,3215-3233 APACHE AVE,San Diego,San Diego,CA,92117,1972,Not Subject to Ordinance,"GFA ≤ 50,000 sqft",Multifamily Residence,20500,,32.79889,-117.19591
102047,Del Rio #2260,2260 Fenton Pkwy,San Diego,San Diego,CA,92108,2000,Subject to Ordinance,,Multifamily Residence,58537,,32.77942,-117.12976
102172,ASPEN PARK APTS - R.A Snyder,3505 REYNARD WAY,San Diego,San Diego,CA,92103,1968,Subject to Ordinance,,Multifamily Residence,60000,,32.7425,-117.16983
102173,THE CHARMER - R.A. SNYDER,3625 INDIA ST,San Diego,San Diego,CA,92103,2011,Not Subject to Ordinance,"GFA ≤ 50,000 sqft",Multifamily Residence,24000,,32.74144,-117.1793
102175,AZALEA GARDENS - R.A Snyder,3776 HERMAN AVE,San Diego,San Diego,CA,92104,1979,Subject to Ordinance,,Multifamily Residence,55000,,32.74705,-117.12639
102048,Del Rio #2276,2276 Fenton Pkwy,San Diego,San Diego,CA,92108,2000,Subject to Ordinance,,Multifamily Residence,58537,,32.77917,-117.12858
102049,Del Rio #2378,2378 Fenton Pkwy,San Diego,San Diego,CA,92108,2000,Subject to Ordinance,,Multifamily Residence,53479,,32.77925,-117.13134
102180,HILLCREST PLACE- R.A. SNYDER,3955 7TH AVE,San Diego,San Diego,CA,92103,1961/2013,Not Subject to Ordinance,"GFA ≤ 50,000 sqft",Multifamily Residence,41000,,32.74962,-117.15811
102181,Driftwood Apartments,3956 Shasta St,San Diego,San Diego,CA,92109,1992/2018,Not Subject to Ordinance,"GFA ≤ 50,000 sqft",Multifamily Residence,24944,,32.79216,-117.23591
102182,3962 HAMILTON St - R.A. SNYDER PROPERTIES,3962 HAMILTON ST,San Diego,San Diego,CA,92104,1999,Not Subject to Ordinance,"GFA ≤ 50,000 sqft",Multifamily Residence,29000,,32.74973,-117.13669
102051,Del Rio #2442,2442 Fenton Pkwy,San Diego,San Diego,CA,92108,2000,Subject to Ordinance,,Multifamily Residence,51107,,32.78003,-117.13191
102184,Harbor View,404 N 47th St,San Diego,San Diego,CA,92102,1985, Subject to Ordinance,,Multifamily Residence,59696,59696,32.7091,-117.09389
102185,HILLTOP TERRACE-R.A. SNYDER,4166 4TH AVE,San Diego,San Diego,CA,92103,1956,Not Subject to Ordinance,"GFA ≤ 50,000 sqft",Multifamily Residence,47000,,32.75309,-117.16166
102187,4174 3rd Ave,4174 3rd Ave,San Diego,San Diego,CA,92103,1965,Not Subject to Ordinance,"GFA ≤ 50,000 sqft",Multifamily Residence,38229,,32.75332,-117.16248
102188,Environmental Plaza,4174 Sorrento Valley Blvd,San Diego,San Diego,CA,92121,1974,Subject to Ordinance,,Office,91669,,32.90465,-117.21545
102053,Encanto Village,6315 Imperial Ave,San Diego,San Diego,CA,92114,2020,Subject to Ordinance,,Multifamily Residence,81009,,32.7099,-117.06183
100289,Cornerstone Plaza 6160,6160 Cornerstone Ct E,San Diego,San Diego,CA,92121-3720,1986,Subject to Ordinance,,Office,57044,57044,32.89654,-117.18765
102057,Harborview #780,780 W. G St,San Diego,San Diego,CA,92101,1992,Subject to Ordinance,,Multifamily Residence,101357,,32.71293,-117.16973
102196,5015 Shoreham Place,5015 Shoreham Place,San Diego,San Diego,CA,92122,1984,Not Subject to Ordinance,"GFA ≤ 50,000 sqft",Office,25600,25600,32.85086,-117.1845
102198,Mission Center,"5333, 5353 and 7947 Mission Center Rd",San Diego,San Diego,CA,92108,1978,Subject to Ordinance,,Office,183692,,32.77158,-117.1536
102199,THE PALOMAR APARTMENTS - R.A Snyder,536 Maple St,San Diego,San Diego,CA,92103,1912,Not Subject to Ordinance,"GFA ≤ 50,000 sqft",Multifamily Residence,24436,24436,32.73265,-117.1597
102200,350 - Aztec Corner,5504 Montezuma Rd,San Diego,San Diego,CA,92115,2001,Subject to Ordinance,,Multifamily Residence,152160,,32.77103,-117.0756
102201,APEX Office Park - A,5575 Ruffin Rd,San Diego,San Diego,CA,92123,1987,Not Subject to Ordinance,"GFA ≤ 50,000 sqft",Other,34076,,32.83608,-117.12603
102202,APEX Office Park - B,5625 Ruffin Rd,San Diego,San Diego,CA,92123,1987,Not Subject to Ordinance,"GFA ≤ 50,000 sqft",Other,34297,,32.83668,-117.12604
102203,ZSCOP - 5648 Copley Dr,5648 Copley Dr,San Diego,San Diego,CA,92111,1998,Not Subject to Ordinance,"GFA ≤ 50,000 sqft",Distribution Center,22976,,32.83949,-117.16548
102062,Hub Hillcrest Market - 940-1092 University Ave,940 University Ave,San Diego,San Diego,CA,92103,1989,Subject to Ordinance,,Strip Mall,149221,,32.74872,-117.15551
102205,POTOMAC SQUARE APARTMENTS - R.A. SNYDER,6345 POTOMAC ST,San Diego,San Diego,CA,92139,1972,Subject to Ordinance,,Multifamily Residence,65000,,32.68155,-117.05439
102206,Governor Park Plaza 6363,6363 Greenwich Dr,San Diego,San Diego,CA,92122,1986,Not Subject to Ordinance,"GFA ≤ 50,000 sqft",Office,47183,47183,32.85584,-117.18477
102077,SDGE Exchange Torrey Reserves - 3394 Carmel Mountain Rd,3394 Carmel Mountain Rd,San Diego,San Diego,CA,92121,2000,Not Subject to Ordinance,"GFA ≤ 50,000 sqft",Office,40074,,32.91805,-117.23656
102078,SDGE Exchange Torrey Reserves - 3398 Carmel Mountain Rd,3398 Carmel Mountain Rd,San Diego,San Diego,CA,92121,2000,Not Subject to Ordinance,"GFA ≤ 50,000 sqft",Office,40510,,32.91805,-117.23656
102092,Village Mission Valley #418,6418 Ambrosia Dr,San Diego,San Diego,CA,92124,1989,Subject to Ordinance,,Multifamily Residence,73417,,32.79167,-117.11009
102093,Village Mission Valley #442,6442 Ambrosia Dr,San Diego,San Diego,CA,92124,1989,Subject to Ordinance,,Multifamily Residence,73417,,32.7921,-117.10998
102211,BONITA TERRACE - R.A Snyder,6822-6842 Doriana St,San Diego,San Diego,CA,92139,1978,Not Subject to Ordinance,"GFA ≤ 50,000 sqft",Multifamily Residence,48024,48024,32.68648,-117.0473
102212,BONITA WOODS - R.A Snyder,6850 Doriana St,San Diego,San Diego,CA,92139,1973,Not Subject to Ordinance,"GFA ≤ 50,000 sqft",Multifamily Residence,40460,40460,32.68692,-117.04642
102213,BONITA MESA - R.A Snyder,6908-6932 Alcona St.,San Diego,San Diego,CA,92139,1986,Subject to Ordinance,,Multifamily Residence,52300,52300,32.68724,-117.04477
102214,RANCHO BONITA - R.A Snyder,6909-6957 Alcona St,San Diego,San Diego,CA,92139,1978,Subject to Ordinance,,Multifamily Residence,97600,,32.68663,-117.0437
102215,HES,6935 Camino Maquiladora,San Diego,San Diego,CA,92154,1990,Not Subject to Ordinance,"GFA ≤ 50,000 sqft",Other,23706,,32.56645,-116.99128
102216,BONITA GLEN - R.A Snyder,6948-6972 Alcona St,San Diego,San Diego,CA,92139,1983,Not Subject to Ordinance,"GFA ≤ 50,000 sqft",Multifamily Residence,30600,,32.68764,-117.04413
102218,Westbrook (6686),7194 Schilling Avenue,San Diego,San Diego,CA,92126,1991,Subject to Ordinance,,Multifamily Residence,67648,,32.90917,-117.16754
102219,ALDEA AT MESA COLLEGE - R.A. SNYDER PROPERTIES,7322 MESA COLLEGE DR,San Diego,San Diego,CA,92111,1970,Subject to Ordinance,,Multifamily Residence,92111,,32.80307,-117.16249
102094,Village Mission Valley #482,6482 Ambrosia Dr,San Diego,San Diego,CA,92124,1989,Subject to Ordinance,,Multifamily Residence,73417,,32.79267,-117.10998
102095,Village Mission Valley #514,6514 Ambrosia Dr,San Diego,San Diego,CA,92124,1989,Subject to Ordinance,,Multifamily Residence,73417,,32.79335,-117.10975
102225,0234 7930 Frost St,7930 Frost St,San Diego,San Diego,CA,92123,1973,Not Subject to Ordinance,"GFA ≤ 50,000 sqft",Medical Office,41095,,32.80092,-117.15325
102226,"Bailey Miramar Self Storage, LP",7988 Miramar Rd,San Diego,San Diego,CA,92126,2020,Subject to Ordinance,,Self-Storage Facility,10595250,,32.88784,-117.14837
102096,Village Mission Valley #522,6522 Ambrosia Dr,San Diego,San Diego,CA,92124,1989,Subject to Ordinance,,Multifamily Residence,73801,,32.79373,-117.10952
102097,Village Mission Valley #530,6530 Ambrosia Dr,San Diego,San Diego,CA,92124,1989,Subject to Ordinance,,Multifamily Residence,179177,,32.79369,-117.11017
102229,kevin mcneal,8355 cliffridge ave,La Jolla,San Diego,CA,92037,2017,Subject to Ordinance,,Fitness Center/Health Club/Gym,59000,,32.85836,-117.2427
102098,Village Mission Valley #532,6532 Reflection Dr,San Diego,San Diego,CA,92124,1989,Subject to Ordinance,,Multifamily Residence,73688,,32.79242,-117.10798
102232,PETCO Headquarter Campus,8925 Rehco Rd,San Diego,San Diego,CA,92121,1995,Not Subject to Ordinance,"GFA ≤ 50,000 sqft",Office,44749,44749,32.88761,-117.17132
102233,9242 Lightwave Ave,9242 Lightwave Ave,San Diego,San Diego,CA,92123,2008,Not Subject to Ordinance,"GFA ≤ 50,000 sqft",Office,47899,47899,32.82988,-117.13206
102237,Scripps La Jolla - Burtec Lot,9870 GENESEE AVE,La Jolla,San Diego,CA,92037,,Subject to Ordinance,,Parking,74052,,32.88253,-117.22729
102239,Scripps La Jolla - Central Plant,9900 GENESEE AVE,La Jolla,San Diego,CA,92037,2013,Not Subject to Ordinance,"GFA ≤ 50,000 sqft",Energy/Power Station,29520,,32.88616,-117.22649
102240,9455 TCD,9455 Towne Centre Dr,San Diego,San Diego,CA,92121,2021,Subject to Ordinance,,Office,160444,,32.87894,-117.2068
102099,Village Mission Valley #540,6540 Reflection Dr,San Diego,San Diego,CA,92124,1989,Subject to Ordinance,,Multifamily Residence,169451,,32.79397,-117.10812
102242,Rancho Penasquitos Towne Center,13223-13289 Black Mountain Rd,San Diego,San Diego,CA,92129,1987,Subject to Ordinance,,Supermarket/Grocery Store,60800,,32.958098,-117.125326
102243,City View Church,8404 Phyllis Place,San Diego,San Diego,CA,92123,1970,Subject to Ordinance,,Commercial,51135,,32.785102,-117.146771
102244,Modera San Diego,1445 K St,San Diego,San Diego,CA,92101,2021,Subject to Ordinance,,Multifamily Residence,344826,,32.707903,-117.151464
102245,Nimitz Pointe Apartments,2401 Seaside St,San Diego,San Diego,CA,92107,1960,Subject to Ordinance,,Multifamily Residence,56227,,32.750299,-117.236307
102246,Mesa Ridge Apartments,3502 Angelucci St,San Diego,San Diego,CA,92111,1980,Subject to Ordinance,,Multifamily Residence,66942,,32.808659,-117.156689
102247,Port of San Diego Admin Campus,3165 Pacific Highway,San Diego,San Diego,CA,92101,1960,Subject to Ordinance,,Office,190000,,32.735332,-117.177175
102248,Port of San Diego Admin Annex Building,3125 Pacific Highway,San Diego,San Diego,CA,92101,1960,Not Subject to Ordinance,"GFA ≤ 50,000 sqft",Office,25000,25000,32.734972,-117.176729
102249,VA Outpatient Clinic,8875 Aero Dr,San Diego,San Diego,CA,92123,2022,Subject to Ordinance,,Urgent Care/Clinic/Other Outpatient,135000,,32.80917,-117.137177
102250,View Apartments,6670 Doriana St,San Diego,San Diego,CA,92139,1978,Subject to Ordinance,,Multifamily Residence,194200,,32.684919,-117.049112
102254,1010 University Ave,1010 University Ave,San Diego,San Diego,CA,92103,1989,Not Subject to Ordinance,"GFA ≤ 50,000 sqft",Other,20000,,32.748699,-117.15499
102100,Village Mission Valley #542,6542 Reflection Dr,San Diego,San Diego,CA,92124,1989,Subject to Ordinance,,Multifamily Residence,73688,,32.79306,-117.10796
102101,Village Mission Valley #586,6586 Ambrosia Dr,San Diego,San Diego,CA,92124,1989,Subject to Ordinance,,Multifamily Residence,73417,,32.79502,-117.10943
102261,SURFCASTER - SAN DIEGO SUNRISE MANAGEMENT COMPANY,5050 NIAGARA AVE,San Diego,San Diego,CA ,92107,1968,Not Subject to Ordinance,"GFA ≤ 50,000 sqft",Multifamily Housing,29000,,32.74681,-117.252463
102262,4290 MT ABERNATHY - SAN DIEGO SUNRISE,4290 MOUNT ABERNATHY AVE,San Diego,San Diego,CA ,92117,1990,Not Subject to Ordinance,"GFA ≤ 50,000 sqft",Multifamily Housing,26000,,32.822685,-117.175673
102106,Villas of Renaissance #05,5350 Toscana Way,San Diego,San Diego,CA,92122,1992,Subject to Ordinance,,Multifamily Residence,72367,,32.86998,-117.20232
102264,LAS PALMAS - SAN DIEGO SUNRISE,5275 MONROE AVE,SAN DIEGO,San Diego,CA,92115,1949,Not Subject to Ordinance,"GFA ≤ 50,000 sqft",Multifamily Residence,36000,,32.758743,-117.081364
102107,Villas of Renaissance #06,5340 Toscana Way,San Diego,San Diego,CA,92122,1992,Subject to Ordinance,,Multifamily Residence,74147,,32.86998,-117.20232
102266,CL #04047 San Diego CA MDO,7550 Panasonic HWY,San Diego,San Diego,CA,92154,2020,Not Subject to Ordinance,"GFA ≤ 50,000 sqft",Distribution Center,46830,,32.562979,-116.979099
102268,9955 Mesa Rim Rd (EPL),9955 Mesa Rim Rd,San Diego,San Diego,CA,92121,1985,Not Subject to Ordinance,"GFA ≤ 50,000 sqft",Office,39644,,32.899101,-117.177782
102271,Princess View Associates,7405 Princess View Dr,San Diego,San Diego,CA,92120,1975,Subject to Ordinance,,Self-Storage Facility,106840,,32.80564,-117.078299
102108,Villas of Renaissance #07,5360 Toscana Way,San Diego,San Diego,CA,92122,1992,Subject to Ordinance,,Multifamily Residence,88070,,32.86982,-117.20171
102274,13280 Evening Creek,"13280 Evening Creek Dr, S - Sabre Springs Bldg B",San Diego,San Diego,CA,92128,1999,Not Subject to Ordinance,"GFA ≤ 50,000 sqft",Office,41196,41196,32.958286,-117.097151
102276,"Miramar Operations Complex (8323, 8353 All Bldgs and 8356 Parking Lot)",8323 Miramar Pl,San Diego,San Diego,CA,92121,1985,Subject to Ordinance,,Mixed Use Property,52800,,32.878977,-117.177582
102109,Villas of Renaissance #08,5370 Toscana Way,San Diego,San Diego,CA,92122,1992,Subject to Ordinance,,Multifamily Residence,80367,,32.87061,-117.20153
102289,Building 1 - 9375 Customhouse Plaza,9375 Customhouse Plaza,San Diego,San Diego,CA,92154,1989,Not Subject to Ordinance,"GFA ≤ 50,000 sqft",Office,32430,,32.551298,-116.942744
102290,Building 2 - 9465 Customhouse Plaza,9465 Customhouse Plaza,San Diego,San Diego,CA,92154,1989,Not Subject to Ordinance,"GFA ≤ 50,000 sqft",Office,31973,,32.551297,-116.941546
102291,Building 4 - 2675 Customhouse Ct,2675 Customhouse Plaza,San Diego,San Diego,CA,92154,1989,Not Subject to Ordinance,"GFA ≤ 50,000 sqft",Non-Refrigerated Warehouse,48845,,32.551266,-116.944228
102292,Building 6 - 9051 Siempre Viva Rd,9051 Siempre Viva Rd,San Diego,San Diego,CA,92154,1989,Not Subject to Ordinance,"GFA ≤ 50,000 sqft",Mixed Use Property,36162,,32.552578,-116.948527
102293,Building 7 -9163 Siempre Viva Rd,9163 Siempre Viva Rd,San Diego,San Diego,CA,92154,1989,Not Subject to Ordinance,"GFA ≤ 50,000 sqft",Distribution Center,34929,,32.552545,-116.947294
102294,Building 8 - 9295 Siempre Viva Rd,9295 Siempre Viva Rd,San Diego,San Diego,CA,92154,1989,Not Subject to Ordinance,"GFA ≤ 50,000 sqft",Mixed Use Property,36266,,32.552545,-116.946031
102295,B3 - 5200 Illumina Way,"5200 Illumina Way, B3",San Diego,San Diego,CA,92122,2006,Subject to Ordinance,,Laboratory,159272,,32.869803,-117.19839
102296,B6 - 5200 Illumina Way,"5200 Illumina Way, B6",San Diego,San Diego,CA,92122,2006,Not Subject to Ordinance,"GFA ≤ 50,000 sqft",Other,23124,,32.870807,-117.198814
102297,10072-Hillcrest,711 University Avenue,San Diego,San Diego,CA,92103,2000,Not Subject to Ordinance,"GFA ≤ 50,000 sqft",Supermarket/Grocery Store,28000,,32.747747,-117.157954
102298,4755 Nexus Centre Dr,4755 Nexus Centre Dr,San Diego,San Diego,CA,92122,2006,Not Subject to Ordinance,"GFA ≤ 50,000 sqft",Laboratory,45255,45255,32.878116,-117.203717
102299,6175 Nancy Ridge Dr,6175 Nancy Ridge Dr,San Diego,San Diego,CA,92121,1986,Not Subject to Ordinance,"GFA ≤ 50,000 sqft",Laboratory,32782,,32.888256,-117.187118
102116,Wintergreen Apartments,1504 Oro Vista Rd,San Diego,San Diego,CA,92154,1984,Subject to Ordinance,,Multifamily Residence,205744,,32.56918,-117.07848
102117,Oceanview Terrace,501 Oceanmist Pl,San Diego,San Diego,CA,92154,2010,Subject to Ordinance,,Multifamily Residence,246526,518176,32.58891,-117.03094
102302,3565 General Atomics Ct,3565 General Atomics Ct,San Diego,San Diego,CA,92121,1990,Not Subject to Ordinance,"GFA ≤ 50,000 sqft",Laboratory,46000,,32.893748,-117.237319
102126,Morena Plaza - Price Self Storage,4635 Morena Blvd,San Diego,San Diego,CA,92117,1979,Subject to Ordinance,,Self-Storage Facility,120962,,32.82264,-117.22563
102304,5810 Nancy Ridge Dr,5810 Nancy Ridge Dr,San Diego,San Diego,CA,92121,1984,Not Subject to Ordinance,"GFA ≤ 50,000 sqft",R&D,48218,48218,32.88915,-117.191267
102139,Villa Encantada,6290 Akins Avenue,San Diego,San Diego,CA,92114,2018,Subject to Ordinance,,Multifamily Residence,88472,,32.71052,-117.06305
102143,Fountain Plaza,6048 Cornerstone CtWest,San Diego,San Diego,CA,92121,1989,Not Subject to Ordinance,"GFA ≤ 50,000 sqft",R&D,20915,20915,32.89713,-117.19033
102156,Carmel Point I,15010 Avenue of Science,San Diego,San Diego,CA,92128,1985,Not Subject to Ordinance,"GFA ≤ 50,000 sqft",Office,29180,,32.98826,-117.08006
102157,Carmel Point II,15030 Avenue of Science,San Diego,San Diego,CA,92128,1985,Not Subject to Ordinance,"GFA ≤ 50,000 sqft",Office,47943,,32.98779,-117.08101
102158,Carmel Point III,15050 Avenue of Science,San Diego,San Diego,CA,92128,1985,Not Subject to Ordinance,"GFA ≤ 50,000 sqft",Office,41819,,32.98779,-117.08167
102161,VILLA BONITA - R.A Snyder,2151 Honey Dr,San Diego,San Diego,CA,92139,1978,Subject to Ordinance,,Multifamily Residence,86400,,32.68723,-117.04278
102170,FLORIDA PLACE APARTMENTS - R.A. SNYDER,3440 FLORIDA ST,San Diego,San Diego,CA,92104,1970/2012,Not Subject to Ordinance,"GFA ≤ 50,000 sqft",Multifamily Residence,28000,,32.74206,-117.14404
102183,Mission Valley Campus,4007 S CAMINO DEL RIO,San Diego,San Diego,CA,92108,1948,Not Subject to Ordinance,"GFA ≤ 50,000 sqft",Office,49635,49635,32.77764,-117.10813
102204,Building 6170,6170 Cornerstone Ct E,San Diego,San Diego,CA,92121,1986,Not Subject to Ordinance,"GFA ≤ 50,000 sqft",Office,40574,,32.89602,-117.18755
102321,4690 Executive Dr - Kilroy University Centre,4690 Executive Dr,P[],San Diego,CA,92121,1999,Subject to Ordinance,,Office,51371,,32.877345,-117.205828
102210,6779 Mesa Ridge Dr,6779 Mesa Ridge Rd,San Diego,San Diego,CA,92121,1999,Not Subject to Ordinance,"GFA ≤ 50,000 sqft",Manufacturing/ Industrial/ Lab,43811,,32.90137,-117.17271
102325,"One Paseo, Building I - 12860 El Camino Real",12860 El Camino Real,San Diego,San Diego,CA,92130,2020,Subject to Ordinance,,Office,92042,,32.951159,-117.235187
102326,"One Paseo, Building II - 12830 El Camino Real",12830 El Camino Real,San Diego,San Diego,CA,92130,2020,Subject to Ordinance,,Office,196200.2,,32.950624,-117.235929
102222,7700 Ronson Rd,7700 Ronson Rd,San Diego,San Diego,CA,92111,2005,Not Subject to Ordinance,"GFA ≤ 50,000 sqft",Office,35797,35797,32.82949,-117.15473
102224,7920 - PHYSICIANS MEDICAL - SAN DIEGO,7920 FROST ST,San Diego,San Diego,CA,92123,1972,Not Subject to Ordinance,"GFA ≤ 50,000 sqft",Medical Office,26411,,32.80076,-117.15421
102231,8690 Balboa Ave,8690 Balboa Ave,San Diego,San Diego,CA,92123,1999,Not Subject to Ordinance,"GFA ≤ 50,000 sqft",Office,44929,44929,32.82163,-117.14085
102241,One Paseo Retail- 3745 Paseo Place,3725 Paseo Place,San Diego,San Diego,CA,92130,2019,Subject to Ordinance,,Parking,95526,,32.95173,-117.23536
102255,1050 University Ave,1050 University Ave,San Diego,San Diego,CA,92103,1989,Not Subject to Ordinance,"GFA ≤ 50,000 sqft",Supermarket/Grocery Store,40000,,32.749588,-117.154673
102260,Sorrento Mesa Business Center,9883 Pacific Heights Blvd,San Diego,San Diego,CA,92121,1988,Subject to Ordinance,,Mixed Use Property,150674,,32.899449,-117.187964
102263,CERRO PUEBLO - SAN DIEGO SUNRISE,2835 CLAIREMONT DR,SAN DIEGO,San Diego,CA,92117,1982,Not Subject to Ordinance,"GFA ≤ 50,000 sqft",Multifamily Residence,46000,,32.790903,-117.197775
102265,VILLAGE APARTMENTS - SAN DIEGO SUNRISE MANAGEMENT COMPANY,7025 EASTMAN ST,SAN DIEGO,San Diego,CA,92111,1941,Subject to Ordinance,,Multifamily Residence,170000,,32.789275,-117.168478
102272,Kearny Mesa Landing- 4205-4247 Ponderosa Ave,4247 Ponderosa Ave STE A,San Diego,San Diego,CA,92123,1977,Subject to Ordinance,,Mixed Use Property,155774,,32.818332,-117.131879
102288,Sewer_NORTH CITY WATER RECLAMATION PLANT,4949 EASTGATE MALL,San Diego,San Diego,CA,92121,2000,Subject to Ordinance,,Other,328754,,32.877721,-117.1979
102341,12305 World Trade Dr,12305 World Trade Dr,San Diego,San Diego,CA,92128,1988,Subject to Ordinance,,Self-Storage Facility,156816,,32.987634,-117.071906
102342,Rose Canyon - San Diego,4901-4909 Morena Blvd.,San Diego,San Diego,CA,92117,2000,Not Subject to Ordinance,"GFA ≤ 50,000 sqft",Non-Refrigerated Warehouse,20412,,32.827324,-117.229608
102343,Aztec Campus Apartments,5650 Hardy Avenue,San Diego,San Diego,CA,92115,1982,Not Subject to Ordinance,"GFA ≤ 50,000 sqft",Multifamily Residence,24000,,32.772914,-117.073971
102300,6225 Nancy Ridge Dr,6225 Nancy Ridge Dr,San Diego,San Diego,CA,92121,1986,Not Subject to Ordinance,"GFA ≤ 50,000 sqft",Office,27450,,32.888293,-117.186464
102345,Purl,7901 Civita Blvd,San Diego,San Diego,CA,92108,2020,Subject to Ordinance,,Multifamily ,753435,,32.776973,-117.149283
102346,RB Vista,16915 Via Del Campo,Rancho Bernardo,San Diego,CA,92127,2020,Subject to Ordinance,,Distribution Center,141518,,33.020367,-117.089431
102347,MODE,635 Robinson Avenue,San Diego,San Diego,CA,92103,2001,Subject to Ordinance,,Multifamily Residence,100560,,,-117.1587048
102348,Paseo Place,5665 Lindo Paseo,San Diego,San Diego,CA,92115,2011,Subject to Ordinance,,Multifamily Residence,64734,,32.74670492,-117.0738004
102349,Airway Logistics Center,8151 Airway Rd,San Diego,San Diego,CA,92154,2022,Not Subject to Ordinance,GFA > 50% lab Manufacturing Industrial,Refrigerated Warehouse,247480,,32.7715314,
102350,Secoya By the Park,3067 5th Ave,San Diego,San Diego,CA,92103,2022,Subject to Ordinance,,Multifamily Residence,62529,62529,,-117.1601264
102351,St. Teresa of Calcutta Villa,1 14th St,San Diego,San Diego,CA,92101,2022,Subject to Ordinance,,Multifamily Residence,50000,50000,32.7374376,
102352,SecureSpace Self Storage & RV/BOAT,10373 Azuaga St,San Diego,San Diego,CA,92129,2022,Subject to Ordinance,,Commercial,109725,109725,,
102353,Alexandria Tech Center (Bldg. E),10055 Barnes Canyon Rd,San Diego,San Diego,CA,92121,1986,Subject to Ordinance,,Laboratory,195435,176910,,
102354,Bella Vista,17065 W  Bernardo Dr,San Diego,San Diego,CA,92127-1457,2022,Subject to Ordinance,,Multifamily Residence,72988,72988,,-117.08151
102355,The Jewel at LUX,4210 Brooke Ct,San Diego,San Diego,CA,92122,2022,Subject to Ordinance,,Multifamily Residence,372820,225000,,-117.214695
102356,Townsend,5075 Camino de la Siesta,San Diego,San Diego,CA,92103,2022,Subject to Ordinance,,Multifamily Residence,277000,277000,32.871924,-117.1596291
102357,The Hub at Scripps Ranch,9840 Carroll Canyon Rd,San Diego,San Diego,CA,92131,2021,Subject to Ordinance,,Multifamily Residence,356791,260000,32.7656067,-117.1147455
102301,6275 Nancy Ridge Dr,6275 Nancy Ridge Dr,San Diego,San Diego,CA,92121,1986,Not Subject to Ordinance,"GFA ≤ 50,000 sqft",Laboratory,45580,,32.888339,-117.185613
102303,3530 John Hopkins Ct,3530 Johns Hopkins Ct,San Diego,San Diego,CA,92121,1999,Not Subject to Ordinance,"GFA ≤ 50,000 sqft",Laboratory,44681,,32.892686,-117.238636
102360,One Mississippi,2149 El Cajon Blvd,San Diego,San Diego,CA,92104,2022,Subject to Ordinance,,Manufacturing/ Industrial/ Lab,51200,51200,,
102361,Kearny Mesa Logistics Center,5670 Kearny Mesa Rd,San Diego,San Diego,CA,92111,2022,Not Subject to Ordinance,GFA > 50% lab Manufacturing Industrial,Warehouse,299381,299381,,
102362,Landmark At Otay,1601 Landmark Rd,San Diego,San Diego,CA,92154,2022,Subject to Ordinance,,Manufacturing/ Industrial/ Lab,216140,216140,,
102363,Landmark At Otay,1701 Landmark Rd,San Diego,San Diego,CA,92154,2022,Subject to Ordinance,,Multifamily Residence,153630,153630,,
102364,Merge 56,8270 Merge Ave,San Diego,San Diego,CA,92129,92129,Subject to Ordinance,,Multifamily Residence,242000,242000,,
102365,Spectrum III,3115 Merryfield Row,San Diego,San Diego,CA,92121,2022,Not Subject to Ordinance,GFA > 50% lab Manufacturing Industrial,R&D,146368,146368,,
102366,Blend - SD,5585 Mildred St,San Diego,San Diego,CA,92110,2022,Subject to Ordinance,,Multifamily Residence,50000,50000,,
102368,Azul North Park,4499 Ohio St,San Diego,San Diego,CA,92116,2022,Subject to Ordinance,,Multifamily Residence,178987,180000,32.8692482,-117.1288127
102369,525 Olive,525 Olive St,San Diego,San Diego,CA,92103,2022,Subject to Ordinance,,Multifamily Residence,215835,150000,32.7595185,-117.1598708
102370,7144 Otay Mesa Rd,7144 Otay Mesa Rd,San Diego,San Diego,CA,92154,2022,Subject to Ordinance,,Distribution Center,518723,702535,32.73462275,
102371,The Boardwalk,10265 Science Center Dr,San Diego,San Diego,CA,92121,2022,Subject to Ordinance,,Commercial,74000,74000,,
102372,Proto Logistics Center (Bldg. 1),"8020 St. Andrews Ave, Bldg 1",San Diego,San Diego,CA,92154,2022,Subject to Ordinance,,Manufacturing/ Industrial/ Lab,57629,57629,,-116.9704551
102373,Proto Logistics Center (Bldg. 2),"8070 St. Andrews Ave, Bldg 2",San Diego,San Diego,CA,92154,2022,Subject to Ordinance,,Manufacturing/ Industrial/ Lab,70862,70862,32.566877,-116.9694122
102374,Vive Luxe,4890 SunRd Centrum Lane,San Diego,San Diego,CA,92123,2021,Subject to Ordinance,,Multifamily Residence,221720,442000,32.5667724,-117.1416275
102065,"La Jolla CrossRds I, II, III",9085 Judicial Dr,San Diego,San Diego,CA,92122,2013,Subject to Ordinance,,Multifamily Residence,2297055,2297055,32.87294,-117.20405
102376,Valencia Pointe,5930 Division St,San Diego,San Diego,CA,92114,2022,Subject to Ordinance,,Multifamily Residence,102000,102000,,
102377,16067 Babcock St,16067 Babcock St,San Diego,San Diego,CA,92127,2019,Subject to Ordinance,,Office,78000,78000,,
102378,10240 Flanders Ct,10240 Flanders Ct,San Diego,San Diego,CA,92121,1986,Not Subject to Ordinance,"GFA ≤ 50,000 sqft",R&D,32236,32236,,
102379,"Carroll Rd. Investors, LLC",7420 Carroll Rd,San Diego,San Diego,CA,92121,1983/2010,Not Subject to Ordinance,"GFA ≤ 50,000 sqft",Office,44334,44334,,
102380,Camden Apartments - 4305,4305 Third Ave.,San Diego,San Diego,CA,92103,2021,Subject to Ordinance,,Multifamily Residence,160000,53333,,
102305,10151 Barnes Canyon,10151 Barnes Canyon,San Diego,San Diego,CA,92121,1984,Not Subject to Ordinance,"GFA ≤ 50,000 sqft",Mixed Use Property,48880,,32.899135,-117.197936
102307,11035 Roselle St,11035 Roselle St,San Diego,San Diego,CA,92121,1982,Not Subject to Ordinance,"GFA ≤ 50,000 sqft",Office,20586,20586,32.903568,-117.22706
102383,BCDPF Airway Industrial Park LLC,8150 Airway Rd,San Diego,San Diego,CA,92154,2021,Subject to Ordinance,,Distribution Center,135623,135623,32.7585478,-116.9678228
102384,SecureSpace Self Storage,10389 Azuaga St,San Diego,San Diego,Ca,92129,2022,Subject to Ordinance,,Self-Storage Facility,142399,142399,32.56172686,-117.0989419
102386,Seaton (11325),1302 Frankfort St,San Diego,San Diego,Ca,92110,2021,Subject to Ordinance,,Multifamily Residence,154436,154436,32.96273512,-117.2061433
102388,Stylus (st763),2348 Russell Park Way,San Diego,San Diego,CA,92108,2004,Subject to Ordinance,,Multifamily Residence,320544,320544,32.7750344,-117.1482525
102389,La Jolla Financial Bldg,1200 Prospect St,La Jolla,San Diego,CA,92037,1974,Subject to Ordinance,,Mixed Use Property,82433,82433,32.77624483,
102390,San Diego/Kearny Mesa-R&D,"3934 Murphy Canyon Rd, Bldg B",San Diego,San Diego,CA,92123,1988,Not Subject to Ordinance,"GFA ≤ 50,000 sqft",R&D,24230,24230,,
102391,7510 Airway Rd,7510 Airway Rd,San Diego,san Diego,CA,92154,1997,Not Subject to Ordinance,"GFA ≤ 50,000 sqft",Distribution Center,44840,44840,,
102392,Highlands Corporate Center (HCC) West Ct,12770 High Bluff Dr,San Diego,san Diego,CA,92130,1989,Not Subject to Ordinance,"GFA ≤ 50,000 sqft",Office,39820,39820,,
102393,Highlands Corporate Center (HCC) North Ct,12780 High Bluff Dr,San Diego,san Diego,CA,92130,1989,Not Subject to Ordinance,"GFA ≤ 50,000 sqft",Office,20065,20065,,
102308,11045 Roselle St,11045 Roselle St,San Diego,San Diego,CA,92121,1982,Not Subject to Ordinance,"GFA ≤ 50,000 sqft",Office,30147,,32.904352,-117.227852
102395,Highlands Corporate Center (HCC) South Ct,12760 High Bluff Dr,San Diego,san Diego,CA,92130,1985,Not Subject to Ordinance,"GFA ≤ 50,000 sqft",Office,38700,38700,,
102396,Rancho Bernardo Self Storage,10905 Via Frontera,San Diego,san Diego,CA,92127,1979,Subject to Ordinance,,Self-Storage Facility,115000,115000,,-117.0957977
102398,The Glen at Scripps Ranch,9800 Glen Center Dr,San Diego,san Diego,CA,92131,2020,Subject to Ordinance,,Multifamily Residence,567949,567949,33.01133011,-117.088775
102399,PARK DIPLOMAT - San Diego Sunrise,1707 ESSEX ST	,San Diego,san Diego,CA,92103,1978,Not Subject to Ordinance,"GFA ≤ 50,000 sqft",Multifamily Residence,23240,23240,32.89951555,
102400,VILLA PACIFICA - SAN DIEGO SUNRISE MANAGEMENT COMPANY,3630 6TH AVE,San Diego,san Diego,CA,92103,1989,Subject to Ordinance,,Multifamily Residence,64000,64000,,-117.1598158
102309,11055 Roselle St,11055 Roselle St,San Diego,San Diego,CA,92121,1982,Not Subject to Ordinance,"GFA ≤ 50,000 sqft",R&D,22577,22577,32.905022,-117.228851
102311,11075 Roselle St,11075 Roselle St,San Diego,San Diego,CA,92121,1982,Not Subject to Ordinance,"GFA ≤ 50,000 sqft",Laboratory,23936,,32.905699,-117.230051
102414,Seacoast Apartments,5030 Lotus St,San Diego,san Diego,CA,92107,1973,Not Subject to Ordinance,"GFA ≤ 50,000 sqft",Multifamily Residence,34200,34200,,
102415,Carmel Creek - Essex (cm80),11724 Carmel Creek Rd,San Diego,San Diego,CA,92130,2000,Subject to Ordinance,,Multifamily Residence,348000,348000,,-117.2240257
102314,9363 Towne Centre Dr,9363 Towne Centre Dr,San Diego,San Diego,CA,92121,1988,Not Subject to Ordinance,"GFA ≤ 50,000 sqft",Office,45030,,32.877245,-117.206864
102418,Esplanade - Essex (sp63),10201 Camino Ruiz ,San Diego,San Diego,CA,92126,1986,Subject to Ordinance,,Multifamily Residence,480188,483567,33.02115489,
102419,819611 - The Merian,601 11th Avenue,San Diego,San Diego,CA,92101,2000,Subject to Ordinance,,Multifamily Residence,535744,405750,,-117.1544759
102420,Ridgewood Village - 29348,12435 Heatherton Ct,San Diego,San Diego,CA,92128,1997,Subject to Ordinance,,Multifamily Residence,346120,346120,32.7126216,-117.0873082
102421,10184 Telesis Ct,10184 Telesis Ct,San Diego,San Diego,CA,92121,1985,Not Subject to Ordinance,"GFA ≤ 50,000 sqft",Office,49658,49658,32.94428665,
102422,6118 Nancy Ridge Dr BLDG G,6118 Nancy Ridge Dr,San Diego,San Diego,CA,92121,1994,Not Subject to Ordinance,"GFA ≤ 50,000 sqft",Laboratory,31000,31000,,
102423,6828 Nancy Ridge Dr LLC,6828 Nancy Ridge Dr,San Diego,San Diego,CA,92121,1983,Not Subject to Ordinance,"GFA ≤ 50,000 sqft",Laboratory,42138,42138,,
102424,6114 Nancy Ridge Dr BLDG D,6114 Nancy Ridge Dr,San Diego,San Diego,CA,92121,1994,Not Subject to Ordinance,"GFA ≤ 50,000 sqft",Laboratory,40000,40000,,
102425,5870 Pacific Center,5870 Pacific Center Blvd.,San Diego,San Diego,CA,92121,1991,Not Subject to Ordinance,"GFA ≤ 50,000 sqft",Laboratory,34820,34820,,
102315,9393 Towne Centre Dr,9393 Towne Centre Dr,San Diego,San Diego,CA,92121,1988,Not Subject to Ordinance,"GFA ≤ 50,000 sqft",Laboratory,41780,,32.87843,-117.206874
102427,11404 & 11408  Sorrento Valley Rd,11404 Sorrento Valley Rd,San Diego,San Diego,CA,92121,1978,Not Subject to Ordinance,"GFA ≤ 50,000 sqft",Laboratory,21506,21506,,
102428,Casa Del Mar,3910 Sorrento Valley Blvd.,San Diego,San Diego,CA,92121,1980,Not Subject to Ordinance,"GFA ≤ 50,000 sqft",Office,33826,33826,,-117.220938
102316,5871 Oberlin Dr,5871 Oberlin Dr,San Diego,San Diego,CA,92121,1984,Not Subject to Ordinance,"GFA ≤ 50,000 sqft",Laboratory,33817,,32.895163,-117.19198
102435,4010 Sorrento Valley Blvd.,4010 Sorrento Valley Blvd.,San Diego,San Diego,CA,92121,1980,Not Subject to Ordinance,"GFA ≤ 50,000 sqft",Office,32000,32000,,
102319,31449101 - Regents Medical Center,4150 Regents Park Row,La Jolla,San Diego,CA,92037,1989,Subject to Ordinance,,Medical Office,76154,,32.873307,-117.217492
102439,Building B,9223 Balboa Ave,San Diego,San Diego,CA,92123,2020,Subject to Ordinance,,Office,65146,65146,,
102441,The Bristol Hotel San Diego,1055 1st Avenue,San Diego,San Diego,CA,92101,1960,Subject to Ordinance,,Hotel,87239,87239,,
102442,3050 Science Park - The Muse at Torrey Pines - DHC,3050 Science Park Rd,San Diego,San Diego,CA,92037,1986,Subject to Ordinance,,Mixed Use Property,55102,55102,,-117.2388794
102329,Eden Vista Terrace - Total,3554 Beyer Blvd,San Ysidro,San Diego,CA,92173,1986,Subject to Ordinance,,Multifamily Residence,273877,,32.56427,-117.057532
102330,BACHMAN PLACE PARKING STRUCTURE,4288 Bachman Place,San Diego,San Diego,CA,92103,1988,Not Subject to Ordinance,"GFA ≤ 50,000 sqft",Parking,47819,,32.755433,-117.163055
102445,Vue at Lake Murray,6867 Golfcrest Dr,San Diego,San Diego,CA,92119,1970,Subject to Ordinance,,Multifamily Residence,61800,61800,32.88837736,-117.0393064
102446,South San Diego Distribution Center - Bldg 1,2001 Sanyo Ave,San Diego,San Diego,CA,92154,1992,Subject to Ordinance,,Non-Refrigerated Warehouse,319883,319883,32.80175351,-116.9389352
102447,Viridian Lofts,1023 4th Ave,San Diego,San Diego,CA,92101,1913,Subject to Ordinance,,Multifamily Residence,207222,207222,32.56177867,-117.1608036
102448,Cielo,915 W Grape St,San Diego,San Diego,CA,92101,2020,Subject to Ordinance,,Multifamily Residence,82817,82817,32.71614344,-117.1708
102449,Fifty Twenty-Five,5025 Collwood Blvd,San Diego,San Diego,CA,92115,2010,Subject to Ordinance,,Multifamily Residence,329885,329885,32.724618,
102450,Fairbanks Square Apartments,16050 Potomac Ridge Rd,San Diego,San Diego,CA,92127,2014,Subject to Ordinance,,Multifamily Residence,91400,91400,,-117.1240854
102332,EAST CAMPUS OFFICE BUILDING,9444 Medical Center Dr,La Jolla,San Diego,CA,92037,2011,Subject to Ordinance,,Office,74700,,32.876405,-117.227346
102453,11388 Sorrento Valley Rd,11388 Sorrento Valley Rd,San Diego,San Diego,CA,92121,1982,Not Subject to Ordinance,"GFA ≤ 50,000 sqft",Laboratory,35940,35940,,
102454,Mission Valley YMCA,5505 Friars Rd,San Diego,San Diego,CA,92110,1980,Subject to Ordinance,,Fitness Center/Health Club/Gym,67400,67400,,
102455,Bluewater,6121 Fairmount Ave,San Diego,San Diego,CA,92120,2019,Subject to Ordinance,,Multifamily Residence,50000,50000,,
102333,OSLER PARKING,3101 Osler Lane,San Diego,San Diego,CA,92161,1900,Subject to Ordinance,,Parking,420000,,32.874019,-117.237142
102457,ZSLOVE - 5252 Lovelock St,5252 Lovelock St,San Diego,San Diego,CA,92110,1974,Not Subject to Ordinance,"GFA ≤ 50,000 sqft",Non-Refrigerated Warehouse,30000,30000,,
102458,Keeler Ct(kl055),1290 Keeler Ct,San Diego,San Diego,CA,92113,2021,Subject to Ordinance,,Multifamily Residence,54224,54224,,
102334,HOPKINGS PARKING STRUCTURE,3060 Voigt Lane,La Jolla,San Diego,CA,92093,2006,Not Subject to Ordinance,"GFA ≤ 50,000 sqft",Parking,33578,,32.883803,-117.239291
102460,Siena Senior Apartments (sn302),2350 Russell Park Way,San Diego,San Diego,CA,92108,2020,Subject to Ordinance,,Multifamily Residence,567439,567439,32.7201001,-117.1481718
102335,PANGEA PARKING,9834 Scholars Dr North,La Jolla,San Diego,CA,92037,2002,Subject to Ordinance,,Parking,329379,,32.884268,-117.243014
102464,Shops At La Jolla Village (sh093),8801 Villa La Jolla Dr,La Jolla,San Diego,CA,92037,1986,Subject to Ordinance,,Multifamily Residence,161140,171710,,
102465,All American Self Storage,6225 EL Cajon Blvd.,San Diego,San Diego,CA,92115,2002,Subject to Ordinance,,Self-Storage Facility,90111,53990,,-117.064031
102336,ARBOR Dr PARKING STRUCTURE,408 West Arbor Dr,San Diego,San Diego,CA,92103,1998,Subject to Ordinance,,Parking,210452,,32.754125,-117.167513
102337,ATHENA PARKING,9417 Medical Center Dr,La Jolla,San Diego,CA,92037,2016,Not Subject to Ordinance,"GFA ≤ 50,000 sqft",Parking,25802,25802,32.879297,-117.221616
102338,GILMAN PARKING STRUCTURE,9341 Russell Lane,La Jolla,San Diego,CA,92093,2000,Not Subject to Ordinance,"GFA ≤ 50,000 sqft",Parking,24938,,32.877535,-117.233644
102470,Golden Pacific,1015 19th St,San Diego,san Diego,CA,92102,1989,Not Subject to Ordinance,"GFA ≤ 50,000 sqft",Multifamily Residence ,42024,62164,,
102471,Diega,702 BRdway,San Diego,San Diego,CA,92101,2021,Subject to Ordinance,,Multifamily Residence,91256,637723,,-117.1560476
102472,Cerca,5716 Hardy Ave,San Diego,San Diego ,CA,92115,2016,Not Subject to Ordinance,"GFA ≤ 50,000 sqft",Multifamily Residence,22660,55871,32.7105974,
102474,Zuma,6237 Montezuma Rd,San Diego,San Diego,CA,92115,2013,Not Subject to Ordinance,"GFA ≤ 50,000 sqft",Multifamily Residence,31031,64550,,
102476,The Studios Luxury Apartments,434 13th St,San Diego,San Diego,CA,92101,1990,Not Subject to Ordinance,"GFA ≤ 50,000 sqft",Multifamily Residence,42241,42241,,
102477,5824 Montezuma Rd,5824 Montezuma Rd,San Diego,San Diego,CA,92115,2023, Subject to Ordinance,,Student Housing,175237,175237,,
102344,Madison Square- 5487-5597 Clairemont Mesa Blvd,5513 Clairemont Mesa Blvd,San Diego,San Diego,CA,92117,1977,Subject to Ordinance,,Strip Mall,53284,,32.833279,-117.172152
102479,Vora Lux,4360 Twain Ave,San Diego,San Diego,CA,92120,2023,Subject to Ordinance,,Multifamily Residence,112209,160624,32.7805992,-117.1000324
102480,The Parkline,4250 Oregon St,San Diego,San Diego ,CA,92104,2023,Subject to Ordinance,,Multifamily Residence,68103,68103,32.7851194,-117.1354474
102381,Camden Apartments - 4315,4315 Third Ave.,San Diego,San Diego,CA,92103,2021,Subject to Ordinance,,Multifamily Residence,53333,53333,,-117.163106
102382,Camden Apartments - 4325,4325 Third Ave.,San Diego,San Diego,CA,92103,2021,Subject to Ordinance,,Multifamily Residence,53333,53333,32.7577977,-117.1639115
102483,Alexan Gallerie (fs027),375 Camino De La Reina,San Diego,San Diego,CA ,92108,2021,Subject to Ordinance,,Multifamily Residence,252714,252714,,-117.1638311
102487,Radian (ra040),675 Ninth Avenue,San Diego ,San Diego,CA ,92101,2023,Subject to Ordinance,,Multifamily Residence,218963,,32.7658124,-117.1562744
102488,The Stella,4304 Twain Avenue,San Diego ,San Diego,CA ,92120,2019,Not Subject to Ordinance,"GFA ≤ 50,000 sqft",Multifamily Residence,38800,38800,32.7122117,
102394,Junction at Del Mar II,12777 High Bluff Dr,San Diego,san Diego,CA,92127,1979,Not Subject to Ordinance,"GFA ≤ 50,000 sqft",Self-Storage Facility,44718,44718,,
102411,Port Pavilion at BRdway Pier,1000 N Harbor Dr,San Diego,san Diego,CA,92101,2010,Not Subject to Ordinance,"GFA ≤ 50,000 sqft",Transportation Terminal/Station,49768,49768,32.7438417,
102413,TAMT Warehouse B (AB 802),820 Terminal St,San Diego,san Diego,CA,92101,1993,Subject to Ordinance,,Refrigerated Warehouse,289540,289540,,
102417,Rancho del Norte Apartments (rn58),16775 Saintsbury Gln,San Diego,San Diego,Ca,92127,2005,Subject to Ordinance,,Multifamily Residence,247136,247136,32.9333086,-117.1205601
102426,5880 Pacific Center,5880 Pacific Center Blvd.,San Diego,San Diego,CA,92121,1991,Not Subject to Ordinance,"GFA ≤ 50,000 sqft",Laboratory,31925,31925,,
102431,3962 Sorrento Valley Blvd.,3962 Sorrento Valley Blvd.,San Diego,San Diego,CA,92121,1980,Not Subject to Ordinance,"GFA ≤ 50,000 sqft",Office,22000,22000,32.90363414,
102438,10805 Vista Sorrento Valley Pkwy,10805 Vista Sorrento Pkwy,San Diego,San Diego,CA,92121,1980,Not Subject to Ordinance,"GFA ≤ 50,000 sqft",Office,23400,23400,,
102443,Offices at 9370 Sky Park Ct,9370 Sky Park Ct STE  150,San Diego,San Diego,CA,92123,2020,Subject to Ordinance,,Office,72911,72911,32.90341013,
102444,WIP-Empire,9990 Empire St,San Diego,San Diego,CA,92121,1980,Subject to Ordinance,,Distribution Center,105636,105636,,-117.1498071
102451,Terraces at La Jolla Village (tr025),8843 Villa La Jolla Dr,La Jolla,san Diego,CA,92037,2020,Subject to Ordinance,,Office,129017,196790,33.0164533,
102499,SHIRLEY HEIGHTS - San Diego Sunrise,5605 AMANDA ST,San Diego ,San Diego,CA ,92114,1999,Not Subject to Ordinance,"GFA ≤ 50,000 sqft",Multifamily Housing,44200,44200,,
102500,7360 Carroll Rd,7360 Carroll Rd,San Diego ,San Diego,CA ,92121,1983,Not Subject to Ordinance,"GFA ≤ 50,000 sqft",Laboratory,22746,22746,,
102501,10075 Barnes Canyon Rd,10075 Barnes Canyon Rd,San Diego ,San Diego,CA ,92121,1986,Not Subject to Ordinance,"GFA ≤ 50,000 sqft",Office,26626,26626,,
102502,3931 Sorrento Valley Blvd - ARCHIVE,3931 Sorrento Valley Blvd,San Diego ,San Diego,CA ,92121,1986,Not Subject to Ordinance,"GFA ≤ 50,000 sqft",Office,24000,24000,,
102456,10445 Pacific Center Ct,10445 Pacific Center Ct,San Diego,San Diego,CA,92121,1996,Not Subject to Ordinance,"GFA ≤ 50,000 sqft",Laboratory,48709,48709,,
102504,4555 Executive Dr,4555 Executive Dr,San Diego,San Diego,CA ,92037,2023,Subject To Ordinance,,Office,131183,131183,,
102505,10975 & 10995 Torreyana Rd,10975 & 10995 Torreyana Rd,San Diego,San Diego,CA ,92121,1982,Subject to Ordinance,,Laboratory,106036,,,-117.2379407
102506,6166 Nancy Ridge Dr,6166 Nancy Ridge Dr,San Diego,San Diego,CA ,92121,2000,Not Subject to Ordinance,"GFA ≤ 50,000 sqft",Laboratory,29333,29333,32.9039979,
102507,4075 Sorrento Valley Blvd,4075 Sorrento Valley Blvd,San Diego,San Diego,CA ,92121,1995,Not Subject to Ordinance,"GFA ≤ 50,000 sqft",Office,40000,40000,,
102508,3911 / 3931 Sorrento Valley Blvd,3911 Sorrento Valley Blvd,San Diego,San Diego,CA ,92121,1995,Not Subject to Ordinance,"GFA ≤ 50,000 sqft",Office,28800,28800,,
102509,4S Commons Town Center/760,10511-10543 4s Commons Dr,San Diego,San Diego,CA ,92121,2006,Subject to Ordinance,,Strip Mall,252058,252058,,
101346,BMR-9775 Towne Centre Dr,9775 Towne Centre Dr,San Diego,San Diego,CA,92121-1968,1990,Subject to Ordinance,,Office,171683,,32.8851286,-117.2100112
102511,CASA DEL SUR - SAN DIEGO SUNRISE,655 TOURMALINE ST,San Diego,San Diego,CA ,92109,1977,Not Subject to Ordinance,"GFA ≤ 50,000 sqft",Multifamily Housing,33621,33621,,
102512,ST GEORGE MANOR - San Diego Sunrise,4776 LAMONT ST,San Diego,San Diego,CA ,92109,1999,Not Subject to Ordinance,"GFA ≤ 50,000 sqft",Multifamily Housing,20000,20000,,
102478,Union Grantville,4520 Alvarado Canyon Rd,San Diego,San Diego,CA,92120,2023,Subject to Ordinance,,Multifamily Residence,257067,,,-117.097412
102489,AT&T,4042 37th St,San Diego ,San Diego,CA ,92105,,Not Subject to Ordinance,"GFA ≤ 50,000 sqft",Industrial Warehouse,29648,29648,,
102515,MISSION ARBOR - San Diego Sunrise,4555 VANDEVER AVE,San Diego,San Diego,CA ,92120,1968,Not Subject to Ordinance,"GFA ≤ 50,000 sqft",Multifamily Housing,39138,39138,,
102516,VOGUE MANOR - SAN DIEGO SUNRISE MANAGEMENT COMPANY,4724 32ND ST,San Diego,San Diego,CA ,92116,1999,Not Subject to Ordinance,"GFA ≤ 50,000 sqft",Multifamily Housing,23000,23000,,
102517,10102 Hoyt Park Dr,10102 Hoyt Park Dr,San Diego,San Diego,CA ,92131,2023,Subject to Ordinance,,Multifamily Housing,180141,180141,,
102490,AT&T,650 Robinson Avenue,San Diego ,San Diego,CA ,92103,1984,Not Subject to Ordinance,"GFA ≤ 50,000 sqft",Office,22000,22000,,
102519,THE FORT - SAN DIEGO SUNRISE MANAGEMENT COMPANY,1011 FORT STOCKTON DR,San Diego,San Diego,CA ,92103,2018,Not Subject to Ordinance,"GFA ≤ 50,000 sqft",Multifamily Residence,29000,29000,,
102520,CASTILIAN - SAN DIEGO SUNRISE,4841 W MOUNTAIN VIEW DR,San Diego,San Diego,CA ,92116,1999,Not Subject to Ordinance,"GFA ≤ 50,000 sqft",Multifamily Residence,44000,44000,,
102491,Garden Terrace North,11065 Noble Lane,San Diego ,San Diego,CA ,92131,2020,Subject to Ordinance,,Multifamily Residence,69735,,,
102492,Garden Terrace South,11050 Hidden Glen Cir,San Diego ,San Diego,CA ,92131,2020,Subject to Ordinance,,Multifamily Residence,69735,,,
102523,2100 Kettner,2100 Kettner Blvd,San Diego,San Diego,CA ,92101,2022,Subject to Ordinance,,Office,204952,,,-117.1707632
102524,24407-Miramar / I-15,9550 Kearny Mesa Rd,San Diego,San Diego,CA ,92126,1985,Subject to Ordinance,,Self-Storage Facility,50823,,32.72636,
102525,29205-San Diego/Miramesa & Pacifichts,9890 Pacific Heights Blvd,San Diego,San Diego,CA ,92121,2006,Subject to Ordinance,,Self-Storage Facility,144595,,,-117.1896128
102493,Canyon view,11105 Hidden Glen Cir,San Diego ,San Diego,CA ,92131,2020,Subject to Ordinance,,Multifamily Residence,110118,,,
102494,Hillside building,11065 Hidden Glen Cir,San Diego ,San Diego,CA ,92131,2020,Subject to Ordinance,,Multifamily Residence,194159,,,
102495,GardenView,11105 Hidden Glen Circle B,San Diego ,San Diego,CA ,92131,2020,Subject to Ordinance,,Multifamily Residence,120906,,,
102496,Garden Terrace West,9825 Arbor Trail,San Diego ,San Diego,CA ,92131,2020,Subject to Ordinance,,Multifamily Residence,69735,,,
102532,7845 Westside Dr,7845 Westside Dr,San Diego,San Diego,CA ,92108,2015,Subject to Ordinance,,Multifamily Residence,441280,,,
102497,Del Mar Corporate Plaza - 12651,12651 High Bluff Dr,San Diego ,San Diego,CA ,92130,1984,Not Subject to Ordinance,"GFA ≤ 50,000 sqft",Office,35041,35041,,
102537,Biovista (9276),9276 SCRANTON RD,San Diego,San Diego,CA ,92121,2001,Subject to Ordinance,,Laboratory,131046,,,-117.2025228
102498,Del Mar Corporate Plaza - 12671,12671 High Bluff Dr,San Diego ,San Diego,CA ,92130,1985,Not Subject to Ordinance,"GFA ≤ 50,000 sqft",Office,38899,38899,,
102503,10931 North Torrey Pines Rd,10931 North Torrey Pines Rd,San Diego,San Diego,CA ,92121,1962,Not Subject to Ordinance,"GFA ≤ 50,000 sqft",Laboratory,24451,24451,,
102518,4110 Campus Point Ct,4110 Campus Point Ct,San Diego,San Diego,CA ,92121,2017,Not Subject to Ordinance,"GFA ≤ 50,000 sqft",Office,44035,44035,,
102542,Creekside Labs (10240),10240 Sorrento Valley Rd,San Diego,San Diego,CA ,92140,1981,Not Subject to Ordinance,GFA > 50% lab Manufacturing Industrial,Laboratory,70767,70767,,
102526,4750 Conrad Ave,4750 Conrad Ave,San Diego,San Diego,CA ,92117,1972,Subject to Ordinance,,Multifamily Residence,50000,,32.8993622,
102544,ECKART BUILDING,8755 Biological Grade,San Diego,San Diego,CA ,92093,1976,Not Subject to Ordinance,"GFA ≤ 50,000 sqft",Library,48274,48274,,
102527,4760 Conrad Ave,4760 Conrad Ave,San Diego,San Diego,CA ,92117,1972,Subject to Ordinance,,Multifamily Residence,50000,,,
102528,4770 Conrad Ave,4770 Conrad Ave,San Diego,San Diego,CA ,92117,1972,Subject to Ordinance,,Multifamily Residence,50000,,,
102539,CENTER HALL,9454 Gilman Dr,San Diego,San Diego,CA ,92093,1995,Subject to Ordinance,,College/ University,70303,,32.8919772,-117.2379042
102548,Golden Triangle Self Storage,10345 Sorrento Valley Rd.,San Diego,San Diego,CA ,92121,1997,Subject to Ordinance,,Self-Storage Facility,74274,,,
102540,COGNITIVE SCIENCE BUILDING+SOLIS HALL,3073 Muir Lane,San Diego,San Diego,CA ,92093,1976,Subject to Ordinance,,Office,66086,,32.8734936,
102541,CONRAD PREBYS MUSIC CENTER,9368 Russell Lane,La Jolla,San Diego,CA ,92093,2008,Subject to Ordinance,,College/University,88371,,,
102543,EAST CAMPUS PARKING STRUCTURE 1 WEST,9451 Medical Center Dr,San Diego,San Diego,CA ,92093,2011,Subject to Ordinance,,Parking,130072,,,
102552,Lusk I Building A,10225 Barnes Canyon Rd,San Diego,San Diego,CA ,92121,1989,Subject to Ordinance,,Office,57371,,,-117.1966422
102553,Lusk II Building C,6540 Lusk Blvd,San Diego,San Diego,CA ,92121,1989,Subject to Ordinance,,Office,83002,,32.8994672,-117.2020189
102545,Framework (fr449),805 13th St,San Diego,San Diego,CA ,92101,2022,Subject to Ordinance,,Multifamily Residence,52394,,,
102546,GALBRAITH HALL,9219 Scholars Dr South,San Diego,San Diego,CA ,92093,1965,Subject to Ordinance,,Laboratory,116473,,,
102547,GEISEL LIBRARY,9701 Hopkins Lane,San Diego,San Diego,CA ,92093,1970,Subject to Ordinance,,Library,409815,,,
102557,Mira Mesa Self Storage,7044 Flanders Dr.,San Diego,San Diego,CA ,92126,1987,Subject to Ordinance,,Self-Storage Facility,125800,,,
102558,Mission Valley Self Storage,4437 Twain Avenue,San Diego,San Diego,CA ,92120,1985,Subject to Ordinance,,Self-Storage Facility,123533,,,-117.0990131
102559,Morena Self Storage LP,908 Sherman St,San Diego,San Diego,CA ,92110,1989,Subject to Ordinance,,Self-Storage Facility,110325,,32.7843858,-117.2011158
102549,HUMANITIES & SOCIAL SCIENCES,2970 Scholars Lane,San Diego,San Diego,CA ,92093,1970,Subject to Ordinance,,College/University,92534,,,
102550,Ivy Senior Apartments (vy019),5858 Mount Alifan Dr,San Diego,San Diego,CA ,92111,2021,Not Subject to Ordinance,"GFA ≤ 50,000 sqft",Multifamily Housing,30512,30512,,
102551,JOAN & IRWIN JACOBS CNTR fr LA JOLLA PLAYHS,9115 Revelle College Dr,La Jolla,San Diego,CA ,92093,2005,Subject to Ordinance,,Performing Arts,56436,,,
102554,MAIN GYMNASIUM + NATATORIUM,2995 Scholars Lane,San Diego,San Diego,CA ,92093,1968,Subject to Ordinance,,Fitness Center/Health Club/Gym,64888,,32.9010677,
102564,Park & Market,1100 Market St,San Diego,San Diego,CA ,92101,2021,Subject to Ordinance,,College/University,65290,,,
102565,Parklane Apts,9669 Gold Coast Dr,San Diego,San Diego,CA ,92126,1978,Subject to Ordinance,,Multifamily Residence,77478,,,
102555,MANDELL WEISS FORUM,9135 Revelle College Dr,San Diego,San Diego,CA ,92093,1991,Not Subject to Ordinance,"GFA ≤ 50,000 sqft",College/University,45975,45975,,
102556,MANDEVILLE CENTER,9390 Mandeville Lane,San Diego,San Diego,CA ,92093,1974,Subject to Ordinance,,Laboratory,119476,,,
102560,NIERENBERG HALL+TRAILERS,8810 Shellback Way,San Diego,San Diego,CA ,92093,1984,Subject to Ordinance,,College/University,50345,,32.7639757,
102561,Otay Crossing Self Storage,2098 Harvest Rd.,San Diego,San Diego,CA ,92154,2000,Subject to Ordinance,,Self-Storage Facility,128513,,,-116.9445603
102562,Otay Mesa Self Storage,6630 Camino Maquiladora,San Diego,San Diego,CA ,92154,1998,Subject to Ordinance,,Self-Storage Facility,86803,,32.559082,
102563,OTTERSON HALL + WELLS FARGO HALL,10057 Scholars Dr North,San Diego,San Diego,CA ,92154,2007,Subject to Ordinance,,College/University,171404,171404,,
102574,Sorrento Mesa Self Storage,6690 Mira Mesa Blvd.,San Diego,San Diego,CA ,92121,1995,Subject to Ordinance,,Self-Storage Facility,77605,,,
102575,Sorrento Valley Self Storage,10531 Sorrento Valley Rd,San Diego,San Diego,CA ,92121,1995,Subject to Ordinance,,Self-Storage Facility,78380,,,-117.2177077
102566,PEPPER CANYON HALL,9381 Russell Lane,La Jolla,San Diego,CA ,92093,2004,Subject to Ordinance,,College/University,77957,,,
102568,RECREATIONAL & INTRAMURAL ATHLETIC COMPLEX,9860 Hopkins Dr,San Diego,San Diego,CA ,92093,1995,Subject to Ordinance,,Fitness Center/Health Club/Gym,211900,,,
102569,ROBINSON BLDGS 1 ADMIN+2 AUDITORIUM+3 LIBRARY,2986 Thurgood Marshall Lane,San Diego,San Diego,CA ,92093,1990,Subject to Ordinance,,Office,65118,,,
102571,SOCIAL SCIENCES BUILDING,9820 Hopkins Dr,San Diego,San Diego,CA ,92093,1995,Subject to Ordinance,,Office,76369,,,
102572,SOCIAL SCIENCES RESEARCH BUILDING,3035 Muir Lane,San Diego,San Diego,CA ,92093,1976,Subject to Ordinance,,Laboratory,55542,,,
102573,SOM BLDGS 1-4 + SOM TRAILERS,3190 Osler Lane,La Jolla,San Diego,CA ,92093,1988,Subject to Ordinance,,College/University,55560,,,
102579,STUDENT SERVICES CENTER,3152 Rupertus Way,La Jolla,San Diego,CA ,92093,2007,Subject to Ordinance,,Office,114449,,,
102581,The Reserve [3394],3394 Carmel Mountain Rd.,San Diego,San Diego,CA ,92121,2000,Not Subject to Ordinance,"GFA ≤ 50,000 sqft",Laboratory,43771,43771,,
102582,The Reserve [3398],3398 Carmel Mountain Rd.,San Diego,San Diego,CA ,92121,2000,Not Subject to Ordinance,"GFA ≤ 50,000 sqft",Laboratory,42092,42092,,
102583,VISUAL ARTS FACILITY - ALL BLDGS 1-6,9475 Russell Lane,La Jolla,San Diego,CA ,92093,2000,Subject to Ordinance,,Laboratory,68505,,,-117.2341341
102584,WARREN LECTURE HALL + LITERATURE BLDG,3224 Matthews Lane,San Diego,San Diego,CA ,92093,1990,Subject to Ordinance,,College/University,115764,,32.8791565,
102585,YORK HALL,9240 Herbert York Ln,La Jolla,San Diego,CA ,92093,1966,Subject to Ordinance,,Laboratory,112119,112119,,-117.2400779
102590,Cinnamon Woods,1363- 1391 27th St,San Diego,San Diego,CA ,92154,1984,Subject to Ordinance,,Multifamily Residence,65600,,,
102591,3040 Science Park - The Muse at Torrey Pines - DHC,3040 Science Park Rd,San Diego,San Diego,CA ,92037,1986,Not Subject to Ordinance,"GFA ≤ 50,000 sqft",Office,36418,36418,,
102593,Verbena Family Apartments (vr51),"1830 Raspberry Pl, STE 138",San Ysidro,San Diego,CA ,92173,2011,Subject to Ordinance,,Multifamily Residence,106393,106393,,-117.051181
102594,BIRCH AQUARIUM at SCRIPPS,2300 Expedition Way,San Diego,San Diego,CA ,92037,1992,Subject to Ordinance,,College/University,64157,,32.562699,
102595,Cala Mesa Nueva,3869 Miramar St,San Diego,San Diego,CA ,92037,2017,Subject to Ordinance,,Residence Hall/Dormitory,226135,,,
102596,Hilton San Diego / Del Mar,15575 Jimmy Durante Blvd,Del Mar,San Diego,CA ,92014-1901,1989,Subject to Ordinance ,,Hotel,238690,,,
102597,La Serena,15639 Alcachofa,San Diego,San Diego,CA,92128,1986,Subject to Ordinance,,Multifamily Housing,161140,,,-117.0684837
102599,Silo,7231 Colchester Ct,San Diego,San Diego,CA,92154,2022,Subject to Ordinance,,Multifamily Housing,193446,,,-116.9835515
102600,Aquila,7251 Naval Way,San Diego,San Diego,CA,92126,2023,Subject to Ordinance,,Multifamily Housing,235574,,32.5611853,
102601,Gravity Apartments,4560 Mission Gorge Pl,San Diego,San Diego,CA,92120,2021,Subject to Ordinance,,Multifamily Housing,295152,,,-117.0962943
102602,Terra at Mission Trails,7707 Mission Gorge,San Diego,San Diego,CA,92120,1976,Subject to Ordinance,,Multifamily Housing,63480,,32.7832111,-117.0667204
102603,Knox Glen,4754 Logan Avenue,San Diego,San Diego,CA,92113,1996,Subject to Ordinance,,Multifamily Housing,60764,,32.8097185,
102604,Silvercrest San Diego,727 E St,San Diego,San Diego,CA,92101,1996,Subject to Ordinance,,Multifamily,141705,,,-117.1578627
102605,Mason,451 Mason Dr,San Diego,San Diego,CA,92154,2023,Subject to Ordinance,,Multifamily Housing,217967,,32.7144811,
102606,Renaissance San Diego,421 B St,San Diego,San Diego,CA,92101,2000,Subject to Ordinance,,Hotel,168005,,,
102607,Casa Mira View Phase 4(re599),9801 Sydney Lane,San Diego,San Diego,CA,92126,2024,Subject to Ordinance,,Multifamily Housing,757324,,,
102608,"Drawbridge VDC II, LLC",16705 via del Campo Ct,San Diego ,San Diego,CA ,92127,2023,Subject to Ordinance,,Office,81130,,,
102609,3902 Lomaland Dr,3902 Lomaland Dr,San Diego ,San Diego,CA ,92106,1970,Subject to Ordinance,,College/University,348845,,,-117.2520882
102610,Activity Buisness Center,9235 Activity Rd,San Diego ,San Diego,CA ,92126,1987,Subject to Ordinance,,Manufacturing/Industrial Plant,163764,,32.7184474,
102611,USE Credit Union,10350 Barnes Canyon,San Diego ,San Diego,CA ,92131,1986,Subject to Ordinance,,Other,90330,,,
102612,Vue at Lake Murray,6867 Golfcrest Dr.,San Diego,San Diego,CA ,92119,1970,Subject to Ordinance,,,,,,
102613,Puesta del Sol,2601 Ulric St,San Diego,San Diego,CA ,92111,2023,Subject to Ordinance,,Multifamily Housing,57162,57013692,,
102614,Bernardo Center,16381 Bernardo Center Dr,San Diego,San Diego,CA,92128,1984,Subject to Ordinance,,Commercial,54219,,,
102616,10975 North Torrey Pines,10975 N TORREY PINES RD,San Diego ,San Diego,CA ,92037,1980,Not Subject to Ordinance,,Lab and Office,44733,,,
102617,4031 Sorrento Valley Blvd,4031 Sorrento Valley Blvd,San Diego,San Diego,CA,92121,1998,Not Subject to Ordinance,"GFA ≤ 50,000 sqft",Data Center,27000,27000,,
102618,DEA - San Diego (WH),4920 Greencraig Lane,San Diego ,San Diego,CA ,92123,2016,Not Subject to Ordinance,"GFA ≤ 50,000 sqft",Warehouse,23340,23340,,
102619,Alabama Manor (lb060),3836 Alabama St,San Diego ,San Diego,CA ,92014,1985,Not Subject to Ordinance,"GFA ≤ 50,000 sqft",Multifamily Housing,38000,38000,,
102620,Trinity Place (tr258),6240 Mission Gorge Rd,San Diego ,San Diego,CA ,92120,2021,Not Subject to Ordinance,"GFA ≤ 50,000 sqft",Multifamily Housing,26151,26151,,
102621,Harbor Police Headquarters,3380 N Harbor Dr,San Diego ,San Diego,CA ,92101,1946,Not Subject to Ordinance,"GFA ≤ 50,000 sqft",Office/Police,22800,22800,,
102622,San Diego West City Campus,3249 Fordham St.,San Diego ,San Diego,CA ,92110,2008,Not Subject to Ordinance,"GFA ≤ 50,000 sqft",College/University,49662,49662,,
102623,3722 Alabama St.,3722 Alabama St,San Diego ,San Diego,CA ,92104,1972,Not Subject to Ordinance,"GFA ≤ 50,000 sqft",Multifamily Housing,31884,31884,,
102624,13388 Highlands Place,13388 Highlands Place,San Diego ,San Diego,CA ,92130,2018,Subject to Ordinance,,Multifamily Housing,63894,,,
102625,San Diego City College,1240 15th St,San Diego ,San Diego,CA ,92154,1914,Subject to Ordinance,,College/University,1356821,,,
102626,South San Diego Distribution Center - Bldg 2,2055 Sanyo Ave,San Diego ,San Diego,CA ,92154,1996,Subject to Ordinance,,Non-Refrigerated Warehouse,208692,,,-116.9390634
102627,South San Diego Distribution Center - Bldg 3,2065 Sanyo Ave,San Diego ,San Diego,CA ,92154,2020,Subject to Ordinance,,Non-Refrigerated Warehouse,136654,,32.5613521,-116.9369517