,Name,Organization Type,Street Address,County,Website,Emails (General Contact),Staff/Misc Emails,Contact Form Link,Linkedin,Facebook,Instagram,X,Threads,Bluesky,Phone Number
0,NGO-ISAC,California Nonprofit ,,,https://www.ngoisac.org/,,,https://www.ngoisac.org/contact,https://www.linkedin.com/company/ngoisac,,,,,,
1,2020 Mom,California Nonprofit ,5101 Santa Monica Blvd. Suite 8-326 Los Angeles CA,Los Angeles County,http://www.2020mom.org/,,Kelly.Nielson@PolicyCenterMMH.org,https://policycentermmh.org/contact/,https://www.linkedin.com/company/policycentermmh/,,,https://x.com/PolicyCenterMMH,,,
2,211 San Diego,California Nonprofit ,3860 CAlle Fortunado Suite 101 San Diego CA,San Diego County,http://www.211sandiego.org/,info@211sandiego.org,"211help@211sandiego.org, 211connections@211sandiego.org, resourcecenter@211sandiego.org, media@211sandiego.org",https://211sandiego.org/contacts/,https://www.linkedin.com/company/211sandiego,https://www.facebook.com/211sandiego/,https://www.instagram.com/211sd,https://x.com/211SD,,,211
3,3C Capital Fund Inc,California Nonprofit ,PO Box 71355 Bakersfield CA,Kern County,http://www.3ccf.org/,,,https://3ccf.org/contact/,,,,,,,
4,40 Acres Fire Safe Council,California Nonprofit ,137 Ocean View Road Bishop CA,Inyo County,,,,,,,,,,,
5,4Paws,California Nonprofit ,2 Padre Parkway Suite 201B Rohnert Park CA,Sonoma County,http://www.4pawscenter.org/,,4pawsoffice@gmail.com,,,https://www.facebook.com/caninesocialtherapy/,,,,,
6,4th Second,California Nonprofit ,690 Walnut Ave Suite 220 Vallejo CA,Solano County,https://www.4thsecond.org/,,,https://www.4thsecond.org/contact/,https://www.linkedin.com/company/4th-second/about/,,https://www.instagram.com/4thsecondyep/,,,,
7,4th Trimester,California Nonprofit ,,,http://4thtri.org/,hello@4thtri.org,media@4thtri.org,https://4thtri.org/contact/,https://www.linkedin.com/company/4thtrimester,,https://www.instagram.com/4thtrimester_org,,,,6267204888
8,5-Eleven Hoops,California Nonprofit ,,,https://5elevenhoops.org/,info@5elevenhoops.com,,,,https://www.facebook.com/545461015608630,https://www.instagram.com/5elevenhoops/,https://www.x.com/5ElevenHoops,,,3109031174
9,805 UndocuFund,California Nonprofit ,P. O Box 1154 Lompoc CA,Santa Barbara County,https://www.805undocufund.org/,executivedirector@805undocufund.org,phernandez@805undocufund.org,https://www.805undocufund.org/contact-us.html,https://www.linkedin.com/company/19128208/admin/dashboard/,https://www.facebook.com/805undocufund,https://www.instagram.com/the805undocufund/,,,,8052008471
10,A Curiae,California Nonprofit ,440 N Barranca Ave 238847 Covina CA,Los Angeles County,http://www.acuriae.org/,"info@acuriae.org, info@acuriae.com",,https://www.acuriae.org/contactz,https://www.linkedin.com/company/acuriae/,,,,,,
11,A Greater Hope,California Nonprofit ,,,https://aghope.org/,info@ghffc.org,care@aghope.org,https://aghope.org/contact-us,,,,,,,
12,A New Beginning Resource Center,California Nonprofit ,325 W. Compton Blvd Compton CA,Los Angeles County,https://www.anbcenter.org/,info@anbcenter.org,,,,,https://www.instagram.com/p/DWhQdtdj2CM/,,,,
13,A New Way of Life,California Nonprofit ,PO Box 875288 Los Angeles CA,Los Angeles County,http://www.anewwayoflife.org/,info@anewwayoflife.org,,https://anewwayoflife.org/contact-us/,https://www.linkedin.com/company/a-new-way-of-life-reentry-project,https://www.facebook.com/ANewWayofLifeReentryProject,https://www.instagram.com/anewwayoflifela/,,,,
14,AAPI Equity Alliance,California Nonprofit ,905 E 8Th St Los Angeles CA,Los Angeles County,https://aapiequityalliance.org/,info@aapiequityalliance.org,,https://aapiequityalliance.org/contact/,https://www.linkedin.com/company/aapi-equity-alliance,https://www.facebook.com/AAPIEquityAlliance,https://www.instagram.com/aapiequityalliance/,,,,
15,ABE Clinics Foundation,California Nonprofit ,,,http://abeclinics.com/,,,https://www.abeclinics.com/contact-us/,,https://www.facebook.com/abeclinics.usa,https://www.instagram.com/abe_clinics_foundation,,,,
16,"Abilities Community Alliance, Inc.",California Nonprofit ,,,http://abilitiescafe.org/,,,https://abilitiescafe.org/contact-us,,,,,,,
17,Ability Now Bay Area,California Nonprofit ,4500 Lincoln Ave Oakland CA,Alameda County,https://abilitynowbayarea.org/,info@abilitynowba.org,marketdev@abilitynowba.org,https://abilitynowbayarea.org/contact/,https://www.linkedin.com/company/abilitynowba/,https://www.facebook.com/abilitynowba,https://www.instagram.com/abilitynowba,,,,
18,ABLED,California Nonprofit ,,,http://abled.org/,info@abled.org,,,https://www.linkedin.com/company/goabled/,https://www.facebook.com/goabled/,https://www.instagram.com/go_abled,,,,9167908020
19,Abode Services,California Nonprofit ,,,https://abode.org/,"info@abode.org?, info@abode.org",cdebenedetti@abode.org?,https://abode.org/contact-us,,https://www.facebook.com/AbodeOrg,https://www.instagram.com/abodeorg/,,https://www.threads.com/@abodeorg,https://bsky.app/profile/abodeorg.bsky.social,
20,About My Father's Business Homeless Outreach Ministry,California Nonprofit ,5619 Lindley Avenue Tarzana CA,,https://www.amfb.org/,,,,,https://www.facebook.com/AMFB.SFV,https://www.instagram.com/about_my_father/,,,,
21,About-Face,California Nonprofit ,2261 Market Street Suite 139 San Francisco CA,San Francisco County,http://about-face.org/,,,,,,,,,,
22,Abrazos Y Suspiros Inc.,California Nonprofit ,,,,,,,,,,,,,
23,Academy for Grassroots Organizations,California Nonprofit ,13312 Ranchero Rd Pmb 202 Oak Hills CA,,http://www.academygo.com/,admin@academygo.com,Admin@AcademyGO.com,https://members.academygo.com/contact,,https://www.facebook.com/AcademyGOIE,https://www.instagram.com/academygoie/,https://x.com/academyGOcom,,,
24,Access Central Coast,California Nonprofit ,,,http://www.accesscentralcoast.org/,info@accesscentralcoast.org,,http://www.accesscentralcoast.org/../about/contact-us.php,,,,,,,18059630595
25,Access Humboldt,California Nonprofit ,PO Box 157 Eureka CA,Humboldt County,http://www.accesshumboldt.net/,info@accesshumboldt.net,,http://www.accesshumboldt.net//home/contact,,,,,,,
26,Access Sacramento,California Nonprofit ,,,https://www.accesssacramento.org/,,,https://www.accesssacramento.org/contact/,https://www.linkedin.com/company/access-sacramento/,https://www.facebook.com/AccessSac/,https://www.instagram.com/access.sac/,,,,9164568600
27,Ace of Hearts Dog Rescue,California Nonprofit ,PO Box 2357 Beverly Hills CA,Los Angeles County,https://acesangels.org/,,"dogsfromheaven@aol.com, aofhcoordinator@gmail.com",https://www.acesangels.org/contact,,https://www.facebook.com/Aceofheartsdogs/,https://www.instagram.com/aceofheartsdogrescue/,,,,13103583344
28,ACM West,California Nonprofit ,,,http://acmwest.org/,info@acmwest.org,,https://acmwest.org/about-us/contact/,,,,,,,
29,AcroSports,California Nonprofit ,,,http://acrosports.org/,,,https://acrosports.org/contact-us/,,https://www.facebook.com/AcroSports,https://www.instagram.com/acrosports/,,,,14156652276
30,Acta Non Verba,California Nonprofit ,1001 83Rd Ave Mailbox 1 Oakland CA,Alameda County,https://twitter.com/anv_youth_farm,,,,,,,https://help.x.com/using-x/x-supported-browsers,,,
31,AdGood Foundation,California Nonprofit ,,,https://www.adgood.org/,,,https://www.adgood.org/contact,,,,,,,
32,Adjoin,California Nonprofit ,,,https://adjoin.org/,,,https://adjoin.org/contact,https://www.linkedin.com/company/adjoinorg/?viewAsMember=true,https://www.facebook.com/Adjoinorgnonprofit/,https://www.instagram.com/adjoinorg/,,,,
33,Advance Peace,California Nonprofit ,2163 Meeker Ave 23227 Richmond CA,Contra Costa County,https://www.advancepeace.org/,,,https://advancepeace.org/contact-us/,https://www.linkedin.com/in/advance-peace-485b67135/,https://www.facebook.com/advancepeace,https://www.instagram.com/advancepeace/,https://www.lightmix.com/,,,
34,Advent Group Ministries Inc.,California Nonprofit ,,,http://adventgm.org/,,advent@adventgm.org,https://www.adventgm.org/contact,https://www.linkedin.com/company/advent-group-ministries/,https://www.facebook.com/AdventGroupMinistries,https://www.instagram.com/advent.gm,,,,14082810708
35,Adventure Risk Challenge,California Nonprofit ,,,https://adventureriskchallenge.org/,,,https://adventureriskchallenge.org/contact-us-now/,https://www.linkedin.com/company/adventure-risk-challenge/,https://www.facebook.com/AdventureRiskChallenge,https://www.instagram.com/adventureriskchallenge/,,,,
36,"Advocacy, Inc.",California Nonprofit ,1500 41St Ave Ste. 222 CApitola CA,Santa Cruz County,http://www.advocacy-inc.org/,,advocate@advocacy-inc.org,https://advocacy-inc.org/contact-us/,,,,,,,
37,Advocates for Indigenous California Language Survival,California Nonprofit ,PO Box 26357 Fresno CA,Fresno County,http://www.aicls.org/,,,,,https://www.facebook.com/Advocates-for-Indigenous-California-Language-Survival-268790494349,https://www.instagram.com/aicls/,,,,
38,Advocates for the Environment,California Nonprofit ,,,https://www.aenv.org/,,,,,,,,,,
39,Advokids,California Nonprofit ,5643 Paradise Dr Ste 12B Corte Madera CA,Marin County,http://www.advokids.org/,,"advocate@michaeln624.sg-host.com, helpline@advokids.org, advocate@advokids.org",https://advokids.org/contact-us-2/,https://www.linkedin.com/company/advokids/,https://www.facebook.com/Advokids/,https://www.instagram.com/advokids/?hl=en,,,,8772384543
40,Affordable Homeless Housing Alternatives,California Nonprofit ,PO Box 3794 Eureka CA,Humboldt County,http://www.ahha-humco.org/,,ahha.humco@gmail.com,http://www.ahha-humco.org/contact-county-and-city-officials,,https://www.facebook.com/AHHA-Affordable-Homeless-Housing-Alternatives-546655568823719,https://www.instagram.com/ahhahumco/,,,,
41,Afghan Coalition,California Nonprofit ,39155 Liberty St D-460 Fremont CA,Alameda County,http://www.afghancoalition.org/,info@afghancoalition.org,youremailaddress@mail.com,https://afghancoalition.org/contact-us/,https://www.linkedin.com/company/afghancoalition/?viewAsMember=true,https://www.facebook.com/Afghancoalition?mibextid=LQQJ4d,https://www.instagram.com/afghan_coalition/?locale=uken1&hl=am-et,https://x.com/Afghan_Coal,,,15107451680
42,African American Community Service Agency,California Nonprofit ,304 N. 6Th Street San Jose CA,Santa Clara County,http://www.sjaacsa.org/,,"milan.balinton@sjaacsa.org, lavere.foster@sjaacsa.org",http://www.sjaacsa.org/contact-us,https://www.linkedin.com/in/milan-balinton-6635a117/,https://www.facebook.com/CityofSanJose/,https://www.instagram.com/sj_aacsa/,,,,4082923157
43,"African American Network of Kern County, Inc",California Nonprofit ,P. O. Box 1215 Bakersfield CA,Kern County,http://aankc.org/,,support@digitalspace.net,https://digitalspace.net/contact.html,,,,,,,
44,Ag Land Trust,California Nonprofit ,1263 Padre Drive Salinas CA,Monterey County,https://www.aglandtrust.org/,,,https://www.aglandtrust.org/contact-us/,https://www.linkedin.com/company/ag-land-trust/,https://www.facebook.com/aglandtrust,https://www.instagram.com/aglandtrust,,,,
45,AHA! Attitude. Harmony. Achievement.,California Nonprofit ,,,https://ahasb.org/,,"sabrina@ahasb.org, media@ahasb.org, clinical@ahasb.org, brandon@ahasb.org, paulina@ahasb.org, rene@ahasb.org, kira@ahasb.org, molly@ahasb.org, nic@ahasb.org, tabitha@ahasb.org, roxy@ahasb.org",https://ahasb.org/contact-us/,https://www.linkedin.com/company/aha-attitude-harmony-achievement,https://www.facebook.com/ahasb.org,https://www.instagram.com/aha_sb/,,,,18057707200
46,AIDS Services Foundation OC dba Radiant Health Centers,California Nonprofit ,17982 Sky Park Cir Ste J Irvine CA,Orange County,http://radianthealthcenters.org/,,"marketing@radianthealthcenters.org, lgarland@radianthealthcenters.org, tnguyen@radianthealthcenters.org",https://www.radianthealthcenters.org/contact-us,https://www.linkedin.com/company/556115/,https://www.facebook.com/RadiantHealthOC,https://www.instagram.com/RadiantHealthOC,,,,9498095700
47,Airmid Institute,California Nonprofit ,8780 19Th St. 23124 Alta Loma CA,,http://www.airmidinstitute.org/,info@airmidinstitute.org,,https://airmidinstitute.org/contact-us/,https://www.linkedin.com/company/airmid-institute/,https://www.facebook.com/airmidinstitute/,https://www.instagram.com/airmid_institute/,,,,
48,Alameda Health Consortium/ Community Health Center Network,California Nonprofit ,101 CAllan Ave Ste 300 San Leandro CA,Alameda County,http://www.alamedahealthconsortium.org/,information@alamedahealthconsortium.org,,https://www.alamedahealthconsortium.org/about/contact-us/,https://www.linkedin.com/company/alameda-health-consortium/,https://www.facebook.com/alamedahealthconsortium/,https://www.instagram.com/alamedahealthconsortium/,,,,5102970230
49,Alameda Post Inc.,California Nonprofit ,1516 Oak St Ste 203 Alameda CA,Alameda County,https://alamedapost.com/,info@alamedapost.com,"podcast@alamedapost.com, community@alamedapost.com, sales@alamedapost.com, accounting@alamedapost.com, publisher@alamedapost.com, editor@alamedapost.com, webmaster@alamedapost.com",https://alamedapost.com/contact/,,https://www.facebook.com/AlamedaPost/,https://www.instagram.com/alameda.post/,https://kellylux.com?cmpid=050247HG200,,https://bsky.app/profile/alamedapost.com,
50,Alano Club of Santa Barbara,California Nonprofit ,,,https://www.alanoclubsantabarbara.org/,,,https://www.alanoclubsantabarbara.org/contact/,,https://www.facebook.com/AlanoClubofSantaBarbara/,,,,,
51,Albie Aware Breast Cancer Foundation,California Nonprofit ,PO Box 191011 Sacramento CA,Sacramento County,http://www.albieaware.org/,info@albieaware.org,,https://albieaware.org/about/contact-2/,https://www.linkedin.com/company/albie-aware-inc./,https://www.facebook.com/albieawareinc/,https://www.instagram.com/explore/locations/1015907757/albie-aware-inc?hl=en,,,,916%209271592
52,Alchemist CDC,California Nonprofit ,2901 K Street Ste 302 Sacramento CA,Sacramento County,http://www.alchemistcdc.org/,info@alchemistcdc.org,volunteer@alchemistcdc.org,https://alchemistcdc.org/contact-us/,https://www.linkedin.com/company/9746579/,https://www.facebook.com/AlchemistCDC/,https://www.instagram.com/alchemistcdc/,,,https://bsky.app/profile/alchemistcdc.org,
53,Alcohol Justice,California Nonprofit ,,,https://alcoholjustice.org/,,"advocacy@alcoholjustice.org, media@alcoholjustice.org",https://alcoholjustice.org/contact-us/,https://www.linkedin.com/company/alcohol-justice/,https://www.facebook.com/alcoholwatchdog,https://www.instagram.com/alcohol_justice/,,,,4154565692
54,Alexandria House,California Nonprofit ,,,https://www.alexandriahouse.org/,,,,,https://www.facebook.com/AlexandriaHouseLA/,https://www.instagram.com/alexandriahousela/?hl=en,,,,
55,Ali Akbar College of Music,California Nonprofit ,215 W End Ave San Rafael CA,Marin County,http://www.aacm.org/,,office@aacm.org,https://aacm.org/contact-the-ali-akbar-college-of-music/,,https://www.facebook.com/pg/AliAkbarCollegeofMusic/,https://www.instagram.com/aliakbarcollegeofmusic/,,,,7609724628
56,Alianza Coachella Valley,California Nonprofit ,PO Box 38 Coachella CA,Riverside County,http://alianzacv.org/,info@alianzacv.org,,https://www.alianzacv.org/contact-us/,https://www.linkedin.com/company/alianza-coachella-valley/,https://www.facebook.com/AlianzaCoachellaValley,https://www.instagram.com/alianzacv/,https://x.com/alianzacv,,,
57,Alice Carroll Foundation,California Nonprofit ,60 Landing Circle Suite 231 Chico CA,Butte County,https://www.alicecarrollfoundation.org/,info@alicecarrollfoundation.com,,https://www.alicecarrollfoundation.org/contacts/,,,,,,,
58,Alisa Ann Ruch Burn Foundation,California Nonprofit ,710 R Street Fresno CA,Fresno County,http://www.aarbf.org/,,,http://www.aarbf.org//donation-contact-us/,,https://www.facebook.com/AlisaAnnRuchBurnFoundation/,https://www.instagram.com/aarbf/?hl=en,,,,
59,All-American Boys Chorus,California Nonprofit ,PO Box 1527 Costa Mesa CA,Orange County,http://www.taabc.org/,,,https://taabc.org/who-we-are/taabc-contact/,,https://www.facebook.com/TheBoysChorus/,https://www.instagram.com/theboyschorus/,,,,
60,Alleluia,California Nonprofit ,1031 N. Columbia Avenue Reedley CA,Fresno County,,,,,,,,,,,2132672144
61,Alliance for a Better Community,California Nonprofit ,201 S Figueroa Street Suite 200 Los Angeles CA,Los Angeles County,https://afabc.org/,info@afabc.org,,https://afabc.org/contact/,https://www.linkedin.com/company/alliance-for-a-better-community/,https://www.facebook.com/afabcla/,https://www.instagram.com/afabc_la/,,,,
62,Alliance for HOPE International,California Nonprofit ,101 W. Broadway Suite 1770 San Diego CA,San Diego County,http://www.nfjca.org/,,,,,,,,,,
63,Alliance for Justice,California Nonprofit ,1000 N. Alameda St 23240 Los Angeles CA,Los Angeles County,http://www.afj.org/,,alliance@afj.org,https://afj.org/contact/,https://www.linkedin.com/company/alliance-for-justice/,https://www.facebook.com/AllianceforJustice,,,,,
64,Alliance Francaise de Pasadena,California Nonprofit ,232 N Lake Avenue Suite 105 Pasadena CA,Los Angeles County,http://afdepasadena.org/,,,https://www.afdepasadena.org/contacts/,,https://www.facebook.com/pages/Alliance-Francaise-de-Pasadena/67928118517,https://www.instagram.com/alliancefrancaisedepasadena/,https://www.dropbox.com/scl/fi/c42y798jvcnoejb82f6b4/Night-of-Ideas-AFDP-CALTECH-2026.pdf?rlkey=vyd54javlnu1mweubmgw81fdl&st=of4twg7k&dl=0,,,
65,Alliance in Mentorship,California Nonprofit ,2548 Knoxville Ave Long Beach CA,Los Angeles County,https://www.mimentor.org/,,,,https://www.linkedin.com/company/mimentor/,https://www.facebook.com/allianceinmentorship/,https://www.instagram.com/mimentor/,,,,
66,Allmed of Los Angeles Inc,California Nonprofit ,,,http://www.allmedla.org/,,,,,,,,,,
67,Almaden Valley Counseling Service,California Nonprofit ,6529 Crown Blvd Ste D San Jose CA,Santa Clara County,http://www.avcounseling.org/,,,https://avcounseling.org/contact/,,,,,,,
68,Alpha Connection Youth & Family Services,California Nonprofit ,22675 Anoka Rd Apple Valley CA,San Bernardino County,https://alphaconnection.org/,,,https://alphaconnection.org/contact/,,https://www.facebook.com/alphaconnection.org,https://www.instagram.com/,,,,
69,Althea Canines,California Nonprofit ,,,http://altheacanines.org/,,,,,,,,,,
70,Amache Alliance,California Nonprofit ,1502 Avenida La POsta Encinitas CA,San Diego County,http://amachealliance.org/,,support@altheacanines.org,,,,,,,,
71,American Sports Institute,California Nonprofit ,250 CAmino Alto Suite 100D Mill Valley CA,Marin County,http://www.americansportsinstitute.org/,,amachealliance@gmail.com,https://www.amachealliance.org/contact,,,,,,,
72,"American Volunteer Reserve, Inc.",California Nonprofit ,21382 Avenida Manantial Attn3A Steven D Root Secretary-Treasurer Lake Forest CA,Orange County,http://www.americanvolunteerreserve.org/,info@americansportsinstitute.org,,https://americansportsinstitute.org/contact/email-subscription/,,https://www.facebook.com/AmericanSportsInstitute,,,,,
73,America's Homeless Veterans,California Nonprofit ,,,https://www.ahvets.org/,,,,,,,,,,19163767400
74,Amikas,California Nonprofit ,,,http://www.amikas.org/,,,https://www.ahvets.org/MailTo:contact@ahvets.org,,https://www.facebook.com/americanhomelessveterans/,https://www.instagram.com/americashomelessveterans/,,,,16195123110
75,Amity Institute,California Nonprofit ,2727 CAmino Del Rio S Ste 137 San Diego CA,San Diego County,http://www.amity.org/,info@amikas.org,social@thomasp60.sg-host.com,https://www.amikas.org/contact-us/,,https://www.facebook.com/AmikasBridgeHousing,https://www.instagram.com/amikas108/,https://atomicpx.com,,,
76,Amor por Teco Foundation,California Nonprofit ,11901 Acacia Ave. Hawthorne CA,Los Angeles County,http://amorporteco.org/,,mail@amity.org,https://amity.org/contact/,http://www.linkedin.com/company/amity-institute2019,https://www.facebook.com/Amity-Institute-1131261956986435/,https://www.instagram.com/amityinstitute/,,,,
77,Amplified Impact Partners,California Nonprofit ,3990 Old Town Avenue Suite C304 San Diego CA,San Diego County,http://www.amplified.org/,contacto@amoporteco.org,,http://amorporteco.org/contacto.html,,https://www.facebook.com/groups/1203406433202591/,,,,,8584125331
78,Anacapa School,California Nonprofit ,,,https://www.anacapaschool.org/,info@amplified.org,,,https://www.linkedin.com/company/amplifiedimpactpartners,https://www.facebook.com/amplifiedimpactpartners/,https://www.instagram.com/amplifiedimpactpartners/,,,,
79,ANCHOR Community Caregiver Academy,California Nonprofit ,,,,,anacapa@anacapaschool.org,,,https://www.facebook.com/theanacapaschool,https://www.instagram.com/theanacapaschool/,,,,
80,Ancient Forest Society,California Nonprofit ,,,https://ancientforestsociety.org/,,,,,,,,,,
81,Angel Island Immigration Station Foundation,California Nonprofit ,870 Market Street Suite 901 San Francisco CA,San Francisco County,https://www.aiisf.org/,,,https://ancientforestsociety.org/contact-us,,https://www.facebook.com/ancientforestsociety.org,https://www.instagram.com/ancient_forest_society/,,,,4156587691
82,Angels Gate Cultural Center,California Nonprofit ,3601 South Gaffey Street San Pedro CA,,https://angelsgateart.org/,info@aiisf.org,,https://lp.constantcontactpages.com/sl/gTThtik,,https://www.facebook.com/AIISForg,https://www.instagram.com/AIISForg,,,,
83,Animal Place,California Nonprofit ,17314 Mccourtney Rd Grass Valley CA,Nevada County,http://www.animalplace.org/,info@angelsgateart.org,,https://angelsgateart.org//about/#contact,,https://www.facebook.com/angelsgateculturalcenter/,https://www.instagram.com/angelsgateart/,,,,5304771757
84,Animal Spay & Neuter Clinic,California Nonprofit ,3524 K.O.A. Way Auburn CA,Placer County,http://animalspayneuter.com/,"info@animalplace.org,  info@animalplace.org",marji@animalplace.org,https://animalplace.org/contact-us/,https://www.linkedin.com/company/animal-place/,https://www.facebook.com/animalplace,https://www.instagram.com/_animalplace/,,,,5308898800
85,Antioch Community Foundation,California Nonprofit ,418 W. 4Th St. Antioch CA,Contra Costa County,https://acfcommunityimpact.org/,,,https://animalspayneuter.com/contact-us/,,https://www.facebook.com/Animal-Spay-and-Neuter-Auburn-1087138704637727/,,,,,
86,Anti-Recidivism Coalition,California Nonprofit ,,,https://antirecidivism.org/,,,https://acfcommunityimpact.org/contact/,,,,,,,
87,Anza-Borrego Foundation,California Nonprofit ,PO Box 2001 Borrego Spgs CA,,http://www.theabf.org/,,"media@antirecidivism.org, blear@arc-ca.org, development@antirecidivism.org",https://antirecidivism.org/contact/,,,https://www.instagram.com/antirecidivismcoalition/,,,,760%207670446
88,April Parker Foundation,California Nonprofit ,245 E. 3Rd Street Long Beach CA,Los Angeles County,https://aprilparker.org/,info@theabf.org,,https://theabf.org/about/contact/,,https://www.facebook.com/AnzaBorregoFoundation,https://www.instagram.com/anzaborrego/,,,,
89,AquAlliance,California Nonprofit ,PO Box 4024 Chico CA,Butte County,http://www.aqualliance.net/,info@aprilparker.org,"partnerships@aprilparker.org, outreach@aprilparker.org",https://aprilparker.org/contact/,,,,,,,
90,Aram & Lailani Foundation,California Nonprofit ,,,,info@aqualliance.net,,https://aqualliance.net/contact/,,,,,,,
91,Arbor Bay School,California Nonprofit ,1017 Cedar St. San CArlos CA,San Mateo County,https://www.arborbayschool.org/,,,,,,,,,,
92,Arcata House Partnership,California Nonprofit ,,,https://www.arcatahouse.org/,,,https://www.arborbayschool.org/contact-us/,,https://www.facebook.com/pages/Arbor-Bay-School/112268426813?ref=ts,https://www.instagram.com/arborbayschool/,,,,
93,Area 1 Agency on Aging,California Nonprofit ,333 J Street Eureka CA,Humboldt County,http://www.a1aa.org/,info@arcatahouse.org,"annex@arcatahouse.org, volunteer@arcatahouse.org",https://www.arcatahouse.org/contact,https://www.linkedin.com/company/arcatahousepartnership/,https://www.facebook.com/ArcataHousePartnership/,https://www.instagram.com/arcatahouse/,,,,
94,Aricares Alliance,California Nonprofit ,,,http://www.aricaresalliance.com/,,,https://a1aa.org/contact/,,,,,,,
95,Arielle's Light,California Nonprofit ,,,https://www.arielleslight.org/,contact@aricaresalliance.com,,https://www.aricaresalliance.com/contact-8,https://www.linkedin.com/company/aricares-alliance/,https://www.facebook.com/profile.php?id=61581183601150,https://www.instagram.com/aricaresalliance/,,,,
96,Arlene and Michael Rosen Foundation,California Nonprofit ,7 W Figueroa Street 3Rd Floor Santa Barbara CA,Santa Barbara County,http://amrf.org/,info@mysite.com,,,,https://www.facebook.com/profile.php?id=61571182157128,https://www.instagram.com/arielleslight/,,,,
97,Arlington Garden in Pasadena,California Nonprofit ,275 Arlington Dr Pasadena CA,Los Angeles County,http://arlingtongardenpasadena.org/,contactus@amrf.org,,https://amrf.org/contact/,,,,,,,
98,Artists Television Access,California Nonprofit ,992 Valencia St San Francisco CA,San Francisco County,http://www.atasite.org/,info@arlingtongardenpasadena.org,,https://www.arlingtongardenpasadena.org/contact/,,https://www.facebook.com/arlingtongarden/,https://www.instagram.com/arlingtonpasadena/,,,,
99,ARTogether,California Nonprofit ,1200 Harrison Street Oakland CA,Alameda County,http://www.artogether.org/,,volunteer@atasite.org,,,,,,,https://bsky.app/profile/ataconnect.bsky.social,
100,Arts and Healing Initiative,California Nonprofit ,2626 33Rd Street Santa Monica CA,Los Angeles County,http://artsandhealinginitiative.org/,info@artogether.org,,https://www.artogether.org/contact-us/,https://www.linkedin.com/company/artogether,https://www.facebook.com/ProjectARTogether/,https://www.instagram.com/artogether__/,,,,
101,Arts Council for Long Beach,California Nonprofit ,PO Box 8067 Long Beach CA,Los Angeles County,https://artslb.org/,info@artsandhealinginitiative.org,,http://artsandhealinginitiative.org//pages/contact,,https://www.facebook.com/artshealinginitiative,https://www.instagram.com/artshealinginitiative,,,,
102,Arts Council Napa Valley,California Nonprofit ,PO Box 2782 Napa CA,Napa County,https://www.artscouncilnapavalley.org/,,,,,,,,,,
103,Arts Council of Santa Cruz County,California Nonprofit ,1070 River Street Santa Cruz CA,Santa Cruz County,https://artscouncilsc.org/,info@artscouncilnv.org,,https://www.artscouncilnapavalley.org/contact-us/,,https://www.facebook.com/artscouncilnv,https://www.instagram.com/artscouncilnv/,,,,8314759600
104,Arts for LA,California Nonprofit ,PO Box 4099 Ste H100 West Covina CA,Los Angeles County,http://www.artsforla.org/,info@artscouncilsc.org,,,https://www.linkedin.com/company/arts-council-santa-cruz-county,https://www.facebook.com/artscouncilsc,https://www.instagram.com/artscouncilsc,,,,
105,Arts Orange County,California Nonprofit ,17620 Fitch Avenue Suite 255 Irvine CA,Orange County,http://artsoc.org/,info@artsforla.org,,https://www.artsforla.org/contact-us/,,https://www.facebook.com/ArtsforLA,https://www.instagram.com/arts4la/,,,,7145565160
106,Asbestos Disease Awareness Organization,California Nonprofit ,1525 Aviation Blvd Ste 318 Redondo Beach CA,Los Angeles County,http://www.adao.us/,info@artsoc.org,,http://artsoc.org/http://visitor.r20.constantcontact.com/manage/optin/ea?v=0018aaLHdu4GfQ0tVdLNP_J3A%3D%3D,,,https://www.instagram.com/artsorangecountyca/,,,,
107,Ascend Wilderness Experience,California Nonprofit ,PO Box 3263 Weaverville CA,,https://ascendwilderness.org/,info@AsbestosDiseaseAwareness.org,,https://www.asbestosdiseaseawareness.org/about-adao/contact-us/,https://www.linkedin.com/grps/Asbestos-Disease-Awareness-Organization-ADAO-2489148?trk=myg_ugrp_ovr,https://www.facebook.com/ADAOAsbestos,,,,,
108,Ashby Village,California Nonprofit ,1953 Hopkins Street Berkeley CA,Alameda County,http://www.ashbyvillage.org/,information.ascend@gmail.com,"andrewn.ascend@gmail.com, amanda.ascend@gmail.com, zacherysullivan1980@gmail.com, amcintosh.ascend@gmail.com",https://ascendwilderness.org/contact/,,,,,,,
109,Asian American Media Inc,California Nonprofit ,440 North Barranca Avenue 238117 Covina CA,Los Angeles County,https://asamnews.com/,info@ashbyvillage.org,,,https://www.linkedin.com/company/ashby-village,https://www.facebook.com/ashbyvillage/,,,,,
110,Asian Law Caucus,California Nonprofit ,55 Columbus Ave San Francisco CA,San Francisco County,http://www.asianlawcaucus.org/,,,,,https://www.facebook.com/AsAmNews,https://www.instagram.com/asamnews/,,,https://bsky.app/profile/asamnews.bsky.social,4158961701
111,Asian Pacific American Leadership Institute,California Nonprofit ,10319 Denison Ave Cupertino CA,Santa Clara County,http://apali.org/,,,,,https://www.facebook.com/asianlawcaucus/,https://www.instagram.com/asianlawcaucus/,,,,
112,Asian Pacific Community Fund,California Nonprofit ,1145 Wilshire Blvd Ste 105 Los Angeles CA,Los Angeles County,http://www.apcf.org/,admin@apali.org,,https://lp.constantcontactpages.com/sl/s16cDDf,,,,,,,2136246400
113,Asian Pacific Institute on Gender-Based Violence,California Nonprofit ,500 12Th Street Ste. 330 Oakland CA,Alameda County,https://www.api-gbv.org/,,general@apcf.org,,https://www.linkedin.com/company/1934839/,https://www.facebook.com/apcfla/,https://www.instagram.com/asianpaccommfund/,https://x.com/APCF,,,
114,Asian Women's Shelter,California Nonprofit ,3543 18Th St Ste 19 San Francisco CA,San Francisco County,http://www.sfaws.org/,info@api-gbv.org,,https://api-gbv.org/contact-us/,,,,,,,8777510880
115,Association for Environmental and Outdoor Education (AEOE),California Nonprofit ,,,http://aeoe.org/,,,http://www.sfaws.org/contact,,https://www.facebook.com/sfaws/,https://www.instagram.com/sf_aws,,,,
116,Association of California Symphony Orchestras,California Nonprofit ,PO Box 71439 Los Angeles CA,Los Angeles County,http://www.acso.org/,,,,https://www.linkedin.com/company/association-for-environmental-and-outdoor-education-aeoe/,https://www.facebook.com/caeoe,https://www.instagram.com/caeoe/,,,,8004952276
117,Association of Community Human Service Agencies,California Nonprofit ,1200 Wilshire Blvd Ste 404 Los Angeles CA,Los Angeles County,https://achsa.net/,,"office@acso.org, cbamforth@acso.org, aopsahl@acso.org, sweber@acso.org, ekhotim@acso.org, amiller@acso.org",https://www.acso.org/staff-and-contact/,https://www.linkedin.com/company/acso-linkedin/,,https://www.instagram.com/acso_gram/,,,,
118,Association of Lunar and Planetary Observers,California Nonprofit ,PO Box 13456 Springfield Il,,http://www.alpo-astronomy.org/,,mailbox@achsa.net,https://achsa.net/contact-us,https://www.linkedin.com/company/association-of-community-human-serv-ice-agencies-achsa-/about/?viewAsMember=true,,https://www.instagram.com/achsalosangeles/,,,,
119,Association of Moving Image Archivists,California Nonprofit ,1313 Vine St Hollywood CA,,http://www.amianet.org/,,,,,,,,,,
120,Association of Regional Center Agencies,California Nonprofit ,980 9Th Street Suite 1450 Sacramento CA,Sacramento County,http://www.arcanet.org/,,,,,https://www.facebook.com/amiarchivists/,https://www.instagram.com/AMIArchivists/,,,,
121,Association of Two-Way & Dual Language Education,California Nonprofit ,3121 Park Ave. Ste. C Soquel CA,,http://www.atdle.org/,,,,,,https://www.instagram.com/arcacalifornia/,,,,
122,Associations West,California Nonprofit ,,,http://myassociationswest.org/,,,https://atdle.org/contact/,,https://www.facebook.com/ATDLE/,https://www.instagram.com/atdletwbi/,,,,
123,Atsapaq,California Nonprofit ,,,http://atsapaq.org/,,,http://myassociationswest.org/contact-us,https://www.linkedin.com/company/associationswest,https://www.facebook.com/associationswest,https://www.instagram.com/associationswest,https://x.com/assoc_west,,,
124,Autism Society Inland Empire,California Nonprofit ,420 N Mckinley Ste 111-118 Corona CA,Riverside County,http://www.ieautism.org/,info@mysite.com,,https://www.atsapaq.org/contact,https://www.linkedin.com/company/wix-com,https://www.facebook.com/WixStudio,,,,,9512206922
125,Backyard Kids' Theater,California Nonprofit ,1110 Princeton Drive Sonoma CA,Sonoma County,http://backyardkidstheater.com/,"info@ieautism.org, info@your-domain.com",,,https://www.linkedin.com/company/33152931/,https://www.facebook.com/AutismSocietyInlandEmpire,https://www.instagram.com/autismsocietyinlandempire/,,,,
126,Bakersfield College Foundation,California Nonprofit ,1801 Panorama Dr Bakersfield CA,Kern County,https://www.supportbc.org/,admin@backyardkidstheater.com,,https://www.backyardkidstheater.com/contact,,,https://www.instagram.com/backyardkidstheater/,,,,
127,Barrio Action Youth & Family Center,California Nonprofit ,4927 Huntington Drive N. Suite 200 Los Angeles CA,Los Angeles County,http://www.barrioaction.org/,,foundation@bakersfieldcollege.edu,https://supportbc.org/contact/,https://www.linkedin.com/company/bcfoundation/,https://www.facebook.com/BakersfieldCollegeFoundation,https://www.instagram.com/bakersfieldcollegefoundation/,,,,3232210779
128,Bay Area Bioscience Education Community,California Nonprofit ,1019 Edwards Road Burlingame CA,San Mateo County,https://www.instagram.com/babec_org/,,,https://barrioaction.org/contact-us/,https://www.linkedin.com/company/barrio-action-youth-and-family-center,https://www.facebook.com/barrioaction/,https://www.instagram.com/barrioaction/,,,,
129,Bay Area Cancer Connections,California Nonprofit ,1511 S. Claremont Street San Mateo CA,San Mateo County,http://www.bayareacancer.org/,,,,,https://www.facebook.com/help/instagram/261704639352628,,,https://www.threads.com/,,
130,Bay Area Crisis Nursery,California Nonprofit ,1506 Mendocino Drive Concord CA,Contra Costa County,https://bayareacrisisnursery.org/, info@bayareacancer.org,,https://www.bayareacancer.org/contact-us/,,https://www.facebook.com/bayareacancer,https://www.instagram.com/bayareacancer/,,,,9256856633
131,Bay Area Lawyers for Individual Freedom,California Nonprofit ,PO Box 193383 San Francisco CA,San Francisco County,https://www.balif.org/,,,https://bayareacrisisnursery.org/contact/,https://www.linkedin.com/company/bay-area-crisis-nursery/about/,https://www.facebook.com/bacnspage/,https://www.instagram.com/bayareacrisisnursery/,,,,
132,Bay Area Outreach & Recreation Program,California Nonprofit ,,,https://www.borp.org/,,,https://balif.org/contact/,https://www.linkedin.com/groups/3153404/,https://www.facebook.com/BALIFSF/,https://www.instagram.com/balif_bar/,,,,15108494663
133,Bay Area Social Empowerment (dba BASE),California Nonprofit ,,,https://baseyouthservices.org/,info@borp.org,,https://www.borp.org/about/contact-us/,,https://www.facebook.com/borp.org/,https://www.instagram.com/borp_org/?hl=en,,,,
134,Bay Area Women's Sports Initiative (BAWSI),California Nonprofit ,2635 N First Street Suite 149 San Jose CA,Santa Clara County,http://www.bawsi.org/,,,,,,,,,,
135,Bay Nature Institute,California Nonprofit ,,,https://baynature.org/,info@bayareatutor.org,,https://bayareatutor.org/contact/,https://www.linkedin.com/company/bayareatutoringassociation/,https://www.facebook.com/BayAreaTutoringAssociation?ref=hl,https://www.instagram.com/bayareatutoring/?hl=en,,,,
136,BayGeo,California Nonprofit ,2529 Yolanda Ct Pleasanton CA,Alameda County,http://baygeo.org/,,bawsi@bawsi.org?,http://www.bawsi.org/contact-us,https://www.linkedin.com/company/bay-area-women's-sports-initiative-bawsi-/,https://www.facebook.com/BAWSI.org/posts,https://www.instagram.com/bawsi/,,,,
137,"Beacons, Inc.",California Nonprofit ,2245 CAmino Vida Roble Suite 100 CArlsbad CA,San Diego County,http://www.beaconsnorthcounty.com/,,,,https://www.linkedin.com/company/bay-nature-institute,https://www.facebook.com/BayNature/,https://www.instagram.com/baynaturemagazine/,,,,
138,Beekeepers Guild of Santa Barbara,California Nonprofit ,PO Box 6057 Santa Barbara CA,Santa Barbara County,http://www.beeguildsb.org/,,,,https://www.linkedin.com/company/baygeo/,,,,,,
139,BEKIND Coaching Org,California Nonprofit ,,,http://www.bekindcoaching.org/,info@BeaconsNorthCounty.com,"Explorer@BeaconsNorthCounty.com, studio@beaconsnorthcounty.com, Club@BeaconsNorthCounty.com, PathFinder@BeaconsNorthCounty.com, Passport@beaconsnorthcounty.com, HR@BeaconsNorthCounty.com",,,https://www.facebook.com/BeaconsInc/,https://www.instagram.com/beaconsnorthcounty/,,,,
140,Benton Boosters,California Nonprofit ,,,,,BeekeepersGuildSB@yahoo.com,http://www.beeguildsb.org/contact-us,,https://www.facebook.com/BeekeepersGuildSB,https://www.instagram.com/beeguildsb,,,,
141,Berkeley Community Scholars,California Nonprofit ,1654 University Ave Berkeley CA,Alameda County,https://berkeleyscholars.org/,,,,,,,,,,
142,Berkeley Geochronology Center,California Nonprofit ,2455 Ridge Road Berkeley CA,Alameda County,https://www.bgc.org/,,,,,,,,,,
143,Berkeley Public Library Foundation,California Nonprofit ,,,https://bplf.org/,info@berkeleyscholars.org,"sherry@berkeleyscholars.org, emily@berkeleyscholars.org, savannah@berkeleyscholars.org, lynn@berkeleyscholars.org, ralph@berkeleyscholars.org",https://berkeleyscholars.org/about/contact-us/,https://www.linkedin.com/company/berkeley-community-scholars/,https://www.facebook.com/berkscholars,https://www.instagram.com/berkscholars/,,,,5106449200
144,Berkeley Public Schools Fund,California Nonprofit ,PO Box 2066 Berkeley CA,Alameda County,http://www.berkeleypublicschoolsfund.org/,info@bgc.org,,https://www.bgc.org/contact,,,,,,,
145,Berkeley Youth Alternatives,California Nonprofit ,1255 Allston Way Berkeley CA,Alameda County,http://www.byaonline.org/,info@bplf.org,,https://bplf.org/contact/,,https://www.facebook.com/BerkeleyPublicLibraryFoundation/,https://www.instagram.com/bplibfoundation/,,,,
146,Bernal Heights Neighborhood Center,California Nonprofit ,515 Cortland Ave San Francisco CA,San Francisco County,http://www.bhnc.org/,info@schoolsfund.berkeley.net,"monaaldabashi@schoolsfund.berkeley.net, angiewon@schoolsfund.berkeley.net, jisselpoblete@schoolsfund.berkeley.net, sallymclaughlin@schoolsfund.berkeley.net, sethnewman@schoolsfund.berkeley.net, duffyross@schoolsfund.berkeley.net, nagatalwasim@schoolsfund.berkeley.net, karinacruzrosales@schoolsfund.berkeley.net",https://www.berkeleypublicschoolsfund.org/mission/#contactus,https://www.linkedin.com/company/berkeley-public-schools-fund/,https://www.facebook.com/berkeleypublicschoolsfund,https://www.instagram.com/berkeleypublicschoolsfund/,,,,5108459010
147,Bet Tzedek Legal Services,California Nonprofit ,,,https://bettzedek.org/,"info@byaonline.org, info@byaonline.org?",,http://www.byaonline.org/contact-us,,https://www.facebook.com/byabayarea/,https://www.instagram.com/berkeleyyouthalternatives/,,,,
148,Beyond Blindness,California Nonprofit ,,,https://www.beyondblindness.org/,info@bhnc.org,Shyatt@bhnc.org,https://bhnc.org/contact-us/,,https://www.facebook.com/bhncjoin/,https://www.instagram.com/bhncsf/,,,,3239390506
149,Beyond Invisible Bars,California Nonprofit ,,,https://beyondinvisiblebars.org/,,,,https://www.linkedin.com/company/bet-tzedek-legal-services/,https://www.facebook.com/bettzedek,https://www.instagram.com/bettzedek/,,,,
150,Beyond Us & Them,California Nonprofit ,,,http://beyondusandthem.org/,info@beyondblindness.org,,https://www.beyondblindness.org/contact/,https://www.linkedin.com/company/beyond-blindness-oc,,https://www.instagram.com/beyondblindness/,,,,
151,Bicycle Kitchen / La Bici-Cocina,California Nonprofit ,4429 Fountain Ave Los Angeles CA,Los Angeles County,https://instagram.com/bicicocina,,beyondinvisiblebars@gmail.com,,,,,,,,
152,Big Brothers Big Sisters of Northern Sierra,California Nonprofit ,535 Main Street Placerville CA,El Dorado County,http://www.bbbsns.org/,,,https://beyondusandthem.org/contact-us/,https://www.linkedin.com/company/beyondusandthem/,https://www.facebook.com/beyondusandthem,https://www.instagram.com/beyondusandthem,,,,
153,Big Brothers Big Sisters of San Luis Obispo County,California Nonprofit ,PO Box 12644 San Luis Obispo CA,San Luis Obispo County,http://www.slobigs.org/,,,,,https://www.facebook.com/help/instagram/261704639352628,,,https://www.threads.com/,,
154,Big Brothers Big Sisters of Santa Cruz County,California Nonprofit ,740 Front St Suite 155 Santa Cruz CA,Santa Cruz County,http://www.santacruzmentor.org/,,,,,,,,,,18057813226
155,Big Mike's Bottom Line,California Nonprofit ,10590 Quiet Havens Court Sacramento CA,Sacramento County,http://www.bigmikesbottomline.org/,,,https://www.slobigs.org/contact/,,https://www.facebook.com/Big-Brothers-Big-Sisters-of-San-Luis-Obispo-County-122520060660/,https://www.instagram.com/slobigs/,,,,18314648691
156,Big Sur Health Center,California Nonprofit ,46896 Highway 1 Big Sur CA,,http://bigsurhealthcenter.org/,contact@bbbsmontereybay.org,,http://www.santacruzmentor.org/mailto:contact@bbbsmontereybay.org,,,,,,,
157,Big Sur International Marathon,California Nonprofit ,PO Box 222620 CArmel CA,,http://www.bsim.org/,,BIGMIKESBOTTOMLINE@GMAIL.COM,,https://www.linkedin.com/company/big-mike-s-bottom-line/,https://www.facebook.com/profile.php?id=61556412849303,https://www.instagram.com/bigmikesbottomline/,,,,
158,Bigfoot Trail Alliance,California Nonprofit ,,,https://www.bigfoottrail.org/,info@bigsurhealthcenter.org,,http://bigsurhealthcenter.org/contact.html,,https://www.facebook.com/BigSurHealthCenter?ref=ts&fref=ts,https://www.instagram.com/bigsurhealthcenter/,,,,
159,Binational of Central California,California Nonprofit ,1241 E. Shaw Ave Fresno CA,Fresno County,https://binationalca.org/,,,,,,,,,,
160,Biodiversity Funders Group/ Consultative Group On Biological Diversity,California Nonprofit ,PO Box 29361 San Francisco CA,San Francisco County,http://www.biodiversityfunders.org/,,,https://www.bigfoottrail.org/our-work/contact/,,,,,,,15599054549
161,Biomimicry Institute,California Nonprofit ,400 West Broadway Street Suite 414 Missoula Mt,,http://www.biomimicry.org/,,binational@binationalca.org,https://binationalca.org/contact-us/,https://www.linkedin.com/company/binational/,https://www.facebook.com/BOCCFresno/,https://www.instagram.com/bocc.fresno/,,,,
162,Black Being,California Nonprofit ,312 E. Queen Street Inglewood CA,Los Angeles County,https://blackbeingla.org/,,,,,,,,,,14158001401
163,Black Cooperative Impact Fund,California Nonprofit ,6080 Center Drive 6Th Floor Los Angeles CA,Los Angeles County,http://www.bcifund.org/,info@biomimicry.org,"media@biomimicry.org, support@biomimicry.org",https://biomimicry.org/contact/,https://www.linkedin.com/company/biomimicryinstitute,,,,,,
164,Black Mountain Dance Foundation,California Nonprofit ,12285 Word Trade Dr. San Diego CA,San Diego County,http://www.socalballet.org/,,,,,,https://www.instagram.com/blackbeingla/,,,,
165,Black Music Action Coalition,California Nonprofit ,8605 Santa Monica Blvd Pmb 958031 West Hollywood CA,Los Angeles County,https://www.bmacoalition.org/,info@bcifund.org,,,,https://www.facebook.com/bcifund/,http://www.instagram.com/bcifund,,,,
166,Black Organizing Project,California Nonprofit ,1035 W Grand Ave Oakland CA,Alameda County,http://www.blackorganizingproject.org/,,,http://www.socalballet.org/contact,,https://www.facebook.com/SouthernCaliforniaBallet/,https://www.instagram.com/southerncaliforniaballet/,,,,
167,Black Students of California United,California Nonprofit ,PO Box 28175 Fresno CA,Fresno County,https://www.blackstudentscu.us/,,,https://www.bmacoalition.org/contact,,https://www.facebook.com/Black-Music-Action-Coalition-105504337884039,,,,,8884567890
168,Bleeding Disorders Council of California,California Nonprofit ,717 K Street 23501 Sacramento CA,Sacramento County,http://www.bdcouncilca.org/,"info@example.com, info@blackorganizingproject.org",humans@conversionflow.co,http://www.blackorganizingproject.org/contact-us,https://www.linkedin.com/company/black-organizing-project,https://www.facebook.com/BlackOrgProject,https://www.instagram.com/blackorganizingproject/,https://x.com/BlackOrgProject/status/1862923385065652546,,,
169,"Blindness Support Services, Inc.",California Nonprofit ,3696 Beatty Dr. Riverside CA,Riverside County,http://www.blindnesssupport.com/,,Contact@BlackStudentsCU.us,https://www.blackstudentscu.us/contact-us,https://www.linkedin.com/company/blackstudentscu,,,,,,9165727771
170,Blue Banner Volleyball,California Nonprofit ,,,http://bluebannervb.com/,info@bdcouncilca.org,,https://www.bdcouncilca.org/contact-us/,https://www.linkedin.com/company/bleeding-disorders-council-california,https://www.facebook.com/bdcouncilca,https://www.instagram.com/bdcouncilofca/,,,,9513419244
171,Blue Shield of California Foundation,California Nonprofit ,,,https://blueshieldcafoundation.org/,info@blindnesssupport.com,fdesk@blindnesssupport.com,http://www.blindnesssupport.com/contact us.html,,,,,,,
172,Blue Sky Center,California Nonprofit ,1000 Perkins Road New Cuyama CA,,http://www.blueskycenter.org/,info@bluebannervb.com,,https://bluebannervb.com/contact-us/,,https://www.facebook.com//bluebannervb,https://www.instagram.com/bluebannervb,,,,
173,Blue Star Ranch,California Nonprofit ,29659 Grandifloras Rd Santa Clarita CA,Los Angeles County,http://bluestarranch.org/,,"rachael.kagan@blueshieldcafoundation.org, bscfpublicaffairs@blueshieldca.com",https://blueshieldcafoundation.org/contact-us,https://www.linkedin.com/company/blue-shield-of-california-foundation/,https://www.facebook.com/blueshieldcafoundation,https://www.instagram.com/blueshieldcafoundation,,,,
174,BlueSkies For Children,California Nonprofit ,3021 Brookdale Avenue Oakland CA,Alameda County,http://www.blueskies4children.org/,hello@blueskycenter.org,,,,https://www.facebook.com/madeincuyama,,,,,
175,Boho Foundation,California Nonprofit ,,,,,,https://bluestarranch.org/contact-us/,,https://www.facebook.com/profile.php?id=100067460895750,,,,,5102611076
176,Bon Air Cottage,California Nonprofit ,75 Tamalpais Road Greenbrae CA,,,info@blueskies4children.org,,http://www.blueskies4children.org/contact-us,https://www.linkedin.com/company/blueskies-for-children,,,,,,
177,Bosana Foundation,California Nonprofit ,3310 Keystone Ave Apt 8 Los Angeles CA,Los Angeles County,http://bosanafoundation.org/,,,,,,,,,,
178,Boxtales Theatre Company,California Nonprofit ,PO Box 91521 Santa Barbara CA,Santa Barbara County,http://www.boxtales.org/,,,,,,,,,,
179,Boys & Girls Clubs of Garden Grove,California Nonprofit ,,,https://bgcgg.org/,,,,https://www.linkedin.com/company/bosana-foundation/about/,https://www.facebook.com/BosanaFoundation/,https://www.instagram.com/bosanafnd/,,,,
180,Brannan Center,California Nonprofit ,PO Box 466 CAlistoga CA,Napa County,https://www.buildbrannancenter.org/,info@boxtales.org,"artsteach@scfta.org, mturner@musiccenter.org",https://boxtales.org/contact,,,,,,,
181,Breakout Prison Outreach dba California Youth Outreach,California Nonprofit ,PO Box 8671 Fresno CA,Fresno County,http://www.cyoutreach.org/,,,,,https://www.facebook.com/BGCGardenGrove,,,,,
182,Breast Cancer Prevention Partners,California Nonprofit ,1388 Sutter Street 23400 San Francisco CA,San Francisco County,http://bcpp.org/,,,,,,,,,,
183,Breast Cancer Resource Center of Santa Barbara,California Nonprofit ,,,https://www.bcrcsb.org/,,,,,,,,,,
184,Breathe Southern California,California Nonprofit ,,,https://www.breathesocal.org/,"contact@bcpp.org, programinfo@bcpp.org","donate@bcpp.org, safecosmetics@bcpp.org, events@bcpp.org, media@bcpp.org, julie@bcpp.org",http://bcpp.org/contact-us/,https://www.linkedin.com/company/breast-cancer-prevention-partners,https://www.facebook.com/BCPPartners/,https://www.instagram.com/bcppartners/,,,,8055699693
185,Bridge the Gap College Prep,California Nonprofit ,2330 Marinship Way Suite 302 Sausalito CA,Marin County,https://btgcollegeprep.org/,info@bcrcsb.org,,https://www.bcrcsb.org/contact/,https://www.linkedin.com/company/breast-cancer-resource-center-of-santa-barbara/,https://www.facebook.com/BCRCSB/,https://www.instagram.com/bcrcsb/,,,,3239358050
186,Brisbane Village Helping Hands,California Nonprofit ,PO Box 734 Brisbane CA,San Mateo County,http://brisbanevillage.org/,,,,https://www.linkedin.com/company/breathesocal,https://www.facebook.com/Breathesocal,https://www.instagram.com/breathesocal/,,,,
187,Brothers On The Rise,California Nonprofit ,66 Franklin St. Oakland CA,Alameda County,http://www.brothersontherise.org/,,,,,,,,,,
188,Berkeley Student Cooperative,California Nonprofit ,2424 Ridge Rd Berkeley CA,Alameda County,http://www.bsc.coop/,,brisbanevillagehelpinghands@gmail.com,,,,,,,,
189,Buddhist Church of San Francisco,California Nonprofit ,1881 Pine Street San Francisco CA,San Francisco County,http://www.buddhistchurchofsanfrancisco.org/,info@brothersontherise.org,cesar@brothersontherise.org,https://brothersontherise.org/contact/,,,,,,,
190,Building Futures Inc,California Nonprofit ,PO Box 6214 North Hollywood CA,,https://buildingfuturesinc.org/,,,,,,,,,,
191,Burbank Philharmonic Orchestra,California Nonprofit ,,,http://www.burbankphilharmonic.org/,,,http://www.buddhistchurchofsanfrancisco.org/contact-1,,https://www.facebook.com/Buddhist-Church-of-San-Francisco-155091384627181/,http://www.instagram.com/buddhistchurchofsanfrancisco,,,,
192,Burlingame Library Foundation,California Nonprofit ,,,https://www.burlingamelibraryfoundation.org/,,kgreen@buildingfuturesinc.org,https://buildingfuturesinc.org/contact-us,,https://www.facebook.com/buildingfuturesincorporated,https://www.instagram.com/bfi_2010,,,,
193,Butler Valley Incorporated,California Nonprofit ,4635 Broadway Eureka CA,Humboldt County,http://butlervalley.org/,,,https://www.burbankphilharmonic.org/contact,,https://www.facebook.com/burbankphilharmonic/,https://www.instagram.com/,https://x.com/BurbankPhil_,,,
194,Butte County Fire Safe Council,California Nonprofit ,PO Box 699 Paradise CA,Butte County,http://buttefiresafe.net/,info@burlingamelibraryfoundation.org?,,https://www.burlingamelibraryfoundation.org/contactus,,,,,,,
195,Butte County Local Food Network,California Nonprofit ,,,https://www.bclocalfood.org/,bvadmin@humboldt1.com,,,,,,,,,5308770984
196,Butte Environmental Council,California Nonprofit ,313 Walnut St. Ste 140 Chico CA,Butte County,http://www.becnet.org/,,Ready@buttefiresafe.net,http://buttefiresafe.net/contact,https://www.linkedin.com/company/butte-county-fire-safe-council/,https://www.facebook.com/buttefiresafe/,https://www.instagram.com/buttefiresafe/,,,,
197,C. G. Jung Institute of Los Angeles,California Nonprofit ,10349 W. Pico Blvd. Los Angeles CA,Los Angeles County,https://junginla.org/,,,https://www.bclocalfood.org/contact,,https://www.facebook.com/ButteCountyLocalFoodNetwork/,https://www.instagram.com/bclocalfood/,,,,
198,C.O.P.E. Family Support Center,California Nonprofit ,3021 Citrus Circle Suite 105 Walnut Creek CA,Contra Costa County,http://copefamilysupport.org/,,,http://www.becnet.org/contact-us,,https://www.facebook.com/butteenvironmentalcouncil,https://www.instagram.com/butteenvironmentalcouncil,,,,
199,CA Black Women's Collective Empowerment Institute,California Nonprofit ,500 E. CArson Plaza Drive Suite 219 CArson CA,Los Angeles County,https://www.cablackwomenscollective.org/,administration@junginla.org,publicprograms@junginla.org,https://junginla.org/contact-us,,,,,,,
200,Cabrillo Economic Development Corporation,California Nonprofit ,702 County Square Drive Suite 23200 Ventura CA,Ventura County,http://www.cabrilloedc.org/,,,https://copefamilysupport.org/contact/,,,,,,,
201,Cabrillo Education Foundation,California Nonprofit ,PO Box 354 Half Moon Bay CA,San Mateo County,http://ceffund.org/,info@mysite.com,,https://www.cablackwomenscollective.org/contact-us,,https://www.facebook.com/CABlackWomensCollective/,https://www.instagram.com/cablackwomenscollective/,,,,18056593791
202,CactusToCloud Institute,California Nonprofit ,51405 Avenida Mendoza La Quinta CA,Riverside County,http://www.cactustocloud.org/,info@cabrilloedc.org,,https://www.cabrilloedc.org/contact-us/,https://www.linkedin.com/company/1410268?trk=tyah&trkInfo=clickedVertical%3Acompany%2Cidx%3A1-1-1%2CtarId%3A1434560238403%2Ctas%3Acabrillo%20ec,https://www.facebook.com/CEDCVC,https://www.instagram.com/cabrilloedc/,,,,
203,"CALICO - Child Abuse Listening, Interviewing, and Coordination Center",California Nonprofit ,524 Estudillo Ave San Leandro CA,Alameda County,http://www.calicocenter.org/,,,,,https://www.facebook.com/CabrilloEducationFoundation/,https://www.instagram.com/cefcoastside/,,,,
204,California 211 Providers Network,California Nonprofit ,2828 Ross Ln Arroyo Grande CA,San Luis Obispo County,https://www.211california.org/,,,,,https://www.facebook.com/Cactus2Cloud,https://www.instagram.com/cactustocloud/,,,https://bsky.app/profile/cactustocloud.org,
205,California Access to Justice Commission,California Nonprofit ,,,http://calatj.org/,info@calicocenter.org,,https://www.calicocenter.org/contact-us,,https://www.facebook.com/calicoforkids,https://www.instagram.com/calicoforkids/,,,,
206,California Alliance of Caregivers,California Nonprofit ,PO Box 576 Sacramento CA,Sacramento County,http://www.cacaregivers.org/,info@ca211.org,,,,,,,,,
207,California Alliance of Child and Family Services,California Nonprofit ,,,https://www.cacfs.org/,,,,,,,,,,
208,"California Association for Health, Physical Education, Recreation and Dance",California Nonprofit ,1501 El CAmino Ave Ste 3 North Sacramento CA,,http://www.cahperd.org/,,,,,https://www.facebook.com/cacaregivers,https://www.instagram.com/cacaregivers,,,,
209,California Association for Micro Enterprise Opportunity (CAMEO Network),California Nonprofit ,Two Embarcadero Center 8Th Floor CAmeo Network San Francisco CA,San Francisco County,http://www.cameonetwork.org/,info@cacfs.org,,,,https://www.facebook.com/CAAllianceKIDS/,,,,,
210,California Association of Food Banks (CAFB),California Nonprofit ,1616 Franklin Street Suite 23300 Oakland CA,Alameda County,http://www.cafoodbanks.org/,,reception@cahperd.org,,,https://www.facebook.com/cahperd,https://www.instagram.com/cahperd/,https://thefitbox.com/,,,
211,California Association of Human Relations Organizations (CAHRO),California Nonprofit ,3094 Olive Street San Diego CA,San Diego County,http://www.cahro.org/,,,,,,,,,,
212,California Association of Museums,California Nonprofit ,PO Box 1775 Alpine CA,,http://www.calmuseums.org/,,,https://www.cafoodbanks.org/contact-us/,https://www.linkedin.com/company/cafoodbanks/,https://www.facebook.com/cafoodbanks,https://www.instagram.com/cafoodbanks,http://x.com/CAFoodBanks,,,
213,California Association of Resource Conservation Districts,California Nonprofit ,,,https://carcd.org/,,,,,,,,,,831.471.9970
214,California Association of Social Rehabilitation Agencies,California Nonprofit ,3350 E 7Th Street 23509 Long Beach CA,Los Angeles County,http://www.casra.org/,,"cam@calmuseums.org, snoopyplate@resources.ca.gov",https://calmuseums.org/contact-us/,https://www.linkedin.com/groups/2786164,,https://www.instagram.com/calmuseums,,,,9164325938
215,California Behavioral Health Association,California Nonprofit ,455 CApitol Mall Suite 315 Sacramento CA,Sacramento County,http://cccbha.org/,info@carcd.org,,,,,,https://donorbox.com/carcd,,,
216,California Biomedical Research Association,California Nonprofit ,PO Box 19340 Sacramento CA,Sacramento County,http://www.ca-biomed.org/,,"chad@casra.org, joe@casra.org, casra@casra.org",https://casra.org/contactus-social-rehabilitation-agency.html,,,,,,,9165571166
217,California Black Power Network,California Nonprofit ,3553 Atlantic Avenue Suite B 231240 Long Beach CA,Los Angeles County,http://www.blackpowernetwork.org/,,response@calbha.org,https://members.calbha.org/contact,https://www.linkedin.com/company/ca-behavioral-health-association/,https://www.facebook.com/cccbha/,https://www.instagram.com/behavioralhealthofca/?utm_source=ig_embed&utm_campaign=loading,,,https://bsky.app/profile/cbha.bsky.social,
218,California Bluegrass Association,California Nonprofit ,194 Connecticut St San Francisco CA,San Francisco County,https://californiabluegrass.org/,,dsutton@ca-biomed.org,https://ca-biomed.org/contact/,https://www.linkedin.com/company/18043886/,https://www.facebook.com/CaliforniaBiomedicalResearchAssociation/,,,,,2138869616
219,California Breast Cancer Support Inc,California Nonprofit ,,,,info@blackpowernetwork.org,,,,https://www.facebook.com/BlkPowerNetwork/,https://www.instagram.com/blkpowernetwork/,,,,
220,California Breastfeeding Coalition,California Nonprofit ,1401 21St Sreet 236422 Sacramento CA,Sacramento County,https://californiabreastfeeding.org/,,,https://californiabluegrass.org/contact/,,https://www.facebook.com/californiabluegrass/,https://www.instagram.com/californiabluegrass/,,,,
221,California Center for Cooperative Development,California Nonprofit ,979 F Street Suite A Davis CA,Yolo County,http://www.cccd.coop/,,,,,,,,,,
222,California Center for Movement Legal Services,California Nonprofit ,428 13Th Street 8Th Floor Oakland CA,Alameda County,https://www.movementlegal.org/,hello@californiabreastfeeding.org,,https://visitor.r20.constantcontact.com/manage/optin?v=001jarSHX2McaS8qheQh7JhYESKguXQ3sHLvS5X3YxMc1XXe4Jcnj-EDNc4M2RcpDs3GikvnRZiB5HhYQtP5D9tYQwsJtOF4XWtCpNrrqa-Hww%3D,https://www.linkedin.com/company/california-breastfeeding-coalition/,https://www.facebook.com/CaliforniaBreastfeedingCoalition,https://www.instagram.com/ca_breastfeeding/,https://californiabreastfeeding.regfox.com/2026-california-breastfeeding-summit,,,
223,California Certifying Board of Medical Assistants,California Nonprofit ,PO Box 462 Placerville CA,El Dorado County,https://ccbma.org/,,,http://www.cccd.coop/contact-us,,https://www.facebook.com/California-Center-for-Cooperative-Development-293602278779,,,,,
224,California Child Care Resource & Referral Network,California Nonprofit ,1 POlk Street Unit 201 San Francisco CA,San Francisco County,http://www.rrnetwork.org/,admin@movementlegal.org?,,https://www.movementlegal.org/contact-us,https://www.linkedin.com/company/centerformovementlegalservices/,https://www.facebook.com/Movementlegalservices,https://www.instagram.com/movement_legal/,,,,
225,California Coalition for Youth,California Nonprofit ,PO Box 161448 Sacramento CA,Sacramento County,http://www.calyouth.org/,info@ccbma.org,,https://ccbma.org/contact/,,,,,,,415208820234
226,California Coastal Rural Development Corp.,California Nonprofit ,132 W. Gabilan St. Salinas CA,Monterey County,http://www.calcoastal.org/,,,https://rrnetwork.org/about/contact,,https://www.facebook.com/CARRNetwork/,,,,,8008435200
227,California Collaborative for Immigrant Justice,California Nonprofit ,1999 Harrison St. Ste 1800 Oakland CA,Alameda County,https://www.ccijustice.org/,info@calyouth.org,"membership@calyouth.org, outreach@calyouth.org, cycl@calyouth.org, jobs@calyouth.org, jade@calyouth.org, advocacy@calyouth.org",,,https://www.facebook.com/calyouth.org/,https://www.instagram.com/calyouth/,https://x.com/calyouth,,,
228,California Community Action Partnership Association [CalCAPA],California Nonprofit ,,,http://calcapa.org/,,,https://www.calcoastal.org/contact-us/,https://www.linkedin.com/profile/view?id=147452751,https://www.facebook.com/pages/California-Coastal-Rural-Development-Corp/158218290875870,,,,,
229,California Consortium for Urban Indian Health,California Nonprofit ,2280 Diamond Blvd Ste 590 Concord CA,Contra Costa County,http://www.ccuih.org/,info@ccijustice.org,,,https://www.linkedin.com/company/california-collaborative-for-immigrant-justice/,https://www.facebook.com/ccijustice,https://www.instagram.com/browbarinc_template/,,,https://bsky.app/profile/ccijustice.bsky.social,
230,California Court Appointed Special Advocate Association,California Nonprofit ,3525 Del Mar Heights Rd No 243 San Diego CA,San Diego County,http://www.californiacasa.org/,,,,,,,,,,
231,California Desert Chorale,California Nonprofit ,PO Box 2716 Palm Desert CA,Riverside County,http://www.californiadesertchorale.org/,,,,,,,,,,
232,California Electric Transportation Coalition,California Nonprofit ,1015 K St. Ste 200 Sacramento CA,Sacramento County,https://caletc.com/,,staff@californiacasa.org,http://www.californiacasa.org/contact,https://www.linkedin.com/company/california-casa-association/,https://www.facebook.com/californiacasa/,,,,,
233,California Family Life Center,California Nonprofit ,PO Box 727 Hemet CA,Riverside County,https://www.cflckids.org/,,,http://www.californiadesertchorale.org/contact-us,,https://www.facebook.com/californiadesertchorale/,https://www.instagram.com/californiadesertchorale/?hl=en,https://www.tix.com/ticket-sales/californiadesertchorale/3898,,,
234,California for the Arts,California Nonprofit ,,,http://www.caforthearts.org/,,,https://caletc.com/contact/,https://www.linkedin.com/company/california-electric-transportation-coalition/,,,,,,
235,California Foundation for Independent Living Centers,California Nonprofit ,1000 G Street 23 100 Sacramento CA,Sacramento County,http://www.cfilc.org/,,,https://www.cflckids.org///www.cflckids.org/contact-us,,,,,,,
236,"California Grey Bears, Inc.",California Nonprofit ,2710 Chanticleer Ave Santa Cruz CA,Santa Cruz County,http://www.greybears.org/,,,,https://www.linkedin.com/company/californians-for-the-arts/,https://www.facebook.com/CaliforniafortheArts,https://www.instagram.com/caforthearts/,,,,
237,California Health Advocates,California Nonprofit ,800 Sunrise Ave Ste F Roseville CA,Placer County,http://www.cahealthadvocates.org/,,,http://www.cfilc.org/contact-cfilc/,,https://www.facebook.com/CFILC.org/,https://www.instagram.com/cfilc_1982/,,,,
238,California Health Collaborative,California Nonprofit ,,,https://healthcollaborative.org/,,,,,https://www.facebook.com/greybears.org,https://www.instagram.com/greybearssantacruz/,,,,
239,California Healthcare Foundation,California Nonprofit ,1438 Webster St Ste 400 Oakland CA,Alameda County,http://www.chcf.org/,,,,,,,,,,
240,California Housing Consortium,California Nonprofit ,30141 Agoura Rd Ste 205 Agoura Hills CA,Los Angeles County,http://www.calhsng.org/,,,https://healthcollaborative.org/contact/,,,,,,,
241,California Humanities,California Nonprofit ,538 9Th Street Suite 210 Oakland CA,Alameda County,http://www.calhum.org/,,,https://www.chcf.org/contact-us/,https://www.linkedin.com/company/california-health-care-foundation/,,,,,,
242,California Indian Legal Services,California Nonprofit ,,,http://www.calindian.org/,info@calhsng.org,,https://calhsng.org/contact-us/,,,,,,,
243,California Invasive Plant Council,California Nonprofit ,1442-A Walnut St 23 462 Berkeley CA,Alameda County,http://www.cal-ipc.org/,info@calhum.org,grants@calhum.org,http://www.calhum.org//about-us/contact-us/,https://www.linkedin.com/company/2266625/admin/,https://www.facebook.com/cahumanities/,https://www.instagram.com/california_humanities/,,,,
244,California Language Teachers Association,California Nonprofit ,1076 17Th Ave Redwood City CA,San Mateo County,http://clta.net/,,,https://lp.constantcontactpages.com/sl/F8GbLd4/newsletter,,,,,,,
245,California League of Park Associations (CALPA),California Nonprofit ,,,http://www.calpa.org/,info@cal-ipc.org,,https://www.cal-ipc.org/about/contact/,https://www.linkedin.com/company/california-invasive-plant-council/,https://www.facebook.com/CaliforniaInvasivePlantCouncil/,https://www.instagram.com/cal_ipc/,,,,
246,California LULAC Foundation,California Nonprofit ,,,http://www.calulacfoundation.org/,exec-director@clta.net,webmaster@clta.net,https://clta.net/advocacy/contact-your-legislators/,https://www.linkedin.com/in/clta-ca-language-teachers-association-66140a277/,https://www.facebook.com/calangteachersassoc/,https://www.instagram.com/calangteachersassoc/,,,,
247,California Lutheran University - Center for Nonprofit Leadership,California Nonprofit ,2201 Outlet Center Drive 238000 Oxnard CA,Ventura County,https://www.callutheran.edu/centers/nonprofit/,,,,https://www.linkedin.com/company/california-league-of-park-associations/,https://www.facebook.com/CALPA.CalParksLeague,https://www.instagram.com/calpa.calparksleague/,https://x.com/CALPACAPARKS?mx=2,,,
248,California Massage Therapy Council,California Nonprofit ,,,http://www.camtc.org/,,,http://www.calulacfoundation.org/contact,https://www.linkedin.com/,https://www.facebook.com/people/CA-LULAC-Foundation/61571026825329/,https://www.instagram.com/calulacfoundation/?igsh=NTc4MTIwNjQ2YQ%3D%3D,,,https://bsky.app/profile/calulacfoundation.bsky.social,
249,California New Car Dealers Association Foundation,California Nonprofit ,1517 L Street Sacramento CA,Sacramento County,https://www.cncdafoundation.org/,,nonprofit@CalLutheran.edu,https://www.callutheran.edu/centers/nonprofit//directory/contact.html,https://www.linkedin.com/company/center-for-nonprofit-leadership/,https://www.facebook.com/clucnl/,https://www.instagram.com/clunonprofit/,,,,
250,California Pan-Ethnic Health Network,California Nonprofit ,2991 Sacramento St 23298 Berkeley CA,Alameda County,http://www.cpehn.org/,info@camtc.org,complaints@camtc.org,http://www.camtc.org/contact-us/,,,,,,,
251,California Partnership to End Domestic Violence,California Nonprofit ,,,https://www.cpedv.org/,,Kmcphaul@cncda.org,,https://www.linkedin.com/company/california-new-car-dealers-association,https://www.facebook.com/CNCDA/,https://www.instagram.com/cncdaorg/,,,,
252,California Public Domain Allotee Association,California Nonprofit ,4223 W. Olive Ave. Fresno CA,Fresno County,https://ca.ltddir.com/companies/california-public-domain-allottee-association/,,,https://cpehn.org/about-us/contact-us/,https://www.linkedin.com/company/18043449,https://www.facebook.com/CPEHN,https://www.instagram.com/calpehn/,,,https://bsky.app/profile/cpehn.bsky.social,18007997233
253,California ReLeaf,California Nonprofit ,2115 J Street Suite 213 Sacramento CA,Sacramento County,http://californiareleaf.org/,"include?info@cpedv.org, info@cpedv.org","communications@cpedv.org, policy@cpedv.org",https://www.cpedv.org/contact-us/,,https://www.facebook.com/CAPartnershiptoEndDV,https://www.instagram.com/endingdvinca,https://x.com/EndingDVinCA,,,
254,California School-Based Health Alliance,California Nonprofit ,1203 Preservation Park Way Ste 302 Oakland CA,Alameda County,http://www.schoolhealthcenters.org/,,,,,,,,,,
255,California Staff Assault Task Force,California Nonprofit ,5022 W. Avenue N 23102-129 Palmdale CA,Los Angeles County,http://www.calsatf.org/,info@californiareleaf.org,,,http://www.linkedin.com/company/california-releaf,,https://www.instagram.com/calreleaf/,,,,
256,California State Parks Foundation,California Nonprofit ,235 Montgomery St Ste 1202 San Francisco CA,San Francisco County,http://www.calparks.org/,,,https://www.schoolhealthcenters.org/about/contact-us/,https://www.linkedin.com/company/californiaschoolbasedhealthalliance-/,,,,,https://bsky.app/profile/sbh4ca.bsky.social,
257,California Tobacco Control LLA Project Directors,California Nonprofit ,,,http://www.llaprojectdirectorsassociation.org/,info.calsatf@gmail.com,,https://calsatf.org/contact/,,,,,,,
258,California Ultimate Association,California Nonprofit ,,,http://calulti.org/,info@calparks.org,"media@calparks.org, advocacy@calparks.org, members@calparks.org, development@calparks.org, programs@calparks.org",http://www.calparks.org/contact,,https://www.facebook.com/calparks,https://www.instagram.com/calparks/,,,https://bsky.app/profile/californiaparks.bsky.social,
259,California WIC Association,California Nonprofit ,3960 Industrial Blvd Suite 500 West Sacramento CA,Yolo County,http://www.calwic.org/,,pda-lla@outlook.com,http://www.llaprojectdirectorsassociation.org/contact-us,,,,,,,
260,California YIMBY,California Nonprofit ,1121 L Street Suite 210 Sacramento CA,Sacramento County,https://cayimby.org/,,,,,,,,,,
261,California Youth Connection,California Nonprofit ,,,http://www.calyouthconn.org/,,,,https://www.linkedin.com/company/california-wic-association,https://www.facebook.com/pages/California-WIC-Association/108272802776,https://www.instagram.com/calwicassociation/,https://calwic.regfox.com/2026-cwa-annual-virtual-conference,,https://bsky.app/profile/calwicassociation.bsky.social,
262,Californians Against Waste,California Nonprofit ,921 11Th Street Ste 502 Sacramento CA,Sacramento County,http://cawrecycles.org/,,,,,,http://www.instagram.com/cayimby,,,,15107084922
263,Californians for Justice Education Fund,California Nonprofit ,548 Market St Pmb 41203 San Francisco CA,San Francisco County,https://caljustice.org/,info@calyouthconn.org,,https://calyouthconn.org/get-involved/contact-us/,https://www.linkedin.com/company/calyouthconn/,https://www.facebook.com/CalYouthConn/,http://www.instagram.com/calyouthconn,,,,
264,CalMatters,California Nonprofit ,1017 L Street 23261 Sacramento CA,Sacramento County,https://calmatters.org/,,,http://cawrecycles.org/contact,https://www.linkedin.com/company/cawrecycles/,https://www.facebook.com/cawrecycles,https://www.instagram.com/p/DWHuDDZEqn5/,,,,
265,Cambodia Town Inc.,California Nonprofit ,2201 E. Anaheim St. 23103 Long Beach CA,Los Angeles County,https://cambodiatown.org/,,,https://caljustice.org/contact/,https://www.linkedin.com/company/caljustice/,,https://www.instagram.com/cal4justice/,,,,
266,Camp Phoenix,California Nonprofit ,10974 Star Court Oakland CA,Alameda County,https://www.campphoenix.org/,info@calmatters.org,"commentary@calmatters.org, tips@calmatters.org, membership@calmatters.org, lanita@calmatters.org, kate@calmatters.org",https://calmatters.org/about/contact-us/#manage-your-donation,https://www.linkedin.com/company/calmatters/,https://www.facebook.com/calmatters/,https://www.instagram.com/calmatters/,https://x.com/CalMatters,,https://bsky.app/profile/calmatters.org,
267,Campesinos Unidos Inc,California Nonprofit ,885 Gateway Center Way Suite 103 San Diego CA,San Diego County,https://campesinosunidos.org/,,,,,https://www.facebook.com/cambodiatownusa012020,,,,,
268,Camping Unlimited for the Developmentally Disabled,California Nonprofit ,102 Brook Lane Boulder Creek CA,,https://campingunlimited.org/,,,https://campphoenix.org/contact/,,https://www.facebook.com/thecampphoenix,https://www.instagram.com/campphoenix,,,,
269,Canal Alliance,California Nonprofit ,,,https://www.canalalliance.org/,," energy@campesinosunidos.org,  energysd@campesinosunidos.org",https://campesinosunidos.org/contact/,,https://www.facebook.com/CampesinosUnidosInc/,,,,,
270,Cancer CAREpoint,California Nonprofit ,2512 Samaritan Ct Suite A San Jose CA,Santa Clara County,http://www.cancercarepoint.org/,,campkrem@campingunlimited.org,https://campingunlimited.org/contact-us/,,https://www.facebook.com/CampKrem1957,https://www.instagram.com/camp.krem/,,,,
271,Cancer Resource Centers of Mendocino County,California Nonprofit ,510 Cypress St. Suite B-200 Fort Bragg CA,Mendocino County,http://www.crcmendocino.org/,,,,,,,,,,
272,Cancer Support Community South Bay,California Nonprofit ,2601 Airport Drive Suite 100 Torrance CA,Los Angeles County,https://www.cscsouthbay.org/,,,https://www.cancercarepoint.org/contact-us/,,https://www.facebook.com/CancerCAREpoint,https://www.instagram.com/cancer_carepoint/,,,,
273,Cancer Support Community Valley/Ventura/ Santa Barbara,California Nonprofit ,4195 E. Thousand Oaks Blvd. Suite 107 Westlake Village CA,Los Angeles County,https://www.cancersupportvvsb.org/,info@crcmendocino.org,,,,,,,,,3103763550
274,Capitalists for Shared Income,California Nonprofit ,PO Box 352 Walnut Creek CA,Contra Costa County,https://www.capitalists4si.org/,"info@cscsouthbay.org, info@CSCSouthBay.org","Goli@CSCSouthBay.org, Norma@CSCSouthBay.org",https://www.cscsouthbay.org/contact-us/,https://www.linkedin.com/company/cancer-support-community-south-bay/,https://www.facebook.com/CSCSouthBay,https://www.instagram.com/cscsouthbay/,,,,8885573177
275,Capitola-Soquel Chamber of Commerce,California Nonprofit ,1840 41St Ave Ste 102 CApitola CA,Santa Cruz County,http://www.capitolachamber.com/,info@cancersupportvvsb.org,,https://cancersupportvvsb.org/contact/,https://www.linkedin.com/company/cscvvsb/,https://www.facebook.com/cancersupportVVSB,https://www.instagram.com/cancersupportvvsb/,,,,
276,Carbon Cycle Institute,California Nonprofit ,,,https://www.carboncycle.org/,"info@capitalists4si.org, info@mysite.com",,https://www.capitalists4si.org/contact,https://www.linkedin.com/company/capitalists4si,https://www.facebook.com/Capitalists4SharedIncome,https://www.instagram.com/capitalists4si/,,,,8314756522
277,"Carousel Ranch, Inc.",California Nonprofit ,34289 Rocking Horse Road Agua Dulce CA,,http://www.carouselranch.org/,,,https://www.capitolachamber.com/contact-us/,,https://www.facebook.com/CapitolaSoquelChamber,https://www.instagram.com/capitolasoquelchamber/,,,,
278,Carpinteria Children's Project,California Nonprofit ,,,https://carpchildren.org/,info@carboncycle.org,"nlink@carboncycle.org, bowens@carboncycle.org, testrada@carboncycle.org, jcreque@carboncycle.org, lniebrugge@carboncycle.org",https://www.carboncycle.org/ccis-team-contact/,https://www.linkedin.com/company/carbon-cycle-institute/,,https://www.instagram.com/carbon.cycle.institute/,,,,
279,Carry the Vision,California Nonprofit ,,,https://www.carrythevision.org/,hello@carouselranch.org,,http://www.carouselranch.org/contact-us,https://www.linkedin.com/in/deniseatcarousel,https://www.facebook.com/CarouselRanch,https://www.instagram.com/carouselranch/,,,,
280,Casa di Mir Montessori School,California Nonprofit ,1975 CAmbrianna Drive San Jose CA,Santa Clara County,http://www.casadimir.org/,,,,,https://www.facebook.com/CarpinteriaChildrensProject,https://www.instagram.com/carpchildrensproject/,,,,
281,"Casa Major, Inc.",California Nonprofit ,3920 Birch Street Suite 103 Newport Beach CA,Orange County,http://www.casamajor.org/,info@carrythevision.org?,,https://www.carrythevision.org/contact,,https://www.facebook.com/CarryTheVision,https://www.instagram.com/carrythevision/,,,,
282,CASA of Fresno and Madera Counties,California Nonprofit ,2300 Tulare Street Suite 210 Fresno CA,Fresno County,http://www.casafresno.org/,,,,,,,,,,7149074069
283,CASA of Humboldt,California Nonprofit ,,,https://www.humboldtcasa.org/,,ceo@casamajor.org,http://www.casamajor.org/#contact,,,,,,,
284,CASA of Santa Cruz County,California Nonprofit ,813 Freedom Blvd Watsonville CA,Santa Cruz County,http://www.casaofsantacruz.org/,,,https://www.casafresnomadera.org/contact/,,https://www.facebook.com/CASAofFresnoMadera,https://www.instagram.com/casafresno_madera/,,,,
285,CASA Sacramento,California Nonprofit ,PO Box 278383 Sacramento CA,Sacramento County,http://www.sacramentocasa.org/,"info@humboldtcasa.org, info@mysite.com",,https://www.humboldtcasa.org/contact-us,,https://www.facebook.com/humboldtcasa,,,,,8317612956
286,Catalyst of San Diego & Imperial Counties,California Nonprofit ,5060 Shoreham Pl Ste 350 San Diego CA,San Diego County,https://catalystsd.org/,,,https://casaofsantacruz.org/about-us/contact.html,https://www.linkedin.com/company/casa-of-santa-cruz-county/,https://www.facebook.com/CASAScruz/,https://www.instagram.com/casaofsantacruz/,,,,
287,Catholic Big Brothers Big Sisters of Los Angeles,California Nonprofit ,1530 James M Wood Blvd Los Angeles CA,Los Angeles County,http://www.catholicbigbrothers.org/,,in**@************sa.org,https://sacramentocasa.org/contact/,,,,,,,
288,Caulder Lamm Alliance for Children,California Nonprofit ,1621 W. 25Th Street 23148 San Pedro CA,,http://www.claforchildren.org/,info@catalystsd.org,zoe@catalystsd.org,https://catalystsd.org/contact-us/,https://www.linkedin.com/company/sandiegograntmakers,https://www.facebook.com/SDCatalyst,,,,https://bsky.app/profile/catalystsd.bsky.social,
289,CAUSE Central Coast Alliance United for a Sustainable Economy,California Nonprofit ,56 E. Main Street Suite 210 Ventura CA,Ventura County,http://www.causenow.org/,,,,,,,,,,
290,Cause Communications,California Nonprofit ,1000 N. Alameda Street Suite 112 Los Angeles CA,Los Angeles County,http://www.causecommunications.org/,info@CLAforChildren.org,,https://claforchildren.org/contact/,,https://www.facebook.com/CLAforChildren/,,,,,
291,Cedar House Life Change Center,California Nonprofit ,18612 Santa Ana Ave Bloomington CA,,https://cedarhouse.org/,,"Jay@causenow.org, Stanley@causenow.org",https://causenow.org/contact/,,https://www.facebook.com/cause805/,https://www.instagram.com/cause805,,,,3106561001
292,Celiac Disease Foundation,California Nonprofit ,21300 Victory Blvd. Suite 300 Woodland Hills CA,,http://celiac.org/,info@causecomm.net,,http://www.causecommunications.org/contact,https://www.linkedin.com/company/causecomm/,,,,,,
293,Center For A Non Violent Community,California Nonprofit ,178 Fairview Lane Sonora CA,Tuolumne County,http://www.nonviolentcommunity.org/,,,,,,,,,,18445938169
294,Center For Civic Education,California Nonprofit ,,,https://www.civiced.org/,,"janie.magill@celiac.org, sscd@celiac.org, vanessa.weisbrod@celiac.org, icureceliac@celiac.org",https://celiac.org/about-the-foundation/contact-information/,,,https://www.instagram.com/celiacdiseasefoundation/,https://ardelyx.com/,,,2095333401
295,Center for Community Dispute Settlement (CCDS),California Nonprofit ,291 Mcleod St Livermore CA,Alameda County,http://www.trivalleymediation.com/,info@nonviolentcommunity.org,,https://nonviolentcommunity.org/contact/,,https://www.facebook.com/CNVCSonora/,,,,,
296,Center for Empowering Refugees & Immigrants,California Nonprofit ,544 International Blvd Suite 239 Oakland CA,Alameda County,http://www.cerieastbay.org/,,"cce@civiced.org, web@civiced.org",https://www.civiced.org/contact-us,https://www.linkedin.com/company/center-for-civic-education,,https://www.instagram.com/centerforciviceducation/?hl=en,http://2glux.com/projects/jumi,,https://bsky.app/profile/civiced.org,
297,Center for Engaged Scholarship,California Nonprofit ,42 Plaza Drive Berkeley CA,Alameda County,http://www.cescholar.org/,info@email.com,ccdsmediation@comcast.net,http://www.trivalleymediation.com/contact.html,,,,,,,
298,Center for Environmental Health,California Nonprofit ,2201 Broadway Ste 508 Oakland CA,Alameda County,http://www.ceh.org/,"info@cerieastbay.org, info@cerieastbay.org?",,,https://www.linkedin.com/company/53210159/,https://www.facebook.com/cerieastbay/,https://www.instagram.com/cerieastbay/,,,,
299,Center for Family Health Initiative (CFHI),California Nonprofit ,286 W Sparkleberry Ave Orange CA,Orange County,https://cfhealthinitiative.org/,,,,,,,,,,
300,Center for Family Strengthening,California Nonprofit ,3480 South Higuera Suite 100 San Luis Obispo CA,San Luis Obispo County,http://www.cfsslo.org/,,,https://ceh.org/about/contact/,https://www.linkedin.com/company/center-for-environmental-health,https://www.facebook.com/centerforenvironmentalhealth,https://www.instagram.com/centerforenvironmentalhealth/,,,https://bsky.app/profile/ceh.org,
301,Center for Financial Empowerment,California Nonprofit ,,,https://www.center4fe.org/,,,https://cfhealthinitiative.org/contact-us/,https://www.linkedin.com/in/center-for-family-health-initiative-6468982a4/,https://www.facebook.com/groups/999135268584928,https://www.instagram.com/cfhealthinitiative/,,,,
302,Center for Health Care Rights,California Nonprofit ,4601 Wilshire Blvd Suite 160 Los Angeles CA,Los Angeles County,http://www.healthcarerights.org/,info@cfsslo.org,"support@cfsslo.org, fernanda@cfsslo.org",http://www.cfsslo.org/#contact,,https://www.facebook.com/cfsslo,https://www.instagram.com/cfsslo/,,,,
303,Center for Health Justice,California Nonprofit ,900 Avila St Ste 301 Los Angeles CA,Los Angeles County,http://www.centerforhealthjustice.org/,,Hello@center4fe.org,,https://www.linkedin.com/company/center4fe,https://www.facebook.com/center4fe,,,,,18004340222
304,Center for Human Development,California Nonprofit ,901 Sunvalley Blvd Ste 220 Concord CA,Contra Costa County,https://chd-prevention.org/,,,http://www.healthcarerights.org/contact,https://www.linkedin.com/company/healthcarerightsla/,https://www.facebook.com/healthcarerightsla,,,,,
305,Center for Human Services,California Nonprofit ,2000 W Briggsmore Ave Building A Modesto CA,Stanislaus County,http://www.centerforhumanservices.org/,info@chjla.org,,http://www.centerforhealthjustice.org/contact.html,https://www.linkedin.com/company/center-for-health-justice/,https://www.facebook.com/heychj/,https://www.instagram.com/heychj/,,,,
306,"Center for National Opportunity, Voice, and Advancement",California Nonprofit ,,,,info@chd-prevention.org,,https://chd-prevention.org/contact/,https://www.linkedin.com/pulse/best-call-tracking-software-maximize-conversion,https://www.facebook.com/centerforhumandevelopmentcontracosta/,https://www.instagram.com/center4humandevelopment/,,,,
307,Center for Partnership Studies,California Nonprofit ,PO Box 10312 Hilo Hi,,https://centerforpartnership.org/,"info@centerforhumanservices.org,  info@centerforhumanservices.org",,https://www.centerforhumanservices.org/contact/,,,http://www.instagram.com/chs_cares,,,,
308,Center for Photographic Art,California Nonprofit ,PO Box 1100 CArmel CA,,http://photography.org/,,,,,,,,,,
309,Center for Positive Sexuality,California Nonprofit ,PO Box 1190 Burbank CA,Los Angeles County,https://www.positivesexuality.org/,,,https://centerforpartnership.org/contact-us/,https://www.linkedin.com/company/centerpartnershipsystems/,https://www.facebook.com/CenterforPartnership,,,,https://bsky.app/profile/rianeeisler-cps.bsky.social,
310,Center for Powerful Public Schools,California Nonprofit ,1107 Fair Oaks Ave 23298 South Pasadena CA,Los Angeles County,http://powerfuled.org/,info@photography.org,,http://photography.org/contact,,https://www.facebook.com/photography.org/,https://www.instagram.com/centerphotographicart/,,,,
311,Center for Restorative Practice,California Nonprofit ,PO Box 1435 Sausalito CA,Marin County,http://www.restorativepractice.org/,queries@positivesexuality.org,hr@positivesexuality.org,https://positivesexuality.org/contact/,https://www.linkedin.com/company/center-for-positive-sexuality,https://www.facebook.com/Center-for-Positive-Sexuality-127221867462/,https://www.instagram.com/ctrsexpositive/,,,https://bsky.app/profile/ctrsexpositive.bsky.socialy7p-2bl0b-1coicsj,
312,Center for Sustainable Finance and Private Wealth (CSP) North America,California Nonprofit ,,,http://cspnorthamerica.org/,,,https://www.powerfuled.org/contact,https://www.linkedin.com/company/center-for-powerful-public-schools,https://www.facebook.com/4PowerfulEdOrg,https://www.instagram.com/4powerfuledorg/,,,,17073224971
313,"Center for the Pacific-Asian Family, Inc.",California Nonprofit ,3660 Wilshire Blvd Suite 818 Los Angeles CA,Los Angeles County,https://nurturingchange.org/,,marcus@restorativepractice.org,https://restorativepractice.org/contact-us/,https://www.linkedin.com/,https://www.facebook.com/,,,,,
314,Center for the Study of Political Graphics,California Nonprofit ,3916 Sepulveda Blvd Ste 103 Culver City CA,Los Angeles County,http://www.politicalgraphics.org/,,,https://cspnorthamerica.org/contact-csp/,https://www.linkedin.com/company/cspnorthamerica/?viewAsMember=true,,,,,,
315,Center for Urban Agriculture at Fairview Gardens,California Nonprofit ,598 N Fairview Ave Goleta CA,Santa Barbara County,,,,https://cpaf.ngo/contact-us/,https://www.linkedin.com/company/cpaforg,https://www.facebook.com/CPAForg/,https://www.instagram.com/cpaforg/,,,,
316,Center for Volunteer & Nonprofit Leadership (CVNL),California Nonprofit ,1 Mcinnis Parkway Ste 175 San Rafael CA,Marin County,http://www.cvnl.org/,admin@politicalgraphics.org,,,,https://www.facebook.com/politicalgraphics,,,,,
317,Central CA Animal Disaster Team,California Nonprofit ,5132 N. Palm Ave. 23113 Fresno CA,Fresno County,http://ccadt.org/,,,,,,,,,,4154795710
318,Central California Environmental Justice Network,California Nonprofit ,1907 N. Gateway Blvd. Suite 103 Fresno CA,Fresno County,http://www.ccejn.org/,,,,https://www.linkedin.com/company/center-for-volunteer-and-nonprofit-leadership/,https://www.facebook.com/CVNL.BayArea/,https://www.instagram.com/capacity4change/,,,,
319,Central Coast Medical Association,California Nonprofit ,5142 Hollister Ave Pmb 143 Santa Barbara CA,Santa Barbara County,http://www.ccmahealth.org/,info@ccadt.org,,https://ccadt.org/contact-us/,,,,,,,
320,Central Coast Overdose Prevention,California Nonprofit ,245 Washington Street Monterey CA,Monterey County,http://ccodp.org/,info@ccejn.org,,https://ccejn.org/contact-us/,,https://www.facebook.com/ccejn2000,https://www.instagram.com/ccejn/,,,,
321,Central Valley Beekeepers Association,California Nonprofit ,24525 Ave 7C2Bd Madera CA,Madera County,https://centralvalleybeekeepers.org/,,ccma@ccmahealth.org,https://www.ccmahealth.org/about-us/staff-and-contact-info.aspx,,https://www.facebook.com/centralcoastmed/,,,,,
322,Central Valley Immigrant Integration Collaborative,California Nonprofit ,5014 E. University Ave Suite 101 Fresno CA,Fresno County,CVIIC.org | ValleCentral.org | ImmigrantesEmprendedores.org,,,https://ccodp.org/contact-us/,,,,,,,
323,Central Valley Partnership,California Nonprofit ,2721 Cesar Chavez Ave Suite 108 Fresno CA,Fresno County,https://centralvalleypartnership.org/,info@centralvalleybeekeepers.org,,https://www.centralvalleybeekeepers.org/contact-us/,https://www.linkedin.com/company/central-valley-beekeepers-association/,https://www.facebook.com/profile.php?id=100091903547317,,,,,
324,Central Works,California Nonprofit ,PO Box 9771 Berkeley CA,Alameda County,http://centralworks.org/,,,,,,,,,,
325,Centro Legal De La Raza,California Nonprofit ,3400 East 12Th Street Oakland CA,Alameda County,http://www.centrolegal.org/,admin@centralvalleypartnership.org,,https://centralvalleypartnership.org/contact/,,https://www.facebook.com/CentralValleyPartnership,https://www.instagram.com/centralvalleypartnership/,,,,
326,Challah & Soul,California Nonprofit ,,,http://challahandsoul.org/,,,http://centralworks.org/contact/#showtab=emailus,,,https://www.instagram.com/centralworkstheatre,,,,
327,Chamber Music San Francisco,California Nonprofit ,,,https://chambermusicsf.org/,info@centrolegal.org,,https://visitor.r20.constantcontact.com/manage/optin?v=001jYqn93s1IRDD8oHx1nIDDnc3v6FEE_9tMlXI52NlI1gEspTxEBzv7v1XtjxMpv61Ry4jejrrXodiEMScRB3g9EFB4dmEvm8jyEWH3PhFuzE%3D,https://www.linkedin.com/company/centro-legal-de-la-raza/,https://www.facebook.com/pages/category/Nonprofit-Organization/Centro-Legal-de-la-Raza-124126553092/,https://www.instagram.com/centro_legaldelaraza/,,,,
328,Chamber Music Unbound,California Nonprofit ,289 Wagon Wheel Rd POb 1219 Mammoth Lakes CA,Mono County,http://www.chambermusicunbound.org/,,challahandsoul@gmail.com,http://challahandsoul.org/contact#newsletter,,https://www.facebook.com/profile.php?id=100094060633584,https://www.instagram.com/challahandsoul/,,,,
329,Chambon Foundation,California Nonprofit ,8033 Sunset Boulevard Los Angeles CA,Los Angeles County,http://www.chambon.org/,,,,,,,,,,
330,"Chances 4 Change, Inc.",California Nonprofit ,1709 W. Manchester Ave. Los Angeles CA,Los Angeles County,http://chancesforchange.com/,,Felici@ChamberMusicUnbound.org,http://www.chambermusicunbound.org/contact.php,,,,,,,
331,Changing Tides Family Services,California Nonprofit ,2259 Myrtle Ave Eureka CA,Humboldt County,http://www.changingtidesfs.org/,,,,,,,,,,
332,St. John's Retirement Village,California Nonprofit ,,,http://www.stjohnsretirementvillage.org/,info@mysite.com,itsnever2late@chancesforchange.org,https://www.chancesforchange.com/contact-9,,,,https://wix.com/?utm_campaign=vir_created_with,,,
333,Charlotte Maxwell Clinic,California Nonprofit ,411 30Th Street Suite 508 Oakland CA,Alameda County,http://www.charlottemaxwell.org/,,dnystrom@changingtidesfs.org,https://www.changingtidesfs.org/contact/,,https://www.facebook.com/pages/Changing-Tides-Family-Services/191289777607155,https://www.instagram.com/changingtidesfs,,,,
334,youa.xiong@zoshmoovntujclt.org,California Nonprofit ,,,https://www.zoshmoovntujclt.org/,,,,,,,,,,
335,Chi Pi Sigma,California Nonprofit ,,,http://chipisigma.org/,,mail@charlottemaxwell.org,https://charlottemaxwell.org/who-we-are/contact-us/,https://www.linkedin.com/company/1690275,https://www.facebook.com/pages/Charlotte-Maxwell-Complementary-Clinic/207353102717489,https://www.instagram.com/charlottemaxwellclinic/?hl=en,,,,
336,Chico's Place,California Nonprofit ,,,,info@mysite.com,,,https://www.linkedin.com/in/jenniferhopewebster92627/,https://www.facebook.com/jenniferhope.desrocherswebster,,https://x.com/i/flow/login?redirect_after_login=%2FchatwGodGlobal,,,12096256417
337,Chicostart,California Nonprofit ,411 Main Street 23101 Chico CA,Butte County,http://www.chicostart.com/,,,,,,,,,,
338,Child & Family Center,California Nonprofit ,,,https://www.childfamilycenter.org/,,,https://chipisigma.org/contact/,,,,,,,
339,Child Abuse Prevention Council,California Nonprofit ,PO Box 1257 Stockton CA,San Joaquin County,https://nochildabuse.org/,,,,,,,,,,
340,Child and Family Institute,California Nonprofit ,330 Ravenswood Ave Menlo Park CA,San Mateo County,http://www.cfamily.org/,info@chicostart.com,,http://www.chicostart.com/contact,https://www.linkedin.com/company/chicostart/,https://www.facebook.com/Chicostart,https://www.instagram.com/chicostart/,https://x.com/Chicostart530,,,16612599439
341,Child Care Law Center,California Nonprofit ,PO Box 9066 Berkeley CA,Alameda County,http://www.childcarelaw.org/,,,https://www.childfamilycenter.org/contact/,https://www.linkedin.com/company/child-&-family-center/,https://www.facebook.com/ChildFamilyCenter/,https://www.instagram.com/child_family_center/,,,,
342,Child Care Resource Center,California Nonprofit ,,,https://www.ccrcca.org/,info@NoChildAbuse.org,,https://nochildabuse.org/contact/,https://www.linkedin.com/company/child-abuse-prevention-council-of-san-joaquin-county/,https://www.facebook.com/childabusepreventioncouncil/,https://www.instagram.com/nochildabusesjc/,,,,16503282262
343,Child Development Associates,California Nonprofit ,180 Otay Lakes Rd Ste 310 Bonita CA,,https://cdasd.org/,info@cfamily.org,,https://www.cfamily.org/contact,,https://www.facebook.com/cfimenlopark,https://www.instagram.com/cfi_menlopark/,,,,
344,Child Family Health International,California Nonprofit ,,,http://www.cfhi.org/,info@childcarelaw.org,"klupoff@childcarelaw.org, lfurstenfeld@childcarelaw.org, kkruckel@childcarelaw.org, mcole@childcarelaw.org",https://www.childcarelaw.org/about/contact-us/,https://www.linkedin.com/company/child-care-law-center,https://www.facebook.com/childcarelawcenter,,,,,8187171000
345,Child Parent Institute/ California Parenting Institute,California Nonprofit ,3650 Standish Ave Santa Rosa CA,Sonoma County,http://www.calparents.org/,,,https://www.ccrcca.org/contact/,,https://www.facebook.com/,https://www.instagram.com/ccrc4kids/,,,,6194274411
346,Children Now,California Nonprofit ,6250 Claremont Ave Suite 230 Oakland CA,Alameda County,http://www.childrennow.org/,,,https://cdasd.org/contact/,https://www.linkedin.com/company/child-development-associates/,https://www.facebook.com/cdasandiego/,https://www.instagram.com/cdasandiego/,,,,415.957.9000ext.0
347,"Children of the Night, Inc",California Nonprofit ,,,http://www.childrenofthenight.org/,,,https://www.cfhi.org/contact-us/,https://www.linkedin.com/company/child-family-health-international,,,,,,17077552858
348,Chimineas Ranch Foundation,California Nonprofit ,1130 E. Clark Ave. Suite 150 Orcutt CA,,http://www.chimineasranchfoundation.org/,,cpi@calparents.org,https://calparents.org/about-us/contact.html,https://www.linkedin.com/company/california-parenting-institute,https://www.facebook.com/calparents/,,,,,
349,Chinatown Fresno Foundation,California Nonprofit ,912 F Street Fresno CA,Fresno County,http://www.chinatownfresno.org/,,,https://www.childrennow.org/about/contact/,https://www.linkedin.com/company/children-now/posts/?feedView=all,https://www.facebook.com/childrennow,https://www.instagram.com/childrennow,,,,
350,Chinese Evangelical Church San Diego,California Nonprofit ,2585 Judson St San Diego CA,San Diego County,https://cec-sd.org/,,lois@childrenofthenight.org,http://www.childrenofthenight.org/contact,,,,,,,
351,Chinese for Affirmative Action,California Nonprofit ,17 Walter U Lum Pl San Francisco CA,San Francisco County,https://caasf.org/,,,http://www.chimineasranchfoundation.org/contact-us,,https://www.facebook.com/Chimineas-Ranch-Foundation-517981695047478/,https://www.instagram.com/chimineasranchfoundation/,,,,
352,Christ Community Fellowship Church,California Nonprofit ,9630 Bruceville Road Ste. 106 Elk Grove CA,Sacramento County,http://www.christcommunityfc.org/,,jan@chinatownfresno.org,https://www.chinatownfresno.org/contact,https://www.linkedin.com/company/chinatown-fresno-foundation,https://www.facebook.com/ChinatownMatters/,https://www.instagram.com/chinatownfresno/?hl=en,,,,8582779622
353,Christian Encounter Ministries,California Nonprofit ,PO Box 1022 Grass Valley CA,Nevada County,http://www.christianencounter.org/,info@cec-sd.org,,https://www.olark.com/site/7340-573-10-9179/contact,,https://www.facebook.com/CEC.SD/,,,,,
354,Chronicle Season of Sharing Fund,California Nonprofit ,901 Mission St. San Francisco CA,San Francisco County,https://seasonofsharing.org/,,,https://caasf.org/contact-us/,https://www.linkedin.com/company/caasf,https://www.facebook.com/caasf,https://www.instagram.com/caasanfrancisco/,,,https://bsky.app/profile/caasanfrancisco.bsky.social,
355,Citizens for Los Angeles Wildlife,California Nonprofit ,12444 Ventura Blvd Suite 205 Studio City CA,,https://www.clawonline.org/,info@christcommunityfc.org,,,,https://www.facebook.com/profile.php?id=61558807272480,,,,,
356,City Youth Now,California Nonprofit ,375 Woodside Ave San Francisco CA,San Francisco County,http://www.cityyouthnow.org/,,office@christianencounter.org,https://www.christianencounter.org/contact-us,,https://www.facebook.com/christianencounter,https://www.instagram.com/christianencounter/,,,,
357,Claremont Forum,California Nonprofit ,,,https://www.claremontforum.org/,,,https://seasonofsharing.org/contact/,https://www.linkedin.com/company/chronicle-season-of-sharing-fund/,https://www.facebook.com/seasonofsharing,https://www.instagram.com/sosfund/,,,,
358,Claremont Meals on Wheels,California Nonprofit ,845 E. Bonita Ave POmona CA,Los Angeles County,http://claremontmealsonwheels.org/,info@clawonline.org,,https://www.clawonline.org/contact,,https://www.facebook.com/CitizensForLosAngelesWildlife,https://www.instagram.com/p/Csbc0LRPN4V/,,,,4157537576
359,Classics 4 Kids,California Nonprofit ,3033 Fifth Avenue Suite 227 San Diego CA,San Diego County,http://classics4kids.org/,,,https://www.cityyouthnow.org/contact/,,https://www.facebook.com/CityYouthNow/?fref=ts,https://www.instagram.com/cityyouthnow/,,,,
360,Clear Lake Environmental Research Center,California Nonprofit ,PO Box 636 Lakeport CA,Lake County,http://www.theclerc.org/,info@claremontforum.org?,"market@claremontforum.org, eva@claremontforum.org\?",https://www.claremontforum.org/contact,https://www.linkedin.com/company/875997/admin/dashboard/,https://www.facebook.com/claremontforum/,https://www.instagram.com/theclaremontforum/,,,,
361,Climate Justice Alliance,California Nonprofit ,1370 Saint Andrews Place - C14 Los Angeles CA,Los Angeles County,https://climatejusticealliance.org/,,,https://claremontmealsonwheels.org/contact/,,https://www.facebook.com/claremontmealsonwheels/,,,,,1.619.231.2311
362,Coachella Valley Housing Coalition,California Nonprofit ,45701 Monroe St Ste G Indio CA,Riverside County,http://www.cvhc.org/,,"kmakley@Classics4Kids.org, chuber@Classics4Kids.org",https://www.classics4kids.org/contact-us/,https://www.linkedin.com/company/classicsforkids/,https://www.facebook.com/Classics4Kids,https://www.instagram.com/classics4kids/,,,,
363,Coachella Valley Repertory,California Nonprofit ,,,https://cvrep.org/,info@theclerc.org,,http://www.theclerc.org/contact,,https://www.facebook.com/CLERCLakeCounty,,,,,12024558665
364,Coachella Valley Volunteers in Medicine,California Nonprofit ,PO Box 10090 Indio CA,Riverside County,http://www.cvvim.org/,Info@ClimateJusticeAlliance.org,,https://climatejusticealliance.org/contact-us/,,https://www.facebook.com/CJAOurPower,,,,,17602962966
365,Coalition for Clean Air,California Nonprofit ,660 Figueroa St 231140 Los Angeles CA,Los Angeles County,https://www.ccair.org/,,cvhc@cvhc.org,https://www.cvhc.org/contact/,,https://www.facebook.com/CVHousing/,,,,,
366,Coalition to Abolish Slavery & Trafficking,California Nonprofit ,,,https://www.castla.org/,,"akarsten@cvrep.org, boxoffice@cvrep.org, volunteers@cvrep.org, kbramley@cvrep.org, kgilligan@cvrep.org, JSeller@CVRep.org, jbasak@cvrep.org, tech@cvrep.org, jhankinson@cvrep.org",https://cvrep.org/contact/,,https://www.facebook.com/CVRep,https://www.instagram.com/coachellavalleyrepertory/,,,,
367,Coastal Community Preschool,California Nonprofit ,900 High St Santa Cruz CA,Santa Cruz County,http://www.coastalcommunitypreschool.org/,,,,,,,,,,8885392373
368,Coastal Corridor Alliance,California Nonprofit ,PO Box 15333 Costa Mesa CA,Orange County,http://www.coastalcorridor.org/,,"john@ccair.org, air@ccair.org, bill@ccair.org",https://www.ccair.org/contact/,https://www.linkedin.com/company/coalition-for-clean-air,https://www.facebook.com/CleanAirCA/,https://www.instagram.com/cleanairca/,https://x.com/cleanairca,,,
369,Coastal Watershed Council,California Nonprofit ,107 Dakota Ave Suite 4 Santa Cruz CA,Santa Cruz County,http://www.coastal-watershed.org/,info@castla.org,,https://www.castla.org/contact/,http://www.linkedin.com/company/castla,,https://www.instagram.com/castlosangeles/,,,,9492160880
370,Coeurage Theatre Company,California Nonprofit ,,,http://www.coeurage.org/,,stephanie@coastalcommunitypreschool.org,https://coastalcommunitypreschool.org/contact/,,,,,,,
371,Collaborating Agencies' Disaster Relief Effort,California Nonprofit ,2731 N. First St. San Jose CA,Santa Clara County,http://www.cadresv.org/,,Events@CoastalCorridor.org,https://coastalcorridor.org/contact-us/,https://www.linkedin.com/company/coastal-corridor-alliance,https://www.facebook.com/CoastalCorridorAlliance/,https://www.instagram.com/coastalcorridor/,,,https://bsky.app/profile/coastalcorridor.bsky.social,
372,College Access Plan,California Nonprofit ,871 E. Washington Blvd. Suite 207 Pasadena CA,Los Angeles County,http://www.collegeaccessplan.org/,info@coastal-watershed.org,,https://coastal-watershed.org/about-cwc/contact-us/,,,,,,,
373,"College Access, Readiness & Success",California Nonprofit ,46-E Peninsula Center Dr 23368 Rolling Hills Estates CA,Los Angeles County,http://www.carsla.org/,,,http://www.coeurage.org/contact,https://www.linkedin.com/company/coeurage.org/,https://www.facebook.com/CoeurageTheatre/,https://www.instagram.com/coeurageensemble/,,,,1234567890
374,Color The Block,California Nonprofit ,7551 Freeport Blvd Suite 1072 Sacramento CA,Sacramento County,https://www.colortheblock.org/,admin@cadresv.org,cadreEOC@gmail.com,https://cadresv.org/contact/,,https://www.facebook.com/cadrescco,https://www.instagram.com/cadre_scco/,,https://www.threads.com/@cadre_scco,,
375,Common Counsel Foundation,California Nonprofit ,1624 Franklin Street 23 1022 Oakland CA,Alameda County,http://www.commoncounsel.org/,,,https://collegeaccessplan.org/contact/,,https://www.facebook.com/collegeaccessplan,,,,,
376,Common Roots Farm,California Nonprofit ,301 Golf Club Dr Santa Cruz CA,Santa Cruz County,http://www.commonrootsfarm.org/,info@carsla.org,,,https://www.linkedin.com/company/college-access-readiness-success-cars-/,https://www.facebook.com/CARSLosAngeles/,,,,,
377,Common Sense Media,California Nonprofit ,699 8Th Street Suite 150C San Francisco CA,San Francisco County,http://www.commonsense.org/,,,,,,,,,,
378,Communities Advocating for Resident Empowerment,California Nonprofit ,531 Encinitas Blvd Ste 206 Encinitas CA,San Diego County,https://www.go2care.org/,"grantsadmin@commoncounsel.org, info@commoncounsel.org",advising@commoncounsel.org,https://www.commoncounsel.org/contact/,https://www.linkedin.com/company/common-counsel-foundation/about/,,,,,,
379,Community & Employment Links,California Nonprofit ,213 Myrtle Ave Crossville Tn,,https://communityemploymentlinks.org/,info@commonrootsfarm.org?,,http://www.commonrootsfarm.org/contact,,https://www.facebook.com/commonrootsfarm/,http://www.instagram.com/commonrootsfarmca,,,,
380,Community Action Alliance,California Nonprofit ,,,,,,https://commonsense.my.site.com/membersupport/s/contactsupport,https://www.linkedin.com/company/common-sense-media,https://www.facebook.com/commonsensemedia,https://www.instagram.com/commonsenseorg,,,,
381,Community Action Partnership of Orange County,California Nonprofit ,11870 Monarch St Garden Grove CA,Orange County,http://www.capoc.org/,,,https://www.go2care.org/http://www.go2care.org/about-us/contact-us/,,,,,,,
382,Community Action Partnership of San Luis Obispo County,California Nonprofit ,,,https://capslo.org/,,,https://communityemploymentlinks.org/contact-us,,,,,,,
383,Community Alliance with Family Farmers,California Nonprofit ,PO Box 363 Davis CA,Yolo County,http://caff.org/,,,,,,,,,,
384,"Community Arts Music Association of Santa Barbara, Inc.",California Nonprofit ,2060 Alameda Padre Serra Suite 201 Santa Barbara CA,Santa Barbara County,http://www.camasb.org/,,,,,https://www.facebook.com/CAPOC/,https://www.instagram.com/cap_oc/,,,,
385,Community Associations Institute Greater Los Angeles Chapter,California Nonprofit ,16921 Parthenia St Ste 303 Northridge CA,,http://www.cai-glac.org/,,hotline@capslo.org,https://capslo.org/contact/,https://www.linkedin.com/company/capslo/?viewAsMember=true,https://www.facebook.com/capslo?,https://www.instagram.com/communityaction_slo/,,,,
386,Community Bridges,California Nonprofit ,,,https://communitybridges.org/,,evan@caff.org,https://caff.org/contact-us/,,https://www.facebook.com/famfarms,https://www.instagram.com/caff_famfarms,,,,18185008636
387,Community Center for the Blind and Visually Impaired,California Nonprofit ,2453 Grand CAnal Blvd. Suite 23 5 Stockton CA,San Joaquin County,http://www.communitycenterfortheblind.org/,info@camasb.org,,https://www.camasb.org/contact/,,https://www.facebook.com/camasb/,https://www.instagram.com/p/DAmyUC-JAxy/,,,,
388,Community Coalition,California Nonprofit ,8101 S. Vermont Ave Los Angeles CA,Los Angeles County,http://www.cocosouthla.org/,,memberservices@cai-glac.org,,https://www.linkedin.com/company/1076047/,https://www.facebook.com/caiglac%20%20,https://www.instagram.com/caiglac/%20%20,,,,
389,Community Development Services Inc,California Nonprofit ,,,http://cdservicesinc.org/,info@cbridges.org,,https://communitybridges.org/contact-us/,,https://www.facebook.com/CommunityBridgesSC,,,,,13237509087
390,Community Education Partnerships,California Nonprofit ,2201 Broadway Suite M8 Oakland CA,Alameda County,http://www.cep.ngo/,info@communitycenterfortheblind.org,,,,https://www.facebook.com/CCBVI,,,,,
391,Community Empowerment Health Education Project,California Nonprofit ,,,https://www.cehep.org/,,,,,https://www.facebook.com/CoCoSouthLA,https://www.instagram.com/cocosouthla/,,,,
392,Community Engaged Payee Support (CEPS),California Nonprofit ,PO Box 41639 Sacramento CA,Sacramento County,http://www.cepsonline.org/,Info@communitydevelopmentservicesinc.org,,https://communitydevelopmentservicesinc.org/contact-us/,,,,,,,
393,"Community Environmental Council, Inc.",California Nonprofit ,1219 State Street Suite A Santa Barbara CA,Santa Barbara County,http://www.cecsb.org/,info@cep.ngo,"jacqueline@cep.ngo, tsing@cep.ngo, martha@cep.ngo, halle@cep.ngo, jahmillah@cep.ngo, mikah@cep.ngo",http://www.cep.ngo/contact.html,,,,,,,
394,Community Foundation of Mendocino County,California Nonprofit ,204 S Oak St Ukiah CA,Mendocino County,http://www.communityfound.org/,,,https://www.cehep.org/contact,http://www.linkedin.com/in/community-empowerment-health-education-project-cehep-694242361,,,,,,
395,Community Foundation of Nevada County,California Nonprofit ,200 Litton Drive Suite 226 Grass Valley CA,Nevada County,https://nevcofoundation.org/,,,,,,,,,,
396,Community Foundation of Nevada County,California Nonprofit ,200 Litton Drive Suite 226 Grass Valley CA,Nevada County,https://nevcofoundation.org/,,,http://www.cecsb.org/contact-us,https://www.linkedin.com/company/cecsb,,,,,,15302053845
397,Community Foundation Santa Cruz County,California Nonprofit ,7807 Soquel Dr Aptos CA,,http://www.cfscc.org/,info@communityfound.org,,https://communityfound.org/contact-us/,,,,,,,15302053845
398,Community Health Association Inland Southern Region,California Nonprofit ,621 E. CArnegie Drive Suite 180 San Bernardino CA,San Bernardino County,http://chaisr.org/,"info@nevcofoundation.org, director@cnlsierra.org",lorilifecoach@sbcglobal.net,https://nevcofoundation.org/contact/,https://www.linkedin.com/company/the-community-foundation-of-nevada-county,https://www.facebook.com/profile.php?id=61552316662461,,,,,831.662.2000
399,Community Health Partnership of Santa Clara County,California Nonprofit ,408 N CApitol Ave San Jose CA,Santa Clara County,http://www.chpscc.org/,"info@nevcofoundation.org, director@cnlsierra.org",lorilifecoach@sbcglobal.net,https://nevcofoundation.org/contact/,https://www.linkedin.com/company/the-community-foundation-of-nevada-county,https://www.facebook.com/profile.php?id=61552316662461,,,,,909.566.2555
400,Community Initiatives,California Nonprofit ,1000 Broadway Suite 480 Oakland CA,Alameda County,http://communityinitiatives.org/,,,https://www.cfscc.org/contact,http://www.linkedin.com/company/community-foundation-santa-cruz-county,https://www.facebook.com/CFSantaCruzCounty/,,,,,
401,Community Institute for Psychotherapy,California Nonprofit ,1330 Lincoln Ave Ste 201 San Rafael CA,Marin County,http://www.cipmarin.org/,,,,https://www.linkedin.com/in/we-are-chaisr-b14b7518a,https://www.facebook.com/profile.php?id=100071116610336,https://www.instagram.com/wearechaisr/,https://x.com/WeAreCHAISR,,,4152307700
402,Community Legal Aid SoCal,California Nonprofit ,2101 N. Tustin Ave Santa Ana CA,Orange County,https://www.communitylegalsocal.org/,info@chpscc.org,,http://www.chpscc.org/contact/,,https://www.facebook.com/communityhealthpartnership,https://www.instagram.com/chpscc/,,,,
403,Community Music School of Santa Cruz,California Nonprofit ,PO Box 531 Santa Cruz CA,Santa Cruz County,http://communitymusicschool.org/,info@communityinitiatives.org,,https://communityinitiatives.org/contact/,https://www.linkedin.com/company/community-initiatives/,https://www.facebook.com/communityinitiatives/,https://www.instagram.com/community.initiatives/,,,https://bsky.app/profile/communityinitiatives.org,7145715200
404,Community Nature Connection,California Nonprofit ,570 W. Ave 26 Ste 100 Los Angeles CA,Los Angeles County,https://www.communitynatureconnection.org/,admin@cipmarin.org,,https://cipmarin.org/contact-us/,,https://www.facebook.com/communityinstituteforpsychotherapy/,,,,,8314715184
405,Community Outreach Ministry,California Nonprofit ,23905 Clinton Keith Road Suite 114 23116 Wildomar CA,Riverside County,http://www.communityoutreachministry.org/,,,https://www.communitylegalsocal.org/contact-us/,https://www.linkedin.com/company/19010661,https://www.facebook.com/CommunityLegalAidSoCal/,https://www.instagram.com/cla_socal/,,,,
406,Community Partners,California Nonprofit ,1000. N. Alameda Street Suite 240 Los Angeles CA,Los Angeles County,http://www.communitypartners.org/,info@communitymusicschool.org,,,,https://www.facebook.com/communitymusicschoolsantacruz/,https://www.instagram.com/communitymusicschoolsc/,,,,9516987650
407,Community Resource Project,California Nonprofit ,,,https://www.communityresourceproject.org/,info@communitynatureconnection.org,comms@communitynatureconnection.org,,,https://www.facebook.com/communitynatureconnection/,https://www.instagram.com/communitynatureconnection/,,,,
408,Community Resources for Children,California Nonprofit ,3299 Claremont Way Ste 1 Napa CA,Napa County,http://www.crcnapa.org/,info@communityoutreachministry.org,,https://communityoutreachministry.org/contact/,,https://www.facebook.com/CommunityOutreachMinistry,https://www.instagram.com/communityoutreachministry/,,,,
409,Community Service Solutions,California Nonprofit ,PO Box 346 Coleville CA,,http://www.csssolutions.org/,,,https://www.communitypartners.org/contact-us/,https://www.linkedin.com/company/community-partners/,,,,,,17072530376
410,Community Services Agency of Mountain View,California Nonprofit ,204 Stierlin Rd Mountain View CA,Santa Clara County,http://www.csacares.org/,,,https://www.constantcontact.com/legal/service-provider,https://www.linkedin.com/company/community-resource-project/?viewAsMember=true,https://www.facebook.com/CommunityResourceProject/,,,,,
411,Community Spay Neuter Clinic,California Nonprofit ,3839 Bradshaw Road Sacramento CA,Sacramento County,http://www.communityspayneuter.com/,info@crcnapa.org,,https://crcnapa.org/contact/,,https://www.facebook.com/CommunityResourcesforChildren/,https://www.instagram.com/CRCNAPA/,,,,
412,Community Television of Santa Cruz County,California Nonprofit ,PO Box 8352 Santa Cruz CA,Santa Cruz County,http://www.communitytv.org/,,ihss@csssolutions.org,,,https://www.facebook.com/csssolutions.org,https://www.instagram.com/communityservicesolutions/?hl=en,,,,9163687314
413,Community Vision Capital & Consulting,California Nonprofit ,870 Market St Ste 677 San Francisco CA,San Francisco County,http://www.ncclf.org/,,,,,,,,,,
414,Community Youth Ministries,California Nonprofit ,1592 11Th St Ste E Reedley CA,Fresno County,http://www.cymreedley.org/,,,,,https://www.facebook.com/csncSac/,https://www.instagram.com/csn_sacramento/,,,,
415,"Community, Action, Service, & Advocacy (CASA)",California Nonprofit ,,,http://www.casaneighborhoods.org/,,,https://communitytv.org/contact-information/,,https://www.facebook.com/CTVsantacruzcounty,,,,,
416,Companions in Waiting Rescue & Adoption,California Nonprofit ,PO Box 213 Half Moon Bay CA,San Mateo County,http://www.companionsinwaiting.org/,info@communityvisionca.org,media@communityvisionca.org,http://www.ncclf.org/contact-us,https://www.linkedin.com/company/communityvisionca/,https://www.facebook.com/CommunityVisionCC/,https://www.instagram.com/communityvisionca/,,,,
417,Compassion Institute,California Nonprofit ,PO Box 967 Half Moon Bay CA,San Mateo County,http://compassioninstitute.com/,info@cym.us,,https://www.cym.us/contact,https://www.linkedin.com/company/community-youth-ministries,https://www.facebook.com/Community-Youth-Ministries-105979918676079,https://www.instagram.com/community_youth_ministries/,,,,
418,Comunidades Indigenas En Liderazgo,California Nonprofit ,4318 S Main St Los Angeles CA,Los Angeles County,http://mycielo.org/,,,,,https://www.facebook.com/casaneighborhood/,https://www.instagram.com/casaneighborhoods/?hl=en,,,,
419,ConAmor Building Bridges,California Nonprofit ,PO Box 1573 Twain Harte CA,,https://b-conamor.org/,,companionsinwaiting@yahoo.com,,,,,,,,
420,Concerned Resource and Environmental Workers,California Nonprofit ,,,http://crewojai.org/,info@compassioninstitute.com,courageousheart@compassioninstitute.com,https://compassioninstitute.com/contact-us/,,,,,,,
421,Conejo Schools Foundation,California Nonprofit ,1336 Moorpark Road 23279 Thousand Oaks CA,Ventura County,http://www.conejoschools.org/,,,https://mycielo.org/contact/,,,https://www.instagram.com/reel/DWjzWsjD0qh/,,,,
422,Conflict Resolution Center of Santa Cruz County,California Nonprofit ,614 Ocean St Santa Cruz CA,Santa Cruz County,http://crcsantacruz.org/,info@b-conamor.org,,https://b-conamor.org/contact/,,,,,,,8054103497
423,"Confronting Domestic Violence, Inc.",California Nonprofit ,9921 CArmel Mountain Rd 23309 San Diego CA,San Diego County,https://confrontingdomesticviolence.org/,,,https://www.crewojai.org/contact,,https://www.facebook.com/TheOjaiCREW/,https://www.instagram.com/thecrewojai/,,,,
424,Congregation Beth David,California Nonprofit ,19700 Prospect Rd Saratoga CA,Santa Clara County,http://www.beth-david.org/,,foundation@conejoschools.org,,,https://www.facebook.com/pages/Conejo-Schools-Foundation/113004050880?ref=ts,https://www.instagram.com/conejoschoolsfdn/,,,,
425,Congregations Organized for Prophetic Engagement,California Nonprofit ,1505 W Highland Ave Ste 1 San Bernrdno CA,,http://www.copesite.org/,,,http://crcsantacruz.org/contact.html,https://www.linkedin.com/company/conflict-resolution-center-of-santa-cruz-county,https://www.facebook.com/ConflictResolutionCenterofSantaCruzCounty/,https://www.instagram.com/santacruzcrc/,,,,4082573333
426,Connected to Lead,California Nonprofit ,PO Box 3231 Gardena CA,Los Angeles County,https://connectedtolead.org/,,,,https://www.linkedin.com/company/confrontingdv,https://www.facebook.com/ConfrontingDV,https://www.instagram.com/confronting_dv/,,,,
427,Connecting to Care,California Nonprofit ,3330 Churn Creek Road Suite D5 Redding CA,Shasta County,http://www.connectingtocare.org/,,"crocker@beth-david.org, cosgrave@beth-david.org, rabbiroller@beth-david.org, rabbikunin@beth-david.org, pressman@beth-david.org, krispin@beth-david.org",https://beth-david.org/contact-us/,,https://www.facebook.com/bethdavidonline,https://www.instagram.com/congregationbethdavid/,,,,
428,Connections 4 Friends,California Nonprofit ,,,http://connections4friends.wixsite.com/my-site,,lking@copesite.org,https://copesite.org/about-us/contact/,,,,,,,
429,Consumer Attorneys of San Diego,California Nonprofit ,2535 CAmino Del Rio S Ste 345 San Diego CA,San Diego County,http://www.casd.org/,,,,,,,,,,
430,"Contenta Collaborative, Inc",California Nonprofit ,,,http://www.contentatherapy.org/,,"vickie@connectingtocare.org, geoffrey@connectingtocare.org, heidi@connectingtocare.org, marnie@connectingtocare.org",https://connectingtocare.org/contact-us/,,,,,,,6196961166
431,Contra Costa Senior Legal Services,California Nonprofit ,2702 Clayton Rd 23202 Concord CA,Contra Costa County,http://ccsls.org/,,,https://connections4friends.wixsite.com/my-site/contact,,,,https://www.wix.com/lpviral/enviral?utm_campaign=vir_wixad_live&adsVersion=banner_2024&orig_msid=aa99f552-cce6-4d9b-96f0-a304175f7068&orig_msid=d0de425c-4423-411d-9200-08e0671963a7&adsVersion=banner_2024,,,
432,Contra Costa Youth Service Bureau,California Nonprofit ,,,http://wccysb.org/,,casd@casd.org,https://www.casd.org/?pg=contactus,https://www.linkedin.com/company/trivant/,,,,,,19256097900
433,CONTRA-TIEMPO,California Nonprofit ,4490 Don Miguel Drive Los Angeles CA,Los Angeles County,http://www.contra-tiempo.org/,,julianne@contentatherapy.org,,,,,,,,5102154670
434,Cooper Housing Institute,California Nonprofit ,17782 Skypark Circle Irvine CA,Orange County,https://cooperhousinginstitute.org/,info@ccsls.org,,https://www.ccsls.org/about/contact/,https://www.linkedin.com/company/contra-costa-senior-legal-services,https://www.facebook.com/p/Contra-Costa-Senior-Legal-Services-100057310035661/,https://www.instagram.com/ccsls2702/,,,,
435,Cooperacion Santa Ana,California Nonprofit ,1505 E 17Th Ste 117 Santa Ana CA,Orange County,https://www.cooperacionsantaana.org/,info@wccysb.org,,,https://www.linkedin.com/company/ccysb-collaborations/,https://www.facebook.com/ccysb.collaborations,https://www.instagram.com/ccysb_collaborations/,https://taggbox.com,,,
436,Cope Family Center,California Nonprofit ,707 Randolph St Napa CA,Napa County,http://www.copefamilycenter.org/,admin@contra-tiempo.org,,,,https://www.facebook.com/CONTRA-TIEMPO-154541904616550,https://www.instagram.com/contra_tiempo/,,,,
437,CORA (Community Overcoming Relationship Abuse),California Nonprofit ,2211 Palm Avenue San Mateo CA,San Mateo County,http://www.corasupport.org/,,,,https://www.linkedin.com/company/cooper-housing-institute/,,,,,,707.252.1123
438,Corazón Latino,California Nonprofit ,,,http://www.corazonlatino.org/,,,,,,,,,,
439,CORE Districts,California Nonprofit ,2014 CApitol Ave Suite 100 234014 Sacramento CA,Sacramento County,http://www.coredistricts.org/,hello@copefamilycenter.org,,https://copefamilycenter.org/contact-us/,https://www.linkedin.com/company/cope-family-center,https://www.facebook.com/CopeFamilyCenter,https://www.instagram.com/copefamilycenter/,,,,
440,Cornerstone Theater Company,California Nonprofit ,PO Box 412587 Los Angeles CA,Los Angeles County,http://www.cornerstonetheater.org/,info@corasupport.org,media@corasupport.org,,,,,,,,
441,Correctional Institutions Chaplaincy of Santa Clara County,California Nonprofit ,PO Box 360068 Milpitas CA,Santa Clara County,http://www.cicministries.org/,,,http://www.corazonlatino.org/#contact,,,,,,,
442,Council for Watershed Health,California Nonprofit ,177 E Colorado Blvd Suite 200 Pasadena CA,Los Angeles County,http://www.watershedhealth.org/,,,http://www.coredistricts.org/contact-us/,https://www.linkedin.com/company/core-districts/,,,,,,
443,Counseling And Support Services For Youth,California Nonprofit ,544 Valley Way Milpitas CA,Santa Clara County,https://cassybayarea.org/,,,,,,,,,,
444,Counseling4Kids,California Nonprofit ,225 W. Broadway Ste 155 Glendale CA,Los Angeles County,http://www.counseling4kids.org/,,,https://lp.constantcontactpages.com/su/EnSo6FN,https://www.linkedin.com/company/cicministries,https://www.facebook.com/CICministries/,,,,,988
445,Court Appointed Special Advocates of Sonoma County,California Nonprofit ,PO Box 1418 Kenwood CA,,http://www.sonomacasa.org/,info@watershedhealth.org,,https://www.watershedhealth.org/contact-us,https://www.linkedin.com/company/council-for-watershed-health/mycompany/,https://www.facebook.com/CouncilforWatershedHealth/?fref=nf,https://www.instagram.com/watershedhealth/,,,,
446,Craft Contemporary,California Nonprofit ,5814 Wilshire Blvd Los Angeles CA,Los Angeles County,http://www.craftcontemporary.org/,,,,https://www.linkedin.com/company/cassy/,https://www.facebook.com/CASSYBayArea/,https://www.instagram.com/cassybayarea,,,,7075656375
447,"Creative Educators International Network, Inc.",California Nonprofit ,798 Nw 12Th Ave Boca Raton Fl,,https://www.linkedin.com/in/terrycreatevalue/,info@counseling4kids.org?,,http://www.counseling4kids.org/contact,https://www.linkedin.com/company/counseling4kidsinc/?viewAsMember=true,https://www.facebook.com/profile.php?id=100077891101072&mibextid=LQQJ4d,https://www.instagram.com/counseling4kids?igsh=NTc4MTIwNjQ2YQ==,,,,3239374230
448,Creative Netwerk,California Nonprofit ,PO Box 22960 Santa Barbara CA,Santa Barbara County,https://www.creativenetwerk.org/,info@sonomacasa.org,,https://www.sonomacasa.org/contact/,https://www.linkedin.com/company/casa-of-sonoma-county,https://www.facebook.com/CASAofSonomaCounty,https://www.instagram.com/casasonomacounty/?hl=en,,,,
449,CS Fund,California Nonprofit ,245 Kentucky Street Suite E Petaluma CA,Sonoma County,http://www.csfund.org/,info@craftcontemporary.org,,https://www.craftcontemporary.org/contact/,,https://www.facebook.com/CraftContemporary/,https://www.instagram.com/craftcontemporary/,,,,
450,Cultivating Beloved Community,California Nonprofit ,,,http://cultivatingbelovedcommunity.org/,,,,https://www.linkedin.com/legal/user-agreement?trk=seo-authwall-base_join-form-user-agreement,,,,,,
451,Cultivating Services and  Beyond,California Nonprofit ,,,https://www.cultivatingservicesbeyond.com/,,movement@creativenetwerk.org,https://www.creativenetwerk.org/contact,,,https://www.instagram.com/p/DDFrsA_vGol/,,,,
452,Culver City Education Foundation,California Nonprofit ,PO Box 4178 Culver City CA,Los Angeles County,https://ccef4schools.org/,,,,,,,,,,
453,CxT Discovery,California Nonprofit ,676 Clipper Street Unit 2 San Francisco CA,San Francisco County,https://cxtdiscovery.org/,,,,,,,,,,3108424220
454,Cyber-Seniors,California Nonprofit ,6230 Wilshire Blvd Ste A Pmb 2241 Los Angeles CA,Los Angeles County,https://cyberseniors.org/,,,,,https://www.facebook.com/wix,https://www.instagram.com/csbconnect?igsh=OGQ5ZDc2ODk2ZA%3D%3D&utm_source=qr,,,,
455,Dana Adobe Nipomo Amigos,California Nonprofit ,671 S Oak Glen Ave Nipomo CA,,http://www.danaadobe.org/,,ccef@ccusd.org,https://ccef4schools.org/contact-us/,,https://www.facebook.com/CulverEd,https://www.instagram.com/ccef4schools/?hl=en,https://www.netflix.com/,,,18442173057
456,Daniel Jonathan Fuller Memorial Fund,California Nonprofit ,,,http://djfullermemorialfund.org/,info@cxtdiscovery.org,,,https://www.linkedin.com/company/cxt-discovery,,,,,,
457,Daniel Pearl Foundation,California Nonprofit ,,,http://www.danielpearl.org/,info@cyberseniors.org,"macaulee@cyberseniors.org, charlene@cyberseniors.org, lukas@cyberseniors.org",https://cyberseniors.org/contact/,,https://www.facebook.com/CyberSeniorsDocumentary/,https://www.instagram.com/cyberseniors/,,,,
458,Davis Media Access,California Nonprofit ,1623 Fifth Street Ste A Davis CA,Yolo County,http://davismedia.org/,,dana@danaadobe.org,https://www.danaadobe.org/contact/,,https://www.facebook.com/DanaAdobe/,https://www.instagram.com/danaadobe/?hl=en,,,,
459,DBSA San Diego,California Nonprofit ,,,,,,https://djfullermemorialfund.org/contact/,,,,,,,
460,De Colores Resource Center Inc.,California Nonprofit ,PO Box 348322 Sacramento CA,Sacramento County,http://decolores.org/,,,,,https://www.facebook.com/DanielPearlFoundation/,,,,,
461,Deaf Plus Adult Community,California Nonprofit ,5437 Central Ave. 23 4 Newark CA,Alameda County,http://www.deafplus.us/,,,http://davismedia.org/contact,,https://www.facebook.com/cantaliers/,,,,,
462,DeafHope,California Nonprofit ,256 24Th St. Richmond CA,Contra Costa County,http://deaf-hope.org/,,,,,,,,,,
463,Death Penalty Focus,California Nonprofit ,500 CApitol Mall Suite 2350 Sacramento CA,Sacramento County,http://www.deathpenalty.org/,,HealthEquity@decolores.org,,,,,,,,
464,Death Valley Conservancy,California Nonprofit ,PO Box 566 Death Valley CA,,http://www.dvconservancy.org/,,,https://deafplus.us/index.php/contact-us/,,https://www.facebook.com/DeafPlusAdultCommunity,https://www.instagram.com/dpacnc/,,,,
465,Death Valley Natural History Association,California Nonprofit ,PO Box 188 Death Valley CA,,http://www.dvnha.org/,,deafhope@deaf-hope.org,,,https://www.facebook.com/DeafHope,http://www.instagram.com/Deaf_Hope,,,,
466,Decro Corporation,California Nonprofit ,3431 Wesley Street Suite F Culver City CA,Los Angeles County,http://www.decro.org/,,,http://www.deathpenalty.org/http://deathpenalty.org/contact/,,https://www.facebook.com/deathpenaltyfocus,https://www.instagram.com/deathpenaltyfocus/,,,,8004788564
467,Delirium Musicum,California Nonprofit ,850 N. Alexandria Avenue Los Angeles CA,Los Angeles County,http://deliriummusicum.com/,info@dvconservancy.org,,https://www.dvconservancy.org/contact/,,https://www.facebook.com/ryancampdv,,,,,4246034586
468,Delta Sculling Center,California Nonprofit ,,,https://deltasculling.org/,,memberships@dvnha.org,https://dvnha.org/contact-us-2/,,,,,,,
469,Desert Area Resources & Training,California Nonprofit ,201 E. Ridgecrest Ridgecrest CA,Kern County,http://www.dartontarget.org/,info@decro.org,,https://decro.org/contact/,https://www.linkedin.com/company/the-decro-group/,,,,,,
470,Desert X,California Nonprofit ,PO Box 4050 Palm Springs CA,Riverside County,http://www.desertx.org/,,,http://deliriummusicum.com/contact,,https://www.facebook.com/DeliriumMusicum/,https://www.instagram.com/deliriummusicum/,https://ci.ovationtix.com/35353/production/1218834?performanceId=11721958,,,17603755591
471,Dextra Baldwin McGonagle Foundation,California Nonprofit ,2060D East Avenida De Los Arboles 23341 Thousand Oaks CA,Ventura County,https://thedbmfoundation.com/,info@deltasculling.org,pltirone@deltasculling.org,https://deltasculling.org/contact/,,https://www.facebook.com/DeltaScullingCenter/,https://www.instagram.com/deltasculling,,,,
472,di Rosa Center for Contemporary Art,California Nonprofit ,5200 Sonoma Hwy Napa CA,Napa County,http://www.dirosaart.org/,info@dartontarget.org,,http://www.dartontarget.org/#contact,,https://www.facebook.com/DesertAreaResourcesandTraining,,,,,
473,Dignity & Design Institute,California Nonprofit ,,,https://www.dignityanddesigninstitute.org/,info@desertx.org,,,,https://www.facebook.com/DesertX/,https://www.instagram.com/_desertx,,,,
474,Disability Rights Education & Defense Fund,California Nonprofit ,3075 Adeline Street Suite 210 Berkeley CA,Alameda County,https://dredf.org/,,ian@thedbmfoundation.com,https://thedbmfoundation.com/contact-us,,,,,,,
475,Disabled Sports Eastern Sierra,California Nonprofit ,PO Box 7275 Mammoth Lakes CA,Mono County,http://www.disabledsportseasternsierra.org/,admin@dirosaart.org,"visit@dirosaart.org, curatorial@dirosaart.org, education@dirosaart.org, marketing@dirosaart.org, events@dirosaart.org, gonzalo.magdaleno@dirosaart.org, development@dirosaart.org",https://www.dirosaart.org/about/contact-us/,,https://www.facebook.com/dirosaart/,https://www.instagram.com/dirosaart/,,,,15106442555
476,Diversity Collective Ventura County,California Nonprofit ,2471 POrtola Rd Ste 100 Ventura CA,Ventura County,https://www.diversitycollectivevc.org/,info@dignityanddesigninstitute.org,media@dignityanddesigninstitute.org,https://www.dignityanddesigninstitute.org/contact,https://www.google.com/url?q=https%3A%2F%2Fwww.linkedin.com%2Fcompany%2Fdiginity-design-institute%2F%3FviewAsMember%3Dtrue&sa=D&sntz=1&usg=AOvVaw0BoTRlQuEscEM5P0C2g5me,,,,,,
477,Diversity in Leadership Institute,California Nonprofit ,PO Box 180114 Los Angeles CA,Los Angeles County,http://www.diversityinleadership.org/,info@dredf.org,"iephelp@dredf.org, webmaster@dredf.org, sfreundlich@dredf.org, media@dredf.org",https://dredf.org/contact-us/,https://www.linkedin.com/company/disability-rights-education-and-defense-fund/,https://www.facebook.com/DREDF.org,https://www.instagram.com/dredf1979/,,,https://bsky.app/profile/dredf.bsky.social,18056445428
478,Divine Truth Unity Fellowship Church dba Unity Fellowship Social Justice Ministries,California Nonprofit ,3540 S Northshore Drive Ontario CA,San Bernardino County,https://www.facebook.com/ufsjm/,,,,,,,,,,
479,Diving for a Cause,California Nonprofit ,3034 Mcgarvey Ave Redwood City CA,San Mateo County,http://www.divingforacause.org/,"info@thetransverse.net, info@diversitycollective.org","pflag@tcote.org, luis@diversitycollective.org, roland@diversitycollective.org, unique@diversitycollective.org, sexpositive805@gmail.com, AJ@diversitycollective.org, celia@diversitycollective.org",https://www.diversitycollectivevc.org/about/#contact,,https://www.facebook.com/diversitycollectivevc/,https://www.instagram.com/_diversitycollective/,,,,
480,Domestic Violence Solutions for Santa Barbara County,California Nonprofit ,,,http://www.dvsolutions.org/,info@diversityinleadership.org,,http://www.diversityinleadership.org/contact,,,,,,,
481,Doorway To Change Foundation,California Nonprofit ,PO Box 823 Yorba Linda CA,Orange County,https://www.doorwaytochange.org/,,,,,https://www.facebook.com/login/device-based/regular/login/?login_attempt=1&next=https%3A%2F%2Fwww.facebook.com%2Fufsjm%2F,,,,,8059645245
482,"DOVES of Big Bear Valley, Inc.",California Nonprofit ,41943 Big Bear Blvd. Big Bear Lake CA,San Bernardino County,http://www.doves4help.org/,,,http://www.divingforacause.org/contact-us.html,,,,,,,
483,Down Syndrome Association of Orange County,California Nonprofit ,,,https://www.dsaoc.org/,info@dvsolutions.org,,https://dvsolutions.org/contact-us/,https://www.linkedin.com/company/domestic-violence-solutions/,https://www.facebook.com/DomesticViolenceSolutions,https://www.instagram.com/dvs.sb/,,,,9098661546
484,Downtown Brentwood Coalition,California Nonprofit ,,,https://www.brentwooddowntown.com/,,,,,,,//www.wix.com/?utm_campaign=vir_error_page,,,
485,Dream Live Hope Foundation,California Nonprofit ,340 E. Kelso St. Inglewood CA,Los Angeles County,https://www.dreamlivehope.org/,info@doves4help.org,,,,https://www.facebook.com/DOVES4HELP/,http://www.instagram.com/doves4help,,,,
486,Dream Machine Innovation Lab,California Nonprofit ,PO Box 27517 Los Angeles CA,Los Angeles County,https://www.dreammachine.org/,,,https://www.dsaoc.org/contactus.html,,https://www.facebook.com/dsaocdads,https://www.instagram.com/dsaoc/,,,,
487,Dreamzilla,California Nonprofit ,,,http://dreamzilla.org/,,,https://downtownbrentwood.com/contact/,,https://www.facebook.com/DowntownBrentwood,https://www.instagram.com/downtownbrentwood/,,,,
488,Dress for Success San Francisco,California Nonprofit ,,,https://sanfrancisco.dressforsuccess.org/,,,https://www.dreamlivehope.org/contact-us-1,,https://www.facebook.com/Dream-Live-Hope-Foundation-106145988432167,https://www.instagram.com/dreamlivehopefoundation/,,,,
489,Driveway Follies,California Nonprofit ,3900 Greenwood Ave Oakland CA,Alameda County,http://www.drivewayfollies.org/,,,,https://www.linkedin.com/company/dream-machine-innovation-lab/posts/?feedView=all,,https://www.instagram.com/wearedreammachine/,,,,4153620034
490,DUC Learning Center,California Nonprofit ,1401 21St Street Ste R Sacramento CA,Sacramento County,http://duclearningcenter.org/,,,http://dreamzilla.org//pages/contact,,,,,,,
491,EARTH DISCOVERY INSTITUTE,California Nonprofit ,120 North Park Drive El CAjon CA,San Diego County,http://earthdiscovery.org/,,,https://sanfrancisco.dressforsuccess.org/contact-info,https://www.linkedin.com/company/dress-for-success-san-francisco/,https://www.facebook.com/dfssanfrancisco,https://www.instagram.com/p/DWoXaFijeHm/,,,,9517775802
492,Earth Innovation Institute,California Nonprofit ,2111 San Pablo Avenue 232739 Berkeley CA,Alameda County,http://www.earthinnovation.org/,info@drivewayfollies.org,,https://www.drivewayfollies.org/contact,,https://www.facebook.com/DrivewayFollies,https://www.instagram.com/drivewayfollies/,,,,
493,Earth Island Institute,California Nonprofit ,,,https://www.earthisland.org/,,Duclearningcenter.olucas@gmail.com,http://duclearningcenter.org/contact-us,,https://www.facebook.com/profile.php?id=61560177284116,https://www.instagram.com/duc_learning_center?igsh=NTc4MTIwNjQ2YQ==,,,,
494,East Bay Alliance for a Sustainable Economy,California Nonprofit ,360 14Th Street 4Th Floor Oakland CA,Alameda County,http://www.workingeastbay.org/,info@earthdiscovery.org,,https://www.earthdiscovery.org/contact,,https://www.facebook.com/EDIExplorers,https://www.instagram.com/EDIExplorers,,,,
495,East Bay Community Law Center,California Nonprofit ,2921 Adeline Street Berkeley CA,Alameda County,https://ebclc.org/,,,http://www.earthinnovation.org//about/contact,https://www.linkedin.com/company/earth-innovation-institute/?trk=biz-companies-cym,https://www.facebook.com/Earth.Innovation/,,,,,
496,East European Folklife Center,California Nonprofit ,841 Villa Way Arcata CA,Humboldt County,http://www.eefc.org/,,Carrie@earthisland.org,https://www.earthisland.org//index.php/contact,https://www.linkedin.com/company/earth-island-institute/,https://www.facebook.com/EarthIslandInstitute,https://www.instagram.com/earth_island_institute/,,,,5105484040
497,Eastern Sierra Community Housing (formerly Mammoth Lakes Housing),California Nonprofit ,PO Box 260 Mammoth Lakes CA,Mono County,https://eschousing.org/,,,,,,,,,,
498,Eastern Sierra Interpretive Association,California Nonprofit ,190 E Yaney St Bishop CA,Inyo County,http://www.sierraforever.org/,info@ebclc.org,communications@ebclc.org,https://ebclc.org/contact-us/,https://www.linkedin.com/company/east-bay-community-law-center/,https://www.facebook.com/ebclc/,https://www.instagram.com/eastbayclc/,,,,
499,Eastern Sierra Land Trust,California Nonprofit ,250 N Fowler St Bishop CA,Inyo County,http://www.eslt.org/,,office@eefc.org,https://eefc.org/contact/,,https://www.facebook.com/eefc.org,https://www.instagram.com/eefc_org/,,,,
500,Easterseals Southern California,California Nonprofit ,1063 Mcgaw Ave Ste 100 Irvine CA,Orange County,https://www.easterseals.com/southerncal,,,https://eschousing.org/contact/,,https://www.facebook.com/eschousing,https://www.instagram.com/eschousing,,,,17608734554
501,Eat for the Earth,California Nonprofit ,1955 Encina Dr Santa Cruz CA,Santa Cruz County,https://www.eatfortheearth.org/,,,https://sierraforever.org/contact/,https://www.linkedin.com/company/eastern-sierra-interpretive-association,https://www.facebook.com/ESIAONLINE/,https://www.instagram.com/_sierra_forever_,https://x.com/SierraForever,,https://bsky.app/profile/sierra4ever.bsky.social,
502,EchoHer,California Nonprofit ,,,http://echoher.org/,,,https://eslt.org/contact/,https://www.linkedin.com/company/eastern-sierra-land-trust/,https://www.facebook.com/easternsierralandtrust/,https://www.instagram.com/easternsierralandtrust/,,,,
503,Ecology Action of Santa Cruz,California Nonprofit ,877 Cedar St Ste 240 Santa Cruz CA,Santa Cruz County,http://www.ecoact.org/,,,https://www.easterseals.com/southerncal/contact-us,https://www.linkedin.com/company/easterseals-southern-california,https://www.facebook.com/EasterSealsSoCal,http://www.instagram.com/eastersealssocal/,,,https://bsky.app/profile/eastersealssocal.bsky.social,
504,Economic Justice Fund,California Nonprofit ,1007 7Th St Floor 4 Ste 416 Sacramento CA,Sacramento County,https://economicjusticefund.org/,admin@eatfortheearth.org,,,,https://www.facebook.com/groups/eat.for.the.earth.santa.cruz/,https://www.instagram.com/eatfortheearth2023/,,,,8314265925
505,Ecumenical Hunger Program,California Nonprofit ,2411 Pulgas Ave East Palo Alto CA,San Mateo County,http://www.ehpcares.org/,,q@echoher.org,,https://www.linkedin.com/company/echoher,,https://www.instagram.com/echoherorg/,,,,
506,"Eden I&R, Inc.",California Nonprofit ,570 B St Hayward CA,Alameda County,http://www.edenir.org/,info@ecoact.org,,https://ecoact.org/act-now/contact,https://www.linkedin.com/company/ecology-action,https://www.facebook.com/ecologyaction,https://www.instagram.com/ecology_action/,,,,
507,EDGE Youth Leadership,California Nonprofit ,,,http://edgeyl.org/,info@economicjusticefund.org,,https://economicjusticefund.org/about-us/contact/,,,,,,,
508,Educating Students Together,California Nonprofit ,13101 W. Washington Blvd. Los Angeles CA,Los Angeles County,https://estcap.org/,info@ehpcares.org,"volunteers@ehpcares.org, donations@ehpcares.org",https://www.ehpcares.org/contact-10,https://www.linkedin.com/company/ecumencal-hunger-program-ehp-/,https://www.facebook.com/EcumenicalHungerProgram/,https://www.instagram.com/ehpcares1975/?hl=en,https://www.wix.com,,,5104086606
509,Education Francaise de Sacramento,California Nonprofit ,PO Box 183 Rocklin CA,Placer County,https://efsac.com/,,,http://www.edenir.org/http://edenir.org/contact-us/,,,,,,,3102159522
510,Education Through Music - LA,California Nonprofit ,2501 W. Burbank Blvd. Suite 301 Burbank CA,Los Angeles County,http://etmla.org/,info@edgeyl.org,,,,https://www.facebook.com/EDGELeaders/,https://www.instagram.com/edgeleaders/,,,,
511,Educational Enrichment Foundation for the Arts,California Nonprofit ,1905 Main St C2Fo Apa Office Huntington Beach CA,Orange County,https://eefa4arts.org/,,yasminde@estcap.org,,https://www.linkedin.com/company/est-black-college-tours-and-college-access/%20,https://www.facebook.com/ESTcollegeaccessprogram/,https://www.instagram.com/estcollegeaccessprogram/,,,,8184337600
512,Educational Enrichment Systems,California Nonprofit ,9620 Chesapeake Dr Suite 205 San Diego CA,San Diego County,http://www.educ-enrichment.org/,,,,,,,,,,7145362514
513,Efficiency First California,California Nonprofit ,918 1St St. W Sonoma CA,Sonoma County,http://www.efficiencyfirstca.org/,info@etmla.org,,https://etmla.org/contact/,,,https://www.instagram.com/etmla/,,,,
514,El Concilio California,California Nonprofit ,445 N San Joaquin St Stockton CA,San Joaquin County,http://www.elconcilio.org/,,,,,,,,,,9163840324
515,El Concilio of San Mateo County,California Nonprofit ,,,https://www.el-concilio.org/,,,http://www.educ-enrichment.org/contact-us,,https://www.facebook.com/EducationalEnrichmentSystems/,https://www.instagram.com/sd_eespreschools/,,,,2096442600
516,El Pajaro Community Development Corporation,California Nonprofit ,23 E Beach St Ste 209 Watsonville CA,Santa Cruz County,http://www.elpajarocdc.org/,info@efficiencyfirstca.org,,https://efficiencyfirstca.org/contact/,https://www.linkedin.com/company/efficiency-first-california?trk=biz-companies-cym,https://www.facebook.com/EfficiencyFirstCA/,,,,,
517,El Teatro Campesino,California Nonprofit ,PO Box 1240 San Juan Bautista CA,San Benito County,http://www.elteatrocampesino.com/,,,https://www.elconcilio.org/2about/2g-contact-us/,,https://www.facebook.com/ElConcilioCA,https://www.instagram.com/elconcilioca,,,,8317221224
518,ElderHelp of San Diego,California Nonprofit ,5095 Murphy CAnyon Rd. 23 100 San Diego CA,San Diego County,http://www.elderhelpofsandiego.org/,,"ameyalli@el-concilio.org, sofiaraquel@el-concilio.org",https://www.el-concilio.org/contact-us,,https://www.facebook.com/ElConcilioofSanMateoCounty,https://www.instagram.com/elconciliosmc/,,,,
519,Electronic Frontier Foundation,California Nonprofit ,815 Eddy St San Francisco CA,San Francisco County,http://www.eff.org/,,,,,https://www.facebook.com/elpajarocdc/,https://www.instagram.com/elpajarocdc,,,,6192849281
520,Elizabeth and Patrick Nash Foundation,California Nonprofit ,PO Box 663 Lafayette CA,Contra Costa County,https://www.elizabethnashfoundation.org/,,christy@elteatrocampesino.com,,,https://www.facebook.com/elteatrocampesino/,,,,,
521,Elk Grove Writers Guild,California Nonprofit ,7413 Netherbury Court Elk Grove CA,Sacramento County,https://egweg.org/,,frontdesk@elderhelpofsandiego.org,https://elderhelpofsandiego.org/contact/,https://www.linkedin.com/company/elderhelp-of-san-diego/,https://www.facebook.com/ElderHelp/,https://www.instagram.com/elderhelpsd/,,,,
522,Elkhorn Slough Foundation,California Nonprofit ,PO Box 267 Moss Landing CA,,http://www.elkhornslough.org/,info@eff.org,"hr@eff.org, membership@eff.org, extension-devs@eff.org, press@eff.org, activist@eff.org",http://www.eff.org//about/contact,https://www.linkedin.com/company/EFF,https://www.facebook.com/eff,https://www.instagram.com/efforg/,,,https://bsky.app/profile/eff.org,
523,Elverhoj Museum of History & Art,California Nonprofit ,1624 Elverhoy Way Solvang CA,Santa Barbara County,https://elverhoj.org/,info@elizabethandpatricknashfoundation.org,,,,,,,,,
524,EMDAD,California Nonprofit ,,,https://emdadd.org/,,,,,,,,,,
525,Emergency Network Los Angeles,California Nonprofit ,5211 E Washington Blvd Ste 232-294 Los Angeles CA,Los Angeles County,http://enla.org/,,,http://www.elkhornslough.org//about/contact/,https://www.linkedin.com/company/elkhorn-slough-foundation/,https://www.facebook.com/elkhornslough/,https://www.instagram.com/elkhornslough_org,,,,
526,Empower Yolo,California Nonprofit ,175 Walnut St Woodland CA,Yolo County,http://empoweryolo.org/,,,,,,,,,,
527,Empowering Latino Futures/Latino Literacy Now,California Nonprofit ,624 Hillcrest Lane Fallbrook CA,,http://www.empoweringlatinofutures.org/,,,https://emdadd.org/contact/,,,,,,,530%206621133
528,Empowher Institute,California Nonprofit ,6820 La Tijera Blvd Ste 108 Los Angeles CA,Los Angeles County,http://www.empowher.org/,info@enla.org,,http://enla.org/contact-us-1,https://www.linkedin.com/company/emergency-network-los-angeles/,https://www.facebook.com/profile.php?id=100026627666071,,https://www.x.com/@ENLA_VOAD,,,
529,Encino Conservancy,California Nonprofit ,,,https://encinoconservancy.org/,info@empoweryolo.org,,https://empoweryolo.org/contact-us/,,,,,,,4247025509
530,End of Life Choices California,California Nonprofit ,153 S Sierra Ave 2330 Solana Beach CA,San Diego County,http://www.endoflifechoicesca.org/,,,http://www.empoweringlatinofutures.org/contact-us.html,https://www.linkedin.com/company/empowering-latino-futures,https://www.facebook.com/EmpoweringLatinoFutures,https://www.instagram.com/empoweringlatinofutures/,,,,5555555555
531,Engineers & Scientists Acting Locally,California Nonprofit ,,,http://www.esal.us/,info@empowher.org,TeamEmpowher@povagency.co,https://empowher.org/contact-1/,https://www.linkedin.com/company/empowher-institute,https://www.facebook.com/EmpowherOrg,,,,,17606368009
532,Enlisted Leadership Foundation,California Nonprofit ,2307 Fenton Parkway 23107-208 San Diego CA,San Diego County,http://www.enlistedleadershipfoundation.org/,,,https://encinoconservancy.org/contact-us,,,,,,,
533,EntreNous Community Empowerment,California Nonprofit ,1108 N. Oleander Avenue Compton CA,Los Angeles County,http://www.entrenousyouth.org/,info@endoflifechoicesca.org,,https://endoflifechoicesca.org/contact-us/,https://www.linkedin.com/company/eolcca/?viewAsMember=true,https://www.facebook.com/endoflifechoicescalifornia/,https://www.instagram.com/p/DAEmvXKzqjV/?utm_source=ig_web_copy_link,,,,
534,Environmental Law Foundation,California Nonprofit ,1222 Preservation Park Way Suite 200 Oakland CA,Alameda County,http://www.envirolaw.org/,,,,https://www.linkedin.com/company/esal_us/,https://www.facebook.com/ESAL.usa/,https://www.instagram.com/esal_usa,,,,
535,Environmental Protection Information Center,California Nonprofit ,145 G St Ste A Arcata CA,Humboldt County,http://www.wildcalifornia.org/,,,,,,,,,,
536,Environmental Traveling Companions,California Nonprofit ,2 Marina Blvd. Bldg. C San Francisco CA,San Francisco County,http://www.etctrips.org/,,,https://www.entrenousempower.org/about-us/contact-us/,https://www.linkedin.com/in/compton-youthbuild-792613117/,https://www.facebook.com/Compton-YouthBuild-136879769820488/?fref=ts,https://www.instagram.com/compton_youthbuild/?hl=en,,,,17078227711
537,Environmental Volunteers,California Nonprofit ,2560 Embarcadero Way Palo Alto CA,Santa Clara County,http://www.evols.org/,,,http://www.envirolaw.org/contact/,,,,,,,
538,Epilepsy Education Everywhere,California Nonprofit ,25920 Iris Avenue Suite 13A-313 Moreno Valley CA,Riverside County,http://www.epilepsyed.org/,,"tom@wildcalifornia.org, kimberly@wildcalifornia.org, amber@wildcalifornia.org, matt@wildcalifornia.org, josefina@wildcalifornia.org, melodie@wildcalifornia.org, cecilia@wildcalifornia.org, epic@wildcalifornia.org",https://www.wildcalifornia.org/contact,,https://www.facebook.com/WildCalifornia,https://www.instagram.com/epic_wildcalifornia/,,,,
539,EPIQuarterly,California Nonprofit ,,,http://www.epiquarterly.org/,info@etctrips.org,,http://www.etctrips.org/contact/,https://www.linkedin.com/company/environmental-traveling-companions/,https://www.facebook.com/ETCtrips/,https://www.instagram.com/explore/tags/environmentaltravelingcompanions/,,,,
540,Episcopal Community Services,California Nonprofit ,401 Mile Of CArs Way Suite 350 National City CA,San Diego County,http://www.ecscalifornia.org/,,,https://www.environmentalvolunteers.org/contact-us/,https://www.linkedin.com/company/environmental-volunteers,https://www.facebook.com/environmentalvolunteers/,https://www.instagram.com/environmentalvolunteers/,https://evols.secure.nonprofitsoapbox.com/,,,
541,Equal Justice Society,California Nonprofit ,1901 Harrison Street Suite 1100 Oakland CA,Alameda County,http://www.equaljusticesociety.org/,,,http://www.epilepsyed.org/http://epilepsyed.org/contact-2/,,https://www.facebook.com/EpilepsyEd,,,,,
542,Equal Rights Advocates,California Nonprofit ,611 Mission St. 4Th Floor San Francisco CA,San Francisco County,http://www.equalrights.org/,,,,,,,,,,
543,Equality California,California Nonprofit ,555 W 5Th Street 35Th Floor Los Angeles CA,Los Angeles County,https://www.eqca.org/,,"awilkerson@ecscalifornia.org, twhipple@ecscalifornia.org",http://www.ecscalifornia.org/contact-us,https://www.linkedin.com/company/episcopal-community-services,https://www.facebook.com/ecscaliforniasd/,https://www.instagram.com/ecssandiego/,,,https://bsky.app/profile/ecssandiego.bsky.social,
544,Equine Dream Fulfillment Project,California Nonprofit ,,,,info@equaljusticesociety.org,,https://equaljusticesociety.org/contact/,,https://www.facebook.com/equaljusticesociety,https://www.instagram.com/equaljusticesociety/,,,,
545,ERV Community Center Foundation,California Nonprofit ,3000 Newburg Rd Ste C Fortuna CA,Humboldt County,http://glccenter.org/,,"era@emccommunications.com, development@equalrights.org",https://www.equalrights.org/contact/,https://www.linkedin.com/company/equal-rights-advocates/,https://www.facebook.com/EqualRightsAdvocates,https://www.instagram.com/equalrightsadv/,,,,
546,Escondido Creek Conservancy,California Nonprofit ,PO Box 460791 Escondido CA,San Diego County,http://www.escondidocreek.org/,,press@eqca.org,https://www.eqca.org//about/#contact-us/,,https://www.facebook.com/share.php?u=https://www.eqca.org/,,,,,
547,Esperanto-USA,California Nonprofit ,2014 CApitol Ave 23100 Sacramento CA,Sacramento County,http://www.esperanto-usa.org/,,,,,,,,,,
548,Esq. Apprentice,California Nonprofit ,PO Box 24152 Oakland CA,Alameda County,https://esqapprentice.org/,,"layla@glccenter.org, Layla@glccenter.org",,,https://www.facebook.com/GeneLucasCenter,https://www.instagram.com/glccenter,,,,
549,Essie Justice Group,California Nonprofit ,318 Harrison Street Suite 200 Oakland CA,Alameda County,https://essiejusticegroup.org/,information@escondidocreek.org,,,,https://www.facebook.com/escondidocreekconservancy/,https://www.instagram.com/escondido_creek_conservancy/,,,,
550,Ethiopian Community Los Angeles,California Nonprofit ,8911 S Western Ave Los Angeles CA,Los Angeles County,http://www.eclosangeles.org/,,,https://esperanto-usa.springly.org/contacts/profile,,https://www.facebook.com/esperantousa/,https://www.instagram.com/esperanto.usa/,https://x.com/i/flow/login?redirect_after_login=%2Fesperantousa,,,
551,Eva Larson,California Nonprofit ,3290 Lang Ranch Parkway Thousand Oaks CA,Ventura County,http://www.chumashmuseum.org/,,,https://esqapprentice.org/contact,https://www.linkedin.com/company/esq-apprentice1/,https://www.facebook.com/Esq.Apprentice,https://www.instagram.com/esq.apprentice/,,,,
552,Evelyn and Walter Haas Jr. Fund,California Nonprofit ,450 Sansome Street Ste 1600 (16Th Floor) San Francisco CA,San Francisco County,http://www.haasjr.org/,info@essiejusticegroup.org,"media@essiejusticegroup.org, giving@essiejusticegroup.org",https://essiejusticegroup.org/contact-us/,https://www.linkedin.com/company/essie-justice-group/,https://www.facebook.com/EssieJusticeGroup/,https://www.instagram.com/essie4justice/,,,,8054928076
553,Every Day Action,California Nonprofit ,,,https://www.youreverydayaction.org/,,,,,https://www.facebook.com/Ethiopian-Community-Los-Angeles-111230467305620,https://www.instagram.com/ethiopian_communityla/,https://x.com/wildapricot,,,
554,EveryChild California,California Nonprofit ,,,http://everychildca.org/,info@chumashmuseum.org,,https://www.chumashmuseum.org/contact/newsletter,,https://www.facebook.com/chumashindianmuseum,https://www.instagram.com/chumashindianmuseum,,,,
555,Eviction Defense Collaborative,California Nonprofit ,976 Mission St. San Francisco CA,San Francisco County,https://evictiondefense.org/,,"communications@haasjr.org, maliha@haasjr.org, gil@haasjr.org",http://www.haasjr.org//about/contact,https://www.linkedin.com/company/evelyn-and-walter-haas-jr--fund,,https://www.instagram.com/haasjrfund,,,,
556,Executive Service Corps of Southern California,California Nonprofit ,1000 N Alameda St Ste 330 Los Angeles CA,Los Angeles County,http://www.escsc.org/,,"lexie@growthmodeagency.com?, mail@youreverydayaction.org",https://www.youreverydayaction.org/contactus,https://www.linkedin.com/company/65639369/admin/feed/posts/,https://www.facebook.com/youreverydayaction,https://www.instagram.com/every_day_action/,,,,4159470797
557,FabMo,California Nonprofit ,1240 Birchwood Drive Suite 2 Sunnyvale CA,Santa Clara County,http://www.fabmo.org/,,,http://everychildca.org/contact-everychildca,https://www.linkedin.com/company/california-child-development-administrators-association-ccdaa-,https://www.facebook.com/EveryChildCalifornia,https://www.instagram.com/everychildcalifornia,,,,
558,Faith in Action Bay Area,California Nonprofit ,1780 Broadway Street Redwood City CA,San Mateo County,https://faithinactionba.org/,,"edcradco@evictiondefense.org, legal@evictiondefense.org, sca@evictiondefense.org",https://evictiondefense.org/contact-edc/,,https://www.facebook.com/evictiondefense/,https://www.instagram.com/evictiondefense/,,,,Phone:6505929181
559,Faith in Action East Bay,California Nonprofit ,8400 Enterprise Way Suite 123 Oakland CA,Alameda County,http://www.oaklandcommunity.org/,,,https://escsc.org/contact-us/,https://www.linkedin.com/company/executive-service-corps-of-southern-california,https://www.facebook.com/escsocal,,,,,
560,Families for Children,California Nonprofit ,,,http://www.familiesforchildren.org/ffcsbhc.html,,,https://www.constantcontact.com/legal/service-provider,,https://www.facebook.com/FabMo/,https://www.instagram.com/fabmoinc/,,,,
561,Family Assistance Program,California Nonprofit ,,,https://familyassist.org/,,,https://faithinactionba.org/contact,,https://www.facebook.com/FaithInActionBayArea,https://www.instagram.com/fiabayarea/,,,,7608430701
562,Family Paths,California Nonprofit ,1727 Martin Luther King Jr. Way Oakland CA,Alameda County,https://familypaths.org/,,,,,,,,,,18008293777
563,Family Resource & Referral Center San Joaquin DBA Family Resource Center,California Nonprofit ,,,http://www.frcsj.org/,,,http://www.familiesforchildren.org/ffcsbhc.htmlcontact.htm,,,,,,,
564,Family Resource Navigators,California Nonprofit ,101 CAllan Ave Suite 200 San Leandro CA,Alameda County,http://familyresourcenavigators.org/,,,,,https://www.facebook.com/FamilyAssistanceProgram/,https://www.instagram.com/familyassistanceprograms/,,,,
565,Family Service Agency of Santa Barbara County,California Nonprofit ,123 W Gutierrez St Santa Barbara CA,Santa Barbara County,http://www.fsacares.org/,info@familypaths.org,,,https://www.linkedin.com/company/family-paths/,https://www.facebook.com/FamilyPathsInc,https://www.instagram.com/familypaths/,,,,
566,Family Service Agency of the Central Coast,California Nonprofit ,104 Walnut Ave Ste 208 Santa Cruz CA,Santa Cruz County,http://www.fsa-cc.org/,"admin@frcsj.org, sccinfo@frcsj.org","jobs@frcsj.org, food@frcsj.org, webmaster@frcsj.org, childcare@frcsj.org",https://frcsj.org/contact/,https://www.linkedin.com/company/family_resource_center/?viewAsMember=true,https://www.facebook.com/frcsj,https://www.instagram.com/sjbecausekids/,https://x.com/sjbecausekids,,,8314239444
567,Family Violence Appellate Project,California Nonprofit ,1999 Harrison St Suite 1847 Oakland CA,Alameda County,http://www.fvaplaw.org/,,,,,,,,,,5103806243
568,Fashionpreneur Hub,California Nonprofit ,,,http://www.fashionpreneurhub.com/,,,,,https://www.facebook.com/familyserviceagencysb,https://www.instagram.com/family_service_agency/,,,,
569,Fatherless Age,California Nonprofit ,,,,,"volzing.m@fsa-cc.org, joleen.a@fsa-cc.org, mccabe.b@fsa-cc.org, castillo.s@fsa-cc.org, nunez.a@fsa-cc.org, hr@fsa-cc.org, jwaterswc@fsa-cc.org, cleveland.n@fsa-cc.org, sims.p@fsa-cc.org, salata.b@fsa-cc.org, alanis.s@fsa-cc.org, dillehay.p@fsa-cc.org, kelley.b@fsa-cc.org, carroll.p@fsa-cc.org, waters.j@fsa-cc.org, segura.e@fsa-cc.org, cisneros.c@fsa-cc.org, cuevas.c@fsa-cc.org, stratton.h@fsa-cc.org, ledesma.d@fsa-cc.org",https://fsa-cc.org/contact/,,https://www.facebook.com/FamilyServiceAgencyCC,https://www.instagram.com/_fsa.cc_/,,,,
570,FCHIP - Fresno Community Health Improvement Partnership,California Nonprofit ,,,http://fchip.org/,info@fvaplaw.org,,https://fvaplaw.org/contact/,https://www.linkedin.com/company/2666767,https://www.facebook.com/FamilyViolenceAppellateProject,,,,,
571,Feed the Hunger Fund,California Nonprofit ,100 Montgomery St San Francisco CA,San Francisco County,http://www.feed-hunger.com/,,,http://www.fashionpreneurhub.com/contact,,,,,,,
572,Fideicomiso Comunitario Tierra Libre,California Nonprofit ,1781 E 1St St. Unit 209 Los Angeles CA,Los Angeles County,http://fctl.la/,,,,,,,,,,
573,Financial Beginnings,California Nonprofit ,619 Sw 11Th Avenue POrtland Or,,http://financialbeginnings.org/,,"Sophia@fresnometmin.org, brandi@fresnometmin.org, delaine@fresnometmin.org",https://www.fchip.org/contact/,https://www.linkedin.com/company/fresno-community-health-improvement-partnership/,https://www.facebook.com/fchip.org/?ref=br_rs,https://www.instagram.com/fchip_,,,,
574,Find Cajairah,California Nonprofit ,,,http://instagram.com/findcajairah,,,https://www.feed-hunger.com/contact/,https://www.linkedin.com/company/feed-the-hunger-foundation/about/,https://www.facebook.com/FeedTheHungerFund/,https://www.instagram.com/feedthehungerfund/?hl=en,,,,
575,Firelight Foundation,California Nonprofit ,216 Mount Hermon Road Box 103-E Scotts Valley CA,Santa Cruz County,http://www.firelightfoundation.org/,,,http://fctl.la/contact,,https://www.facebook.com/FCTL2019,https://www.instagram.com/fctl_2019/,,,,
576,First Step Communities,California Nonprofit ,PO Box 188228 Sacramento CA,Sacramento County,http://www.firststepcommunities.org/,info@financialbeginnings.org,,https://financialbeginnings.org/contact-us,https://www.linkedin.com/company/financial-beginnings,https://www.facebook.com/FinancialBeginningsUSA/,https://www.instagram.com/finbeg/,,,,
577,Fisher House Southern California,California Nonprofit ,,,http://fisherhousesocal.org/,,,,,https://www.facebook.com/help/instagram/261704639352628,,,https://www.threads.com/,,5622970990
578,FIST and STAR Generation,California Nonprofit ,,,https://fistandstargen.org/,,,http://www.firelightfoundation.org/contact,https://www.linkedin.com/company/firelight-foundation/,https://www.facebook.com/FirelightFoundation/,,,,,
579,Five Keys Schools and Programs,California Nonprofit ,70 Oak Grove Street San Francisco CA,San Francisco County,http://www.fivekeys.org/,info@firststepcommunities.org,,https://www.firststepcommunities.org/contact-us,https://www.linkedin.com/company/firststepcommunities,https://www.facebook.com/FirstStepCommunities/,https://www.instagram.com/firststepcommunities/,,,,
580,Fixin' San Mateo County,California Nonprofit ,,,http://www.fixinsmc.org/,,"AMize@FisherHouseSoCal.org, Hzappin@FisherHouseSoCal.org",https://fisherhousesocal.org/contact/,https://www.linkedin.com/company/fisher-house-southern-california/,https://www.facebook.com/FisherHouseSouthernCalifornia/,https://www.instagram.com/fisherhousesoutherncalifornia/,,,,
581,Fleishhacker Foundation,California Nonprofit ,1016 Lincoln Blvd Ste 12 San Francisco CA,San Francisco County,https://www.fleishhackerfoundation.org/,,gabriel@fistandstargen.org,https://fistandstargen.org/contact,,https://www.facebook.com/fistandstargen,https://www.instagram.com/fistandstar/,,,,
582,Flourish Agenda Inc,California Nonprofit ,1714 Franklin St Ste 100-321 Oakland CA,Alameda County,https://flourishagenda.com/,info@fivekeys.org?,recruiting@fivekeys.org,http://www.fivekeys.org/contact-us,https://www.linkedin.com/company/five-keys-schools-and-programs/posts/?feedView=all,https://www.facebook.com/FiveKeysSchoolsAndPrograms/,https://www.instagram.com/fivekeysschoolsandprograms/,,,,15102281900
583,Focus Forward,California Nonprofit ,3333 E American Ave Ste B Fresno CA,Fresno County,http://www.focusforward.org/,info@fixinsmc.org,,https://fixinsmc.org/about/contact-us/,https://www.linkedin.com/company/fixin-san-mateo-county/,,https://www.instagram.com/fixinsmc/,,,,
584,Folsom Street,California Nonprofit ,1286 Folsom Street Suite 105 San Francisco CA,San Francisco County,https://www.folsomstreet.org/,info@fleishhackerfoundation.org,,https://www.fleishhackerfoundation.org/contact-us,,https://www.facebook.com/fleishhackerfoundation/,https://www.instagram.com/fleishhacker_foundation/,,,,
585,Food Bank of Contra Costa & Solano,California Nonprofit ,4010 Nelson Ave Concord CA,Contra Costa County,http://www.foodbankccs.org/,info@flourishagenda.com,,https://flourishagenda.com/contact/,https://www.linkedin.com/company/flourish-agenda-inc/,https://www.facebook.com/flourishagenda/,https://www.instagram.com/flourishagenda/?hl=en,,,,9256767543
586,"Food Forward, Inc",California Nonprofit ,7412 Fulton Avenue 233 North Hollywood CA,,http://www.foodforward.org/,,"joseg@focusforward.org?, ashleyb@focusforward.org?",http://www.focusforward.org//bright-futures-contacts,,https://www.facebook.com/FocusForward559/,https://www.instagram.com/focusforward559/,,,,
587,FoodCycleLA,California Nonprofit ,1949 North Wilton Place Los Angeles CA,Los Angeles County,http://foodcyclela.org/,"finfo@folsomstreet.org, finfo@folsomstreetevents.org",exhibitors@folsomstreet.org,https://www.folsomstreet.org/contact-us,,https://www.facebook.com/folsom.street/,https://www.instagram.com/folsomstreet/,,,,3238979696
588,Foothill Creative Arts Group,California Nonprofit ,108 N. Baldwin Ave. Sierra Madre CA,Los Angeles County,http://www.creativeartsgroup.org/,info@foodbankccs.org,,https://www.foodbankccs.org/about/contact-us-directions/,https://www.linkedin.com/company/food-bank-of-contra-costa-and-solano,https://www.facebook.com/pages/Food-Bank-of-Contra-Costa-and-Solano/114530700443,https://www.instagram.com/foodbankccs,,,,
589,Fort Ord Recreational Trail Friends,California Nonprofit ,PO Box 1349 Marina CA,Monterey County,http://www.fortordfriends.org/,,"harvest@foodforward.org, harvestvc@foodforward.org, alia@foodforward.org, volunteer@foodforward.org, fmrecovery@foodforward.org, allison@foodforward.org, development@foodforward.org",http://www.foodforward.org//who-we-are/contact,https://www.linkedin.com/company/food-forward,https://www.facebook.com/foodforwardinc,https://www.instagram.com/foodforward/,,,,
590,Fortitude Careers,California Nonprofit ,425A Oak Ave Redwood City CA,San Mateo County,http://www.fortitudecareers.org/,hello@foodcyclela.org,,https://www.foodcyclela.org/contact-us/,,https://www.facebook.com/644705232281960,https://www.instagram.com/foodcycle_la/,,,,
591,Fossil Free California,California Nonprofit ,,,https://fossilfreeca.org/,,,https://www.creativeartsgroup.org/contact-8,,https://www.facebook.com/creativeartsgroup.sierramadre,https://www.instagram.com/creativeartsgroup_sierramadre/,,,,
592,Foster Friends Rescue,California Nonprofit ,,,http://fosterfriendsrescue.org/,,,http://www.fortordfriends.org/contact.html,,https://www.facebook.com/fortfriends,http://www.instagram.com/visitfortord,,,,
593,FosterHope of Sacramento,California Nonprofit ,4144 Winding Way Sacramento CA,Sacramento County,http://fosterhopesac.org/,admin@fortitudecareers.org,,http://www.fortitudecareers.org/contact-us,https://www.linkedin.com/company/fortitudecareers/,,,,,,9167371481
594,Fostering Army Animal Rescue,California Nonprofit ,6520 Magnolia Ave Riverside CA,Riverside County,https://www.fosterarmy.org/,info@fossilfreeca.org,,,https://www.linkedin.com/company/fossilfreecalifornia/,https://www.facebook.com/fossilfreeca/,https://www.instagram.com/fossilfreeca,,,https://bsky.app/profile/FossilFreeCA.org,
595,Foundation for Animal Care & Education,California Nonprofit ,10505 Sorrento Valley Rd Suite 175 San Diego CA,San Diego County,https://face4pets.org/,,,,,,,,,,18584503223
596,Foundation for California Community Colleges,California Nonprofit ,1102 Q Street Suite 4800 Sacramento CA,Sacramento County,http://www.foundationccc.org/,contact@example.com,foster@fosterhopesac.org,https://fosterhopesac.org/contact-us-2/,https://www.linkedin.com/company/fosterhope-sacramento/,https://www.facebook.com/FosterHopeSac/,https://www.instagram.com/fosterhopesac/,,,,
597,Foundation for Filipina Women's Network,California Nonprofit ,PO Box 192143 San Francisco CA,San Francisco County,http://www.filipinawomensnetwork.org/,,,https://www.fosterarmy.org/about/contact/,,https://www.facebook.com/fosterarmy/,https://www.instagram.com/fosterarmy/,,,https://bsky.app/profile/fosterarmy.org,
598,Foundation for Living Beauty,California Nonprofit ,254 N. Lake Ave 23842 Pasadena CA,Los Angeles County,http://www.livingbeauty.org/,info@face4pets.org,,https://face4pets.org/contact,https://www.linkedin.com/company/face-foundation,https://www.facebook.com/FACE4Pets,https://www.instagram.com/face_foundation/,,,,6266288310
599,Fountain Theatre,California Nonprofit ,,,https://www.fountaintheatre.com/,,,,https://www.linkedin.com/company/foundationccc,https://www.facebook.com/foundationccc,https://www.instagram.com/foundationccc/,,,,
600,Frank R. Howard Foundation,California Nonprofit ,3 Marcela Drive Suite A Willits CA,Mendocino County,http://www.howardfoundation.org/,,"filipina@ffwn.org, filipina+web@ffwn.org",http://www.filipinawomensnetwork.org/contact,,,https://www.instagram.com/filipinawomen/,,,,
601,Free Speech Coalition,California Nonprofit ,19849 Nordhoff St Northridge CA,,http://www.freespeechcoalition.com/,info@livingbeauty.org,,,https://www.linkedin.com/company/livingbeautyorg/,https://www.facebook.com/livingbeautyorg/,https://www.instagram.com/livingbeautyorg/,,,,18183489373
602,Freedom 4 Youth,California Nonprofit ,PO Box 2096 Santa Barbara CA,Santa Barbara County,https://freedom4youth.org/,,,,,https://www.facebook.com/pages/Fountain-Theatre/186380236716,https://www.instagram.com/fountaintheatre/?hl=en,https://ci.ovationtix.com/34420/store/donations,,,8057081292
603,Freedom Community Clinic,California Nonprofit ,3215 Telegraph Ave 23101 Oakland CA,Alameda County,https://www.freedomcommunityclinic.org/,,amello@howardfoundation.org,https://www.howardfoundation.org/contact-us,,https://www.facebook.com/Frank-R-Howard-Foundation-445687538935480/,,,,,
604,Freedom Through Education,California Nonprofit ,PO Box 5072 Sacramento CA,Sacramento County,http://www.freedomthrougheducation.com/,info@freespeechcoalition.com,press@freespeechcoalition.com,http://www.freespeechcoalition.com/contact-us,https://www.linkedin.com/company/free-speech-coalition/,,https://www.instagram.com/freespeechcoalition/,,,https://bsky.app/profile/fsc.bsky.social,
605,Fresh Lifelines for Youth,California Nonprofit ,1400 Parkmoor Ave. Suite 250 San Jose CA,Santa Clara County,http://www.flyprogram.org/,info@freedom4youth.org,INFO@FREEDOM4YOUTH.ORG,https://freedom4youth.org/about-us/contact-us/,,https://www.facebook.com/freedom4youthorg/,https://www.instagram.com/freedom4youthorg/,,,,
606,Fresno Arts Council,California Nonprofit ,1245 Van Ness Ave Fresno CA,Fresno County,http://www.fresnoartscouncil.org/,,,https://www.freedomcommunityclinic.org/contact,,,https://www.instagram.com/p/DWZNEoqFdJ-/,,,,
607,Fresno Coalition for Digital Inclusion,California Nonprofit ,1555 Van Ness Ave Fresno CA,Fresno County,https://connectfresno.org/,,,http://www.freedomthrougheducation.com/contact-us,,,,,,,
608,Friendly El Monte Charity 4 Kids,California Nonprofit ,,,https://www.femc4kids.org/,,"mdew@flyprogram.org, dross@flyprogram.org, katehiester@flyprogram.org, narriaga@flyprogram.org",https://flyprogram.org/contact/,https://www.linkedin.com/company/fresh-lifelines-for-youth-fly-,https://www.facebook.com/flyprogram,https://www.instagram.com/flyprogram/,,,,
609,Friends Committee on Legislation of California,California Nonprofit ,2030 W. El CAmino Avenue Suite 210 Sacramento CA,Sacramento County,http://www.fclca.org/,,,http://www.fresnoartscouncil.org/contact-us,,https://www.facebook.com/fresnoartscouncil,https://www.instagram.com/fresnoartscouncil/,https://www.dropbox.com/scl/fi/2dh4uhggcly6ba1b3kdif/FAC-Artwell-Spring-2024.pdf?rlkey=azbaffaudcm5snpk28sr3f2be&dl=0,,,9164433734
610,Friends of Ability,California Nonprofit ,,,,,,https://connectfresno.org/contact/,,,,,,,
611,"Friends of China Camp, Inc.",California Nonprofit ,101 Peakcock Gap Trl San Rafael CA,Marin County,https://friendsofchinacamp.org/,,"cmike7910@gmail.com, jerryaguilar13@gmail.com, ilene@femc4kids.org, mnava@mtviewschools.net, robertbravo88@gmail.com, anthonyxramirez@icloud.com",,https://www.linkedin.com/company/friendly-el-monte-charity-4-kids/,,https://www.instagram.com/femc4kids,,,,
612,Friends of Front Street Shelter,California Nonprofit ,PO Box 22214 Sacramento CA,Sacramento County,https://friendsoffrontstreet.org/,fcladmin@fclca.org,,,,https://www.facebook.com/fclca.org/,,https://www.x.com/FCLCA_,,,
613,Friends of Hayward Public Montessori,California Nonprofit ,951 Palisade St Hayward CA,Alameda County,http://www.fohpm.org/,,,,,,,,,,
614,Friends of International Friendship Park,California Nonprofit ,,,http://internationalfriendshippark.org/,,,https://friendsofchinacamp.org/about-us/contact-us/,,https://www.facebook.com/Friends-of-China-Camp-371395306219570,https://www.instagram.com/friendsofchinacamp/,,,,
615,Friends of Mission Canyon,California Nonprofit ,,,http://www.friendsofmissioncanyon.org/,contact@friendsoffrontstreet.org,,https://friendsoffrontstreet.org/contact/,https://www.linkedin.com/company/fofss?original_referer=https%3A%2F%2Fwww.google.com%2F,https://www.facebook.com/FriendsofFrontStreetShelter/,https://www.instagram.com/friendsoffrontstreet,,,,
616,Friends of Orinda Nature Area,California Nonprofit ,,,,,,https://fohpm.org/contact-us/,,https://www.facebook.com/profile.php?id=100090655161871,https://www.instagram.com/friendshaywardpublicmontessori/,,,,
617,Friends of San Diego Public Library,California Nonprofit ,4193 Park Blvd San Diego CA,San Diego County,https://www.sandiego.gov/public-library/about-the-library/partners/friends,,"visitus@friendshippark.org, john@friendshippark.org, visitmx@friendshippark.org, dan@friendshippark.org, comunidad@friendshippark.org",https://internationalfriendshippark.org/contact/,,https://www.facebook.com/FofPark,https://www.instagram.com/friendshipparkusmx/,,,,
618,Friends of Scrap,California Nonprofit ,801 Toland St. San Francisco CA,San Francisco County,http://www.scrap-sf.org/,,,,,,,,,,
619,Friends of the 1883 Clarksburg Schoolhouse,California Nonprofit ,,,http://1883clarksburgschoolhouse.org/,,,,,,,,,,
620,Friends of the Dunes,California Nonprofit ,PO Box 186 Arcata CA,Humboldt County,http://friendsofthedunes.org/,,,https://www.sandiego.gov/public-library/about-the-library/partners/friends/contact,https://www.linkedin.com/company/cityofsandiego,https://www.facebook.com/CityofSanDiego,https://www.instagram.com/cityofsandiego/,,,,
621,Friends of the Inyo,California Nonprofit ,621 W Line St Ste 201 Bishop CA,Inyo County,http://friendsoftheinyo.org/,,"kayci@scrap-sf.org, volunteer@scrap-sf.org, scrap@scrap-sf.org, terry@scrap-sf.org, danielle@scrap-sf.org, donate@scrap-sf.org",http://www.scrap-sf.org//about-us/contact-us,,,,,,,
622,Friends of the Mendocino County Museum,California Nonprofit ,PO Box 1384 Willits CA,Mendocino County,https://mendocinocountymuseumfriends.org/,,1883school@gmail.com,https://www.1883clarksburgschoolhouse.org/contact,,,,,,,7072346365
623,Friends of the Redondo Beach Public Library,California Nonprofit ,303 N. Pch Redondo Beach CA,Los Angeles County,http://redondobeachlibraryfriends.com/,info@friendsofthedunes.org,,https://www.friendsofthedunes.org/contactus,,,,,,,
624,Friends of the River Foundation,California Nonprofit ,,,https://www.friendsoftheriver.org/,info@friendsoftheinyo.org,,https://friendsoftheinyo.org/contactenos,,https://www.facebook.com/friendsoftheinyo/,https://www.instagram.com/friendsoftheinyo/,,,,
625,Frontline Catalysts,California Nonprofit ,4100 Redwood Rd 2320A-417 Oakland CA,Alameda County,http://www.frontlinecatalysts.org/,,fotmcm@yahoo.com,,,https://www.facebook.com/557196867481002,,,,,
626,Fulcrum Arts,California Nonprofit ,,,http://www.fulcrumarts.org/,info@redondobeachlibraryfriends.com,,https://www.redondobeachlibraryfriends.com/contact,,https://www.facebook.com/Friends-of-the-Redondo-Beach-Public-Library-2373675832644247/?modal=admin_todo_tour,,https://www.wix.com/stands-with-ukraine/,,,6267938171
627,Fullerton Museum Center,California Nonprofit ,301 N POmona Ave Fullerton CA,Orange County,http://fullertonmuseum.com/,info@friendsoftheriver.org,,,,,,,,,7145194461
628,Fund for Santa Barbara,California Nonprofit ,1219 State Street Santa Barbara CA,Santa Barbara County,http://www.fundforsantabarbara.org/,info@frontlinecatalysts.org,,https://www.frontlinecatalysts.org/contact,https://www.linkedin.com/company/frontlinecatalysts/,https://www.facebook.com/FrontlineCatalysts/,https://www.instagram.com/frontlinecatalysts510/,,,,
629,FundaMental Health,California Nonprofit ,571 Hygeia Ave Suite C Encinitas CA,San Diego County,http://fundamental.health/,info@fulcrumarts.org,,,,https://www.facebook.com/fulcrumarts/,https://www.instagram.com/fulcrumarts/,,,https://bsky.app/profile/fulcrumarts.org,
630,Future Leaders of America,California Nonprofit ,,,http://www.futureleadersnow.org/,info@fullertonmuseum.com,,,,https://www.facebook.com/FullertonMuseum/,https://www.instagram.com/fullertonmuseum/,,,,
631,Futures Unwalled,California Nonprofit ,,,https://www.futuresunwalled.org/,,,,,https://www.facebook.com/thefundforsantabarbara,https://www.instagram.com/thefundforsantabarbara/,,,,7142534060
632,Garden of Sincerity,California Nonprofit ,6255 Snowbond Street San Diego CA,San Diego County,GardenOfSincerity.org (TBA),hello@fundamental.health,,https://fundamental.health/contact-us/,https://www.linkedin.com/company/fundamental-health-nonprofit/,https://www.facebook.com/team.fundamental.health,https://www.instagram.com/fundamental__health/,,,,
633,Gardens Foundation and Gardens of Compassion,California Nonprofit ,,,http://gardensfoundation.org/,,,https://futureleadersnow.org/contact-us,https://www.linkedin.com/groups/6515190/,https://www.facebook.com/FutureLeadersNow,https://www.instagram.com/futureleadersnow/,,,,
634,Garfield Foundation,California Nonprofit ,1111 Broadway Floor 3 Oakland CA,Alameda County,http://www.garfieldfoundation.org/,,,,,https://www.facebook.com/profile.php?id=61572479978966,,,,,
635,GATE Academy,California Nonprofit ,1 Saint Vincents Dr San Rafael CA,Marin County,http://www.gateacademy.org/,,,,,,,,,,
636,Gateway Educational Services,California Nonprofit ,PO Box 6333 Santa Barbara CA,Santa Barbara County,https://www.gatewayeducationalservices.org/,,,http://gardensfoundation.org/contact,,,,,,,
637,Gateway School,California Nonprofit ,255 Swift St Santa Cruz CA,Santa Cruz County,https://gatewaysc.org/,info@garfieldfoundation.org,,,,,,,,,
638,Gay Lesbian Bisexual Transgender Historical Society,California Nonprofit ,989 Market Street Lower Level San Francisco CA,San Francisco County,http://www.glbthistory.org/,admin@gateacademy.org,nbond@gateacademy.org,http://www.gateacademy.org/contact.html,,,,,,,4157775455
639,Geena Davis Institute on Gender in Media,California Nonprofit ,,,http://geenadavisinstitute.org/,,,https://visitor.r20.constantcontact.com/d.jsp?llr=r9kz7tmab&p=oi&m=1113064254289&sit=shxnwfyhb&f=cd90a0ad-c85d-4fa7-9c8f-9a16782803d0,,https://www.facebook.com/gatewayeducationalsb,,,,,
640,"GEIPE Cancer Treatment, Inc",California Nonprofit ,2466 Parade Ave. Simi Valley CA,Ventura County,http://www.cancer-treatment.net/,,admissions@gatewaysc.org,,,https://www.facebook.com/pages/Gateway-School-Santa-Cruz/129004470477104,https://www.instagram.com/gatewayschoolsantacruz/,,,,
641,GEMA Pathways,California Nonprofit ,,,,info@glbthistory.org,"membership@glbthistory.org, reference@glbthistory.org, press@glbthistory.org",http://www.glbthistory.org/contact-us,,https://www.facebook.com/GLBTHistory,https://www.instagram.com/glbt_history/,,,,
642,Genesys Way inc,California Nonprofit ,45046 18Th St West Lancaster CA,Los Angeles County,https://genesysway.org/,,,,https://www.linkedin.com/company/geena-davis-institute-on-gender-in-media/,https://www.facebook.com/GeenaDavisOrg,https://www.instagram.com/geenadavisorg/,,,,
643,Geohazards International,California Nonprofit ,6701 Koll Center Pkwy Suite 250 Pleasanton CA,Alameda County,https://www.geohaz.org/,,,http://www.cancer-treatment.net/contact-us.html,https://www.linkedin.com/company/55235697,https://www.facebook.com/Revolutionary-Cancer-Treatment-Effective-Non-toxic-104772764746867,,,,,
644,"Germania Verein, Inc.",California Nonprofit ,261 N Second Street San Jose CA,Santa Clara County,http://germaniaverein.org/,,,,,,,,,,
645,Ghost Pine Native Plant Nursery,California Nonprofit ,15395 Prospect Drive Redding CA,Shasta County,http://shrb.blogspot.com/,,,,,https://www.facebook.com/Genesyswayinc/,https://www.instagram.com/genesyswayinc/,,,,
646,Girls Club of Los Angeles,California Nonprofit ,2057 W Century Blvd Los Angeles CA,Los Angeles County,http://www.girlsclubla.org/,info@geohaz.org,,https://www.geohaz.org/contactus,https://www.linkedin.com/company/geohazards-international,https://www.facebook.com/geohaz.org,https://www.instagram.com/geohazards_international/,,,,
647,Girls Inc. of the Central Coast,California Nonprofit ,318 CAyuga St Ste 101A Salinas CA,Monterey County,http://www.girlsinccc.org/,info@germaniaverein.org,"germaniasjcboard@gmail.com, vicepresident@germaniaverein.org, sjgermaniachor@gmail.com, president@germaniaverein.org, secretary@germaniaverein.org, treasurer@germaniaverein.org",https://germaniaverein.org/contact/,,https://www.facebook.com/germaniaverein/,https://www.instagram.com/germaniaverein,,,,
648,Girls on the Run Inland Empire,California Nonprofit ,7231 Boulder Ave Pmb 540 Highland CA,San Bernardino County,https://www.gotrinlandempire.org/,,,,,,,https://berkeley.app.box.com/s/qf06n2mrzp508tlmlp0lhy4a4etu4usm,,,
649,Girls on the Run Sierras,California Nonprofit ,100 CAlifornia Ave 23210 Reno Nv,,https://www.girlsontherunsierras.org/,info@girlsclubla.org,,http://www.girlsclubla.org//pages/contact-us,,https://www.facebook.com/GirlsClubofLosAngeles,https://www.instagram.com/girlsclubla/,,,,
650,Girlventures,California Nonprofit ,119 Filbert Street Oakland CA,Alameda County,http://www.girlventures.org/,,,https://girlsinccc.org/contact-us,,https://www.facebook.com/girlsinccc/,https://www.instagram.com/girlsinccc/,,,,4158640780
651,Give A Day Global,California Nonprofit ,1011 23Rd St Apt 12 San Francisco CA,San Francisco County,http://www.giveadayglobal.org/,,,,https://www.linkedin.com/company/89820291,https://www.facebook.com/GOTRRiversideCounty,https://www.instagram.com/gotr_inland_empire/,,,,
652,Give Us The Floor,California Nonprofit ,,,https://giveusthefloor.org/,,,,,https://www.facebook.com/gotrsierras,http://www.instagram.com/gotrsierras,,,,
653,Glendale Arts,California Nonprofit ,,,https://glendalearts.org/,"info@girlventures.org    <br />TAX ID 94-3319189, info@girlventures.org",,http://www.girlventures.org/contact,https://www.linkedin.com/company/girlventures,https://www.facebook.com/profile.php?id=61587524323752,,,,,
654,Global Conservation Force,California Nonprofit ,PO Box 956 Oceanside CA,San Diego County,https://globalconservationforce.org/,,,,https://www.linkedin.com/company/3265609,https://www.facebook.com/giveadayglobal,,https://www.startx.com/,,,
655,Global Torques Organization,California Nonprofit ,,,http://www.globaltorques.org/,,groups@giveusthefloor.org,https://giveusthefloor.org/contact,,,,,,,
656,Global Village Intergalactic Educational Services,California Nonprofit ,Box 480 Ojai CA,Ventura County,http://www.globalvillageschool.org/,info@glendalearts.org,,https://glendalearts.org/about/contact/,,https://www.facebook.com/ace121gallery,https://www.instagram.com/ace121gallery/,,,,
657,GO2 for Lung Cancer,California Nonprofit ,1100 Industrial Rd Ste 1 San CArlos CA,San Mateo County,https://go2.org/,info@globalconservationforce.org,,,,https://www.facebook.com/RhinosGCF,,,,,2024632080
658,"Goals- Growth Opportunities Athletics, Learning & Service",California Nonprofit ,1170 N La Palma Park Way Anaheim CA,Orange County,http://www.goals.org/,,,,,,,//www.wix.com/?utm_campaign=vir_error_page,,,
659,Goatlandia Farm Animal Sanctuary and Education Center,California Nonprofit ,,,http://goatlandia.org/, info@globalvillageschool.org, family-services@globalvillageschool.org,http://www.globalvillageschool.org/contact,,,,,,,
660,God’s Ladies in Charge,California Nonprofit ,,,https://www.godsladiesincharge.org/,info@go2.org,support@go2.org,https://go2.org//about-us/contact,https://www.linkedin.com/company/go2forlungcancer/,https://www.facebook.com/GO2forLungCancer/,https://www.instagram.com/go2forlungcancer/,https://x.com/go2forlungcancr,,https://bsky.app/profile/go2forlungcancer.bsky.social,
661,GoFundMe.org,California Nonprofit ,,,http://www.gofundme.org/,,,https://www.goals.org/contact,,,,,,,
662,Gold Country Food Hub,California Nonprofit ,,,http://www.goldcountryfoodhub.org/,info@goatlandia.org?,,http://goatlandia.org/contact,https://www.linkedin.com/company/goatlandia,https://www.facebook.com/GoatlandiaFarmAnimalSanctuary,https://www.instagram.com/goatlandia_sanctuary/,,,https://bsky.app/profile/goatlandia.bsky.social,
663,Gold Country Senior Services,California Nonprofit ,PO Box 968 Grass Valley CA,Nevada County,http://www.goldcountryservices.org/,,"glicjanice@gmail.com, glicqrose@gmail.com, glicjasmaign@gmail.com, glicroni@gmail.com, glicdolores@gmail.com",https://www.godsladiesincharge.org//application-and-contact,,,,,,,
664,Gold Country Wildlife Rescue,California Nonprofit ,,,https://goldcountrywildliferescue.org/,Info@GoFundMe.org,,https://www.gofundme.org/contact/,https://www.linkedin.com/company/gofundme-org/,https://www.facebook.com/gofundmedotorg,https://www.instagram.com/gofundmeorg/,https://x.com/gofundmeorg,,,
665,Gold Rush Charter School,California Nonprofit ,16331 Hidden Valley Road Sonora CA,Tuolumne County,http://www.goldrushcs.org/,,,,,https://www.facebook.com/WixStudio,https://www.instagram.com/wix/,,,,2095329781
666,Golden Gate Bird Alliance,California Nonprofit ,2150 Allston Way Suite 210 Berkeley CA,Alameda County,http://www.goldengatebirdalliance.org/,contact@goldcountryservices.org,,https://www.goldcountryservices.org/contact-us/,,,,https://www.dropbox.com/sh/9y0dqe9os0mz0ep/AAComiA0CIg5Z6CezAEikD2ja?dl=0,,,5108432222
667,Golden Gate National Parks Conservancy,California Nonprofit ,,,https://www.parksconservancy.org/,,,https://goldcountrywildliferescue.org/mailto:contact@goldcountrywildliferescue.org?subject=WebsiteInquiry,,,https://www.instagram.com/gcwrescue,,,https://bsky.app/profile/gcwrescue.bsky.social,
668,Golden State Environmental Justice Alliance,California Nonprofit ,PO Box 79222 Corona CA,Riverside County,http://www.goldenstateeja.com/,,,,,https://www.facebook.com/profile.php?id=61573053774278,,,,,
669,Golden State Opportunity,California Nonprofit ,345 CAlifornia St Ste 600 San Francisco CA,San Francisco County,http://www.goldenstateopportunity.org/,info@goldengatebirds.org,"membership@goldengatebirds.org, mpearce@goldengatebirds.org, gmarschall@goldengatebirds.org, volunteer@goldengatebirds.org, fieldtrips@goldengatebirds.org, canderson@goldengatebirds.org, gphillips@goldengatebirds.org, rnakano@goldengatebirds.org, classes@goldengatebirds.org, ahawkins@goldengatebirds.org, travelprogram@goldengatebirds.org, sjain@goldengatebirds.org, president@goldengatebirds.org, jcarpinelli@goldengatebirds.org, wgrover@goldengatebirds.org, donations@goldengatebirds.org",https://goldengatebirdalliance.org/contact-us/,,https://www.facebook.com/GoldenGateBirdAlliance,https://www.instagram.com/goldengatebirdalliance,,,,
670,Golden West Humanitarian Foundation,California Nonprofit ,6355 Topanga CAnyon Blvd. Ste 517 Woodland Hills CA,,http://www.goldenwesthf.org/,,,,,https://www.facebook.com/parksconservancy,,,,,
671,Goldman Environmental Foundation,California Nonprofit ,160 Pacific Ave Ste 200 San Francisco CA,San Francisco County,http://www.goldmanfund.org/,,,http://www.goldenstateeja.com/#contact,,,,,,,
672,Goleta Valley Historical Society,California Nonprofit ,,,https://goletahistory.org/,, media@goldenstateopportunity.org,https://www.goldenstateopportunity.org/contact-us/,,https://www.facebook.com/GoldenStateOpportunity/,https://www.instagram.com/caleitc4me/?hl=en,,,,
673,Gone But Not Forgotten Veterans Project,California Nonprofit ,,,,,media@goldenwesthf.org,https://goldenwesthf.org/contact-us/,https://www.linkedin.com/company/golden-west-humanitarian-foundation/,https://www.facebook.com/GoldenWestHF/,,,,,
674,Good For Others Foundation,California Nonprofit ,3635 Princeton Ave San Diego CA,San Diego County,https://www.goodforothers.org/,,,,,,,,,,
675,Goodwill Southern California,California Nonprofit ,,,https://powerofwork.goodwillsocal.org/,info@goletahistory.org,,https://goletahistory.org/contact/,,https://www.facebook.com/people/The-Stow-House-in-Goleta/100083445516121/,https://www.instagram.com/stowhouse/,,,,18884GOODWILL
676,Grail Family Services,California Nonprofit ,2003 E San Antonio St San Jose CA,Santa Clara County,http://www.gfsfamilyservices.org/,,,,,,,,,,
677,Grand Lake Montessori,California Nonprofit ,466 Chetwood St Oakland CA,Alameda County,http://www.grandlakemontessori.com/,info@goodforothers.org,,https://www.goodforothers.org/contact,https://www.linkedin.com/company/good-for-others-foundation,https://www.facebook.com/goodforothers,https://www.instagram.com/goodforothers,,,,
678,Grant Housing and Economic Development,California Nonprofit ,PO Box 2397 Downey CA,Los Angeles County,,info@goodwillsocal.org,developmentdept@goodwillsocal.org,,https://www.linkedin.com/company/goodwill-southern-california/,https://www.facebook.com/GoodwillSoCal,,,,,
679,Great Northern Services,California Nonprofit ,310 Boles St Weed CA,Siskiyou County,http://www.gnservices.org/,info@gfsfamilyservices.org,,,https://www.linkedin.com/company/grail-family-services,https://www.facebook.com/GrailFamilyServices,https://www.instagram.com/GrailFamilyServices,,,,15309384115
680,Greater Inland Empire Black Nurses Association,California Nonprofit ,,,http://greaterinlandempirebna.org/,info@grandlakemontessori.com,,https://www.grandlakemontessori.com/contact/,,https://www.facebook.com/pages/Grand-Lake-Montessori/189737291061418,,,,,
681,Greater Los Angeles Zoo Association,California Nonprofit ,5333 Zoo Dr Los Angeles CA,Los Angeles County,http://www.lazoo.org/,,,,,,,,,,3236444200
682,Greater Opportunities for the Developmentally Disabled,California Nonprofit ,2635 N. 1St Street Ste 201 San Jose CA,Santa Clara County,http://www.greateropportunities.org/,info@gnservices.org,,https://lp.constantcontactpages.com/sl/pWcSHBs/GNSNews,,https://www.facebook.com/GreatNorthernServices.GNS,https://www.instagram.com/greatnorthernservices/,,,,
683,Greater Sacramento Urban League,California Nonprofit ,,,http://gsul.org/,,,https://www.greaterinlandempirebna.org/contact,,https://www.facebook.com/GreaterIEBNA,https://www.instagram.com/greater_ie_bna/,,,,9162868600
684,Greene Scholars,California Nonprofit ,PO Box 6393 Santa Clara CA,Santa Clara County,http://www.greenescholars.org/,lazoo.info@lacity.org,"membership@zoo.lacity.org, lazoo.press@lacity.org",https://lazoo.org/about/contact/,,https://www.facebook.com/lazoo,,,,,
685,GreenInfo Network,California Nonprofit ,2201 Broadway Suite M5 Oakland CA,Alameda County,http://www.greeninfo.org/,info@greateropp.org,,https://greateropportunities.org/contact/,https://www.linkedin.com/company/greater-opportunities-for-the-developmentally-disabled,https://www.facebook.com/people/Greater-Opportunities/61581423880775/,https://www.instagram.com/greater.opp/,,,,15103508700
686,Griffith Observatory Foundation,California Nonprofit ,2800 East Observatory Road Los Angeles CA,Los Angeles County,http://www.griffithobservatoryfoundation.org/,info@gsul.org,,http://gsul.org/contact,https://www.linkedin.com/company/greater-sacramento-urban-league/,https://www.facebook.com/GreaterSacUL,https://www.instagram.com/greatersacul,,,,
687,Gripspin Tennis,California Nonprofit ,,,http://www.gripspintennis.org/,contact@greenescholars.org,,http://www.greenescholars.org/mailto:contact@greenescholars.org,https://www.linkedin.com/company/greene-scholars/,https://www.facebook.com/greenescholar,https://www.instagram.com/greenescholars/,,,,6504999387
688,Groundswell Community Project,California Nonprofit ,1220 Rosecrans St. PO Box 118 San Diego CA,San Diego County,http://www.groundswellcommunity.org/,gin@greeninfo.org,,https://greeninfo.org/contact/,https://www.linkedin.com/company/greeninfo-network,https://www.facebook.com/GreenInfo/,https://www.instagram.com/greeninfonetwork/,,,,
689,Growing Healthy Kids,California Nonprofit ,1945 Contra Costa Blvd Unit 2367 Pleasant Hill CA,Contra Costa County,https://www.ghkids.org/,,inquiries@griffithmedia.org,https://griffithobservatory.lacity.gov/about/contact/,,https://www.facebook.com/GriffithObservatory/,https://www.instagram.com/griffithobservatory/,,,,
690,Guadalupe-Nipomo Dunes Center,California Nonprofit ,,,https://dunescenter.org/,"admin@gripspintennis.org, admin@gripspintennis.com",,http://www.gripspintennis.org/contactus,,,https://www.instagram.com/gripspintennis/,,,,18053432455
691,HAART-High Desert Animal Assisted Rescue and Therapy at Double Barrel Desert Ranch,California Nonprofit ,,,http://www.haartranch.org/,,,http://www.groundswellcommunity.org/contact,https://www.linkedin.com/company/groundswell-community-project/https://www.linkedin.com/company/groundswell-community-project/,https://www.facebook.com/groundswellsd/events,https://www.instagram.com/p/CsRwOeBJgJq/,,,,4423903640
692,Habitat for Humanity Monterey Bay,California Nonprofit ,,,http://www.habitatmontereybay.org/,,,,,https://www.facebook.com/GrowingHealthyKidsBayArea,https://www.instagram.com/growinghealthykidsbayarea/,,,,
693,Hack Your Lives,California Nonprofit ,8 Hazel Road Berkeley CA,Alameda County,https://hackyourlives.org/,,,https://dunescenter.org/contact-us/,,https://www.facebook.com/pages/Guadalupe-Nipomo-Dunes-Center/111583288068,,,,,
694,Happy Hollow Foundation,California Nonprofit ,1300 Senter Rd San Jose CA,Santa Clara County,https://happyhollow.org/,,HAART@haartranch.org,http://www.haartranch.org/contact-us,,,,,,,
695,"Happy Valley Conference Center, Inc.",California Nonprofit ,2159 Branciforte Dr Santa Cruz CA,Santa Cruz County,http://happyvalleycc.org/,,,https://www.habitatmontereybay.com/contactus,https://www.linkedin.com/company/habitatmontereybay/,https://www.facebook.com/HabitatMontereyBay/,https://www.instagram.com/habitatmontereybay,,,https://bsky.app/profile/habitatmontereybay.bsky.social,
696,Harbor Interfaith Services,California Nonprofit ,670 W 9Th St San Pedro CA,,http://www.harborinterfaith.org/,,,https://hackyourlives.org/contact.php,,,,,,,
697,Harriett Buhai Center for Family Law,California Nonprofit ,3250 Wilshire Blvd Ste 710 Los Angeles CA,Los Angeles County,http://www.hbcfl.org/,,,https://happyhollow.org/contact-us/,https://www.linkedin.com/company/happy-hollow-park-zoo,https://www.facebook.com/hhpzoo/,https://www.instagram.com/hhpzoo/,,,,
698,Have A Ball Foundation Inc.,California Nonprofit ,,,http://www.haveaballgolf.com/,,,,,,,,,,
699,Haven Neighborhood Services,California Nonprofit ,3655 S. Grand Ave Los Angeles CA,Los Angeles County,https://www.havenservices.org/,,,https://www.harborinterfaith.org/contact/,https://www.linkedin.com/company/harbor-interfaith-services-inc.,https://www.facebook.com/harbor.interfaith,https://www.instagram.com/?hl=en,,,,2133754663
700,Hazel's Hands Inc.,California Nonprofit ,12672 Limonite Ave Ste 3E 23175 Eastvale CA,Riverside County,http://www.hazelshands.com/,info@hbcfl.org,"volunteer@hbcfl.org, probono@hbcfl.org, century@hbcfl.org, publications@hbcfl.org, lawstudent@hbcfl.org",https://www.hbcfl.org/contact-us/,https://www.linkedin.com/company/harriett-buhai-center-for-family-law/,https://www.facebook.com/harriettbuhaicenter,https://www.instagram.com/harriettbuhaicenter,,,,
701,Head Start California,California Nonprofit ,PO Box 268 Citrus Heights CA,Sacramento County,http://headstartca.org/,,haveaballgolf@gmail.com,http://www.haveaballgolf.com/contact,,https://www.facebook.com/HaveABallGolf,,,,,
702,Headlands Center for the Arts,California Nonprofit ,944 Fort Barry Sausalito CA,Marin County,http://www.headlands.org/,info@havenservices.org,,https://havenservices.org/contact-us/,https://www.linkedin.com/company/haven-neighborhood-services,https://www.facebook.com/havenservices.org,https://www.instagram.com/havenservicesdotorg,,,,
703,Healing To You,California Nonprofit ,1400 N. Kraemer Blvd 231506 Placentia CA,Orange County,http://www.healingtoyou.org/,,hazelshandsinc@gmail.com,https://www.hazelshands.com/contact,,,,,,,8182752227
704,Healing Together,California Nonprofit ,5111 Telegraph Avenue 23310 Oakland CA,Alameda County,http://www.wearehealingtogether.org/,info@headstartca.org,,http://headstartca.org/contact-us,https://www.linkedin.com/company/headstartcalifornia,,https://www.instagram.com/headstartca/,https://x.com/caheadstart,,,
705,Health Access Foundation,California Nonprofit ,,,https://health-access.org/,info@headlands.org,comms@headlands.org,https://www.headlands.org/contact/,,https://www.facebook.com/HeadlandsArts,https://www.instagram.com/HeadlandsArts/,,,,
706,Health Care Integrated Services,California Nonprofit ,2220 Otay Lakes Rd 23502-121 Chula Vista CA,San Diego County,http://www.healthcareintegratedservices.org/,info@healingtoyou.org,,http://www.healingtoyou.org/contact-us,https://www.linkedin.com/company/healing-to-you,https://www.facebook.com/100653789446583,https://www.instagram.com/healingtoyoumobile,,,,
707,Health Education Council,California Nonprofit ,7617 Alma Vista Way Suite. C Sacramento CA,Sacramento County,http://www.healthedcouncil.org/,,,https://www.wearehealingtogether.org/contact,https://www.linkedin.com/company/2705122/admin/,https://www.facebook.com/wearehealingtogether,https://www.instagram.com/wearehealingtogether,,,,9165563344
708,Health in Partnership,California Nonprofit ,PO Box 3268 Oakland CA,Alameda County,https://humanimpact.org/,info@health-access.org,,https://health-access.org/contact-us/,https://www.linkedin.com/company/healthaccesscalifornia,https://www.facebook.com/healthaccess,https://www.instagram.com/healthaccessca/,,,https://bsky.app/profile/healthaccess.bsky.social,
709,Health Initiatives for Youth,California Nonprofit ,100 Bush St. Suite 210 San Francisco CA,San Francisco County,https://hi4youth.org/,,,https://healthcareintegratedservices.org/contact-us/,https://www.linkedin.com/in/edna-miller-102a691b8/,https://www.facebook.com/Healthcare-Integrated-104854521388297,https://www.instagram.com/lapublichealth/,,,,
710,Health Projects Center,California Nonprofit ,9000 Soquel Avenue Ste 103 Santa Cruz CA,Santa Cruz County,http://www.hpcn.org/,,,https://healthedcouncil.org/who-we-are/contact.html,https://www.linkedin.com/company/health-education-council/mycompany/?viewAsMember=true,https://www.facebook.com/HealthEdCouncil,https://www.instagram.com/healthedcouncil/,,,,
711,Healthier Kids Foundation,California Nonprofit ,4040 Moorpark Ave Suite 100 San Jose CA,Santa Clara County,https://hkidsf.org/,info@healthinpartnership.org,,https://humanimpact.org/contact,https://www.linkedin.com/company/health-in-partnership/,https://www.facebook.com/HealthInPartnership,https://www.instagram.com/healthinpartnership/,https://www.news4jax.com/video/news/2025/05/29/some-florida-mobile-home-residents-are-paying-the-price-of-lower-cost-living-with-their-health/,,https://bsky.app/profile/hiporg.bsky.social,4085645114
712,Healthy Valley Foundation,California Nonprofit ,3337 W Florida Ave 23244 Hemet CA,Riverside County,http://www.healthyvalleyfoundation.org/,,,https://hi4youth.org/contact-us-2/,,https://www.facebook.com/hi4youth/,https://www.instagram.com/hi4_youth/,,,,
713,Heart Behind the Badge-Sac County,California Nonprofit ,1079 Sunrise Avenue Suite B-123 Roseville CA,Placer County,https://www.heartbehindthebadge.org/,,HR@hpcn.org,https://www.hpcn.org/contact,https://www.linkedin.com/company/health-projects-center/,https://www.facebook.com/HealthProjectsCenter,https://www.instagram.com/healthprojectscenter,,,,
714,Heart in Home SpecialTIES,California Nonprofit ,,,https://heartinhomespecialties.org/,info@hkidsf.org,,https://hkidsf.org/contact-us/,,https://www.facebook.com/HealthierKidsFoundation/,https://www.instagram.com/healthierkidsfoundation/?hl=en,,,,
715,Heart of El Rio,California Nonprofit ,,,http://www.heartofelrio.org/,,healthyvalleyfoundation@gmail.com,http://www.healthyvalleyfoundation.org/contact,https://www.linkedin.com/company/healthy-valley-foundation/,https://www.facebook.com/HealthyValleyFoundation,https://www.instagram.com/healthyvalleyfoundation,,,,
716,Hearts Aligned Inc,California Nonprofit ,PO Box 901 Goleta CA,Santa Barbara County,http://heartsaligned.org/,,,,,,,//www.wix.com/?utm_campaign=vir_error_page,,,8055703155
717,Hebrew Free Loan Association,California Nonprofit ,131 Steuart St Ste 520 San Francisco CA,San Francisco County,,,vernita@heartinhomespecialties.org,https://heartinhomespecialties.org/#contact,,,,,,,
718,Help Is Hope Foundation,California Nonprofit ,,,http://helpishope.org/,info@heartofelrio.org,,https://www.heartofelrio.org/contact,,https://www.facebook.com/profile.php?id=61566536782068,https://www.instagram.com/heart_of_el_rio/,,,,
719,Helping Establish Assistance Resource Team (HEART),California Nonprofit ,,,http://heart4victims.org/,info@heartsaligned.org,,https://heartsaligned.org/contact-us/,https://www.linkedin.com/company/hearts-aligned-inc,https://www.facebook.com/HeartsAlignedInc,https://www.instagram.com/heartsalignedinc,,,,
720,Helping Paws Foundation,California Nonprofit ,,,https://helpingpawssandiego.org/,,,,,,,,,,[PHONENUMBER]
721,Hendy Woods Community,California Nonprofit ,PO Box 443 Philo CA,,http://www.hendywoods.org/,,,https://www.helpishope.org/contact,https://www.linkedin.com/in/gerad-amore-478385383/,https://www.facebook.com/helpishopefoundation/,https://www.instagram.com/helpishopefoundation,https://x.com/HelpIsHopeFound,,,
722,Hermanitos Unidos - Siblings United,California Nonprofit ,158 N. Glendora Ave. 23G Glendora CA,Los Angeles County,http://www.huffa.org/,,,https://heart4victims.org/contact/,,,,,,,
723,Hesperian Health Guides,California Nonprofit ,2860 Telegraph Ave. Oakland CA,Alameda County,http://www.hesperian.org/,,kimberlydanker@helpingpawssandiego.org,https://helpingpawssandiego.org/contact-helping-paws-foundation-vista-ca/,,https://www.facebook.com/helpingpawssandiego/,https://www.instagram.com/helpingpawsfoundation,,,,5108451447
724,Hidden Truths Project,California Nonprofit ,1901 Newport Blvd Ste 350 Costa Mesa CA,Orange County,https://hiddentruthsproject.com/,,,http://www.hendywoods.org/contact,,https://www.facebook.com/pages/Hendy-Woods-Keep-It-OPEN/219941751405208,,,,,7149879975
725,High Country Construction,California Nonprofit ,65386 Hall Meadow Ln Shaver Lake CA,,,,,,,,,,,,
726,High Fives Foundation,California Nonprofit ,PO Box 3212 Truckee CA,Nevada County,http://highfivesfoundation.org/,,"bookorders@hesperian.org, hesperian@hesperian.org, publicity@hesperian.org",https://hesperian.org/contact-us/,https://www.linkedin.com/company/hesperianhealthguides,https://www.facebook.com/HesperianHealthGuides,https://www.instagram.com/hesperianhealthguides/,,,https://bsky.app/profile/hesperian.org,15305874453
727,Higher Esteem Non Profit Org Inc dba Higher Esteem Life Programs,California Nonprofit ,4690 Market Street Suite D19 San Diego CA,San Diego County,http://www.higheresteem.org/,,in**@*****************ct.com,https://hiddentruthsproject.com/contact/,https://www.linkedin.com/company/hidden-truths-project/,https://www.facebook.com/profile.php?id=100089104281744,https://www.instagram.com/hiddentruthsproject/,https://x.com/EpilepsyArt,,,19184254357
728,Hills For Everyone,California Nonprofit ,,,https://www.hillsforeveryone.org/,,,,,,,,,,
729,Hillside School & Learning Center,California Nonprofit ,4331 Oak Grove Dr La CAnada CA,,http://www.hillsideforsuccess.org/,info@highfivesfoundation.com,,https://highfivesfoundation.org/contact/,,,https://www.instagram.com/hi5sfoundation/,,,,
730,Hispanas Organized for Political Equality (HOPE),California Nonprofit ,800 Wilshire Boulevard Suite 860 Los Angeles CA,Los Angeles County,http://www.latinas.org/,helpinfo@higheresteem.org,,,,,,,,,2136220606
731,Historical Society of Long Beach,California Nonprofit ,4260 Atlantic Ave Long Beach CA,Los Angeles County,http://www.hslb.org/,,,,https://www.linkedin.com/company/hills-for-everyone/,https://www.facebook.com/Hills4Everyone,https://www.instagram.com/hills4everyone/,https://x.com/hills4everyone,,https://bsky.app/profile/hills4everyone.bsky.social,15624242220
732,Historical Society of Winters,California Nonprofit ,,,https://www.wintersmuseum.org/,,woodelcik@hillsidelc.org,https://hillsideforsuccess.org/contact-us/,,https://www.facebook.com/people/The-Hillside-School-and-Learning-Center/100057485293502/,https://www.instagram.com/hillsideschoollacanada/?hl=en,,,,
733,History San Jose,California Nonprofit ,1650 Senter Rd San Jose CA,Santa Clara County,http://www.historysanjose.org/,,latinas@latinas.org,https://www.latinas.org/contact-hope/,https://www.linkedin.com/company/hopelatinas,https://www.facebook.com/hopelatinas,https://www.instagram.com/hopelatinas/,,,,
734,Hively,California Nonprofit ,7901 Stoneridge Drive Suite 150 Pleasanton CA,Alameda County,https://behively.org/,,"biancam@hslb.or, julieb@hslb.org, nickm@hslb.org, outreach@hslb.org",https://hslb.org/visit/contact-us/,,https://www.facebook.com/hslb.LB/,https://www.instagram.com/historicalsocietyoflongbeach/,,,,
735,Holden High School,California Nonprofit ,10 Irwin Way Orinda CA,Contra Costa County,http://www.holdenhigh.org/,,"historicalsocietyofwinters@gmail.com, wintersmuseum@gmail.com",https://www.wintersmuseum.org/contact,,https://www.facebook.com/HistoricalSocietyofWinters/,,,,,19252540199
736,Hollywood United Methodist Church,California Nonprofit ,6817 Franklin Ave Hollywood CA,,http://www.hollywoodumc.org/,,,https://lp.constantcontactpages.com/sl/2q3rtcR,,https://www.facebook.com/historysanjose/,https://www.instagram.com/accounts/login/?next=/historysanjose/,https://historysanjose.box.com/s/q3i5ibir9yshcnh093q7udeqzbx3j6pt,,,
737,Hoofbeats For Hope Inc,California Nonprofit ,42018 CAlle Pino Murrieta CA,Riverside County,http://www.hoofbeatsforhope.org/,hello@behively.org,"communications@behively.org, counseling@behively.org, childcaresupport@behively.org, coveredca@behively.org, providersupport@behively.org",https://behively.org/contact/#locations,https://www.linkedin.com/company/behively/about/,https://www.facebook.com/HivelyAlameda,https://www.instagram.com/HivelyAlamedaCounty,,,,9512908809
738,Hospice Giving Foundation,California Nonprofit ,80 Garden Court Ste 201 Monterey CA,Monterey County,http://www.hospicegiving.org/,,admissions@holdenhigh.org,https://holdenhigh.org/contact-us/,,https://www.facebook.com/HoldenHighSchool,https://www.instagram.com/HoldenHighSchool,,,,
739,Hospice Services of Lake County,California Nonprofit ,1862 Parallel Drive Lakeport CA,Lake County,https://www.lakecountyhospice.org/," info@hollywoodumc.org , info@hollywoodumc.org",,https://hollywoodumc.org/contact/,,https://www.facebook.com/HollywoodUMC,,,,,7072636222
740,House Farm Workers,California Nonprofit ,PO Box 402 Santa Paula CA,Ventura County,http://www.housefarmworkers.org/,,,,,https://www.facebook.com/profile.php?id=61559592602946,https://www.instagram.com/hoofbeats_for_hope,,,,
741,"House of Ruth, Inc.",California Nonprofit ,PO Box 459 Claremont CA,Los Angeles County,http://www.houseofruthinc.org/,,,https://hospicegiving.org/contact/,,https://www.facebook.com/HospiceGiving,https://www.instagram.com/hospicegivingfoundation_/,,,,18779885559
742,House Rabbit Society,California Nonprofit ,148 Broadway Richmond CA,Contra Costa County,http://rabbit.org/,,lhuntley@lakecountyhospice.org,https://www.lakecountyhospice.org/contact-us/,,https://www.facebook.com/HospiceServicesofLakeCounty,https://www.instagram.com/hospicelakecountyca,,,,
743,"Housing Alternatives, Inc.",California Nonprofit ,,,,info@housefarmworkers.org,,https://www.constantcontact.com/legal/about-constant-contact,https://www.linkedin.com/company/house-farm-workers/,https://www.facebook.com/HouseFarmWorkers/,https://www.instagram.com/housefarmworkers/,,,,
744,Housing California,California Nonprofit ,1107 9Th St Ste 560 Sacramento CA,Sacramento County,http://www.housingca.org/,,,https://visitor.constantcontact.com/manage/optin?v=0018OepQbqXwM06GTl82Q4BtAx31Ju-eA0fECIEmRFuRTwGfoMV_iW9SUXlBbOAb0rXLMiFBS3ifPFHY_26WdNqEL4abicOztNn,https://www.linkedin.com/company/house-of-ruth_2/,https://www.facebook.com/HouseofRuthClaremont/?ref=page_internal,https://www.instagram.com/p/DWos_bkkor6/,,,,
745,Housing Equality & Advocacy Resource Team,California Nonprofit ,3612 11Th Avenue Los Angeles CA,Los Angeles County,http://www.heartla.org/,info@rabbit.org,,,,https://www.facebook.com/rabbitdotorgfoundation,https://www.instagram.com/rabbitdotorg/,,,,
746,Housing Matters,California Nonprofit ,115B Coral Street Santa Cruz CA,Santa Cruz County,https://housingmatterssc.org/,,,,,,,,,,
747,Housing Trust Fund Ventura County,California Nonprofit ,360 Mobil Ave Ste 213A CAmarillo CA,Ventura County,http://www.housingtrustfundvc.org/,,"sdasilva@housingca.org, tsreekrishnan@housingca.org",https://housingca.org/contact/,https://www.linkedin.com/company/housing-california,https://www.facebook.com/housingca,https://www.instagram.com/housingca/,,,,
748,"Hub for Integration, Reentry & Employment",California Nonprofit ,,,http://www.hireoc.org/,info@heartla.org,,https://www.heartla.org/contact-us,,https://www.facebook.com/HEARTLosAngeles/,https://www.instagram.com/heartlosangeles/?hl=en,,,,7147847920
749,Huckleberry Youth Programs,California Nonprofit ,3450 Geary Blvd Suite 107 San Francisco CA,San Francisco County,http://www.huckleberryyouth.org/,contact@housingmatterssc.org,"families@housingmatterssc.org, outreach@housingmatterssc.org, veterans@housingmatterssc.org, communications@housingmatterssc.org",https://housingmatterssc.org/about-us/contact/,,https://www.facebook.com/HousingMattersSC,https://www.instagram.com/housingmatterssc/,,,,%204156212929
750,Human Energy,California Nonprofit ,,,https://www.humanenergy.io/,,"linda@housingtrustfundvc.org, crcomplaints@treasury.gov",https://www.housingtrustfundvc.org/contact-us/,https://www.linkedin.com/company/housingtrustfundvc,https://www.facebook.com/HousingTrustFundVC,https://www.instagram.com/housingtrustfundvc/,,,,
751,"Human Options, Inc.",California Nonprofit ,PO Box 53745 Irvine CA,Orange County,http://www.humanoptions.org/,info@hireoc.org,"nwoodworth@hireoc.org, recruitment@hireoc.org",,https://www.linkedin.com/company/hireoc/,https://www.facebook.com/hireorangecounty/,https://www.instagram.com/hireoc/,,,,18778543594
752,Human Response Network,California Nonprofit ,PO Box 2370 Weaverville CA,,https://www.hrntrinity.org/,info@huckleberryyouth.org,"hyp@huckleberryyouth.org, hh@huckleberryyouth.org",https://www.huckleberryyouth.org/contact-us/,https://www.linkedin.com/company/huckleberry-youth-programs/,https://www.facebook.com/huckleberryyouthprograms/,https://www.instagram.com/huckleberryyouth/,,,,15306232024
753,Human Services Alliance of Contra Costa,California Nonprofit ,2500 Bissell Avenue 2500 Bissell Avenue Richmond CA,Contra Costa County,http://www.humanservicesalliance.org/,,,https://www.humanenergy.io/contact-us,https://www.linkedin.com/company/humanenergy,https://www.facebook.com/HumanEnergyIO/,https://www.instagram.com/humanenergyio/,,,,
754,Humanics @ Fresno State,California Nonprofit ,5340 N CAmpus Drive Fresno CA,Fresno County,,info@humanoptions.org,,,https://www.linkedin.com/company/human-options-inc-,https://www.facebook.com/humanoptions,,,,,
755,Humanistic Alternatives to Addiction Research dba HAART,California Nonprofit ,10850 Macarthur Blvd Ste 200 Oakland CA,Alameda County,http://www.haartoakland.org/,,rn@hrntrinity.org,https://www.hrntrinity.org/contact,,https://www.facebook.com/humanresponsenetwork,https://www.instagram.com/hrntrinity,,,,
756,iACT,California Nonprofit ,1732 Aviation Blvd 23138 Redondo Beach CA,Los Angeles County,http://www.iact.ngo/,,dan@humanservicesalliance.org,http://www.humanservicesalliance.org/contact-us,,,,,,,
757,Identity Theft Resource Center,California Nonprofit ,2514 Jamacha Rd Ste 502-525 El CAjon CA,San Diego County,https://www.idtheftcenter.org/,,,,,,,,,,8884005530
758,IEHP Foundation,California Nonprofit ,,,http://iehpfoundation.org/,info@haart.org,,http://www.haartoakland.org/contact-us,,,,,,,
759,illuminAid,California Nonprofit ,,,https://www.illuminaid.org/,,,https://www.iact.ngo/contact,https://www.linkedin.com/company/i-act,https://www.facebook.com/iactivism,https://www.instagram.com/iactivism/?hl=en,,,,
760,"imagine1day USA, Inc.",California Nonprofit ,2355 Westwood Blvd 231871 Los Angeles CA,Los Angeles County,https://imagine1day.org/,,"communications@idtheftcenter.org, ITRCBreachAlert@idtheftcenter.org, media@idtheftcenter.org, itrc@idtheftcenter.org",https://www.idtheftcenter.org/contact-us,https://www.linkedin.com/company/idtheftcenter,https://www.facebook.com/IDTheftResourceCenter,https://www.instagram.com/idtheftcenter/,https://www.news4jax.com/money/2025/09/04/how-to-protect-children-teens-from-identity-theft/,,,
761,Immigrants Rising,California Nonprofit ,,,https://immigrantsrising.org/,,,,,,,,,,
762,Immigration Institute of the Bay Area,California Nonprofit ,58 2Nd Street 3Rd Floor San Francisco CA,San Francisco County,https://iibayarea.org/,info@illuminaid.org,,https://www.illuminaid.org/contact-us,https://www.linkedin.com/company/illuminaidorg,https://www.facebook.com/illuminaid.org,https://www.instagram.com/illuminaid_org/,https://x.com/illuminaid,,,
763,Impact Fund,California Nonprofit ,2080 Addison St Ste 5 Berkeley CA,Alameda County,http://www.impactfund.org/,info@imagine1day.org,usa@imagine1day.org,https://imagine1day.org/who-we-are/contact/,https://www.linkedin.com/company/imagine1day/,https://www.facebook.com/imagine1day.org,https://www.instagram.com/imagine1day/,,,,
764,Imperial Regional Alliance,California Nonprofit ,,,,,,,,,,,,,
765,"Imperial Valley Equity and Justice, Inc.",California Nonprofit ,,,http://ivequityjustice.org/,"sfinfo@iibayarea.org, napainfo@iibayarea.org","petaluma@iibayarea.org, oakphones@iibayarea.org, brentwood@iibayarea.org, fremont@iibayarea.org, redwoodcity@iibayarea.org, media@iibayarea.org",https://iibayarea.org/contact-us/,,https://www.facebook.com/IIBA1918,https://www.instagram.com/iiba1918/,,,,
766,Imperial Valley Food Bank,California Nonprofit ,486 W. Aten Rd Imperial CA,Imperial County,http://www.ivfoodbank.org/,,"grants@impactfund.org?, communications@impactfund.org?, fkorr@impactfund.org?, impactfund@impactfund.org, noticeproject@impactfund.org?",http://www.impactfund.org//aboutus/contact-2,https://www.linkedin.com/company/impactfund/,https://www.facebook.com/USimpactfund/,,,,https://bsky.app/profile/impactfund.bsky.social,7603700966
767,Imperial Valley LGBT Resource Center,California Nonprofit ,,,https://ivlgbt.org/,,,,,,,,,,17605924066
768,Includ(Ed),California Nonprofit ,4444 Beverly Dr. La Mesa CA,San Diego County,https://www.includedsd.org/,info@ivequityjustice.org?,,,https://www.linkedin.com/company/imperial-valley-equity-justice/,https://www.facebook.com/IVEquityJustice/,https://www.instagram.com/ivequityjustice,,,https://bsky.app/profile/iv-equity-justice.bsky.social,
769,Independent School Alliance for Minority Affairs,California Nonprofit ,5813A Uplander Way Culver City CA,Los Angeles County,http://www.independentschoolalliance.org/,,,http://www.ivfoodbank.org//about/contact,,https://www.facebook.com/ivfoodbank,https://www.instagram.com/ivfoodbank/,,,,
770,Independent Transportation Network Monterey County,California Nonprofit ,236 Monterey St Salinas CA,Monterey County,http://www.itnmontereycounty.org/,info@ivlgbt.org,,,,https://www.facebook.com/ivlgbt/,https://www.instagram.com/ivlgbt/,https://x.com/ivlgbt,,,12078579001
771,Indian Cultural Organization,California Nonprofit ,14840 Bear Mountain Rd Redding CA,Shasta County,http://indiancultural.org/,info@includedsd.org,,https://www.includedsd.org/contact-us,,https://www.facebook.com/profile.php?id=100090665000300,https://www.instagram.com/included.sd/,,,,
772,Indochinese Housing Development Corporation,California Nonprofit ,340 Eddy St Ste 100 San Francisco CA,San Francisco County,http://www.indochinese.org/,info@independentschoolalliance.org?,,http://www.independentschoolalliance.org/contact,https://www.linkedin.com/in/independent-school-alliance-a56b371ab/,https://www.facebook.com/Independentschoolalliance/,https://www.instagram.com/independentschoolalliance/,,,,
773,Infant Child Enrichment Services,California Nonprofit ,20993 Niagara River Dr Sonora CA,Tuolumne County,http://www.icesagency.org/,,,https://www.itnmontereycounty.org/contact-us/,https://www.linkedin.com/company/itnamerica,https://www.facebook.com/235084483244257,https://www.instagram.com/itnmonterey/,https://x.com/ITNMC,,,2095330377
774,Initiate Justice,California Nonprofit ,742 S. Hills Street Ste. 702 Los Angeles CA,Los Angeles County,http://initiatejustice.org/,,rebekah@winnemem.org,https://indiancultural.org/contact-us/,,,,,,,
775,Ink People,California Nonprofit ,627 3Rd Street Eureka CA,Humboldt County,https://www.facebook.com/theinkpeople?fref=ts,info@ihdcsf.org,,https://www.ihdcsf.org/contact,,https://www.facebook.com/people/Indochinese-Housing-Development-Corporation-IHDC/100067354601781/,https://www.instagram.com/tag.ihdc,,,,
776,"Inland Empire Community Collaborative, Inc.",California Nonprofit ,1887 Business Center Dr. Suite 233 San Bernardino CA,San Bernardino County,http://www.inlandempirecommunitycollaborative.org/,info@icesagency.org,"ices@sti.net, ices@stl.net",https://icesagency.org/contact-mariposa/,,https://www.facebook.com/ICESTuolumne/,,,,,
777,Inland Empire Community Foundation (IECF),California Nonprofit ,3700 6Th St Ste 200 Riverside CA,Riverside County,http://www.thecommunityfoundation.net/,"info@initiatejustice.org,  info@initiatejustice.org",media@initiatejustice.org,https://initiatejustice.org/contact-us/,,,,,,,
778,Inland Empire Immigrant Youth Collective,California Nonprofit ,3610 Central Ave Ste 204 Riverside CA,Riverside County,https://www.theieiyc.org/,,,,,https://www.facebook.com/login/device-based/regular/login/?login_attempt=1&next=https%3A%2F%2Fwww.facebook.com%2Ftheinkpeople%3Ffref%3Dts,https://l.facebook.com/l.php?u=https%3A%2F%2Fwww.instagram.com%2F_u%2Fnorthcoastcoop&h=AT4tQVYZfD8Rd9INPT8Is6_xDjhRMlE4flppIUZKzHc07Ac0i9GAHRePtiHZ2Edtf3cd0D0Z2Ty3Lgzld74j9YpJJNaFuqIQHZ0BfiTq6mmWgyNQiGLRinHPf4jcgyWomyw6O2lWqPri4blNwrt-7Kcx9A&__tn__=C%2CP-R&c[0]=AT6b_yGukEtMKSQYTsz3EAyx9Q2zFR4D2Tqlj5B015wywz2fC_dJWJY0q_7iFaXcV1n_wah-yCeH_kkYEYHNiFHMGDiM1N5qY56_2MkbAdNR0QjKYkZawfGdDeDX40JxgIk4JeY8mxNCCwaEI-vb8ybwWsGwfRQVGN62xd6QA2YSRblEmg1tKFe1rdzo9pD5i8VYwouu-yNtjadDEGYBDz-FfedQ-UvHo98gaQ,,,,9518003006
779,Inland SoCal Housing Collective,California Nonprofit ,9551 Pittsburgh Ave Rancho Cucamonga CA,San Bernardino County,http://www.ischcollective.org/,,,,,,,,,,
780,Innovative Housing Opportunities,California Nonprofit ,501 N. Golden Circle Drive Ste 100 Santa Ana CA,Orange County,http://www.ihocommunities.org/,,,,,,,,,,
781,Insignia,California Nonprofit ,,,http://insigniacoaching.com/,info@theieiyc.org,,https://www.theieiyc.org/contactus,,https://www.facebook.com/IEIYC,https://www.instagram.com/ie_iyc,,,,
782,Inspiration's Edge,California Nonprofit ,,,https://www.inspirationsedge.org/,,,http://www.ischcollective.org//view/ischcollective/contact,,,,,,,
783,Institute for Research on Male Supremacism,California Nonprofit ,1721 Broadway Suite 201 Oakland CA,Alameda County,http://malesupremacism.org/,,,,https://www.linkedin.com/company/innovative-housing-opportunities-inc-/,https://www.facebook.com/ihoinc,https://www.instagram.com/iho_inc/,,,,
784,Institute for Wildlife Studies,California Nonprofit ,PO Box 1104 Arcata CA,Humboldt County,http://www.iws.org/,,,,,,,,,,
785,Integrity Charter School,California Nonprofit ,701 National City Blvd National City CA,San Diego County,http://www.integritycharterschool.net/,,,,,,,,,https://bsky.app/profile/inspirationsedge.bsky.social,
786,Interfaith Food Ministry of Nevada County,California Nonprofit ,440 Henderson St Grass Valley CA,Nevada County,http://www.interfaithfoodministry.org/,contact@theirms.org,,http://malesupremacism.org/mailto:contact@theirms.org,,https://www.facebook.com/Institute-for-Research-on-Male-Supremacism-100703004613141,,,,,
787,International Ally Federation,California Nonprofit ,,,http://allyfederation.org/en/home,,,http://www.iws.org/contact-us,,https://www.facebook.com/IWSEagles/,,,,,
788,International Children's Assistance Network (ICAN),California Nonprofit ,532 Valley Way Milpitas CA,Santa Clara County,http://www.ican2.org/,,arivera@integritycharterschool.net,,,,,,,,
789,International College of Neuroethics and Neuroscience,California Nonprofit ,,,https://www.neuroethicscollege.org/,info@interfaithfoodministry.org,,http://www.interfaithfoodministry.org/contact-us.html,,https://www.facebook.com/pages/Interfaith-Food-Ministry/155749367813411?ref=aymt_homepage_panel,,,,,
790,International Funders for Indigenous Peoples,California Nonprofit ,PO Box 29184 San Francisco CA,San Francisco County,https://internationalfunders.org/,,,,,,,,,,14155807982
791,International Pemphigus Pemphigoid Foundation,California Nonprofit ,915 Highland POinte Drive Suite 250 Roseville CA,Placer County,https://www.pemphigus.org/,,,http://www.ican2.org/contact-us,https://www.linkedin.com/company/ican2,https://www.facebook.com/ICANSiliconValley,https://www.instagram.com/ican_siliconvalley/?hl=en,,,,8554736744
792,"Interstate 5 Blues Association, Inc.",California Nonprofit ,,,https://www.interstate5bluesassociation.org/,,Together@NeuroEthicsCollege.org,https://www.neuroethicscollege.org/contact,https://www.linkedin.com/company/international-college-of-neuroethics-and-neuroscience/,https://www.facebook.com/profile.php?id=61575275098681,https://www.instagram.com/iconn_neuroethics_college_/,,,,
793,Irish Immigration Pastoral Center of the Bay Area,California Nonprofit ,5340 Geary Boulevard Suite 206 San Francisco CA,San Francisco County,http://www.sfiipc.org/,,support@internationalfunders.org,,https://www.linkedin.com/company/international-funders-for-indigenous-peoples,https://www.facebook.com/IFIPphilanthropy,https://www.instagram.com/ifip_philanthropic/,,,,
794,ITP International,California Nonprofit ,,,http://www.itp-international.org/,info@pemphigus.org,,https://www.pemphigus.org/contact-us/,https://www.linkedin.com/company/international-pemphigus-pemphigoid-foundation,https://www.facebook.com/healourskin,https://www.instagram.com/healourskin/,,,,
795,It's Bigger Than Us,California Nonprofit ,2006 W 76Th Street Los Angeles CA,Los Angeles County,http://itsbiggerthanusla.org/,,,https://www.interstate5bluesassociation.org/contact/,,https://www.facebook.com/interstate.5.blues.association,https://www.instagram.com/interstate5_blues_association_/,,,,
796,Jack McGovern Coats' Disease Foundation,California Nonprofit ,20 Park Road Suite E Burlingame CA,San Mateo County,https://coatsdiseasefoundation.org/,info@sﬁipc.org,,,,,,,,,
797,Jacob's Heart Children's Cancer Support Services,California Nonprofit ,,,http://jacobsheart.org/,info@islandconservation.org,,,https://www.linkedin.com/company/island-conservation/,https://www.facebook.com/preventingextinctions,https://www.instagram.com/islandconservation/,,,,
798,Jakara Movement,California Nonprofit ,6089 N 1St St Ste 102 Fresno CA,Fresno County,http://www.jakara.org/,,,http://www.itp-international.org//form/contact,,,,,,,
799,Jammers Strong Foundation,California Nonprofit ,37221 Olive Street Newark CA,Alameda County,http://www.jammersstrong.com/,,,,https://www.linkedin.com/company/it-s-bigger-than-us/,https://www.facebook.com/search/top?q=it%27s%20bigger%20than%20us-%20los%20angeles,https://www.instagram.com/itsbiggerthanus_/,,,,
800,Janus of Santa Cruz,California Nonprofit ,200 7Th Ave Suite 150 Santa Cruz CA,Santa Cruz County,http://www.janussc.org/,contact@curecoats.org,skopac@curecoats.org?,https://coatsdiseasefoundation.org/contact-us,https://www.linkedin.com/company/jack-mcgovern-coats-disease-foundation,,https://www.instagram.com/p/CvFSwVPIhFV/,,,,
801,Japan Exchange & Teaching Program Alumni Association of Northern California,California Nonprofit ,PO Box 2873 San Francisco CA,San Francisco County,http://jetaanc.org/,info@jacobsheart.org,,https://www.jacobsheart.org/contact,,https://www.facebook.com/jacobsheart,https://www.instagram.com/jacobsheartkids/,,,,
802,Japanese American Citizens League dba: Watsonville-Santa,California Nonprofit ,PO Box 163 Watsonville CA,Santa Cruz County,http://watsonvillesantacruzjacl.com/,,,http://www.jakara.org/contact_us,,https://www.facebook.com/jakaramovement/,,,,,
803,Japanese American Citizens League Pacific Southwest District,California Nonprofit ,,,http://www.jaclpsw.org/,,,,https://www.linkedin.com/company/jammers-strong-foundation/,https://www.facebook.com/JammersStrong,https://www.instagram.com/jammers_strong_foundation/,https://x.com/Jammers_Strong,,https://bsky.app/profile/jammersstrong.bsky.social,
804,Japaneses American Memorial Pilgrimages,California Nonprofit ,PO Box 3344 Santa Cruz CA,Santa Cruz County,https://www.jampilgrimages.org/,,,http://www.janussc.org/contact-us,https://www.linkedin.com/company/janus-of-santa-cruz/,https://www.facebook.com/janus.sc,,,,,
805,Dora Lopez,California Nonprofit ,,,http://www.instagram.com/arcoiriscollectivelearning,,,https://www.jetaanc.org/contact,http://www.linkedin.com/company/jet-alumni-association-of-northern-california-jetaanc-,https://www.facebook.com/jetaanc,https://www.instagram.com/jetaanc/,,,,
806,Jericho Road Pasadena,California Nonprofit ,75 S Grand Ave Pasadena CA,Los Angeles County,http://www.jrpasadena.org/,,"wsc.jacl.seniors@gmail.com, wsc.jacl@gmail.com",https://watsonvillesantacruzjacl.com/contact-us/,,https://www.facebook.com/Watsonville-Santa-Cruz-JACL-1690890217793542/,,,,,
807,Jewish Family Service LA,California Nonprofit ,330 N.Fairfax Ave. Los Angeles CA,Los Angeles County,http://www.jfsla.org/,info@jaclpsw.org,,http://www.jaclpsw.org/contact.html,,,,,,,
808,Jewish Family Service of San Diego,California Nonprofit ,8804 Balboa Ave San Diego CA,San Diego County,http://www.jfssd.org/,,,https://www.jampilgrimages.org/contact,,https://www.facebook.com/JAMPilgrimages,https://www.instagram.com/jampilgrimages/,https://x.com/JAMPilgrimages,,https://bsky.app/profile/jampilgrimages.bsky.social,
809,Jewish Family Services of Silicon Valley,California Nonprofit ,980 University Ave Los Gatos CA,Santa Clara County,http://www.jfssv.org/,,,,,https://www.facebook.com/help/instagram/261704639352628,,,https://www.threads.com/,,8586373210
810,Jewish Public Affairs Committee of California,California Nonprofit ,1270 S Alfred St 2335282 Los Angeles CA,Los Angeles County,https://jpac-cal.org/,,,https://jrpasadena.org/contact-us-3/,,,,,,,4085560600
811,JIREH Providers,California Nonprofit ,,,https://jirehhealthandwellness.org/,,"development@jfsla.org, msidman@jfsla.org, services@jfsla.org",,,https://www.facebook.com/JFSLA/,https://www.instagram.com/jfslosangeles/?hl=en,,,,
812,"JMH-Anaheim Foundation, Inc.",California Nonprofit ,,,http://www.jmhanaheim.com/,,,https://secure.jfssd.org/site/SPageServer/?pagename=contact_jfs,https://www.linkedin.com/company/jewish-family-service-of-san-diego/,,https://www.instagram.com/jfs_sd/,,,,16195002385
813,Jmm Dance Co,California Nonprofit ,,,https://www.jmmdanceco.org/,,"CACSintake@jfssv.org, jfs@jfssv.org",,,https://www.facebook.com/jewishfamilyservicessv/,https://www.instagram.com/jfssiliconvalley/,,,,
814,John & Marcia Goldman Foundation,California Nonprofit ,182 Howard Street Suite 8 San Francisco CA,San Francisco County,http://jmgoldmanfoundation.org/,info@jewishcal.org,cberg@govadv.com,https://www.jewishcal.org/contact,https://www.linkedin.com/company/JewishCalifornia/,https://www.facebook.com/jewishcalifornia,https://www.instagram.com/jpaccalifornia,https://x.com/JPACcalifornia,,,
815,Josephine S. Gumbiner Foundation,California Nonprofit ,333 W Broadway Ste 312 Long Beach CA,Los Angeles County,http://www.jsgf.org/,jirehteaminfo@gmail.com,,https://jirehhealthandwellness.org/contact-us/,,https://www.facebook.com/JIREHProviders1,https://www.instagram.com/jirehproviders/,,,,
816,Joshua Tree Creative Laboratory (JTLab),California Nonprofit ,,,https://www.jtlab.info/,,,,,,,,,,
817,Joslyn Senior Center,California Nonprofit ,,,http://joslyncenter.org/,info@jmmdanceco.org,,https://jmmdanceco.org/contact/,,,,,,,
818,"J-Sei, Inc.",California Nonprofit ,1285 66Th St. Emeryville CA,Alameda County,https://j-sei.org/,,,,,,,,,,17603403220
819,JTM Academy,California Nonprofit ,,,http://www.jtmacademy.org/,info@jsgf.org, julie@jsgf.org,http://www.jsgf.org/contact,,,,,,,
820,Jubilee Bridge Church,California Nonprofit ,685 D Jarvis Dr. Morgan Hill CA,Santa Clara County,https://www.facebook.com/jubileebridge,,,,,https://www.facebook.com/jtlab.info/,,,,,
821,Juma Ventures,California Nonprofit ,131 Steuart St Ste 202 San Francisco CA,San Francisco County,http://www.juma.org/,,,,,https://www.facebook.com/JoslynCenter/,https://www.instagram.com/thejoslyncenter/,,,,
822,Junior Achievement of Northern California,California Nonprofit ,3003 Oak Road Suite 130 Walnut Creek CA,Contra Costa County,https://norcal.ja.org/,,sianne@j-sei.org,,,https://www.facebook.com/jseicommunity/,https://www.instagram.com/jseicommunity/,,,,
823,Just Who I Am,California Nonprofit ,,,http://justwhoiam.org/,,registration@jtmacademy.org,https://www.jtmacademy.org/contact,,https://www.facebook.com/JTMAcademy/,https://www.instagram.com/jtm_academy/,,,,9254651070
824,Justice At Last,California Nonprofit ,PO Box 566 San CArlos CA,San Mateo County,https://www.justiceatlast.org/,,,,,https://www.facebook.com/login/device-based/regular/login/?login_attempt=1&next=https%3A%2F%2Fwww.facebook.com%2Fjubileebridge,,,,,
825,K to College dba SupplyBank.Org,California Nonprofit ,7730 Pardee Lane Oakland CA,Alameda County,https://supplybank.org/,devadmin@juma.org,"meganh@juma.org, operations@juma.org",https://juma.org/contact/,https://www.linkedin.com/company/juma-ventures,https://www.facebook.com/jumaventures,,,,,
826,Kai Ming Head Start,California Nonprofit ,934 Howard St San Francisco CA,San Francisco County,http://www.kaiming.org/,,,https://norcal.ja.org//about/contact-us,https://www.linkedin.com/company/junior-achievement-of-northern-california/,https://www.facebook.com/janorcal/,https://www.instagram.com/janorcal/,,,,5105695862
827,Kara,California Nonprofit ,457 Kingsley Ave Palo Alto CA,Santa Clara County,https://www.kara-grief.org/,,,https://justwhoiam.org/contact-us/,,,,,,,
828,Kateri Tekakwitha Fund,California Nonprofit ,PO Box 906 Pacifica CA,San Mateo County,http://www.kateri-fund.org/,info@justiceatlast.org,,https://www.justiceatlast.org/contact,https://www.linkedin.com/company/justiceatlastbayarea,https://www.facebook.com/JusticeAtLastBayArea/,,,,,16503215272
829,"KCBX, Inc.",California Nonprofit ,4100 Vachell Ln Sn Luis Obisp CA,,https://www.facebook.com/kcbxfm,info@supplybank.org,"communications@supplybank.org, events@supplybank.org, programs@supplybank.org, procurement@supplybank.org",https://supplybank.org/contact-us/,,https://www.facebook.com/SupplyBank/,https://www.instagram.com/supplybank/,,,,
830,"KCRW Foundation, Inc.",California Nonprofit ,,,https://www.kcrw.com/,,,,,,,,,,
831,Keep Track Global Community Development Corporation,California Nonprofit ,,,http://ktglobalcdc.org/,,,https://kara-grief.org/services/when-you-contact-us/,https://www.linkedin.com/company/3666053,https://www.facebook.com/KaraGrief,https://www.instagram.com/kara.grief/,,,,
832,Kelley House Museum,California Nonprofit ,,,https://www.kelleyhousemuseum.org/,info@kateri-fund.org,,https://www.kateri-fund.org/contact-1,https://www.linkedin.com/company/the-kateri-fund-for-guatemalan-girls-education/,https://www.facebook.com/katerifund,https://www.instagram.com/katerifund/,https://x.com/Kateri_Fund,,,
833,Kendra Alexander Foundation,California Nonprofit ,2334 20Th St San Pablo CA,Contra Costa County,http://www.kafoundation.org/,,,,,https://www.facebook.com/login/device-based/regular/login/?login_attempt=1&next=https%3A%2F%2Fwww.facebook.com%2Fkcbxfm,https://l.facebook.com/l.php?u=https%3A%2F%2Fwww.instagram.com%2Fkcbxfm&h=AT5gQe-6bIxP_00LW411Av2tT7f7S_OkhVCWr6xs2cR-8NyYqqpIChWC_GLAOwauftSDmp6k2Z4AsgJTpFM-JWlvHlp2yjBxgNu9FiGSyX04IfWAZFauBh7gFDEBZxs_cxOVMEHYacb1gvpd4j2KlaehTg,,,,
834,Kern Community Tennis Association,California Nonprofit ,PO Box 11915 PO Box 11915 Bakersfield CA,Kern County,http://kerntennis.org/,,,https://www.kcrw.com/contact,,https://www.facebook.com/kcrw/,https://www.instagram.com/kcrw/,,,,
835,Kern River Conservancy,California Nonprofit ,PO Box 1042 Kernville CA,,www.kernriverconservancy.org.  www.southernsierraconservancy.org,,,https://ktglobalcdc.org/contact-us/,,,,,,,
836,Kern River Fly Fishers,California Nonprofit ,8536 Kern CAnyon Road Space 201 Bakersfield CA,Kern County,http://kernriverflyfishers.com/,info@kelleyhousemuseum.org,,,,https://www.facebook.com/KelleyHouseMuseum,https://www.instagram.com/kelleyhousemuseum/,,,,
837,Kern River Valley Senior Citizens Inc,California Nonprofit ,P.O Box 2664 Lake Isabella CA,,https://krvseniors.org/,info@kafoundation.org,,,,,,,,,
838,Keys to Music Foundation,California Nonprofit ,,,http://keystomusicfoundation.org/,admin@kerntennis.org,,,,https://www.facebook.com/profile.php?id=61558991290848&mibextid=ZbWKwL,https://www.instagram.com/kcta_tennis/,,,,
839,KIAMOR Project,California Nonprofit ,,,http://www.kiamor.org/,,,,,,,,,,
840,Kids' Community Clinic of Burbank,California Nonprofit ,400 W. Elmwood Ave. Burbank CA,Los Angeles County,http://www.kidsclinic.org/,,,,,,,,,,
841,Kids First Foundation,California Nonprofit ,22099 Us Highway 18 23411 Apple Valley CA,San Bernardino County,http://www.kidsfirstfnd.org/,,,,,,,,,,
842,KidSingers,California Nonprofit ,2321 East 4Th St C549 Santa Ana CA,Orange County,http://www.kidsingers.org/,,,http://keystomusicfoundation.org/contact,https://www.linkedin.com/company/107855701/,https://www.facebook.com/profile.php?id=61578183973518,,,,,
843,Kilusan Wellness,California Nonprofit ,,,https://www.kilusanwellness.org/,info@kiamor.org,,http://www.kiamor.org/#contact,,,,,,,
844,Kimberly Crest House & Gardens,California Nonprofit ,1325 Prospect Drive Redlands CA,San Bernardino County,https://kimberlycrest.org/,info@kidsclinic.org,,,,,https://www.instagram.com/kidscommunity.dentalclinic/,,,,
845,Kingdom Causes Bellflower,California Nonprofit ,16429 Bellflower Blvd. Bellflower CA,Los Angeles County,http://kcbellflower.org/,info@kidsfirstfnd.org,,https://www.kidsfirstfnd.org/contact,,,https://www.instagram.com/kidsfirstfoundation/,,,,19097922111
846,Kings Community Action Organization,California Nonprofit ,1130 N 11Th Ave Hanford CA,Kings County,http://www.kcao.org/,info@kidsingers.org,,https://www.constantcontact.com/legal/service-provider,,,https://www.instagram.com/officialkidsingers/,,,,
847,Kitchens for Good,California Nonprofit ,2799 Health Center Drive San Diego CA,San Diego County,http://www.kitchensforgood.org/,info@kilusanwellness.org,,,,https://www.facebook.com/KilusanWellness/,http://www.instagram.com/kilusanwellness,,,,
848,Kiva,California Nonprofit ,,,http://www.kiva.org/,info@kimberlycrest.org,,https://kimberlycrest.org/contact/volunteer/,,https://www.facebook.com/KimberlyCrestHouseAndGardens/,https://www.instagram.com/kimberlycrest/,,,,
849,KIWA (Koreatown Immigrant Workers Alliance),California Nonprofit ,941 S. Vermont Ave Ste 101 Los Angeles CA,Los Angeles County,https://www.kiwa.org/,,,http://kcbellflower.org/contact,,https://www.facebook.com/kingdomcausesbellflower,https://www.instagram.com/kcbellflower,,,,
850,Knights of Care,California Nonprofit ,,,,,,,,,,,,,2137389050
851,Korean American Special Education Center,California Nonprofit ,,,http://www.kasecca.org/,info@kitchensforgood.org,"kitchens@kitchensforgood.org, Shop@kitchensforgood.org",https://kitchensforgood.org/contact/,https://www.linkedin.com/company/kitchens-for-good/,https://www.facebook.com/kitchensforgood,https://www.instagram.com/kitchensforgood/,,,,
852,Korean Resource Center,California Nonprofit ,900 Crenshaw Blvd Los Angeles CA,Los Angeles County,http://www.krcla.org/,,,http://www.kiva.org//help/contact-us,,,//www.instagram.com/kiva.org,,,,
853,Koreatown Youth and Community Center,California Nonprofit ,3727 W 6Th St Ste 300 Los Angeles CA,Los Angeles County,http://www.kyccla.org/,info@kiwa.org,media@kiwa.org,https://www.kiwa.org/contact-1,,,,,,,13239373718
854,Kronos Performing Arts Association,California Nonprofit ,PO Box 225340 San Francisco CA,San Francisco County,http://www.kronosquartet.org/,,,,,,,,,,
855,Kultur Mercado,California Nonprofit ,6014 Whitworth Dr. Apt 5 Los Angeles CA,Los Angeles County,https://www.kulturmercado.org/,,,https://kasecca.org/contact-us-2/,,https://www.facebook.com/kasec5629262040,https://www.instagram.com/kasec_ca/,,,,
856,Kurka Children's Health Fund,California Nonprofit ,,,http://kurkachildrenshealthfund.org/,,,http://www.krcla.org/contact,,https://www.facebook.com/krcla/,https://www.instagram.com/krclaorg,,,,
857,"KWMR, West Marin Community Radio",California Nonprofit ,,,http://www.kwmr.org/,,,https://www.kyccla.org/contact-us/,,https://www.facebook.com/KYCCLA,https://www.instagram.com/kyccla/,https://x.com/KYCCLA,,,8189556500
858,Kyle J. Taylor Foundation,California Nonprofit ,,,http://kylejtaylor.org/,,"alicia@mkiartists.com, john@mkiartists.com",https://kronosquartet.org/contact/,,,,,,,4156638068
859,L.A. Works,California Nonprofit ,570 W Ave. 26 Suite 400 Los Angeles CA,Los Angeles County,http://www.laworks.com/,,,https://www.kulturmercado.org/contact,https://www.linkedin.com/company/kultur-mercado/,https://www.facebook.com/KulturMercado,https://www.instagram.com/p/DT7BspdDode/,http://x.com/kultumercado,,,
860,"La Cocina, Inc.",California Nonprofit ,2948 Folsom Street San Francisco CA,San Francisco County,http://lacocinasf.org/,"contact@kurkachildrenshealthfund.org, info@kurkachildrenshealthfund.org",,https://www.kurkachildrenshealthfund.org/contact-us/,,https://www.facebook.com/Kurka-Childrens-Health-Fund-111041007931054,https://www.instagram.com/kurkachildrenshealthfund/,,,,
861,LA County High School for the Arts Foundation,California Nonprofit ,369 E. 1St Street 3Rd Fl Suite 3 Los Angeles CA,Los Angeles County,http://www.artshigh.org/foundation,,,,,https://www.facebook.com/kwmrradio,https://www.instagram.com/KWMRradio,,,,
862,LA Family Housing,California Nonprofit ,,,http://www.lafh.org/,Info@kylejtaylor.org,,,,https://www.facebook.com/kylejtaylorfoundation/,https://www.instagram.com/kylejtaylorfoundation/,,,,
863,LA Forward Institute,California Nonprofit ,PO Box 25386 Los Angeles CA,Los Angeles County,https://www.laforward.institute/,"info@laworks.com, info@mysite.com",samantha@laworks.com,https://www.laworks.com/contact,https://www.linkedin.com/company/la-works/mycompany/,https://www.facebook.com/laworks,https://www.instagram.com/laworksnow/,,,,8189824091
864,La Jolla Symphony & Chorus,California Nonprofit ,9500 Gilman Dr. Ucsd 0361 La Jolla CA,,http://www.lajollasymphony.com/,,,,https://www.linkedin.com/company/la-cocina/,https://www.facebook.com/lacocinasforg/,,https://www.netflix.com/watch/81711986?trackId=255824129&tctx=0%2C0%2C2e03a191-6af5-4bfe-9809-9b641f1de7d3-18051157%2C2e03a191-6af5-4bfe-9809-9b641f1de7d3-18051157%7C2%2C%2C%2C%2C%2C81711982%2CVideo%3A81711986%2CdetailsPageEpisodePlayButton,,,
865,La Senora Research Institute,California Nonprofit ,560 E. Channel Road Santa Monica CA,Los Angeles County,https://www.lasenora.org/,,,,,,,,,,18585344637
866,Laguna de Santa Rosa Foundation,California Nonprofit ,900 Sanford Road Santa Rosa CA,Sonoma County,http://www.lagunafoundation.org/,info@lafh.org,development@lafh.org,,https://www.linkedin.com/company/lafamilyhousing/,,https://www.instagram.com/lafamilyhousing,https://x.com/LAFamilyHousing,,,
867,Laguna Ocean Foundation,California Nonprofit ,1278 Glenneyre St. Suite 133 Laguna Beach CA,Orange County,http://www.lagunaoceanfoundation.org/,,,https://www.laforward.institute/contact,,,,,,,
868,Lake Family Resource Center,California Nonprofit ,5350 Main St Kelseyville CA,,http://www.lakefrc.org/,,boxoffice@ljsc.org,https://www.ljsc.org/contact-us/,https://www.linkedin.com/company/lajollasymphonychorus/,https://www.facebook.com/LaJollaSymphony,https://www.instagram.com/lajollasymphony/,https://ci.ovationtix.com/36939/store/packages,,,
869,Lake Tahoe Waterman Foundation,California Nonprofit ,PO Box 9414 Truckee CA,Nevada County,https://www.laketahoewaterman.org/,,,https://lasenora.org/contact-us/,,,,,,,
870,Lakeside's River Park Conservancy,California Nonprofit ,12108 Industry Rd Lakeside CA,,http://www.lakesideriverpark.org/,info@lagunafoundation.org,"dangie.notari@lagunafoundation.org, ashley.carreno@lagunafoundation.org, brent@lagunafoundation.org, accounting@lagunafoundation.org, heather.baggett@lagunafoundation.org, annelise.ockenden@lagunafoundation.org, adrienne@lagunafoundation.org, ayla.mills@lagunafoundation.org, asa@lagunafoundation.org, danielle.carney@lagunafoundation.org, chloe.winsemius@lagunafoundation.org, sofia.chavez@lagunafoundation.org, christine@lagunafoundation.org, anne.morkill@lagunafoundation.org, elias.lopez@lagunafoundation.org, sarah@lagunafoundation.org, maggiehart@lagunafoundation.org, sierra@lagunafoundation.org",http://www.lagunafoundation.org/contact.html,,https://www.facebook.com/LagunadeSantaRosaFoundation/,https://www.instagram.com/laguna_foundation/,,,,15304123613
871,Lamps of Light,California Nonprofit ,,,http://lampsoflight.org/,,alayna@lagunaoceanfoundation.org,https://lagunaoceanfoundation.org/contact/,https://www.linkedin.com/company/laguna-ocean-foundation,https://www.facebook.com/lagunaoceanfoundation,https://www.instagram.com/lagunaoceanfoundation/,,,,
872,Land Trust of Napa County,California Nonprofit ,1700 Soscol Ave Ste 20 Napa CA,Napa County,http://www.napalandtrust.org/,info@lakefrc.org,"peggy@lakefrc.org, lisam@lakefrc.org",http://www.lakefrc.org/http://www.lakefrc.org/admin-contacts/,,,,,,,
873,Land Trust of Santa Clara Valley,California Nonprofit ,605 Tennant Avenue Suite H Morgan Hill CA,Santa Clara County,http://www.landtrustscv.org/,"admin@operationopenwater.org, info@email.com",,,,https://www.facebook.com/watermanfoundation,https://www.instagram.com/watermanfoundation,,,,7072523270
874,Land Trust of Santa Cruz County,California Nonprofit ,911 Center St Santa Cruz CA,Santa Cruz County,http://www.landtrustsantacruz.org/,"info@lakesideriverpark.org, Info@Lakesideriverpark.org","Karen@lakesideriverpark.org, garyemit@gmail.com, Melissa@lakesideriverpark.org, Robert@lakesideriverpark.org, RiverTrekker@lakesideriverpark.org, Julie@lakesideriverpark.org",https://www.lakesideriverpark.org/contact-us-1,,,,,,,
875,Ronald Munoz,California Nonprofit ,,,http://www.carecensf.org/,info@lampsoflight.org,,https://lampsoflight.org/contact-us/,https://www.linkedin.com/authwall?trk=bf&trkInfo=AQE2XBVnJOsR5gAAAY-9VTiw4sysS7NTSLBBpfItz98BvDgn_re8kXYxC6RMoj35Op_1ufwPIx1Z5R1oM29YEUZ9EpcXtvsn8Hspyh4AUMmnl59fX03xCs8JRhspFi-0tvi-6fI=&original_referer=&sessionRedirect=https%3A%2F%2Fwww.linkedin.com%2Fin%2Ftabari-zahir-acsw-radt-a265321b4,https://www.facebook.com/people/Lamps-of-Light-Project/100091953254431/,https://www.instagram.com/lampsoflightproject/,,,,
876,Lark Traditional Arts,California Nonprofit ,1726 CArleton St Berkeley CA,Alameda County,http://larktraditionalarts.org/,info@napalandtrust.org,,https://napalandtrust.org/contact/,,,https://www.instagram.com/p/DWmiXAdEovp/,,,,4156424400
877,Latin Advocacy Network,California Nonprofit ,25 San Juan Grade Road Suite 102 Salinas CA,Monterey County,http://www.latinan.org/,info@landtrustscv.org,,,https://www.linkedin.com/company/ltscv/?viewAsMember=true,https://www.facebook.com/pages/category/Nonprofit-Organization/Land-Trust-of-Santa-Clara-Valley-158922128204375/,,,,,
878,Latino Resource Organization,California Nonprofit ,1645 Corinth Ave 23112 Los Angeles CA,Los Angeles County,http://www.latinoresource.org/,info@landtrustsantacruz.org,,,,,,,,,
879,Lavender Youth Recreation & Information Center (LYRIC),California Nonprofit ,127 Collingwood St San Francisco CA,San Francisco County,http://www.lyric.org/,,,https://carecensf.org/about-us/contact-us/,https://www.linkedin.com/company/carecen-sf,https://www.facebook.com/CarecenSanFrancisco/,https://www.instagram.com/carecen_sf/?hl=en,,,https://bsky.app/profile/carcensf.bsky.social,
880,Leadership Counsel for Justice and Accountability,California Nonprofit ,2210 San Joaquin St. Fresno CA,Fresno County,http://www.leadershipcounsel.org/,,,,,,,,,,
881,Leadership Education for Asian Pacifics Inc,California Nonprofit ,327 E. 2Nd Street Suite 226 Los Angeles CA,Los Angeles County,http://www.leap.org/,,,,,,,,,,
882,Leading From Within,California Nonprofit ,PO Box 806 Santa Barbara CA,Santa Barbara County,https://leading-from-within.org/,,,https://www.latinoresource.org/contact,,https://www.facebook.com/wlafamilysource/,https://www.instagram.com/nohosunvalleyfamilysource/,,,,2134851422
883,League of California Community Foundations,California Nonprofit ,PO Box 402275 Hesperia CA,San Bernardino County,http://www.lccf.org/,,,,,,,,,,
884,League of Women Voters of Humboldt County,California Nonprofit ,P. O. Box 3219 Eureka CA,Humboldt County,http://www.lwvhc.org/,,,https://leadershipcounsel.org/contact/,https://www.linkedin.com/company/leadership-counsel/,https://www.facebook.com/lcjacalifornia,https://www.instagram.com/leadership_counsel/,,,,
885,Leah's Pantry,California Nonprofit ,2204 Garnet Ave Ste 304 San Diego CA,San Diego County,http://leahspantry.org/,,leap@leap.org,http://www.leap.org/contact,,https://www.facebook.com/LEAPUncapTalent,https://www.instagram.com/leapuncaptalent/,,,,7074449252
886,LEAP: Learn. Engage. Advocate. Partner.,California Nonprofit ,PO Box 1332 Goleta CA,Santa Barbara County,http://www.ivyp.org/,,,https://leading-from-within.org/contact-us/,https://www.linkedin.com/company/leading-from-within/,https://www.facebook.com/Leading-From-Within-601817216507485/,,,,,
887,Learning Enrichment After-School Program,California Nonprofit ,15918 Wyandotte St Ste 203 Lake Balboa CA,,http://www.leapusa.org/,info@lccf.org,,https://lccf.org/contact/,,https://www.facebook.com/LeagueCaCFs,,,,,
888,Learning Rights Law Center,California Nonprofit ,1625 W. Olympic Blve Ste 500 Los Angeles CA,Los Angeles County,http://www.learningrights.org/,,,http://www.lwvhc.org//california/humboldt-county/contact-us,,,,,,,
889,Legacy Health Endowment,California Nonprofit ,2881 Geer Road Suite A Turlock CA,Stanislaus County,http://legacyhealthendowment.org/,,,http://leahspantry.org/contact-us/,https://www.linkedin.com/company/leahspantry/,https://www.facebook.com/LeahsPantryOrg,https://www.instagram.com/leahspantryorg/,,,,
890,Legal Aid Association of California,California Nonprofit ,1832 Second Street Suite 105 Berkeley CA,Alameda County,http://www.laaconline.org/,info@leapcentralcoast.org,,https://leapcentralcoast.org/contact-us/,https://www.linkedin.com/company/leapcentralcoast,https://www.facebook.com/leapcentralcoast,https://www.instagram.com/leapcentralcoast/,,,,2092502312
891,Legal Aid of Marin,California Nonprofit ,1401 Los Gamos Dr. Ste 101 San Rafael CA,Marin County,http://www.legalaidmarin.org/,info@leapusa.org,"eflores@leapusa.org, rtaylor@leapusa.org, meals@leapusa.org, arainwater@leapusa.org",https://leapusa.org/contact-us/,,,,,,,
892,Legal Aid Society of San Mateo County,California Nonprofit ,330 Twin Dolphin Dr Ste 123 Redwood City CA,San Mateo County,http://www.legalaidsmc.org/,,,https://www.learningrights.org/contact,,https://www.facebook.com/LearningRights/,https://www.instagram.com/learningrightslawcenter/,,,,14154920230
893,Legal Services for Prisoners with Children (Network on Women in Prison),California Nonprofit ,1540 Market St Ste 490 San Francisco CA,San Francisco County,http://www.prisonerswithchildren.org/,info@legacyhealthendowment.org,jeffrey@legacyhealthendowment.org,,https://www.linkedin.com/company/legacy-health-endowment,https://www.facebook.com/LegacyHealthEndowment,,,,,
894,Legal Services of Northern California,California Nonprofit ,517 12Th St Sacramento CA,Sacramento County,http://www.lsnc.net/,info@laaconline.org,,,https://www.linkedin.com/company/legal-aid-association-of-california-laac-,https://www.facebook.com/LAAConline/,https://www.instagram.com/laaconline/,,,,
895,Lend A Hand Foundation,California Nonprofit ,8105 CApwell Drive Oakland CA,Alameda County,http://www.lendahandfoundation.org/,,,https://legalaidmarin.org/contact/,https://www.linkedin.com/company/legal-aid-of-marin,https://www.facebook.com/legalaidmarin/,https://www.instagram.com/legalaidofmarin/,,,,
896,Leona Valley Improvement Association,California Nonprofit ,PO Box 783 Leona Valley CA,,https://myleonavalley.org/welcome,,,http://www.legalaidsmc.org/contact,https://www.linkedin.com/company/the-legal-aid-society-of-san-mateo-county,https://www.facebook.com/legalaidsmc/,https://www.instagram.com/legalaidsocietysmc/,,,,
897,Level Ground,California Nonprofit ,1920 Hillhurst Ave 23V939 Los Angeles CA,Los Angeles County,http://levelground.co/,,john@prisonerswithchildren.org,https://prisonerswithchildren.org/contact-coalition-for-family-unity/,https://www.linkedin.com/company/3139243,https://www.facebook.com/LSPCmovement,https://www.instagram.com/allofusornone/,,,,
898,Levitt and Quinn Family Law Center,California Nonprofit ,1557 Beverly Blvd Los Angeles CA,Los Angeles County,https://levittquinn.org/,,,https://lsnc.net/how-contact-us,,,,,,,
899,LGBTQ Center Orange County,California Nonprofit ,1605 N Spurgeon St. Santa Ana CA,Orange County,http://www.lgbtcenteroc.org/,,,,,,,,,,
900,Liberty Hill Foundation,California Nonprofit ,1001 Wilshire Blvd Pmb 2170 Los Angeles CA,Los Angeles County,https://www.libertyhill.org/,,treasurer@myleonavalley.org,https://myleonavalley.org/welcome/contact-us,,https://www.facebook.com/LVIA,,,,,
901,Licensed Adult Residential Care Association (LARCA),California Nonprofit ,,,http://www.larcala.org/,,,,,,,,,,
902,Life Balance Institute,California Nonprofit ,PO Box 725 Tiburon CA,Marin County,https://www.lifebalance.org/,,,https://levittquinn.org/contact-us/,,https://www.facebook.com/LevittQuinn,https://www.instagram.com/levittquinnfamilylawcenter/,,,,
903,Life Lab Science Program,California Nonprofit ,1156 High St Santa Cruz CA,Santa Cruz County,http://www.lifelab.org/,,,,,,,,,,
904,Liminal Works,California Nonprofit ,,,https://www.liminal-works.org/,,,https://www.libertyhill.org//who-we-are/contact/,https://www.linkedin.com/company/liberty-hill-foundation/,https://www.facebook.com/libertyhill,,,,,
905,Lindsay Wildlife Museum,California Nonprofit ,1931 1St Ave Walnut Creek CA,Contra Costa County,https://lindsaywildlife.org/,info@larcala.org,,https://www.larcala.org/contact,https://www.linkedin.com/company/larcala,https://www.facebook.com/larcamain/,,https://x.com/LARCALosAngeles,,,
906,Listen Foundation,California Nonprofit ,5040 Wildberry Ln Soquel CA,,http://www.listenfoundation.com/,,,,,,,,,,
907,Little Brothers-Friends of the Elderly-San Francisco,California Nonprofit ,909 Hyde St Ste 628 San Francisco CA,San Francisco County,https://www.littlebrotherssf.org/,admin@lifelab.org?,"daniela@lifelab.org?, vivian@lifelab.org?, kelsey@lifelab.org, regi@lifelab.org?",http://www.lifelab.org/contact,,https://www.facebook.com/LifeLabGarden/,https://www.instagram.com/lifelabgarden/,https://x.com/lifelabgarden,,,
908,Little Tokyo Service Center,California Nonprofit ,231 E. Third St. Suite G-106 Los Angeles CA,Los Angeles County,http://www.ltsc.org/,,,https://www.liminal-works.org/contact,https://www.linkedin.com/company/liminal-works,,https://www.instagram.com/for.collective.liberation,,,,
909,Live Like Geno Foundation Inc.,California Nonprofit ,35 Janets Court Hollister CA,San Benito County,http://livelikegeno.org/,,hotline@lindsaywildlife.org,https://lindsaywildlife.org/contact/,,https://www.facebook.com/LindsayWildlifeExperience,,,,,2134733030
910,Livermore Lab Foundation,California Nonprofit ,7000 East Avenue B661 L-794 Livermore CA,Alameda County,http://www.livermorelabfoundation.org/,,,,,,,,,,8312166483
911,Livermore Valley Performing Arts Center,California Nonprofit ,2400 1St St Livermore CA,Alameda County,http://www.livermoreperformingarts.org/,,,,https://www.linkedin.com/company/81547072,,https://www.instagram.com/littlebrotherssf/,,,,
912,Living Classroom,California Nonprofit ,PO Box 4121 Los Altos CA,Santa Clara County,https://www.living-classroom.org/,,,https://www.ltsc.org/contact/,,https://www.facebook.com/LTSC.CDC,https://www.instagram.com/ltsc.cdc/,,,,19253736100
913,Living Jazz,California Nonprofit ,,,http://www.livingjazz.org/,,together@livelikegeno.org,https://livelikegeno.org/contact/,https://www.linkedin.com/company/live-like-geno-foundation,https://www.facebook.com/livelikegeno/,,,,,
914,LocalHost Research,California Nonprofit ,39270 Paseo Padre Pkwy Fremont CA,Alameda County,,info@livermorelabfoundation.org,,https://livermorelabfoundation.org/#contact,https://www.linkedin.com/company/livermore-lab-foundation/,https://www.facebook.com/LivermoreLabFoundation/,,https://x.com/LivermoreLF,,,5108585313
915,Lodi House,California Nonprofit ,801 S Washington St Lodi CA,San Joaquin County,http://www.lodihouse.org/,,boxoffice@bankheadtheater.org,,,https://www.facebook.com/thebankheadlva,https://www.instagram.com/thebankheadlva/,,,,
916,"Lompoc Museum Associates, Inc.",California Nonprofit ,,,http://lompocmuseum.org/,info@living-classroom.org,"vickim@living-classroom.org, susanh@living-classroom.org, jessicam@living-classroom.org, oi-yanc@living-classroom.org, leannep@living-classroom.org, matthewm@living-classroom.org, joiep@living-classroom.org, pattib@living-classroom.org, aprila@living-classroom.org, sierrav@living-classroom.org, michelleb@living-classroom.org, carolines@living-classroom.org, eileenb@living-classroom.org",https://www.living-classroom.org/contact.html,,,,,,,
917,Long Beach Beekeepers,California Nonprofit ,4470 Atlantic Ave. 2317953 Long Beach CA,Los Angeles County,https://www.longbeachbeekeepers.org/,info@livingjazz.org,,,https://www.linkedin.com/company/9025125/,https://www.facebook.com/LivingJazzOrg,,,,,8057363888
918,Long Beach City College Foundation,California Nonprofit ,4901 East CArson Street Mail Code B12 Long Beach CA,Los Angeles County,,,,,,,,,,,
919,Long Beach Forward Inc,California Nonprofit ,2217 E. 6Th Street Long Beach CA,Los Angeles County,https://www.lbforward.org/,info@lodihouse.org,thriftstore@lodihouse.org,https://www.lodihouse.org/contact/,,https://www.facebook.com/lodihouse.org,https://www.instagram.com/lodihouse/,,,,
920,Long Term Care Ombudsman Services of San Luis Obispo County,California Nonprofit ,3232 S Higuera St Ste 101-B Sn Luis Obisp CA,,http://ombudsmanslo.org/,,lompocmuseum@gmail.com,,,https://www.facebook.com/lompocmuseum1,https://www.instagram.com/lompocmuseum,,,,5624364800
921,Looms for Lupus,California Nonprofit ,4230 Maine Ave 23906 Baldwin Park CA,Los Angeles County,http://www.looms4lupus.org/,contact@longbeachbeekeepers.org,,https://www.longbeachbeekeepers.org/mailto:contact@longbeachbeekeepers.org,,https://www.facebook.com/groups/774260022677419/,https://www.instagram.com/longbeachbeekeepers/,https://x.com/wildapricot,,,
922,Lord's Instruments Ministries,California Nonprofit ,,,https://liministries.org/,,,,,,,,,,
923,Los Altos Mountain View Children's Corner,California Nonprofit ,1565 Oak Ave Los Altos CA,Santa Clara County,http://www.lamvchildrenscorner.org/,hello@lbforward.org,,https://lbforward.org/contact/,https://www.linkedin.com/company/movelbforward,https://www.facebook.com/movelbforward,https://www.instagram.com/movelbforward/,,,https://bsky.app/profile/movelbforward.bsky.social,3236456000
924,Los Altos Property Owners Downtown Association,California Nonprofit ,301 Blue Oak Ln Los Altos CA,Santa Clara County,http://propertyownersdowntownlosaltos.org/,,,http://ombudsmanslo.org/contact,,https://www.facebook.com/LTCOSLO,,,,,
925,Los Angeles Birders,California Nonprofit ,3839 Mohawk Street Pasadena CA,Los Angeles County,http://www.labirders.org/,info@looms4lupus.org,,,,https://www.facebook.com/Looms4Lupus-154644781266812/,https://www.instagram.com/looms4lupus,https://www.x.com/looms4lupus,,,
926,Los Angeles Center for Community Law and Action,California Nonprofit ,,,https://laccla.org/,info@liministries.org,,https://liministries.org/#contact,,,,,,,
927,Los Angeles Centers for Alcohol and Drug Abuse (L.A. CADA),California Nonprofit ,,,http://lacada.com/,,office@lamvchildrenscorner.org,,,,,,,,
928,Los Angeles Conservancy,California Nonprofit ,523 W 6Th St Ste 826 Los Angeles CA,Los Angeles County,http://www.laconservancy.org/,,,http://propertyownersdowntownlosaltos.org/contact,,,,,,,15629062676
929,Los Angeles County Beekeepers Association,California Nonprofit ,,,http://losangelescountybeekeepersassociation.com/,,,http://www.labirders.org//about.html#main-contact-form,,,,,,,2136232489
930,Los Angeles Guild for Reproductive Health,California Nonprofit ,1223 Wilshire Blvd Suite 400 Santa Monica CA,Los Angeles County,,,,https://laccla.org/contact-us/,,https://www.facebook.com/LACCLAdefends/,https://www.instagram.com/laccladefends,,,,
931,Los Angeles Neighborhood Land Trust,California Nonprofit ,1689 Beverly Blvd Los Angeles CA,Los Angeles County,http://www.lanlt.org/,administration@lacada.com,,http://lacada.com/contact.php,https://www.linkedin.com/in/l-a-cada-7765981b1/,https://www.facebook.com/losangelescentersforalcoholanddrugabuse,https://www.instagram.com/lacada_social/,,,,
932,Los Angeles Nomadic Division Land,California Nonprofit ,2021 W Jefferson Blvd Los Angeles CA,Los Angeles County,https://nomadicdivision.org/,info@laconservancy.org,,http://www.laconservancy.org/http://www.laconservancy.org/contact-us/,,https://www.facebook.com/laconservancy/,https://www.instagram.com/laconservancy,,,,
933,Los Angeles Review of Books,California Nonprofit ,672 S La Fayette Park Place Ste 30 Los Angeles CA,Los Angeles County,http://lareviewofbooks.org/,,lacba.webmaster@gmail.com,http://losangelescountybeekeepersassociation.com/contact,,https://www.facebook.com/LACBAhive,https://www.instagram.com/lacbahive/,,,,3107213296
934,Los Angeles River State Park Partners,California Nonprofit ,1799 Baker St Los Angeles CA,Los Angeles County,http://larsppartners.org/,,,,,,,,,,
935,Los Padres ForestWatch,California Nonprofit ,PO Box 831 Santa Barbara CA,Santa Barbara County,http://forestwatch.org/,,tkjer@lanlt.org?,http://www.lanlt.org/contact,https://www.linkedin.com/company/los-angeles-neighborhood-land-trust,https://www.facebook.com/NeighborhoodLandTrust,https://www.instagram.com/neighborhoodlandtrust,,,,
936,Lotus Outreach,California Nonprofit ,510 48Th Avenue San Francisco CA,San Francisco County,http://www.lotusoutreach.org/,info@nomadicdivision.org,,,,,https://www.instagram.com/nomadicdivision,,,,18056174610
937,LOUD For Tomorrow,California Nonprofit ,,,https://loudfor.org/,info@lareviewofbooks.org,"press@lareviewofbooks.org, adsales@lareviewofbooks.org, shop@lareviewofbooks.org, editorial@lareviewofbooks.org, membership@lareviewofbooks.org",http://lareviewofbooks.org//about/contact/,,https://www.facebook.com/lareviewbooks/,,,,,
938,Love is the Answer (LITA),California Nonprofit ,4340 Redwood Highway Suite E-352 San Rafael CA,Marin County,http://www.litamarin.org/,,,,,,,,,,
939,Love Wild Horses Foundation,California Nonprofit ,,,http://lovewildhorses.org/,info@forestwatch.org,,https://www.constantcontact.com/legal/service-provider,https://www.linkedin.com/company/los-padres-forestwatch,https://www.facebook.com/lpfw.org/,https://www.instagram.com/lpforestwatch/,,,https://bsky.app/profile/forestwatch.org,
940,Lung Cancer Foundation of America,California Nonprofit ,,,https://lcfamerica.org/,,,https://lotusoutreach.org/contact-us/,https://www.linkedin.com/company/lotus-outreach-international,https://www.facebook.com/LotusOutreach/,https://www.instagram.com/lotusoutreachinternational/,,,,8332
941,Lutheran Social Services of Northern California,California Nonprofit ,1465 Civic Court Building D Suite 810 Concord CA,Contra Costa County,https://www.lssnorcal.org/,,,https://loudfor.org/contact/,,https://www.facebook.com/loud4tmrw,https://www.instagram.com/loud4tmrw/?hl=en,,,,
942,LVDI International,California Nonprofit ,941 CAmino Del Arroyo San Marcos CA,San Diego County,http://lvdiinternational.org/,,,http://www.litamarin.org/contact,http://www.linkedin.com/in/lita-marin-b2aa9a13b,https://www.facebook.com/LitaOfMarin,https://www.instagram.com/litaofmarin/,,,,9258251060
943,M-A Foundation for the Future,California Nonprofit ,PO Box 1228 Menlo Park CA,San Mateo County,https://www.mafoundation.org/,,,,,https://www.facebook.com/148137931880317,https://www.instagram.com/wildhorseprotectionact/,https://www.x.com/riseup4wldhorse?lang=en,,,
944,Magic Cabinet,California Nonprofit ,4311 11Th Ave Ne Suite 500 Seattle Wa,,https://www.magiccabinet.org/,,"LCFA@LCFAmerica.org, dmulligan@mandccommunications.com",https://lcfamerica.org/contact-us/,https://www.linkedin.com/company/lung-cancer-foundation-of-america,https://www.facebook.com/lungcancerfoundation,https://www.instagram.com/LCFAmerica/,,,,
945,Maitri,California Nonprofit ,P.O Box 697 Santa Clara CA,Santa Clara County,http://www.maitri.org/,,,https://www.lssnorcal.org/contact-us.html,,https://www.facebook.com/lssnortherncalifornia/,https://www.instagram.com/p/DKusHbJS980/?next=%2F,,,,
946,Maitri Compassionate Care,California Nonprofit ,401 Duboce Ave San Francisco CA,San Francisco County,https://www.maitrisf.org/,info@lvdiinternational.org,,https://lvdiinternational.org/contact/,,,,,,,18888624874
947,Make-A-Wish Foundation of Northeastern & Central California and Norther Nevada,California Nonprofit ,2800 Club Center Drive Sacramento CA,Sacramento County,https://wish.org/ncc,admin@mafoundation.org,,https://www.mafoundation.org/contact-us/,,https://www.facebook.com/menloathertonfff/?fref=ts,,,,,
948,Making Hope Happen Foundation,California Nonprofit ,341 W. 2Nd Street Suite 7 San Bernardino CA,San Bernardino County,https://makinghope.org/,hello@magiccabinet.org,press@magiccabinet.org,https://www.magiccabinet.org/contactus/,https://www.linkedin.com/company/magic-cabinet/,https://www.facebook.com/MagicCabinet,https://www.instagram.com/magic.cabinet,,,,
949,Mammoth Lakes Recreation,California Nonprofit ,,,https://www.mammothlakesrecreation.org/,,"maitri@maitri.org?, webmaster@maitri.org, maitri@maitri.org",http://www.maitri.org/contact-us,https://www.linkedin.com/company/maitribayarea/,https://www.facebook.com/maitribayarea/,https://www.instagram.com/maitribayarea/,,,,909%202451454
950,MapLight,California Nonprofit ,2150 Allston Way Ste 320 Berkeley CA,Alameda County,http://www.maplight.org/,,"amatsuda@maitrisf.org, dvalentine@maitrisf.org, tmoreno@maitrisf.org, monique.dupree@maitrisf.org, molly.herzig@maitrisf.org, marmentrout@maitrisf.org, rbautista@maitrisf.org",https://www.maitrisf.org/contact/,,https://www.facebook.com/MaitriSF/,https://www.instagram.com/maitrisf/,,,,
951,March to the Top - Africa,California Nonprofit ,,,http://www.marchtothetop.com/,,,https://wish.org/ncc/canv/our-chapter#contact-us-34846,https://www.linkedin.com/company/makeawishcanv,https://www.facebook.com/makeawish,https://www.instagram.com/makeawishamerica,https://x.com/MakeAWish,,,
952,Marin City Community Development Corporation,California Nonprofit ,441 Drake Ave Marin City CA,,https://www.marincitycdc.org/,info@makinghope.org,,https://makinghope.org/contact/,,https://www.facebook.com/MakingHopeHappenFoundation/,https://www.instagram.com/makinghopehappenfoundation/,,,,
953,Marin Open Studios,California Nonprofit ,PO Box 2786 Sausalito CA,Marin County,https://marinopenstudios.org/,info@mammothlakesrecreation.org,,https://www.mammothlakesrecreation.org/contact,,https://www.facebook.com/MammothLakesRecreation,https://www.instagram.com/mammothlakesrecreation/,,,,
954,Marin Treatment Center,California Nonprofit ,1466 Lincoln Ave San Rafael CA,Marin County,http://www.marintreatmentcenter.org/,info@maplight.org,,https://www.maplight.org/contact-us,,,,,,,
955,Mario Pedrozzi Scholarship Foundation,California Nonprofit ,,,https://pedrozzifoundation.org/,,,,,https://www.facebook.com/March-to-the-Top-282270806842/,https://www.instagram.com/marchtothetop/,,,,14154573755
956,Mariposa Museum and History Center,California Nonprofit ,,,https://www.mariposamuseum.com/,info@marincitycdc.org,,https://www.marincitycdc.org/contact-2,https://www.linkedin.com/company/marin-city-community-development-corporation,https://www.facebook.com/marincitycdc,https://www.instagram.com/marincitycdc/,,,,
957,"Martha's Village and Kitchen, Inc.",California Nonprofit ,,,https://marthasvillage.org/,,,https://lp.constantcontactpages.com/su/yqLHrXs,,https://www.facebook.com/marinopenstudios/,https://www.instagram.com/marinopenstudios,,,,
958,Martin Luther King Jr. Freedom Center,California Nonprofit ,333 E 8Th St Oakland CA,Alameda County,http://www.mlkfreedomcenter.org/,contactus@dhcs.ca.gov,"sb-dvbe.advocate@dhcs.ca.gov, epsdt@dhcs.ca.gov, mmcdombudsmanoffice@dhcs.ca.gov, medi-calnow@dhcs.ca.gov, duiproviders@dhcs.ca.gov, drg@dhcs.ca.gov, pe@dhcs.ca.gov, fraud@dhcs.ca.gov, hrdmailbox@dhcs.ca.gov, medi-cal.benefits@dhcs.ca.gov, FFDEstimates@dhcs.ca.gov, dhcsmandatorysuspensionsdesk@dhcs.ca.gov, subpoenadesk@dhcs.ca.gov, itservicedesk@dhcs.ca.gov, dhcs-tplrd.general@dhcs.ca.gov, dhcsnmt@dhcs.ca.gov, privacyofficer2@dhcs.ca.gov, ghppeligibility@dhcs.ca.gov, faxghpp@dhcs.ca.gov, CCSProgram@dhcs.ca.gov, fampact@dhcs.ca.gov, haccp@maximus.com, civilrights@dhcs.ca.gov, nhsp3@dhcs.ca.gov, dhcshospitalpe@dhcs.ca.gov, hipaateam@dhcs.ca.gov, HCPCFC@dhcs.ca.gov, mhombudsman@dhcs.ca.gov",https://www.dhcs.ca.gov/Pages/dhcs_contact.aspx,,https://www.facebook.com/marintreatmentcenter,,,,,7603474741
959,Maternal Mental Health NOW,California Nonprofit ,2893 Stadium Drive Solvang CA,Santa Barbara County,https://www.maternalmentalhealthnow.org/,"info@pedrozzi.org, info@pedrozzifoundation.org",,https://pedrozzifoundation.org/contact/,https://www.linkedin.com/company/pedrozzi-foundation/,https://www.facebook.com/PedrozziFoundation,https://www.instagram.com/pedrozzifoundation/,https://x.com/PEDROZZI,,,5104343988
960,Mattole Restoration Council,California Nonprofit ,PO Box 160 Petrolia CA,,http://mattole.org/,info@mariposamuseum.com,,,,https://www.facebook.com/Mariposamuseum/,https://www.instagram.com/mariposamuseum,,,,
961,Mattole Salmon Group,California Nonprofit ,PO Box 188 Petrolia CA,,https://www.mattolesalmon.org/,"info@marthasvillage.com, info@marthasvillage.org",,https://visitor.r20.constantcontact.com/manage/optin?v=001TaS_TGBRZa0iaI6f0m7gejz3IplOojAPeHAcjGe9cZNZgFPeUkXQfU9rzWQg0w5IcUp98SZwaJL_26DcoQzyj2Xr92Z20lzeKEuI1norY58%3D,https://www.linkedin.com/company/marthasvillage/,https://www.facebook.com/MarthasVillage/,https://www.instagram.com/marthasvillage/,,,,
962,Mavericks Community Foundation,California Nonprofit ,,,http://maverickscommunityfoundation.org/,,press@mlkfreedomcenter.org,https://mlkfreedomcenter.org/contact/,,https://www.facebook.com/mlkfreedomcenter,https://www.instagram.com/mlkfreedomctr/,,,,
963,MBIRA,California Nonprofit ,PO Box 7863 Berkeley CA,Alameda County,http://www.mbira.org/,,,,https://www.linkedin.com/company/maternal-mental-health-now/,https://www.facebook.com/MaternalMentalHealthNow/,https://www.instagram.com/maternalmentalhealthnow/,,,,
964,McCune Foundation,California Nonprofit ,PO Box 24340 Ventura CA,Ventura County,http://www.mccunefoundation.org/,,,https://mattole.org/contact/,,https://www.facebook.com/MattoleRestorationCouncil/,https://www.instagram.com/mattolerestorationcouncil/?hl=en,,,,
965,McKinley Children Center,California Nonprofit ,,,http://www.mckinleycc.org/,,,https://www.mattolesalmon.org/contact/,,,,,,,
966,McKinleyville Family Resource Center,California Nonprofit ,1615 Heartwood Mckinleyville CA,,https://mckfrc.org/,,,https://www.maverickscommunityfoundation.org/copy-of-contact,,,https://www.instagram.com/coastsidegives,,,,
967,MCRD Museum Foundation,California Nonprofit ,PO Box 400085 Building 26 San Diego CA,San Diego County,https://www.mcrdmuseumfoundation.org/,info@mbira.org,,https://mbira.org/contact-us/,,https://www.facebook.com/MBIRAthenonprofit/,https://www.instagram.com/mbirathenonprofit/,,,,
968,"Me & Korea, Inc.",California Nonprofit ,PO Box 492 Santa Clara CA,Santa Clara County,http://www.meandkorea.org/,,claudia@mccunefoundation.org,https://mccunefoundation.org/contact-us/,,,,,,,16195244426
969,Meadow View Learning,California Nonprofit ,,,https://www.meadowviewlearning.org/,,,https://www.mckinleycc.org/contact-us/,https://www.linkedin.com/company/mckinley-children's-center/,https://www.facebook.com/McKinleyChildrensCenter,https://www.instagram.com/mckinleycc/,,,,
970,Meadowridge Mutual Water Company,California Nonprofit ,PO Box 1481 Freedom CA,,,,,,,https://www.facebook.com/McKinleyvilleFRC,https://www.instagram.com/centeratmck/,,,,9162533341
971,"Meals on Wheels - Santa Maria Valley, Inc.",California Nonprofit ,,,https://mealsonwheelssmv.org/,,marketing@mcrdmhs.org,https://www.mcrdmuseumfoundation.org/about-the-museum/contact-us,https://www.linkedin.com/company/mcrdmuseumfoundation/,https://www.facebook.com/MCRDmuseumfoundation,https://www.instagram.com/mcrdmuseumfoundation/,,,,
972,Meals on Wheels California,California Nonprofit ,9590 Chesapeake Drive San Diego CA,San Diego County,http://www.mowca.org/,info@meandkorea.org,update.meandkorea@gmail.com,http://www.meandkorea.org/contact,,https://www.facebook.com/MeAndKorea/,,,,,
973,Meals On Wheels San Francisco,California Nonprofit ,2142 Jerrold Ave. San Francisco CA,San Francisco County,http://www.mowsf.org/,,office@meadowviewlearning.org,https://www.meadowviewlearning.org/contact-us,,https://www.facebook.com/profile.php?id=61559436449618,https://www.instagram.com/meadowviewlearningoffical/,,,,
974,Meals on Wheels Santa Barbara,California Nonprofit ,,,http://mealsonwheelssb.org/,,,,,,,,,,415.920.1111
975,MEarth,California Nonprofit ,PO Box 223702 CArmel CA,,https://mearthcarmel.org/,info@mealsonwheelssmv.org,,https://mealsonwheelssmv.org/contact/,,,https://www.instagram.com/mealsonwheelssantamariavalley/,,,,18056831565
976,MedCycle Network,California Nonprofit ,3145 Geary Blvd 23717 San Francisco CA,San Francisco County,https://www.medcyclenetwork.org/,,,,,,,,,,
977,Media Alliance,California Nonprofit ,2830 20Th Street 23201 San Francisco CA,San Francisco County,https://media-alliance.org/,info@mowsf.org,"meals@mowsf.org, jsweedler@mowsf.org, jgoodwin@mowsf.org, dnight@mowsf.org, ngutierrez@mowsf.org, pduarte@mowsf.org, mfurlong@mowsf.org, sbailey@mowsf.org, hgrant@mowsf.org, dmiranda@mowsf.org, cburkett@mowsf.org, joswald@mowsf.org, kmakarawicz@mowsf.org",https://www.mowsf.org/contact-us/,https://www.linkedin.com/company/meals-on-wheels-san-francisco,https://www.facebook.com/MOWSF,https://www.instagram.com/mowsf,,,,
978,Meet Each Need with Dignity (MEND),California Nonprofit ,10641 San Fernando Rd Pacoima CA,,http://www.mendpoverty.org/,,office@mealsonwheelssb.org,,,,,,,,
979,MeiFlower Nonprofit Organization,California Nonprofit ,,,http://www.mei-flower.org/,info@mearthcarmel.org,,https://mearthcarmel.org/contact/,,https://www.facebook.com/MEarthCarmel,https://www.instagram.com/mearthcarmel/,,,,
980,Mendocino Coast Healthcare Foundation,California Nonprofit ,PO Box 1286 Fort Bragg CA,Mendocino County,http://www.mchfoundation.org/,info@medcyclenetwork.org,,,https://www.linkedin.com/company/medcycle-network,,,,,,
981,Mendocino Food and Nutrition Program,California Nonprofit ,910 N. Franklin St. Fort Bragg CA,Mendocino County,http://fortbraggfoodbank.org/,information@media-alliance.org,,https://media-alliance.org/contact/,, https://www.facebook.com/mediaalliance.bayarea/,https://www.instagram.com/media.alliance/,https://x.com/intent/tweet?text=Media%20Alliance%20At%20The%20Pacific%20Felt%20Factory&url=https%3A%2F%2Fmedia-alliance.org%2F,,https://bsky.app/profile/twrling.bsky.social,
982,Mendocino Land Trust,California Nonprofit ,PO Box 2058 Fort Bragg CA,Mendocino County,http://www.mendocinolandtrust.org/,,,http://www.mendpoverty.org/contact-us,,https://www.facebook.com/MENDPoverty,https://www.instagram.com/mendpoverty/,,,,
983,Mendocino Woodlands Camp Association,California Nonprofit ,PO Box 267 Mendocino CA,,http://www.mendocinowoodlands.org/,,,http://www.mei-flower.org/#contact,https://www.linkedin.com/company/meiflower/,https://www.facebook.com/profile.php?id=61571570750080,https://www.instagram.com/meiflowerorg,,,,7079620470
984,Mental Health & Autism Insurance Project,California Nonprofit ,3527 Mt Diablo Blvd Suite 260 Lafayette CA,Contra Costa County,http://www.mhautism.org/,info@mchfoundation.org,,https://www.mchfoundation.org/contact-us/,,https://www.facebook.com/Mendocino-Coast-Healthcare-Foundation-175077242529875,,,,,
985,"Mental Health Advocacy Services, Inc",California Nonprofit ,801 N Brand Blvd Suite 240 Glendale CA,Los Angeles County,http://mhas-la.org/,info@mendofood.org,,,,https://www.facebook.com/profile.php?id=61561108282141,https://www.instagram.com/mendofoodnetwork,,,,9253880892
986,Mental Health America of California,California Nonprofit ,PO Box 567 Sacramento CA,Sacramento County,https://www.mhac.org/,info@mendocinolandtrust.org,,https://www.mendocinolandtrust.org/about-mlt/contact-us/,,https://www.facebook.com/MendocinoLandTrust,https://www.instagram.com/mendocinolandtrust/,,,,12133892077
987,Mentis,California Nonprofit ,1272 Hayes Street Napa CA,Napa County,http://mentisnapa.org/,,,http://www.mendocinowoodlands.org/contact-form,,https://www.facebook.com/MendocinoWoodlands.org/,https://www.instagram.com/mendowoodlands/?hl=en,,,,8333174673
988,Merola Opera Program,California Nonprofit ,601 Van Ness Ave Ste Q2Fr San Francisco CA,San Francisco County,https://merola.org/,info@mhautism.org,,https://mhautism.org/contact/,https://www.linkedin.com/company/autism-health-insurance-project/,https://www.facebook.com/MentalHealthAutismInsuranceProject/,https://www.instagram.com/mhautism/,,,,17072550966
989,Mexican Heritage Center,California Nonprofit ,,,http://morenoinstitute.org/,info@mhas-la.org,,http://mhas-la.org/contact-us,,,https://www.instagram.com/mhas_la/,,,,4159362324
990,Michelle's Place Cancer Resource Center,California Nonprofit ,41669 Winchester Rd Ste 101 Temecula CA,Riverside County,http://www.michellesplace.org/,,,https://mhac.org/mission-leadership/contact-us/,https://www.linkedin.com/company/mha-ca/,https://www.facebook.com/mhacalifornia/,https://www.instagram.com/mentalhealthamericaofca/ ,,,,
991,Microenterprise Collaborative of Inland Southern California,California Nonprofit ,14050 Cherry Avenue Ste R Pmb 1108 Fontana CA,San Bernardino County,https://microbizinsocal.org/,info@mentisnapa.org,,,,https://www.facebook.com/mentisnapa,https://www.instagram.com/mentisnapa/,,,,9516995455
992,MILPA,California Nonprofit ,339 Melody Ln Salinas CA,Monterey County,http://milpacollective.org/,info@merola.org,,https://merola.org/contact-us/,https://www.linkedin.com/company/merola-opera-program/,https://www.facebook.com/MerolaOpera/,https://www.instagram.com/p/C4gNfQZMmpT/?utm_source=ig_web_copy_link&igsh=MzRlODBiNWFlZA==,,,,
993,Mimi and Peter Haas Fund,California Nonprofit ,201 Filbert St Ste 500 San Francisco CA,San Francisco County,https://www.mphf.org/,info@morenoinstitute.org,hi@example.com,,,,,,,,
994,Minds Matter Los Angeles (dba Minds Matter Southern California),California Nonprofit ,19360 Rinaldi Street 23705 POrter Ranch CA,,https://mindsmatterla.org/,info@michellesplace.org,,,,https://www.facebook.com/MichellesPlaceCRC,https://www.instagram.com/MichellesPlaceCRC,,,,4152969249
995,Mission Motor Group,California Nonprofit ,,,http://www.wix.com/,,,https://microbizinsocal.org/contact/,https://www.linkedin.com/company/18549925/admin/,https://www.facebook.com/microbizinsocal,https://www.instagram.com/threelittlebluebyrds,,,,
996,Mission StageWorks,California Nonprofit ,,,http://www.missionstageworks.org/,"yoloco.info@milpacollective.org, Montereyco.info@milpcollective.org, solanoco.info@milpacollective.org, Santacruzco.info@milpacollective.org, info@milpacollective.org",,https://www.milpacollective.org/contact,https://www.linkedin.com/company/collective-milpa,https://www.facebook.com/MILPACollective,https://www.instagram.com/milpacollective/,,,,
997,Missionary Support Network,California Nonprofit ,630 W Tefft St 231014 Nipomo CA,,https://www.missionarysupportnetwork.com/,,,https://mphf.org/contact,,,,,,,
998,Mockingbird Incubator,California Nonprofit ,,,http://www.mockingbirdincubator.org/,,,,,,,,,,
999,Moffett Park Business Group,California Nonprofit ,PO Box 60995 Sunnyvale CA,Santa Clara County,http://www.mpbta.org/,,,https://www.wix.com/contact,https://www.linkedin.com/company/wix-com?trk=biz-companies-cym,https://www.facebook.com/wix,https://www.instagram.com/wix,https://www.wix.com,,,
1000,Molly's Angels,California Nonprofit ,433 Soscol Ave Suite B151 Napa CA,Napa County,http://www.mollysangels.com/,,,http://www.missionstageworks.org/contact-1,https://www.linkedin.com/company/m-sw,https://www.facebook.com/profile.php?id=61576914329443,https://www.instagram.com/missionstageworks,,,,
1001,Monterey College of Law,California Nonprofit ,100 Col. Durham Street Seaside CA,Monterey County,http://www.montereylaw.edu/,info@missionarysupportnetwork.com,,https://missionarysupportnetwork.com/contact-us/,,,,,,,7072248971
1002,Monterey County Film Commission,California Nonprofit ,PO Box 111 Monterey CA,Monterey County,https://filmmonterey.org/,"info@mockingbirdincubator.com, info@mockingbirdincubator.org",,http://www.mockingbirdincubator.org/contact-us,https://www.linkedin.com/company/mockingbird-incubator/?viewAsMember=true,,https://www.instagram.com/mockingbirdincubator/,,,,8315824000
1003,Monterey County Symphony Association,California Nonprofit ,PO Box 7130 CArmel-By-The-Sea CA,,http://www.montereysymphony.org/,,,,,,,,,,8316460910
1004,Monterey County Theatre Alliance,California Nonprofit ,PO Box 2531 Monterey CA,Monterey County,http://theatremonterey.org/,,"mollysangels@mollysangels.com, mollysangels@mollysangels.com?",http://www.mollysangels.com/contact,https://www.linkedin.com/company/molly-s-angels-of-napa-valley,https://www.facebook.com/mollysangelsofnapavalley/,https://www.instagram.com/mollysangels/,,,,
1005,Monterey Peninsula Volunteer Services,California Nonprofit ,,,http://mpvsbenefitshop.org/,info@montereylaw.edu,,http://www.montereylaw.edu//alumni/updatecontact.html,,https://www.facebook.com/empirecollegeoflaw,https://www.instagram.com/kerncountycollegeoflaw/,,,,
1006,Montessori School of Los Altos,California Nonprofit ,303 Parkside Dr Palo Alto CA,Santa Clara County,http://www.montessorischooloflosaltos.org/,Info@FilmMonterey.org,,https://filmmonterey.org/contact/,https://www.linkedin.com/company/monterey-county-film-commission,https://www.facebook.com/MontereyCountyFilmCommission,,,,,
1007,Moorpark Friends of the Library,California Nonprofit ,,,https://www.mfotl.com/,,,,,,,,,,
1008,Moreno Seeds Foundation,California Nonprofit ,1625 E Shaw Ave Suite 155 Fresno CA,Fresno County,https://morenoinstitute.org/,,,,,https://www.facebook.com/MCTheatreAlliance/,,,,,
1009,Mosaic America,California Nonprofit ,19143 Harleigh Drive Saratoga CA,Santa Clara County,https://mosaicamerica.org/,info@mpvsbenefitshop.org,"webmaster@mpvsbenefitshop.org, marketing@mpvsbenefitshop.org, membership@mpvsbenefitshop.org, grants@mpvsbenefitshop.org",http://mpvsbenefitshop.org/contact-us.html,,https://www.facebook.com/MPVSBenefitShop/,,,,,
1010,Moses House Ministries,California Nonprofit ,PO Box 2033 Victorville CA,San Bernardino County,https://www.moseshouse.org/,hello@losaltosmontessori.org,,,,,,,,,
1011,Mothers' Helpers,California Nonprofit ,PO Box 30994 Santa Barbara CA,Santa Barbara County,http://www.mothershelpers.org/,,,,,,,,,,
1012,Mountain Area Preservation Foundation,California Nonprofit ,PO Box 25 Truckee CA,Nevada County,http://www.mountainareapreservation.org/,,mfotlibrary@gmail.com,https://www.mfotl.com/contact-us,,https://www.facebook.com/Moorparkfriendsofthelibrary/,https://www.instagram.com/mfotl/,,,,
1013,"Mountain Counseling & Training, Inc.",California Nonprofit ,340 CA-138 PO Box 6300 Crestline CA,,http://www.mountaincounseling.org/,info@morenoinstitute.org,hi@example.com,,,,,,,,
1014,Mountain High Recovery Center,California Nonprofit ,2494 Lake Tahoe Blvd. Suit B7 South Lake Tahoe CA,El Dorado County,http://mountainhighrecovery.org/,,,https://mosaicamerica.org/contact/,,https://www.facebook.com/mosaicamerica,https://www.instagram.com/mosaicamerica/,,,,5305826751
1015,Mountain Homeless Coalition,California Nonprofit ,P. O. Box 9226 Cedarpines Park CA,,http://www.mountainhomelesscoalition.com/,info@moseshouse.org,,https://www.moseshouse.org/contact,,https://www.facebook.com/MosesHouseMinistries/,https://www.instagram.com/moseshouseministries/,https://x.com/MosesHouseHD,,,909%20336%203330
1016,Mountain Lion Foundation,California Nonprofit ,PO Box 1896 Sacramento CA,Sacramento County,https://mountainlion.org/,info@mothershelpers.org,,https://www.mothershelpers.org/contact,,https://www.facebook.com/MothersHelpers.SB,https://www.instagram.com/mothershelpersorg/,,,,
1017,Mountaintop Productions Inc,California Nonprofit ,,,http://mountaintopproductions.org/,info@mapf.org,,http://www.mountainareapreservation.org/contact-us,https://www.linkedin.com/company/mountain-area-preservation,https://www.facebook.com/MountainAreaPreservation/,https://www.instagram.com/mountainareapreservation/,,,,9097134099
1018,MOVE Mountain View,California Nonprofit ,,,https://www.movemv.org/,info@mountaincounseling.org,,https://www.mountaincounseling.org/contact/,,https://www.facebook.com/MountainCounselingandTraining,https://www.instagram.com/mountaincounselingandtraining/?fbclid=IwAR2GFuWK3LJznmkIfKSclO4N57ZOkZxwsE3_jQUNpyw7XnLwAuqRjupV0Y0,,,,9164422666
1019,Move Santa Barbara County,California Nonprofit ,,,https://movesbcounty.org/,,,https://mountainhighrecovery.org/contact/,,https://www.facebook.com/p/Mountain-High-Recovery-Center-100071614191849/,https://www.instagram.com/mountainhighrecovery/,,,,
1020,Movement Generation,California Nonprofit ,PO Box 102 Berkeley CA,Alameda County,http://movementgeneration.org/,,wecare@mtnhomeless.com,https://www.mountainhomelesscoalition.com/contact,,https://www.facebook.com/MountainHomelessCoalition/,https://www.instagram.com/mountainhomelesscoalition/,,,,
1021,Movement Strategy Center,California Nonprofit ,1625 Clay Street 6Th Floor Oakland CA,Alameda County,https://movementstrategy.org/,info@mountainlion.org,,https://mountainlion.org/contact-us/,,https://www.facebook.com/MountainLionFoundation/,https://www.instagram.com/mountainlionfoundation/,,,,
1022,"MOXI, The Wolf Museum of Exploration + Innovation",California Nonprofit ,125 State St Santa Barbara CA,Santa Barbara County,http://moxi.org/,,,https://mountaintopproductions.org/contact-us/,,,,,,,
1023,Mr. Holland's Opus Foundation,California Nonprofit ,2550 N Hollywood Way 302 Burbank CA,Los Angeles County,https://www.mhopus.org/,,movemvemail@gmail.com,https://www.movemv.org/contact-us,https://www.linkedin.com/company/move-mountain-view,https://www.facebook.com/movemountainview,https://www.instagram.com/movemountainview/?hl=en,,,,
1024,Museum of Northern California Art,California Nonprofit ,900 Esplanade Chico CA,Butte County,http://www.monca.org/,,,https://movesbcounty.org/contact/,https://www.linkedin.com/company/18668332,https://www.facebook.com/movesbcounty,https://www.instagram.com/movesbcounty/,,,,
1025,Music Connects Foundation,California Nonprofit ,,,https://www.musicconnectsfoundation.org/,,,,,,,,,,18187624328
1026,Music Tech Foundation,California Nonprofit ,,,http://musictechfoundation.org/,,"advancement@movementstrategy.org, simone@movementstrategy.org",https://movementstrategy.org/contact-us/,https://www.linkedin.com/company/movement-strategy-center/,https://www.facebook.com/MovementStrategyCenter/,https://www.instagram.com/msconthemove/,,,,
1027,Mustang Speech and Debate Foundation,California Nonprofit ,,,,info@moxi.org,"members@moxi.org, events@moxi.org, sales@moxi.org, development@moxi.org, marketing@moxi.org",https://moxi.org/about-moxi/contact/,https://www.linkedin.com/company/moxi-the-wolf-museum-of-exploration-innovation/,https://www.facebook.com/MOXIsb,https://www.instagram.com/moxisb/,,,,
1028,Muttville,California Nonprofit ,,,https://muttville.org/,,"applications@mhopus.org, support@mhopus.org",https://mhopus.org/contact/,,https://www.facebook.com/fund/TheMrHollandsOpusFoundation,,,,,
1029,MyPath,California Nonprofit ,2430 Mission Street San Francisco CA,San Francisco County,https://mypathus.org/,,,,,,,,,,
1030,NAMI San Diego & Imperial Counties,California Nonprofit ,,,http://www.namisandiego.org/,,,,,,https://www.instagram.com/musicconnectsfoundation/,,,,14152724172
1031,NAMI San Mateo County,California Nonprofit ,,,https://namisanmateo.org/,,,http://musictechfoundation.org/#contact,,,,,,,
1032,NAMI Sonoma County,California Nonprofit ,182 Farmers Lane Suite 202 Santa Rosa CA,Sonoma County,http://www.namisoco.org/,,,,,,,,,,6195431434
1033,Napa Valley Community Foundation,California Nonprofit ,3299 Claremont Way Ste 2 Napa CA,Napa County,http://www.napavalleycf.org/,info@muttville.org,"seniorsforseniors@muttville.org, guardian@muttville.org, volunteer@muttville.org, adoptions@muttville.org, events@muttville.org, registration@muttville.org, humaneeducation@muttville.org, donations@muttville.org, courtesy-post@muttville.org, plannedgiving@muttville.org, foster@muttville.org",https://muttville.org/contact_us,,https://www.facebook.com/Muttville.Senior.Dog.Rescue,https://www.instagram.com/muttvillesf/,https://x.com/muttville,,,
1034,Napa Valley Community Organizations Active in Disaster (COAD),California Nonprofit ,3299 Clarement Way Suite 232 Napa CA,Napa County,http://napavalleycoad.org/,,,,,,,,,,8669606264
1035,Napa Valley Vine Trail Coalition,California Nonprofit ,3299 Claremont Way Ste 5 Napa CA,Napa County,http://www.vinetrail.org/,,signatureprograms@namisd.org,https://namisandiego.org/contact/,https://www.linkedin.com/company/nami-san-diego/,https://www.facebook.com/namisandiego,https://www.instagram.com/NAMI.San.Diego/,,,,17072549565
1036,"Nar-Anon Family Groups Headquarters, Inc",California Nonprofit ,,,http://nar-anon.org/,,"namismc@sbcglobal.net, helpline@nami.org, nami@namisanmateo.org",https://namisanmateo.org/contact,,https://www.facebook.com/namismc/,https://www.instagram.com/nami_smc/,,,,
1037,Narika,California Nonprofit ,,,http://www.narika.org/,info@namisoco.org,,https://namisonomacounty.org/contact/,,https://www.facebook.com/NAMIsoco,https://www.instagram.com/namisonoma,,,,
1038,National Alliance on Mental Illness South Bay (South Bay Alliance on Mental Illness),California Nonprofit ,1652 10Th Street Manhattan Beach CA,Los Angeles County,http://www.namisouthbay.org/,hello@napavalleycf.org,giving@napavalleycf.org,https://www.napavalleycf.org/contact-us/,,https://www.facebook.com/napavalleycommunityfoundation,https://www.instagram.com/napavalleycf/,,,,
1039,National Asian Pacific American Families Allied for Substance Awareness and Harm Reduction,California Nonprofit ,,,https://napafasa.org/,,,,,,,,,,18002157308
1040,National Assistance League,California Nonprofit ,,,https://www.assistanceleague.org/,info@3a7d41d023.nxcli.io,,http://www.vinetrail.org//pub/htdocs/contact.html,,https://www.facebook.com/NVVineTrail/,https://www.instagram.com/nvvinetrail/?hl=en,,,,18182081801
1041,National Center for Employee Ownership,California Nonprofit ,,,https://www.nceo.org/,," wso@nar-anon.org,  wccommittee@nar-anon.org,  translations@nar-anon.org,  newsletters@nar-anon.org,  wscconference@nar-anon.org,  pandgcommittee@nar-anon.org, osm@nar-anon.org,  narateen@nar-anon.org,  budgetandfinance@nar-anon.org,  outreach@nar-anon.org, events@nar-anon.org,  litcom@nar-anon.org, ahou@nar-anon.org,  webcommittee@nar-anon.org,  wshrcommittee@nar-anon.org",http://nar-anon.org/contact,,,,,,,
1042,National Center for Youth Law,California Nonprofit ,,,https://youthlaw.org/,,board@narika.org,http://www.narika.org/contact,,https://www.facebook.com/NarikaBayArea/, https://www.instagram.com/narikabayarea/?hl=en  ,,,,
1043,National Day Laborer Organizing Network (NDLON),California Nonprofit ,1030 S. Arroyo Parkway Ste 106 Pasadena CA,Los Angeles County,https://ndlon.org/,,"helpline@nami.org, pstans5@aol.com, hope@namiglac.org",https://namisouthbay.org/contact/,https://www.linkedin.com/company/namisouthbay/,https://www.facebook.com/NamiSouthBay/,https://www.instagram.com/nami.southbay/,,,,
1044,National Dental Advocacy Program,California Nonprofit ,1420 E Roseville Parkway Suite 140-Pmv 163 Roseville CA,Placer County,http://nationaldentaladvocacy.org/,,,,,,,,,,
1045,National Eczema Association,California Nonprofit ,,,http://www.nationaleczema.org/,info@assistanceleague.org,,https://www.assistanceleague.org/contact/,https://www.linkedin.com/company/assistance-league-national-office/,https://www.facebook.com/AssistanceLeague,https://www.instagram.com/assistanceleaguenational/,,,,
1046,National Film Preservation Foundation,California Nonprofit ,145 Ninth Street Suite 260 San Francisco CA,San Francisco County,http://www.filmpreservation.org/,,customerservice@nceo.org,https://www.nceo.org/contact-us,https://www.linkedin.com/company/the-national-center-for-employee-ownership-nceo-,https://www.facebook.com/theNCEO/,,,,,7072756327
1047,National High School Career Day Network,California Nonprofit ,45 Sausalito Circle West Manhattan Beach CA,Los Angeles County,http://hscareerdaynetwork.com/,info@youthlaw.org,wjacobson@youthlaw.org,https://youthlaw.org/contact-us/,,,,https://x.com/NCYLnews,,,
1048,National Housing Law Project,California Nonprofit ,90 New Montgomery Street Suite 1015 San Francisco CA,San Francisco County,http://www.nhlp.org/,,,,,,,,,,
1049,National Organization of Gay and Lesbian Scientists & Technical Professionals,California Nonprofit ,PO Box 91803 Pasadena CA,Los Angeles County,https://outtoinnovate.org/, info@nationaldentaladvocacy.org?,,,https://www.linkedin.com/company/national-dental-advocacy,https://www.facebook.com/profile.php?id=61569344315169,https://www.instagram.com/nationaldentaladvocacy/,,,,3106124971
1050,Native American Land Conservancy,California Nonprofit ,300 S Highland Springs Ave Ste 6C 23279 Banning CA,Riverside County,http://nativeamericanland.org/,,,,,,,,,,
1051,Native Dads Network,California Nonprofit ,280 W. Court Street 238 Woodland CA,Yolo County,http://www.nativedadsnetwork.org/,,,,,,,,,,
1052,Natividad Medical Foundation,California Nonprofit ,PO Box 4427 Salinas CA,Monterey County,http://www.nativadad.com/,info@hscareerdaynetwork.com,,,,,,,,,
1053,Natural Communities Coalition,California Nonprofit ,13042 Old Myford Road Irvine CA,Orange County,https://occonservation.org/,,NHLP@NHLP.org,,https://www.linkedin.com/company/national-housing-law-project/?viewAsMember=true,https://www.facebook.com/nationalhlp,,,,https://bsky.app/profile/nhlp.bsky.social,9163464277
1054,Natural High,California Nonprofit ,7881-A Drury Lane La Jolla CA,,http://www.naturalhigh.org/,,,,https://www.linkedin.com/company/out-to-innovate,https://www.facebook.com/OuttoInnovate/,https://www.instagram.com/outtoinnovate/,,,https://bsky.app/profile/outtoinnovate.bsky.social,
1055,"NCI Affiliates, Inc.",California Nonprofit ,1434 Chestnut St 496 Linne Road Paso Robles CA,San Luis Obispo County,https://www.nciaffiliates.org/,info@nativeamericanland.org,,https://www.nativeamericanland.org/contact,,https://www.facebook.com/NALCorg/,https://www.instagram.com/nalcorg/?hl=en,,,,
1056,NCN Organization,California Nonprofit ,1126 Doralee Way San Jose CA,Santa Clara County,https://thencngroup.org/,info@nativedadsnetwork.org,,http://www.nativedadsnetwork.org/contact.html,https://www.linkedin.com/in/mike-duncan-90347573/,https://www.facebook.com/NativeDadsNetwork,https://www.instagram.com/wailaki.md/,,,,
1057,Nell Newman Foundation,California Nonprofit ,PO Box 3263 Santa Cruz CA,Santa Cruz County,https://nellnewmanfoundation.org/,,,,,,,,,,
1058,Nevada County Jewish Community Center,California Nonprofit ,,,http://ncjcc.org/,info@occonservation.org,,,,,,,,,14083607379
1059,New Beginnings Counseling Center,California Nonprofit ,530 E. Montecito St. Ste 101 Santa Barbara CA,Santa Barbara County,https://sbnbcc.org/,info@naturalhigh.org,,https://www.naturalhigh.org/contact/,,https://www.facebook.com/livenaturallyhigh/,https://www.instagram.com/naturalhighlive/,,,,
1060,New Bridge Foundation,California Nonprofit ,2323 Hearst Ave Berkeley CA,Alameda County,http://www.newbridgefoundation.org/,,,https://www.nciaffiliates.org//pages/contact-us,,https://www.facebook.com/NCIAHI/,https://www.instagram.com/nciaffiliates/,,,,
1061,New Horizon School Westside,California Nonprofit ,1819 Sawtelle Blvd Los Angeles CA,Los Angeles County,https://newhorizonwestside.org/," info@thencngroup.org , info@thencngroup.org",,https://thencngroup.org/contact/,https://www.linkedin.com/in/ncnorganization/,,https://www.instagram.com/thencngroup/,,,,
1062,New Literary Project,California Nonprofit ,4100 Redwood Road Suite 20A2F424 Oakland CA,Alameda County,http://www.simpsonliteraryproject.org/,,,,,,,,,,8667728491
1063,New Museum Los Gatos (Los Gatos Museum Association),California Nonprofit ,106 E. Main Street Los Gatos CA,Santa Clara County,https://www.numulosgatos.org/,,,,,,,,,,
1064,NEWS,California Nonprofit ,1141 Pear Tree Ln Ste 220 Napa CA,Napa County,http://www.napanews.org/,,safeparking@sbnbcc.org,https://sbnbcc.org/contact/,https://www.linkedin.com/company/santa-barbara-new-beginnings-counseling-center/,https://www.facebook.com/NewBeginningsCounselingCenter,https://www.instagram.com/newbeginnings_nonprofit/?utm_source=ig_embed&utm_campaign=loading,,,,
1065,Next Door Solutions To Domestic Violence,California Nonprofit ,234 E Gish Rd Ste 200 San Jose CA,Santa Clara County,https://www.nextdoorsolutions.org/,,,https://www.newbridgefoundation.org/contact-new-bridge-foundation/,https://www.linkedin.com/company/new-bridge-foundation-inc-/,https://www.facebook.com/New-Bridge-Foundation-158355630862374/,,,,,4083542646
1066,Next River,California Nonprofit ,818 59Th Street Oakland CA,Alameda County,https://www.nextriver.org/,,,,,,,,,,17072556397
1067,Nile Sisters Development Initiative,California Nonprofit ,4265 Fairmount Avenue Suite 130 San Diego CA,San Diego County,http://www.nilesisters.org/,,diane@newliteraryproject.org,,https://www.linkedin.com/company/new-literary-project,https://www.facebook.com/NewLiteraryProject,https://www.instagram.com/newliteraryproject/,,,,
1068,No Res Gourmet,California Nonprofit ,,,http://noresgourmet.org/,,,,https://www.linkedin.com/company/newmuseumlosgatos,https://www.facebook.com/NewMuseumLosGatos/,,,,https://bsky.app/profile/newmuseumlosgatos.bsky.social,
1069,No Time To Waste,California Nonprofit ,2237 Cheryl Way San Jose CA,Santa Clara County,http://www.notimetowaste.live/,,,https://www.napanews.org/contact-us/,,https://www.facebook.com/NEWS4Peace,https://www.instagram.com/news4peace/,https://x.com/NapaDVSA,,,
1070,Nonprofit Alliance of Monterey County,California Nonprofit ,PO Box 602 Pacific Grove CA,Monterey County,http://www.alliancemonterey.org/,info@nextdoor.org,"volunteer@nextdoor.org, development@nextdoor.org",https://www.nextdoorsolutions.org/contact/,https://www.linkedin.com/company/965966,https://www.facebook.com/NextDoorSolutions/,https://www.instagram.com/next_door_solutions/,,,,
1071,Nonprofit Connection Santa Cruz County,California Nonprofit ,PO Box 1894 Soquel CA,,http://www.npconnectscc.org/,,,,https://www.linkedin.com/company/nextriver/,,,,,,
1072,Non-Profit Housing Association of Northern Califor,California Nonprofit ,49 Stevenson Street Suite 500 San Francisco CA,San Francisco County,http://www.nonprofithousing.org/,info@nilesisters.org,,https://nilesisters.org/contact/,,,,,,,
1073,Nonprofit Incubator of Southern Marin,California Nonprofit ,,,http://www.npimarin.org/,,,https://www.noresgourmet.org/contact,,,,,,,
1074,Nonprofit Law and Leadership Inc.,California Nonprofit ,1401 21St Street Ste 7395 Sacramento CA,Sacramento County,http://www.nonprofitlawandleadership.org/,,notime2waste.food@gmail.com,http://www.notimetowaste.live/contact,https://www.linkedin.com/in/paul-dimarco-284004b7/,https://www.facebook.com/NTTWfood/,https://www.instagram.com/notimetowaste_food/,,,,
1075,Nonprofits Insurance Alliance of California (NIAC),California Nonprofit ,PO Box 8507 Santa Cruz CA,Santa Cruz County,https://insurancefornonprofits.org/calnonprofits/,,,,,https://www.facebook.com/TeePubliccom-865099700332025,https://www.instagram.com/teepublic/,,,,
1076,Norcal Golden Retriever Rescue,California Nonprofit ,405 El CAmino Real Suite 420 Menlo Park CA,San Mateo County,https://ngrr.org/,,membership@npconnectscc.org,https://npconnectscc.org/contact-us/,,,,,,,
1077,Norma Ibarra,California Nonprofit ,152 W 32Nd St Los Angeles CA,Los Angeles County,http://www.saje.net/,,,http://www.nonprofithousing.org/contact-us/,https://www.linkedin.com/company/nonprofithousing,https://www.facebook.com/nonprofithousing/,,,,,
1078,North Coast Growers Association,California Nonprofit ,5720 West End Road Building 2 Arcata CA,Humboldt County,https://www.northcoastgrowersassociation.org/,,kristen@npimarin.org,,,,,,,,
1079,"North Coast Opportunities, Inc.",California Nonprofit ,413 North State Street Ukiah CA,Mendocino County,http://www.ncoinc.org/,,,http://www.nonprofitlawandleadership.org/contact-us,,https://www.facebook.com/share.php?u=https%3A//nonprofitlawandleadership.org&title=Nonprofit%20Law%20and%20Leadership%20Inc.,,,,,2137459961
1080,North Coast Rape Crisis Team,California Nonprofit ,425 I Street Arcata CA,Humboldt County,http://www.ncrct.org/,info@insurancefornonprofits.org,,https://insurancefornonprofits.org/contact/,http://www.linkedin.com/company/nonprofits-insurance-alliance,https://www.facebook.com/insurancefornonprofits,https://www.instagram.com/nonprofitsinsurance/,,,,
1081,North Coast Resource Conservation & Development Council,California Nonprofit ,PO Box 6417 Santa Rosa CA,Sonoma County,http://www.conservationworksnc.org/,info@ngrr.org,donations@ngrr.org,https://ngrr.org/contact-us.html,,https://www.facebook.com/ncgrr/,https://www.instagram.com/norcalgoldenretriever_rescue,,,,
1082,North County Rape Crisis and Child Protection Center,California Nonprofit ,PO Box 148 Lompoc CA,Santa Barbara County,http://www.sbcountyrapecrisis.org/,info@saje.net,,https://www.saje.net/contact/,,https://www.facebook.com/strategicactions,https://www.instagram.com/saje_southla/,,,,
1083,North East Exchange Team SF,California Nonprofit ,PO Box 330278 San Francisco CA,San Francisco County,http://nextvillagesf.org/,info@northcoastgrowersassociation.org,,https://www.northcoastgrowersassociation.org/contact-us.html,,,,,,,
1084,North Star ALS Inc.,California Nonprofit ,,,https://www.northstarals.org/,info@ncoinc.org,,http://www.ncoinc.org//about-us/contact-us/,https://www.linkedin.com/company/north-coast-opportunities-inc/,https://www.facebook.com/wearenco,,,,,
1085,North Valley Animal Disaster Group,California Nonprofit ,PO Box 441 Chico CA,Butte County,http://www.nvadg.org/,,,https://ncrct.org/contact-us/,,,,,,,415.888.2868
1086,Northcoast Regional Land Trust,California Nonprofit ,,,http://ncrlt.org/,,,http://www.conservationworksnc.org/contact-us,,https://www.facebook.com/NCRCDC,https://www.instagram.com/conservation_works/,,,,
1087,Northern California Chapter of The Explorers Club,California Nonprofit ,26 Egret Way Mill Valley CA,Marin County,http://explorersnorca.org/,,,https://sbcountyrapecrisis.org/contact/,,https://www.facebook.com/ncrccpc/,https://www.instagram.com/ncrccpc/,,,,
1088,Northern California Chapter Sister Cities International,California Nonprofit ,3277 S White Road 6990 San Jose CA,Santa Clara County,https://norcalsistercities.org/,info@nextvillagesf.org,,https://nextvillagesf.org/contact-us/,,https://www.facebook.com/pg/NEXTVillageSF/community/?mt_nav=0&msite_tab_async=0,,,,,
1089,Northern California School of the Arts/ Nu Art Education,California Nonprofit ,803 Vallejo Way Sacramento CA,Sacramento County,http://www.norcalsota.org/,,,https://www.northstarals.org/contact-us,https://www.linkedin.com/company/north-star-als/,https://www.facebook.com/profile.php?id=61580040404926,https://www.instagram.com/northstaralsorg/,,,,
1090,Northern Santa Barbara County United Way Inc,California Nonprofit ,,,https://unitedwaylife.org/,info@nvadg.org,"volunteer@nvadg.org, president@nvadg.org, owcn@nvadg.org, treasurer@nvadg.org, webmaster@nvadg.org",https://www.nvadg.org/contact/,,https://www.facebook.com/nvadg,https://www.instagram.com/nvadg_chico/,,,,
1091,Nourish Madagascar,California Nonprofit ,346 Redondo Ave. Long Beach CA,Los Angeles County,http://www.nourishmada.org/,"Info@ncrlt.org, info@ncrlt.org",,https://ncrlt.org/contact-us/,,https://www.facebook.com/northcoastregionallandtrust,https://www.instagram.com/northcoastregionallandtrust/,,,,
1092,NOVA12SF,California Nonprofit ,140 Farnum St San Francisco CA,San Francisco County,http://www.nova-12-sf-org/,,,http://explorersnorca.org/contact,,,https://www.instagram.com/explorersclub_norcal/?hl=en,,,,
1093,Novato Chamber of Commerce,California Nonprofit ,807 De Long Ave Novato CA,Marin County,http://www.novatochamber.com/,,,https://norcalsistercities.org/contact-2/,,,,,,,
1094,Noyo Center for Marine Science,California Nonprofit ,PO Box 1321 Fort Bragg CA,Mendocino County,http://www.noyocenter.org/,info@norcalsota.org,,http://www.norcalsota.org/contact,https://www.linkedin.com/company/norcalsota/posts/?feedView=all,https://www.facebook.com/norcalsota/,https://www.instagram.com/norcalsota/#,https://norcalarts.thundertix.com/events/259369,,,
1095,NPO Centric,California Nonprofit ,,,http://npocentric.org/,,,https://unitedwaylife.org/contact-us,https://www.linkedin.com/company/nsbcuw/?viewAsMember=true,https://www.facebook.com/462546470274980,https://www.instagram.com/nsbcunitedway/,https://www.x.com/nsbc_unitedway,,,4158971164
1096,Nxt Art Foundation INC,California Nonprofit ,106 12F2 Judge John Aiso St. 23314 Los Angeles CA,Los Angeles County,https://nowartpublic.com/,,,http://www.nourishmada.org/contact,,,,,,,
1097,"Oak Park Preschool, Inc",California Nonprofit ,PO Box 5511 Sacramento CA,Sacramento County,http://www.oakparkpreschoolinc.org/,,,,,,,,,,7606749992
1098,Oakland Interfaith Gospel Choir,California Nonprofit ,1212 Preservation Park Way Ste 200 Oakland CA,Alameda County,https://www.oigc.org/,,"kimstahley@novatochamber.com, kim@novatochamber.com, christina@novatochamber.com",,https://www.linkedin.com/in/novatochamber/,https://www.facebook.com/NovatoChamber,https://www.instagram.com/novatochamber/,https://www.ultragenyx.com,,,
1099,Oakland Leaf Foundation,California Nonprofit ,,,http://www.oaklandleaf.org/,info@noyocenter.org,,http://www.noyocenter.org/contact,,https://www.facebook.com/noyocenter,https://www.instagram.com/noyocenter/,,,,9165733553
1100,Oakland Public Education Fund,California Nonprofit ,PO Box 71005 Oakland CA,Alameda County,http://www.oaklandedfund.org/,info@npocentric.org,,,https://www.linkedin.com/company/npo-centric?kuid=324746b3-abc5-46c5-9934-5f1af867c569-1775154378&kref=https%3A%2F%2Fwww.npocentric.org%2F,https://www.facebook.com/NPOCentric?kuid=324746b3-abc5-46c5-9934-5f1af867c569-1775154378&kref=https%3A%2F%2Fwww.npocentric.org%2F,https://www.instagram.com/NPOCentric?kuid=324746b3-abc5-46c5-9934-5f1af867c569-1775154378&kref=https%3A%2F%2Fwww.npocentric.org%2F,,,,15108394361
1101,Oakland St. John Missionary Baptist Church,California Nonprofit ,1909 Market St Oakland CA,Alameda County,http://www.stjohnoakland.org/,"info@nowartpublic.com, info@nowartla.org","murals@nowartpublic.com, press@nowartpublic.com",https://nowartpublic.com/contact/,https://www.linkedin.com/company/nowartla,https://www.facebook.com/nowartla,https://www.instagram.com/nowart_la/,,,,
1102,Oakville Winegrowers,California Nonprofit ,PO Box 101 Oakville CA,,http://www.oakvillewinegrowers.com/,,oakparkpreschoolin@att.net,https://oakparkpreschoolinc.org/preschool-contact-us,,,,,,,
1103,"Oceanographic Teaching Stations, Inc.",California Nonprofit ,PO Box 1 Manhattan Beach CA,Los Angeles County,http://www.roundhouseaquarium.org/,admin@oigc.org,,https://www.oigc.org/contact,https://www.linkedin.com/company/oaklandinterfaith,,,,,,7128328300
1104,"Office of Samoan Affairs of California, Inc.",California Nonprofit ,454 E. CArson Plaza Drive Suite 109 CArson CA,Los Angeles County,https://officeofsamoanaffairs.org/,admin@oaklandleaf.org,,http://www.oaklandleaf.org/contact-us/,https://www.linkedin.com/company/oakland-leaf-foundation,https://www.facebook.com/OaklandLeaf/,https://www.instagram.com/oaklandleaf/,,,,
1105,Ojai Playwrights Conference,California Nonprofit ,,,https://www.ojaiplays.org/,info@oaklandedfund.org,,https://www.oaklandedfund.org/contact/,,https://www.facebook.com/oakedfund,https://www.instagram.com/oaklandedfund/,,,,3103798117
1106,Old English Sheepdog Rescue of Southern California,California Nonprofit ,,,http://www.oesrescue.com/,,,http://www.stjohnoakland.org/http://stjohnoakland.org/contacts/,,https://www.facebook.com/GSJMBCHURCH/,,,,,
1107,Old Town Artisan Studios,California Nonprofit ,,,http://www.oldtownartisanstudios.org/,,,,https://www.linkedin.com/company/oakville-winegrowers/?viewAsMember=true,https://www.facebook.com/oakvillewinegrowers,https://www.instagram.com/oakvillewinegrower/#,https://x.com/wildapricot,,,
1108,Old Town Newhall Association,California Nonprofit ,24301 Main St. Newhall CA,,http://otna.org/,,,https://roundhouseaquarium.org/contact/,,https://www.facebook.com/RoundhouseAquarium,https://www.instagram.com/roundhouseaquarium/,,,,
1109,Older Wiser Lawyer Mentors,California Nonprofit ,182 Howard Street 23113 San Francisco CA,San Francisco County,https://www.owlmentors.org/,,,https://officeofsamoanaffairs.org/contact-us-2/,,,,,,,7607771444
1110,Olive View - UCLA Education & Research Institute,California Nonprofit ,14445 Olive View Dr Research Admin Office Sylmar CA,,http://www.ovuclaeri.com/,info@ojaiplays.org,,https://www.ojaiplays.org/contact-us,,https://www.facebook.com/OjaiPlays/,https://www.instagram.com/ojaiplays,,,,
1111,One ATTA Time,California Nonprofit ,,,https://oneattatime.org/,,oesr@earthlink.net,https://oesrescue.com/contact-old-english-sheepdog-rescue-non-profit-los-angeles/,,https://www.facebook.com/profile.php?id=61561005821044,,,,,
1112,One Circle Foundation,California Nonprofit ,,,https://onecirclefoundation.org/,"info@oldtownartisanstudios.org, admin@oldtownartisanstudios.org","Andy@oldtownartisanstudios.org, wendy@oldtownartisanstudios.org, Colby@oldtownartisanstudios.org, aprudencio@oldtownartisanstudios.org, angel@oldtownartisanstudios.org, Peggy@oldtownartisanstudios.org, kennan@oldtownartisanstudios.org, roccie@oldtownartisanstudios.org",https://oldtownartisanstudios.org/contact/,,https://www.facebook.com/OldTownArtisanStudio,https://www.instagram.com/oldtownartisanstudios/,,,,
1113,One Living Sanctuary,California Nonprofit ,2785 Franklin CAnyon Road Martinez CA,Contra Costa County,https://onelivingsanctuary.org/,info@otna.org,,https://otna.org/contact/,,,,,,,
1114,One Treasure Island,California Nonprofit ,1 Avenue Of The Palms Ave Ste 166 San Francisco CA,San Francisco County,http://www.onetreasureisland.org/,,,,,,,,,,4154195119
1115,OneDegree,California Nonprofit ,360 Grand Ave. Unit 190 Oakland CA,Alameda County,http://www.socialinterest.org/,,,,,,,,,,
1116,O'Neill Sea Odyssey,California Nonprofit ,2222 East Cliff Drive Suite 222 Santa Cruz CA,Santa Cruz County,http://www.oneillseaodyssey.org/,info@oneattatime.org,,https://oneattatime.org/contact/,,https://www.facebook.com/oneattatime,https://www.instagram.com/oneattatime/,,,,
1117,OneOC,California Nonprofit ,1901 East 4Th St Suite 100 Santa Ana CA,Orange County,http://www.oneoc.org/,info@OneCircleFoundation.org,,,,,https://www.instagram.com/onecirclefoundation/,,,,
1118,OneReef Worldwide Stewardship,California Nonprofit ,2625 Middlefield Rd Suite 252 Palo Alto CA,Santa Clara County,https://onereef.org/,contact@onelivingsanctuary.org?,,https://onelivingsanctuary.org/contact,,https://www.facebook.com/onelivingsanctuary/,,,,,
1119,Open California,California Nonprofit ,2617 K St 23275 Sacramento CA,Sacramento County,http://www.capitolweekly.net/,,,http://www.onetreasureisland.org/contactus,https://www.linkedin.com/company/one-treasure-island/,https://www.facebook.com/One-Treasure-Island-253180514806068,https://www.instagram.com/onetreasureisland_sf/  ,https://x.com/onetreasureisla,,,
1120,Open Medicine Foundation,California Nonprofit ,29302 Laro Drive Agoura Hills CA,Los Angeles County,http://www.omf.ngo/,,,,,,,,,,
1121,Open Paths Counseling Center,California Nonprofit ,301 N. Prairie Ave. Suite 510 Culver City CA,Los Angeles County,http://www.openpaths.org/,info@oneillseaodyssey.org,,,,https://www.facebook.com/oneillseaodyssey,https://www.instagram.com/oneillseaodyssey/,,,,
1122,OpenArt,California Nonprofit ,2940 Summer St Eureka CA,Humboldt County,https://www.openartgroup.org/#/,,,,https://www.linkedin.com/company/oneoc,https://www.facebook.com/OneOC.org,https://www.instagram.com/weareoneoc/,,,,
1123,OpenMinds Mental Health Services,California Nonprofit ,1919 State St Santa Barbara CA,Santa Barbara County,https://www.openminds.clinic/,,,,https://www.linkedin.com/company/onereef/,https://www.facebook.com/OneReefWorldWide,https://www.instagram.com/Onereefworldwide/,,,,
1124,Operation Shanti,California Nonprofit ,125 Gilbert St Apt 3 San Francisco CA,San Francisco County,http://www.operation-shanti.org/,,,,,,,,,,
1125,OPICA Adult Day Care Center,California Nonprofit ,11759 Missouri Ave Los Angeles CA,Los Angeles County,http://www.opica.org/,info@omf.ngo,,,https://www.linkedin.com/company/open-medicine-foundation/,https://www.facebook.com/OpenMedicineFoundation,https://www.instagram.com/openmedf/,,,,18056330849
1126,Optimist Club of Point Loma,California Nonprofit ,4376 Piedmont Dr. San Diego CA,San Diego County,http://www.pointlomaoptimist.com/,,inquiry@openpaths.org,,,https://www.facebook.com/OpenPathsLA,https://www.instagram.com/openpathsla/,,,,
1127,Orange County Bar Foundation DBA Project Youth OC,California Nonprofit ,1605 E. 17Th Street Santa Ana CA,Orange County,https://projectyouthocbf.org/,,,,,,,,,,
1128,Orange County Model Engineers,California Nonprofit ,PO Box 3216 Costa Mesa CA,Orange County,http://ocmetrains.org/,"info@takeroottherapy.com, info@openminds.clinic",,,,,,,,,
1129,Orange County Sports Commission,California Nonprofit ,2099 S. State College Blvd Ste 600 Anaheim CA,Orange County,http://www.ocsportscommission.org/,,,http://www.operation-shanti.org/contact,,https://www.facebook.com/ operationshantikids/,,,,,17144801925
1130,Ore-Cal Resource Conservation and Development Area Council,California Nonprofit ,,,https://www.orecalrcdc.org/,,"pam@opica.org, mary@opica.org, diane@opica.org, saira@opica.org, sara@opica.org, cheryl@opica.org,  lisa@opica.org",https://www.opica.org/contact-us/,,,,,,,
1131,"Orenda Veterans Project, Inc.",California Nonprofit ,,,https://orendavets.org/,,,,,https://www.facebook.com/PointLomaOptimistClub,,,,,
1132,Organization for Social Media Safety,California Nonprofit ,6442 Platt Ave 231914 West Hills CA,,http://www.socialmediasafety.org/,info@pyoc.org,,https://projectyouthocbf.org/contact-us/,https://www.linkedin.com/company/4007248/admin/feed/posts/,https://www.facebook.com/ProjectYouthOC/,https://www.instagram.com/projectyouthoc/,,,,15306436574
1133,OTB: thinking,California Nonprofit ,,,,info@ocmetrains.org,,https://ocmetrains.org/contact-us/,,https://www.facebook.com/OrangeCountyModelEngineers,,,,,805%204180382
1134,Our City Forest,California Nonprofit ,1195 Clark Street San Jose CA,Santa Clara County,http://www.ourcityforest.org/,,,https://www.ocsportscommission.org/contact-us/,https://www.linkedin.com/company/orange-county-sports-commission/,https://www.facebook.com/ocsportscom/,https://www.instagram.com/ocsportscom/,,,,
1135,Our Clean Oceans,California Nonprofit ,,,http://www.ourcleanoceans.org/,,orecalrcanddc@gmail.com,https://www.orecalrcdc.org/contact/,,https://www.facebook.com/OreCal.R.C.and.D/,,,,,
1136,Our Family Coalition,California Nonprofit ,1385 Mission St Ste 330 San Francisco CA,San Francisco County,https://ourfamily.org/,info@orendavets.org,"aweinke@orendavets.org, ramonaev@orendavets.org",https://orendavets.org/contact/,https://www.linkedin.com/company/73006824/admin/,https://www.facebook.com/OrendaVets,,,,,
1137,Our Village Closet,California Nonprofit ,905 Mendocino Ave Santa Rosa CA,Sonoma County,http://www.ourvillagecloset.org/,contact@ofsms.org,,https://www.socialmediasafety.org/about/contact-us/,https://www.linkedin.com/company/ofsms,https://www.facebook.com/ofsms,https://www.instagram.com/orgforsocialmediasafety/,,,,
1138,P2P Community Development Inc,California Nonprofit ,1112 E Artesia Blvd Long Beach CA,Los Angeles County,https://www.p2pcommunitydevelopmentinc.org/,,,,,,,,,,4159811960
1139,Pacific Beach Coalition,California Nonprofit ,,,http://www.pacificbeachcoalition.org/,,"outreach@ourcityforest.org, treenursery@ourcityforest.org, treecare@ourcityforest.org",http://www.ourcityforest.org/contact,,,https://www.instagram.com/ourcityforest,,,,
1140,Pacific Chorale,California Nonprofit ,3303 Harbor Blvd Suite E5 Costa Mesa CA,Orange County,http://www.pacificchorale.org/,,,,https://www.linkedin.com/company/our-clean-oceans-oco/,https://www.facebook.com/share/16ttVWsaR1/?mibextid=wwXIfr,https://www.instagram.com/ourcleanoceans.oco?igsh=NTc4MTIwNjQ2YQ%3D%3D&utm_source=qr,https://x.com/_ourcleanoceans?s=21,,,
1141,Pacific Collegiate Charter School,California Nonprofit ,3004 Mission Street Santa Cruz CA,Santa Cruz County,http://www.pacificcollegiate.com/,info@ourfamily.org,,https://ourfamily.org/contact-us/,,https://www.facebook.com/ourfamilycoalition,https://www.instagram.com/ofcoalition/,,,,
1142,Pacific Institute,California Nonprofit ,654 13Th St. Oakland CA,Alameda County,http://www.pacinst.org/,,,https://www.ourvillagecloset.org/contact-us,,https://www.facebook.com/ourvillagecloset/,https://www.instagram.com/our.village.closet/,,,,
1143,Pacific Links Foundation,California Nonprofit ,860 Hillview Ct Ste 346 Milpitas CA,Santa Clara County,http://www.pacificlinks.org/,,,,https://www.linkedin.com/in/edward-pastor-e-hamilton-65549126/,https://www.facebook.com/provoked2000now,https://www.instagram.com/pastore2000_/,https://editor.wix.com/html/editor/web/renderer/edit/bd1fda79-ecb9-47f8-8ca5-4d075feff4fc?metaSiteId=12a38cf1-c91d-f684-8502-a493fb5a507d&editorSessionId=cdadd973-204e-4730-aab9-8bb8b4ac1d5c,,,18314797785
1144,Pacific Resident Theatre Ensemble,California Nonprofit ,PO Box 568 Venice CA,,https://pacificresidenttheatre.org/,,,https://www.pacificbeachcoalition.org/contact-us/,https://www.linkedin.com/company/pacific-beach-coalition/,https://www.facebook.com/PacificBeachCoalition/,https://www.instagram.com/pacificbeachcoalition/,,,,
1145,PACT And Adoption Alliance,California Nonprofit ,5515 Doyle St Ste 231 Emeryville CA,Alameda County,http://www.pactadopt.org/,,,http://www.pacificchorale.org/contact-us,,https://www.facebook.com/PacificChorale/,https://www.instagram.com/pacific_chorale/,https://www.artdynamix.com,,,
1146,Pain News Network,California Nonprofit ,PO Box 525 Monrovia CA,Los Angeles County,https://www.painnewsnetwork.org/,,pcs@pcsed.org,,,,,,,,3108228392
1147,Pajaro Valley Prevention & Student Assistance,California Nonprofit ,335 E Lake Ave Watsonville CA,Santa Cruz County,http://www.pvpsa.org/,info@pacinst.org,,https://pacinst.org/contact/,https://www.linkedin.com/company/pacific-institute/,https://www.facebook.com/pacificinstitute/,,,,,
1148,Pajaro Valley Shelter Services,California Nonprofit ,115 Brennan St Watsonville CA,Santa Cruz County,http://www.pvshelter.org/,,,https://pacificlinks.org/contact/,,https://www.facebook.com/PacificLinks/fundraisers,https://www.instagram.com/pacificlinksfoundation/,,,,
1149,Palo Alto Humane,California Nonprofit ,PO Box 60715 Palo Alto CA,Santa Clara County,http://www.paloaltohumane.org/,,,,,,,,,,
1150,Palo Alto Partners in Education,California Nonprofit ,PO Box 1557 Palo Alto CA,Santa Clara County,https://papie.org/,info@pactadopt.org,,https://pactadopt.org/contact/,,https://www.facebook.com/pactadopt,https://www.instagram.com/pactadopt/,,,,
1151,Palo Alto Players Peninsula Center Stage,California Nonprofit ,1305 Middlefield Road Palo Alto CA,Santa Clara County,http://www.paplayers.org/,,,https://www.painnewsnetwork.org/contact-us,https://www.linkedin.com/company/6386270/,https://www.facebook.com/groups/CPPNewsSource,,,,,
1152,"Palomar Family Counseling Service, Inc.",California Nonprofit ,1002 E Grand Ave Escondido CA,San Diego County,https://palomarfamilycounseling.com/,admin@pvpsa.org,,https://www.pvpsa.org/contact,,https://www.facebook.com/pajaro.valley.prevention/,https://www.instagram.com/pajaro.valley.prevention/,,,,
1153,Palomar Unitarian Universalist Fellowship,California Nonprofit ,1600 Buena Vista Drive Vista CA,San Diego County,http://www.palomaruu.org/,,give@pvshelter.org,https://www.pvshelter.org/contact,,https://www.facebook.com/195108613901211?ref=embed_page,https://www.instagram.com/pvshelter,,,,
1154,Palos Verdes Peninsula Land Conservancy,California Nonprofit ,PO Box 3427 Pls Vrds Pnsl CA,,http://www.pvplc.org/,,pahs@paloaltohumane.org,https://www.paloaltohumane.org/contact-us/,,https://www.facebook.com/paloaltohumane,,,,,7607412660
1155,PARCA,California Nonprofit ,800 Airport Blvd Ste 320 Burlingame CA,San Mateo County,http://www.parca.org/,info@papie.org,"donations@papie.org, volunteer@papie.org, webmaster@papie.org",https://papie.org/contact/,,https://www.facebook.com/paloaltopie,https://www.instagram.com/palo.alto.pie/,,,,7609414319
1156,Parenting Network Inc,California Nonprofit ,330 N. Johnson St. Visalia CA,Tulare County,https://parentingnetwork.org/,info@paplayers.org,,https://paplayers.org/contact/,,https://www.facebook.com/PaloAltoPlayers,,,,,3105417613
1157,Parents Center,California Nonprofit ,530 Soquel Ave Santa Cruz CA,Santa Cruz County,,,pfcs@pfcs.agency,https://palomarfamilycounseling.com/contact-us/,https://www.linkedin.com/company/palomar-family-counseling-service/,https://www.facebook.com/palomarfamilycounseling,https://www.instagram.com/palomar_family_counseling/,,,,
1158,Parks California,California Nonprofit ,,,https://parkscalifornia.org/,,"bookkeeper@vistauu.org, office@palomaruu.org, puuf-board@googlegroups.com, puufsundayservices@googlegroups.com, Minister@palomaruu.org, Kathleenmoscato@gmail.com, webmaster@palomaruu.org, auction@vistauu.org, programs@palomaruu.org, da.smith@sbcglobal.net, building-grounds@vistauu.org",https://palomaruu.org/contact-us/,,https://www.facebook.com/vistaUU,,,,,5597932527
1159,Parkview Legacy Foundation,California Nonprofit ,3890 Orange Street 23111 Riverside CA,Riverside County,https://parkviewlegacy.org/,,,https://lp.constantcontactpages.com/sl/TvHH2x8,,https://www.facebook.com/pvplc.org,https://www.instagram.com/pvplc/,,,,
1160,Partners in Housing Solutions,California Nonprofit ,2605 South Miller Street 103 Santa Maria CA,Santa Barbara County,http://www.partnersinhousingsolutions.org/,,parca@parca.org,http://www.parca.org/contact,https://www.linkedin.com/company/30660128/admin/feed/posts/,https://www.facebook.com/PARCA.org/,https://www.instagram.com/PARCAorg/,,,,
1161,Partnership for Children & Youth,California Nonprofit ,1121 L St Suite 205 Sacramento CA,Sacramento County,https://www.partnerforchildren.org/,," referral@parentingnetwork.org, referral@parentingnetwork.org",https://parentingnetwork.org/contact/,,,,,,,
1162,Pasadena Community Foundation,California Nonprofit ,301 E. Colorado Blvd. Pasadena CA,Los Angeles County,https://pasadenacf.org/,,,,,,,,,,8058031584
1163,Pasadena Conservatory of Music,California Nonprofit ,100 N Hill Ave Pasadena CA,Los Angeles County,http://www.pasadenaconservatory.org/,Info@ParksCalifornia.org,,https://parkscalifornia.org/parks-california/contact/,https://www.linkedin.com/company/parkscalifornia,https://www.facebook.com/ParksCalifornia/,https://www.instagram.com/parkscalifornia/,,,,5108304200
1164,"Pasadena Meals on Wheels, Inc.",California Nonprofit ,500 E Colorado Blvd Pasadena CA,Los Angeles County,https://www.pasadenamealsonwheels.org/?fbclid=IwAR1ikSzwOm5fsGOZk-BbAtdkyo-cbNzWWLeTgJE08WzlV6ONVrrcmffgpDs,info@parkviewlegacy.org,,,,https://www.facebook.com/ParkviewLegacyFoundation,https://www.instagram.com/parkviewlegacyfoundation,https://wix.com/?utm_campaign=vir_created_with,,,6267962097
1165,PASADENA SOCIETY OF ARTISTS,California Nonprofit ,PO Box 90074 Pasadena CA,Los Angeles County,http://www.pasadenasocietyofartists.org/,info@partnersinhousingsolutions.org,,https://partnersinhousingsolutions.org/contact/,,https://www.facebook.com/profile.php?id=100087454096794,https://www.instagram.com/partners.in.housing.solutions/,,,,
1166,Pasadena Village,California Nonprofit ,236 W Mountain St 23113 Pasadena CA,Los Angeles County,http://www.pasadenavillage.org/,info@partnerforchildren.org,,,,https://www.facebook.com/PartnerForChildren/,https://www.instagram.com/partner4children/,,,,
1167,PathLight International,California Nonprofit ,,,http://pathlight.org/,,,https://pasadenacf.org/contact/,https://www.linkedin.com/company/pasadena-community-foundation/,https://www.facebook.com/pasadenacf,https://www.instagram.com/pasadenacommunityfoundation/,,,,
1168,PathPoint,California Nonprofit ,901 Olive Street Santa Barbara CA,Santa Barbara County,https://www.pathpoint.org/,,music@pasadenaconservatory.org,https://pasadenaconservatory.org/contact/,,https://www.facebook.com/PasadenaConservatoryMusic/,https://www.instagram.com/pasadenaconservatoryofmusic/,,,,
1169,Pathways to Independence,California Nonprofit ,PO Box 43 Los Alamitos CA,Orange County,https://pathwaystoindependence.org/,,,,,,,,,,
1170,Patricia D. and William B. Smullin Foundation,California Nonprofit ,PO Box 88 Blue Lake CA,Humboldt County,http://www.fdnweb.org/smullin,info@PasadenaSocietyofArtists.org,"MembersAtLarge@PasadenaSocietyofArtists.org, Secretary@PasadenaSocietyofArtists.org, MemberNews@pasadenasocietyofartists.org, membership@PasadenaSocietyofArtists.org, secretary@PasadenaSocietyofArtists.org, news@PasadenaSocietyofArtists.org, MemberNews@PasadenaSocietyofArtists.org, fundraising@PasadenaSocietyofArtists.org, Membership@PasadenaSocietyofArtists.org, Historian@PasadenaSocietyofArtists.org, News@PasadenaSocietyofArtists.org, newsletter@PasadenaSocietyofArtists.org, historian@PasadenaSocietyofArtists.org, Programs@PasadenaSocietyofArtists.org, President@PasadenaSocietyofArtists.org, grants@PasadenaSocietyofArtists.org, Fundraising@PasadenaSocietyofArtists.org, Exhibitions@PasadenaSocietyofArtists.org, Newsletter@PasadenaSocietyofArtists.org, hospitality@PasadenaSocietyofArtists.org, MembersAtLarge@pasadenasocietyofartists.org, Corresponding@PasadenaSocietyofArtists.org, WebManager@PasadenaSocietyofArtists.org, Grants@PasadenaSocietyofArtists.org, Socialmedia@pasadenasocietyofartists.org, Admin@PasadenaSocietyofArtists.org, corresponding@PasadenaSocietyofArtists.org, VicePresident@PasadenaSocietyofArtists.org, programs@pasadenasocietyofartists.org, PastPresident@PasadenaSocietyofArtists.org, Hospitality@PasadenaSocietyofArtists.org, exhibitions@PasadenaSocietyofArtists.org",https://www.pasadenasocietyofartists.org/about/contact_us.html,,https://www.facebook.com/PasadenaSocietyofArtists/,https://www.instagram.com/pasadenasocietyofartists/,,,,805.966.3310
1171,Patriot Farms CA,California Nonprofit ,,,,info@pasadenavillage.org,,https://pasadena.helpfulvillage.com/contact,,https://www.facebook.com/ThePasadenaVillage,https://www.instagram.com/pasadenavillage,,,,5624939048
1172,Paws For Life K9 Rescue,California Nonprofit ,100-190 Rancho Road 23365 Thousand Oaks CA,Ventura County,http://www.pawsforlifek9.org/,,,https://pathlight.org/contact/,https://www.linkedin.com/company/pathlight-international/,https://www.facebook.com/PathLightIntl,https://www.instagram.com/pathlightintl/,,,,
1173,Peers Envisioning and Engaging in Recovery Services,California Nonprofit ,8393 CApwell Dr. Ste 240 Oakland CA,Alameda County,https://www.peersnet.org/,info@pathpoint.org,rebecca.bogdanovic@pathpoint.org,https://www.pathpoint.org/contact/,,https://www.facebook.com/pages/PathPoint/153430117423,,,,,
1174,Peninsula Family Service,California Nonprofit ,24 2Nd Avenue San Mateo CA,San Mateo County,https://www.pfso.org/,,,,,https://www.facebook.com/pathwaystoindependence,https://www.instagram.com/pathways__to__independence/,,,,
1175,Peninsula Open Space Trust,California Nonprofit ,222 High St Palo Alto CA,Santa Clara County,http://www.openspacetrust.org/,,,http://www.fdnweb.org/smullin/contact/,https://www.linkedin.com/company/candiddotorg/,https://www.facebook.com/CandidDotOrg,https://www.instagram.com/CandidDotOrg/,,,,
1176,People Acting in Community Together (PACT),California Nonprofit ,1100 Shasta Ave Ste 210 San Jose CA,Santa Clara County,http://www.pactsj.org/,,,,,,,,,,
1177,People Assisting the Homeless (PATH),California Nonprofit ,1250 Sixth Avenue San Diego CA,San Diego County,http://www.epath.org/,,,https://pawsforlifek9.org/contact-us/,,https://www.facebook.com/PawsForLifeK9,https://www.instagram.com/pawsforlifek9/,,,,
1178,People with Disabilities Succeeding,California Nonprofit ,1512 5Th Ave San Rafael CA,Marin County,http://www.pdsmarin.org/,,,,https://www.linkedin.com/company/peersorg,https://www.facebook.com/PEERSCommunity/,https://www.instagram.com/peersorg/,,,,4089988001
1179,Performer Availability Screening Service Inc,California Nonprofit ,19849 Nordhoff St Northridge CA,,http://passcertified.org/,info@pfso.org,,https://www.pfso.org/contact-us/,https://www.linkedin.com/company/peninsula-family-service,https://www.facebook.com/PeninsulaFamilyService,https://www.instagram.com/peninsulafamilyserviceofficial/,,,,
1180,Performing Arts Workshop,California Nonprofit ,2301 San Jose Ave San Francisco CA,San Francisco County,http://performingartsworkshop.org/,,,,,,,,,,14154590270
1181,Pesticide Action Network North America,California Nonprofit ,,,http://www.panna.org/,,pactsj@pactsj.org,,,https://www.facebook.com/PACTSJ/,https://www.instagram.com/pact_people_acting/?hl=en,,,,8183488890
1182,Pets Are Wonderful Support/Los Angeles,California Nonprofit ,150 W. 24H Street Los Angeles CA,Los Angeles County,http://www.pawsla.org/,,"path@epath.org, pathoc@epath.org, pathlosangeles@epath.org, pathvolunteers@epath.org, pathsandiego@epath.org, giving@epath.org, Media@epath.org, pathsantaclara@epath.org",https://epath.org/contact/,https://www.linkedin.com/company/people-assisting-the-homeless-path/,https://www.facebook.com/path.inCA,https://www.instagram.com/pathpartners/,,,,
1183,Philharmonia Baroque Orchestra,California Nonprofit ,414 Mason St Ste 400 San Francisco CA,San Francisco County,http://www.philharmonia.org/,,daniel@pdsmarin.org,https://www.pdsmarin.org/contact-us,,https://www.facebook.com/PDSMarin/,,,,,
1184,Physicians for a Healthy California,California Nonprofit ,,,http://phcdocs.org/,,,,,,,,,,
1185,Physicians for Social Responsibility - Los Angeles,California Nonprofit ,617 S Olive St Ste 1100 Los Angeles CA,Los Angeles County,http://www.psr-la.org/,,,,,,,,,,
1186,Piedmont Education Foundation,California Nonprofit ,401 Highland Ave Piedmont CA,Alameda County,https://www.piedmontedfoundation.org/,,,http://www.panna.org/about-us/contact-us/,,https://www.facebook.com/pesticideactionnetwork/,https://www.instagram.com/pesticideaction/,,,,
1187,Pilipino Bayanihan Resource Center,California Nonprofit ,200 Northgate Ave 235 Daly City CA,San Mateo County,https://www.pilipinobayanihanresourcecenter.com/,info@pawsla.org,"emunguia@pawsla.org, rhilary@pawsla.org, mmoya@pawsla.org, wgutierres@pawsla.org, SGALLEGOS@PAWSLA.ORG, zreyes@pawsla.org",http://www.pawsla.org/contact.html,,https://www.facebook.com/PAWSLA/,https://www.instagram.com/paws_la/,https://x.com/PAWSLA,,,
1188,Pilipino Workers Center of Southern California,California Nonprofit ,153 Glendale Blvd Los Angeles CA,Los Angeles County,http://www.pwcsc.org/,info@philharmonia.org,,https://philharmonia.org/contact/,,https://www.facebook.com/philharmoniabaroque/,https://www.instagram.com/philharmoniabaroqueorchestra,,,,5106531816
1189,Placer Community Foundation,California Nonprofit ,PO Box 9207 Auburn CA,Placer County,http://www.placercf.org/,,phc@phcdocs.org,,,https://www.facebook.com/phcdocs,https://www.instagram.com/phcdocs/,,,,
1190,Placer Justice Foundation,California Nonprofit ,,,https://placerjusticefoundation.org/,info@psr-la.org,"membership@psr-la.org?, mhernandez@psr-la.org",http://www.psr-la.org/contact,https://www.linkedin.com/company/psrla,https://www.facebook.com/psrla,https://www.instagram.com/psr_la/,,,,
1191,Placer Land Trust,California Nonprofit ,PO Box 9222 Auburn CA,Placer County,https://placerlandtrust.org/,info@piedmontedfoundation.org,,,,https://www.facebook.com/piedmontedfoundation,,,,,
1192,Play Conejo,California Nonprofit ,403 W Hillcrest Dr Thousand Oaks CA,Ventura County,http://https//www.playconejo.org/,"info@pbrcsmc.com, info@mysite.com",,https://www.pilipinobayanihanresourcecenter.com/copy-of-contact,,,,,,,
1193,Playful People Productions,California Nonprofit ,500 W Hamilton Ave 23110549 CAmpbell CA,Santa Clara County,https://playfulpeople.org/,,,,,,,,,,
1194,Playlab Education Inc.,California Nonprofit ,PO Box 3048 Union City CA,Alameda County,https://www.playlab.ai/,info@placercf.org,,https://www.placercf.org/contact,https://www.linkedin.com/in/PlacerCommunityFoundation/,https://www.facebook.com/placercommunityfoundation,https://www.instagram.com/placercf/,,,,
1195,Plaza Comunitaria Sinaloa,California Nonprofit ,15012 Harvest St Mission Hills CA,,https://plazasinaloa.org/,,,https://placerjusticefoundation.org/contact-us/,,https://www.facebook.com/PlacerJusticeFoundation/,https://www.instagram.com/placerjusticefoundation/,,,,
1196,"Pleasantview Industries, Inc.",California Nonprofit ,27921 Urbandale Avenue Santa Clarita CA,Los Angeles County,http://pleasantviewindustries.org/,info@placerlandtrust.org,"juliabharper@placerlandtrust.org, janet.voris@placerlandtrust.org, bellamy.wooten@placerlandtrust.org, jeffd@placerlandtrust.org, joe.sims@placerlandtrust.org, jward@placerlandtrust.org, elia.rivas@placerlandtrust.org, elias.grant@placerlandtrust.org, kara.walker@placerlandtrust.org, brandy.waters@placerlandtrust.org, christy.claes@placerlandtrust.org, gary.wells@placerlandtrust.org, heather.harden@placerlandtrust.org, eden.rock@placerlandtrust.org",https://placerlandtrust.org/contact/,,,,,,,
1197,Plumas Rural Services,California Nonprofit ,711 E Main St Quincy CA,,http://www.plumasruralservices.org/,,,,,,,,,,8188304140
1198,PLUS ME Project,California Nonprofit ,6957 N Figueroa St Los Angeles CA,Los Angeles County,http://www.theplusmeproject.org/,, office@playfulpeople.org,https://playfulpeople.org/contact-us/,,https://www.facebook.com/playfulpeopleproductions,https://www.instagram.com/playfulpeopleproductions/,,,,
1199,"Pocket Security, Inc.",California Nonprofit ,809 Cuesta Dr. Suite B Pmb 5027 Mountain View CA,Santa Clara County,https://www.pocketsecurity.org/,,,,,,,,,,5302835675
1200,Poetic Justice,California Nonprofit ,PO Box 3997 San Diego CA,San Diego County,https://www.poeticjustice.org/california,info@plazasinaloa.org,,https://plazasinaloa.org/contact/,https://www.linkedin.com/company/plaza-comunitaria-sinaloa/,https://www.facebook.com/plazacomunitariasinaloa,https://www.instagram.com/plazacomunitariasinaloa,,,,
1201,Point Cabrillo Lightkeepers Association,California Nonprofit ,PO Box 641 Mendocino CA,,http://www.pointcabrillo.org/,,ed@pleasantviewindustries.org,https://www.pleasantviewindustries.org/contact-us,http://www.linkedin.com/company/pleasantview-industries-inc-fka-pleasantview-achievement-ctr,https://www.facebook.com/pleasantviewind,https://www.instagram.com/pleasantviewindustries/,,,,
1202,Point Lobos Foundation,California Nonprofit ,PO Box 221789 CArmel CA,,http://www.pointlobos.org/,,dvs@plumasruralservices.org,http://www.plumasruralservices.org/contact-us,https://www.linkedin.com/company/plumas-rural-svc,https://www.facebook.com/prs.social,https://www.instagram.com/plumasruralservices_inc/,https://x.com/PRS_Inc,,,
1203,Poli-Lit,California Nonprofit ,,,http://polilit.org/,,,http://www.theplusmeproject.org/contact,https://www.linkedin.com/company/6404294?trk=tyah&trkInfo=clickedVertical%3Acompany%2CclickedEntityId%3A6404294%2Cidx%3A2-1-2%2CtarId%3A1482346791570%2Ctas%3Aplus%20me%20project,,,,,,
1204,Positive Results Center,California Nonprofit ,15342 Hawthorne Blvd. Suite 402 Lawndale CA,Los Angeles County,http://prc123.org/,hello@pocketsecurity.org,,https://www.pocketsecurity.org/contact-us,https://www.linkedin.com/company/pocket-security-inc,https://www.facebook.com/Pocket-Security-Inc-103782041834682,,https://www.x.com/pocket_security/,,,
1205,Prebys Foundation,California Nonprofit ,,,https://www.prebysfdn.org/,,,https://www.poeticjustice.org/california/contact-us,,https://www.facebook.com/poeticjusticeok,https://www.instagram.com/poeticjusticeok/,,,,
1206,Prevention Institute,California Nonprofit ,221 Oak St Ste A Oakland CA,Alameda County,http://www.preventioninstitute.org/,info@pointcabrillo.org,"pclk.webmaster@jhfrey.com, giftshop@pointcabrillo.org",https://pointcabrillo.org/about-us/contact-us/,,https://www.facebook.com/PointCabrilloLight,https://www.instagram.com/pointcabrillo/,,,,3237879252
1207,Primates Peru DBA Field Projects International,California Nonprofit ,,,http://fieldprojects.org/,,"accountspayable@pointlobos.org, regwriter43@gmail.com, steffanie@pointlobos.org, ashley.wemp@parks.ca.gov, samantha.shackelton@parks.ca.gov, Fleccia.Wilson@parks.ca.gov, tracy@pointlobos.org",https://www.pointlobos.org/contact/,,,,,,,
1208,"Prison University Project, Inc dba Mount Tamalpais College",California Nonprofit ,2165 Francisco Blvd. E Suite A San Rafael CA,Marin County,http://www.mttamcollege.org/,,,,,,https://www.instagram.com/polilit.inc?igsh=NTc4MTIwNjQ2YQ%3D%3D&utm_source=qr,,,,
1209,PRO Youth & Families,California Nonprofit ,3841 N. Freeway Blvd. Suite 210 Sacramento CA,Sacramento County,https://proyouthandfamilies.org/,info@prc123.org,"gabriela.prc123@gmail.com, crystal.prc123@gmail.com, kala.prc123@gmail.com, samatha.prc123@gmail.com, kandeele@prc123.org, chinarain.prc123@gmail.com, daisy.prc123@gmail.com, kelli.prc123@gmail.com",https://prc123.org/contact/,https://www.linkedin.com/in/kandeelewisceo/,https://www.facebook.com/PRC123,https://www.instagram.com/thepositiveresults/,,,,13146498636
1210,Progressive Employment Concepts,California Nonprofit ,6060 Sunrise Vista Dr Ste 1875 Citrus Heights CA,Sacramento County,http://progressiveemployment.org/,,,,https://www.linkedin.com/company/the-conrad-prebys-foundation/,https://www.facebook.com/prebysfoundation,https://www.instagram.com/prebysfound/,,,,
1211,Progressive MBC of Berkeley,California Nonprofit ,3301 King St Berkeley CA,Alameda County,http://www.progressive4life.org/,,sana@preventioninstitute.org,,https://www.linkedin.com/company/prevention-institute,https://www.facebook.com/PreventionInstitute.org/,https://www.instagram.com/prevention_institute/,,,,
1212,Project Alive,California Nonprofit ,,,http://www.projectalive.org/,,,https://fieldprojects.org/contactus/,,https://www.facebook.com/fpi.primatesperu/,https://www.instagram.com/fieldprojectsorg/,,,,
1213,Project Artaud,California Nonprofit ,,,http://projectartaud.org/,,"swaterstone@mttamcollege.edu, development@mttamcollege.edu",https://www.mttamcollege.edu/about/contact-us/,https://www.linkedin.com/company/mt-tam-college,https://www.facebook.com/Mt.Tam.College,https://www.instagram.com/mttamcollege/,,,,
1214,"Project GO, Inc.",California Nonprofit ,,,https://projectgoinc.org/index.html,info@proyouthandfamilies.org,,https://proyouthandfamilies.org/contact-us/,https://www.linkedin.com/company/proyouthandfamilies,https://www.facebook.com/PROYouthandFamilies/,https://www.instagram.com/proyouthandfamilies/,,,,
1215,Project Miracle,California Nonprofit ,5870 W Olympic Blvd Los Angeles CA,Los Angeles County,http://www.themiracleproject.org/,,williamabbley@yahoo.com,,,https://www.facebook.com/william.abbley,https://www.instagram.com/williamabbley,,,,
1216,Project Restore,California Nonprofit ,200 N Spring St Ste 1633 Los Angeles CA,Los Angeles County,http://www.projectrestore.org/,info@progressiveemployment.org,,https://progressiveemployment.org/contact-us/,,https://www.facebook.com/progressiveemployment,,,,,
1217,Project Ropa,California Nonprofit ,,,https://www.projectropa.org/,,,http://www.progressive4life.org//about-us/contact-directions,,https://www.facebook.com/Progressive-MBC-of-Berkeley-234669350005260/,,,,,
1218,Project Sanctuary,California Nonprofit ,PO Box 450 Ukiah CA,Mendocino County,http://www.projectsanctuary.org/,,give@projectalive.org,http://www.projectalive.org/contact,https://www.linkedin.com/company/projectalive,https://www.facebook.com/projectalive/,https://www.instagram.com/projectalive/,,,,
1219,ProjectQ,California Nonprofit ,PO Box 26421 Los Angeles CA,Los Angeles County,https://www.projectq.me/,,,,,,,,,,
1220,ProRep Coalition,California Nonprofit ,PO Box 3577 Grass Valley CA,Nevada County,https://www.prorepcoalition.org/,,,https://projectgoinc.org/index.html./contact.html,,,,,,,
1221,Prospera Community Development,California Nonprofit ,3686 38Th Avenue Oakland CA,Alameda County,http://prosperacoops.org/,,,https://www.constantcontact.com/legal/service-provider,,,,,,,
1222,Prosperity Initiative,California Nonprofit ,1663 Mission Street Suite 310 San Francisco CA,San Francisco County,https://www.sfspwg.org/,,,,,,,,,,
1223,PSE Healthy Energy,California Nonprofit ,,,http://www.psehealthyenergy.org/,,,https://www.projectropa.org/contact-us/,https://www.linkedin.com/company/project-ropa,https://www.facebook.com/ProjectRopa/,https://www.instagram.com/p/DVyvd-gEsvK/,https://x.com/projectropa,,,
1224,Public Advocates Inc.,California Nonprofit ,131 Steuart St Ste 300 San Francisco CA,San Francisco County,http://www.publicadvocates.org/,info@projectsanctuary.org,,http://www.projectsanctuary.org/contact.html,,https://www.facebook.com/projectsanctuaryinc/?ref=embed_page,https://www.instagram.com/p_sanctuary/,,,,
1225,Public Interest Patent Law Institute,California Nonprofit ,79405 Hwy 111 Ste 9-414 La Quinta CA,Riverside County,http://www.piplius.org/,admin@projectq.me,,,,,,,,,
1226,Public Programs Foundation,California Nonprofit ,,,,,Admin@prorepcoalition.org,,https://www.linkedin.com/company/prorep-coalition,,https://www.instagram.com/prorepcoalition/,https://wix.com/?utm_campaign=vir_created_with,,,
1227,"Public Works Improvisational Theatre Foundation, Inc",California Nonprofit ,3724 Marcia Drive Los Angeles CA,Los Angeles County,,,,,,https://www.facebook.com/pages/Prospera/305935942935496,https://www.instagram.com/prosperacoops/,,,,
1228,Purpose Centered Coaching and Consulting,California Nonprofit ,539 Daisy Ave. Long Beach CA,Los Angeles County,http://www.silissa.com/,info@sfspwg.org,,https://www.sfspwg.org/contact-us,https://www.linkedin.com/company/sfspwg/,,https://www.instagram.com/sfspwg/,,,,
1229,PV Jobs/ Playa Vista Job Opportunities,California Nonprofit ,4112 South Main Street Los Angeles CA,Los Angeles County,http://www.caphysiciansalliance.org/,info@psehealthyenergy.org,,https://www.psehealthyenergy.org/contact-us/,https://www.linkedin.com/legal/privacy-policy,https://www.facebook.com/PSEHealthyEnergy,,,,,
1230,Q Foundation,California Nonprofit ,584 CAstro Street Unit 716 San Francisco CA,San Francisco County,https://theqfoundation.org/,,,https://www.constantcontact.com/legal/about-constant-contact,https://www.linkedin.com/company/public-advocates/,https://www.facebook.com/publicadvocates/,https://www.instagram.com/publicadvocates/,https://x.com/publicadvocates,,,
1231,Quadruple Threats,California Nonprofit ,3470 Beach Street Nice CA,,http://quadruplethreats.org/,info@piplius.org,,http://www.piplius.org/contact,,,,,,,
1232,Queer Cultural Center,California Nonprofit ,934 Brannan St. San Francisco CA,San Francisco County,https://queerculturalcenter.org/,,,,,,,,,,
1233,Queer Women of Color Media Arts Project,California Nonprofit ,1014 Torney Avenue Suite 111 San Francisco CA,San Francisco County,http://www.qwocmap.org/,,,,,,,,,,
1234,Rancho Bernardo Historical Society Inc,California Nonprofit ,PO Box 27314 San Diego CA,San Diego County,http://rbhistory.org/,,,,,,,//www.wix.com/?utm_campaign=vir_error_page,,,
1235,Randi Aho,California Nonprofit ,,,https://www.calstatela.edu/patbrowninstitute,,,,,,,,,,
1236,Ravenswood Education Foundation,California Nonprofit ,PO Box 396 Menlo Park CA,San Mateo County,http://www.ravenswoodef.org/,,,,,,,https://x.com/intent/tweet?text=Our%20Story&url=https%3A%2F%2Ftheqfoundation.org%2F,,,
1237,Reach Foundation,California Nonprofit ,,,https://reach4pylusd.org/,,,,,,,,,,
1238,"Reading Is Fundamental of Southern California, Inc.",California Nonprofit ,7250 Bandini Blvd Ste 209 Commerce CA,Los Angeles County,http://www.rifsocal.org/,,,,https://www.linkedin.com/company/queer-cultural-center,https://www.facebook.com/QCCSF/,https://www.instagram.com/qcc_sf/,,,,
1239,Ready to Succeed,California Nonprofit ,,,https://www.readytosucceedla.org/,info@qwocmap.org,"distribution@qwocmap.org, training@qwocmap.org, communications@qwocmap.org, board@qwocmap.org, events@qwocmap.org, festival@qwocmap.org",https://qwocmap.org/engage/contact/,,https://www.facebook.com/QWOCMAP/,https://www.instagram.com/qwocmap/,,,,
1240,REAP Center,California Nonprofit ,909 Marina Villlage Pkwy 23234 Alameda CA,Alameda County,http://reapcenter.org/,,rbhistory1@gmail.com,https://rbhistory.org/contact-us/,,https://www.facebook.com/rbvinesandvittles/,,,,,
1241,Rebuilding Together Sacramento,California Nonprofit ,8231 Alpine Ave Suite 3 Sacramento CA,Sacramento County,http://rebuildingtogethersacramento.org/,,,https://www.calstatela.edu/patbrowninstitute/patbrowninstitute/contact-us,https://www.linkedin.com/school/california-state-university-los-angeles,https://www.facebook.com/CalStateLA,https://www.instagram.com/pat_brown_institute/,,,,
1242,Rebuilding Together San Francisco,California Nonprofit ,PO Box 882823 San Francisco CA,San Francisco County,http://www.rebuildingtogethersf.org/,,,http://www.ravenswoodef.org/contact-us,https://www.linkedin.com/company/ravenswood-education-foundation/,https://www.facebook.com/ravenswoodef,https://www.instagram.com/ravenswoodeduc1/,,,,
1243,Red Hen Press,California Nonprofit ,1540 Lincoln Ave Pasadena CA,Los Angeles County,http://www.redhen.org/,,,https://reach4pylusd.org/contact-us,,https://www.facebook.com/REACHFoundation,https://www.instagram.com/reach4pylusd/,,,,
1244,"Redwood Forest Foundation, Inc.",California Nonprofit ,PO Box 12 Mendocino CA,,https://www.rffi.org/,,"oscar.cux@rifsocal.org, carol.henault@rifsocal.org, raymon.gonis@rifsocal.org",https://www.rifsocal.org/contact-us,,,https://www.instagram.com/rifsocal/,,,,
1245,Reel Medicine Media,California Nonprofit ,490 Lake Park Ave 2310456 Oakland CA,Alameda County,http://reelmedicinemedia.org/,,,,https://www.linkedin.com/company/ready-to-succeed-la/,https://www.facebook.com/readytosucceedla/,https://www.instagram.com/readytosucceedla/,,,,
1246,Regional Task Force on the Homeless,California Nonprofit ,,,http://rtfhsd.org/,,,,https://www.linkedin.com/company/reapclimatecenter/,https://www.facebook.com/REAPClimateCenter,https://www.instagram.com/reapclimatecenter/,,,,
1247,Reproductive Technologies-Sperm Bank of CA,California Nonprofit ,2115 Milvia St Ste 201 Berkeley CA,Alameda County,http://www.thespermbankofca.org/,,"bpatterson@rebuildingtogethersacramento.org, rts@rebuildingtogethersacramento.org",http://rebuildingtogethersacramento.org/contact-us,https://www.linkedin.com/company/rebuilding-together-sacramento,,,,,,
1248,ReScape California,California Nonprofit ,1008 General Kennedy Ave Suite 210 San Francisco CA,San Francisco County,https://www.rescapeca.org/,,,,https://www.linkedin.com/company/rebuilding-together-san-francisco,https://www.facebook.com/rebuildingtogethersanfrancisco/,https://www.instagram.com/rebuildingtogethersf/,,,,
1249,Resounding Joy,California Nonprofit ,11300 Sorrento Valley Rd Ste. 104 San Diego CA,San Diego County,http://www.resoundingjoyinc.org/,,,,,https://www.facebook.com/redhenpress,https://www.instagram.com/redhenpress/?hl=en,,,,
1250,Resource Center for Nonviolence,California Nonprofit ,,,https://rcnv.org/,,,https://www.rffi.org/contact,,https://www.facebook.com/people/Redwood-Forest-Foundation/61577678383044/,https://www.instagram.com/redwoodforestfoundation,,,,
1251,Resources for Independence Central Valley,California Nonprofit ,3636 N. First Street Suite 101 Fresno CA,Fresno County,http://www.ricv.org/,,,http://reelmedicinemedia.org/contact,https://www.linkedin.com/in/jessicazitter/,https://www.facebook.com/JessicaZitter/,https://www.instagram.com/jessicazitter/,,,,5555555555
1252,"Resources for Rural Community Development, Inc. - Access Home",California Nonprofit ,715 Parkview Ave 231 Redding CA,Shasta County,http://www.accesshome.org/,,"support@rtfhsd.org, tony@manolatospa.com",https://www.rtfhsd.org/contact/,https://www.linkedin.com/company/regional-task-force-on-homelessness,https://www.facebook.com/RTFHSD,https://www.instagram.com/rtfhsd,,,,
1253,Resources Legacy Fund,California Nonprofit ,,,https://resourceslegacyfund.org/,,,,,,,,,,
1254,Restoration Diversion Services,California Nonprofit ,208 N Long Beach Blvd Compton CA,Los Angeles County,http://restorationdiversionservices.com/,,,,,,https://www.instagram.com/rescape_ca,,,,15592212330
1255,Restorative Justice Resource Center,California Nonprofit ,,,http://www.restorativejustice.info/,info@resoundingjoyinc.org,,https://resoundingjoyinc.org/contact/,https://www.linkedin.com/company/resounding-joy-inc.,https://www.facebook.com/ResoundingJoyInc,http://www.instagram.com/resounding_joy,,,,
1256,Restore 180,California Nonprofit ,240 N. 12Th Ave Suite 109 Pmb 350 Hanford CA,Kings County,https://www.restore180.org/,contact@rcnv.org,,https://rcnv.org/about/contact/,,https://www.facebook.com/rcnvsc,https://www.instagram.com/rcnv_sc/,,,,
1257,Rhythms and Goals Together,California Nonprofit ,,,http://rgunatomas.com/,info@ricv.org,,https://ricv.org/contact/,https://www.linkedin.com/company/r-i-c-v/,https://www.facebook.com/resourcesforindependence,https://www.instagram.com/resources_for_independence_cv/,,,,
1258,Richmond Community Foundation,California Nonprofit ,3260 Blume Drive 23110 Richmond CA,Contra Costa County,http://www.rcfconnects.org/,info@accesshome.org,,https://accesshome.org/contact/,,https://www.facebook.com/RRCDdbaAccessHome,,,,,
1259,"Richmond District Neighborhood Center, Inc.",California Nonprofit ,741 30Th Ave San Francisco CA,San Francisco County,https://richmondsf.org/,,,,https://www.linkedin.com/company/resources-legacy-fund/,,,,,,
1260,Richmond Museum Association,California Nonprofit ,PO Box 1267 Richmond CA,Contra Costa County,http://richmondmuseum.org/,,"Restorationdiverson@yahoo.com, Restorationdiversion@yahoo.com",http://restorationdiversionservices.com/contact-us/,,https://www.facebook.com/restoration.diversion,https://www.instagram.com/rdsdropin_208/,,,,
1261,"Richstone Center, Inc",California Nonprofit ,13634 Cordary Ave Hawthorne CA,Los Angeles County,http://www.richstonefamily.org/,,,,,,,,,,5102341200
1262,Right Hand Angels,California Nonprofit ,3677 Lake Park Road Fallbrook CA,,http://www.righthandangels.org/,,,https://www.restore180.org/contact,,,,,,,
1263,Right to Protect,California Nonprofit ,1256 W Lathrop Rd 23210 Manteca CA,San Joaquin County,http://www.rtp501c3.org/,,,,,,,,,,5102357387
1264,Rimon Club Inc. dba Club Z,California Nonprofit ,1055 Riverton Dr San CArlos CA,San Mateo County,https://clubz.org/,info@richmondcf.org,,https://rcfconnects.org/about-us/contact-us/,https://www.linkedin.com/company/richmond-community-foundation/,https://www.facebook.com/RichmondCF,https://www.instagram.com/richmondcf/,,,,
1265,Rise Up Against Racism,California Nonprofit ,,,http://ruar.org/,,,,,,,,,,
1266,Risen Church,California Nonprofit ,PO Box 402 POway CA,San Diego County,https://www.risensd.com/,,,https://richmondmuseum.org/contact/,,https://www.facebook.com/RichmondMuseumCA/,https://www.instagram.com/richmondcamuseum/,https://www.mapbox.com/,,,
1267,Rising Sun Center for Opportunity,California Nonprofit ,1116 36Th Street Oakland CA,Alameda County,http://www.risingsunopp.org/,,,https://www.richstonefamily.org/contact-us/,https://www.linkedin.com/company/richstone-family-center,https://www.facebook.com/richstonefamily/,https://www.instagram.com/richstonefamily/,,,,
1268,River Montessori Charter School,California Nonprofit ,3880 Cypress Dr Petaluma CA,Sonoma County,http://www.rivermontessoricharter.org/,,,http://www.righthandangels.org/contact,,,https://www.instagram.com/right_hand_angels_/,,,,
1269,River to Coast Children's Services,California Nonprofit ,PO Box 16 Guerneville CA,,,,,,https://www.linkedin.com/company/right-to-protect,https://www.facebook.com/rtp501c3,https://www.instagram.com/rtp501c3,,,,
1270,"RiverPsykhe, Inc",California Nonprofit ,849 Almar Ave Santa Cruz CA,Santa Cruz County,http://www.riverstyxfoundation.org/,info@clubz.org,donate@clubz.org,https://clubz.org/contact-us/,https://www.linkedin.com/company/club-z,https://www.facebook.com/clubzteens/,https://www.instagram.com/zionismforteens/,,,,15106651501
1271,Riverside Medical Clinic (RMC) Charitable Foundation,California Nonprofit ,7177 Brockton Ave Ste 220 Riverside CA,Riverside County,https://www.rmccharity.org/,,,http://ruar.org/contact,https://www.linkedin.com/company/rise-up-against-racism/,https://www.facebook.com/riseupnonprofit/,https://www.instagram.com/riseupagainstracism/,,,,
1272,Riverside Unified School District Foundation,California Nonprofit ,,,,info@risensd.com,,,,https://www.facebook.com/risensd,,,,,
1273,Rock n' Roll Camp for Girls San Diego,California Nonprofit ,PO Box 232342 Encinitas CA,San Diego County,https://www.rockcampforgirlssd.org/,info@risingsunopp.org,,https://risingsunopp.org/contact/,https://www.linkedin.com/company/rising-sun-opp/,https://www.facebook.com/risingsunopp,https://www.instagram.com/risingsunopp/,,,https://bsky.app/profile/risingsunopp.org,
1274,Rocky Point Charter School,California Nonprofit ,3500 Tamarack Dr Redding CA,Shasta County,http://www.rockypointcharter.com/,,,,,,,,,,
1275,Rose Foundation for Communities and the Environment,California Nonprofit ,201 4Th Street Suite 102 Oakland CA,Alameda County,http://www.rosefdn.org/,,,,,,,,,,
1276,RotaCare Bay Area Inc.,California Nonprofit ,,,https://www.rotacarebayarea.org/,info@riverstyxfoundation.org,,https://www.riverstyxfoundation.org/contact,,,,,,,
1277,Rudolph J & Daphne A Munzer Foundation,California Nonprofit ,3450 E. Spring Street Suite 216 Long Beach CA,Los Angeles County,http://www.munzerfdn.org/,,,,,,,,,,
1278,Rural Advancement Partners,California Nonprofit ,726 Cedar St Mount Shasta CA,Siskiyou County,http://advancerural.org/,,,,,,,,,,
1279,Rural Community Assistance Corporation,California Nonprofit ,3120 Freeboard Drive Suite 201 West Sacramento CA,Yolo County,http://www.rcac.org/,,rockcampforgirlsSD@gmail.com,https://www.rockcampforgirlssd.org/contacts.html,,https://www.facebook.com/rocknrollcampforgirlsSD?ref=bookmarks,https://www.instagram.com/rockcampforgirlssd/,,,,
1280,Russian Riverkeeper,California Nonprofit ,,,https://russianriverkeeper.org/,,,,,,,,,,
1281,RYTMO,California Nonprofit ,,,https://rytmo.org/,,,http://www.rosefdn.org/contact/,https://www.linkedin.com/company/the-rose-foundation/posts/?feedView=all,https://www.facebook.com/RoseEnvironment/,https://www.instagram.com/rosefdn/?hl=en,,,,
1282,S.H. Cowell Foundation,California Nonprofit ,425 CAlifornia Street Suite 2025 San Francisco CA,San Francisco County,http://www.shcowell.org/,,"coastsideclinic@rotacarebayarea.org, montereyclinic@rotacarebayarea.org, pittsburg@rotacarebayarea.org, sjclinic@rotacarebayarea.org, srclinic@rotacarebayarea.org, santacruzclinic@rotacarebayarea.org, richmondclinic@rotacarebayarea.org, licensecheck@mbc.ca.gov, concordclinic@rotacarebayarea.org, dcclinic@rotacarebayarea.org, WestCC@rotacarebayarea.org",https://www.rotacarebayarea.org/contact,,,https://www.instagram.com/rotacarebayareainc/,,,,9164472854
1283,"S.L.A.A. Los Angeles, Inc.",California Nonprofit ,PO Box 480379 Los Angeles CA,Los Angeles County,https://www.slaalosangeles.org/,,,https://munzerfdn.org/contact/,,https://www.facebook.com/TheMunzerFoundation/,,,,,
1284,Sac-EJC,California Nonprofit ,1017 L Street Pmb23 291 Sac-Ejc.Org Sacramento CA,Sacramento County,http://www.sac-ejc.org/,,,http://advancerural.org/contact,https://www.linkedin.com/company/rural-advancement-partners,,,,,,714%202139919
1285,SACNAS Society for Advancement of Chicanos/Hispanics & Native Americans in Science,California Nonprofit ,2261 Market Street Ste 22195 San Francisco CA,San Francisco County,http://www.sacnas.org/,,registration@rcac.org,https://www.rcac.org/about-rcac/contact-us/,http://www.linkedin.com/company/rcac,https://www.facebook.com/pages/RCAC/116784531730718,,,,,415.397.0285
1286,Sacramento Educational Cable Consortium,California Nonprofit ,,,http://www.secctv.org/,info@russianriverkeeper.org,"advoacy@russianriverkeeper.org, giving@russianriverkeeper.org, education@russianriverkeeper.org, trash@russianriverkeeper.org, volunteer@russianriverkeeper.org",https://russianriverkeeper.org/contact/,https://www.linkedin.com/company/russian-riverkeeper/,https://www.facebook.com/RussianRiverkeeper/,https://www.instagram.com/rriverkeeper/,,,https://bsky.app/profile/rriverkeeper.bsky.social,
1287,Sacramento Housing Alliance,California Nonprofit ,PO Box 1708 Sacramento CA,Sacramento County,http://www.sachousingalliance.org/,contact@rytmo.org,,https://rytmo.org/contact-us/,https://www.linkedin.com/company/rytmo-reaching-youth-through-music-opportunities/,https://www.facebook.com/RYTMOMusicSchool,https://www.instagram.com/rytmo_music/?hl=en,,,,9169001717
1288,Sacramento River Discovery Center,California Nonprofit ,1000 Sale Lane Red Bluff CA,Tehama County,https://www.fs.usda.gov/recarea/mendocino/recarea/?recid=25236,,,,,,,,,,831.459.0170
1289,Sacred Life Recovery Services,California Nonprofit ,,,,,,,,,,,,,9169201006
1290,SAFE Family Justice Centers,California Nonprofit ,28910 Pujol St Temecula CA,Riverside County,http://www.safefjc.org/,,Sacejc2021@gmail.com,https://sac-ejc.org/contact/,,https://www.facebook.com/sacejc,https://www.instagram.com/sacejc/,,,,9164554900
1291,Safe Harbor Coronado,California Nonprofit ,1009 C Ave Coronado CA,San Diego County,https://safeharborcoronado.org/,info@sacnas.org,"chapters@sacnas.org, members@sacnas.org, reg@sacnas.org",https://www.sacnas.org/contact-us,https://www.linkedin.com/company/sacnas/,https://www.facebook.com/SACNAS,https://www.instagram.com/sacnas/,,,,
1292,Safe Parking LA,California Nonprofit ,PO Box 17157 Los Angeles CA 90006 CA,Los Angeles County,https://safeparkingla.org/,,secc@secctv.org,http://www.secctv.org//about#contact,https://www.linkedin.com/company/sacramento-educational-cable-consortium/,https://www.facebook.com/pages/Sacramento-Educational-Cable-Consortium-SECC/155464387854393?ref=hl,https://www.instagram.com/secceducationaltv/,,,,
1293,Safety Town of Santa Barbara County,California Nonprofit ,,,https://www.sbsafetytown.org/,,"events@sachousingalliance.org, sha@sachousingalliance.org",https://sachousingalliance.org/contact/,,https://www.facebook.com/sachousingalliance,,https://x.com/SacHsngAlliance,,,
1294,SAGE Trail Alliance,California Nonprofit ,PO Box 4003 Santa Barbara CA,Santa Barbara County,http://www.sagetrail.org/,,,https://www.fs.usda.gov/recarea/mendocino/recarea/?recid=25236/r05/mendocino/contact-us,,https://www.facebook.com/MendocinoNF/,https://www.instagram.com/u.s.forestservice,https://www.x.com/MendocinoNF,,,
1295,Sahaba Initiative,California Nonprofit ,1887 Business Center Dr. Ste 3A San Bernardino CA,San Bernardino County,https://www.sahabainitiative.org/,,,,,,,,,,
1296,Saint John's Program for Real Change,California Nonprofit ,2443 Fair Oaks Blvd 23369 Sacramento CA,Sacramento County,https://saintjohnsprogram.org/,,,,,,,,,,
1297,Salinas Police Activities League,California Nonprofit ,,,https://salinaspal.org/,info@safeharborcoronado.org?,,https://safeharborcoronado.org/contact,,https://www.facebook.com/safeharborcoronado,https://www.instagram.com/safeharborcoronado,,,,9093013002
1298,Salinas Valley Health Foundation,California Nonprofit ,PO Box 4760 Salinas CA,Monterey County,http://www.svmhfoundation.org/,,"Anne@sbsafetytown.org, Registration@sbsafetytown.org",https://www.sbsafetytown.org//temporary-contact-us/,,,,,,,%20916%204531482
1299,San Bernardino Fatherhood,California Nonprofit ,PO Box 557 Highland CA,San Bernardino County,http://www.sbfatherhood.com/,,,https://sagetrail.org/contact-us/,,,https://www.instagram.com/sagetrailalliance/,,,,
1300,San Bruno Community Foundation,California Nonprofit ,901 Sneath Lane Suite 209 San Bruno CA,San Mateo County,http://www.sbcf.org/,"info@thecentercv.org, info@sahabainitiative.org",,https://www.sahabainitiative.org/contact-us/,https://www.linkedin.com/company/sahaba-initiative/,https://www.facebook.com/sahabainitiative,https://www.instagram.com/sahabainitiative/,,,,8317574333
1301,San Carlos Educational Foundation,California Nonprofit ,PO Box 1214 San CArlos CA,San Mateo County,http://www.scefkids.org/,,,https://saintjohnsprogram.org/contact-us/,,https://www.facebook.com/SaintJohnsPRC,https://www.instagram.com/saintjohnsprogram/,,,,
1302,San Diego Food System Alliance,California Nonprofit ,,,https://sdfsa.org/,,,,,https://www.facebook.com/salinaspal,https://www.instagram.com/salinas_pal/,,,,
1303,San Diego Harbor Police Foundation,California Nonprofit ,3380 N Harbor Dr. San Diego CA,San Diego County,https://www.sdharborpolicefoundation.org/,,,http://www.svmhfoundation.org//salinas-valley-health-foundation/foundation-contact-us/,https://www.linkedin.com/company/salinas-valley-health-foundation/,https://www.facebook.com/salinasvalleyhealthfoundation,https://www.instagram.com/SalinasValleyHealthFoundation/,,,,6505905983
1304,San Diego Housing Federation,California Nonprofit ,3939 Iowa Street Suite 1 San Diego CA,San Diego County,http://www.housingsandiego.org/,,,https://www.constantcontact.com/legal/service-provider,,https://www.facebook.com/sanbernardinofatherhood,https://www.instagram.com/sbfatherhood/,https://x.com/sbfatherhood,,,
1305,San Diego Junior Golf Association Inc,California Nonprofit ,3914 Murphy CAnyon Rd A170 San Diego CA,San Diego County,http://www.sdjga.org/,info@sbcf.org,,https://www.sbcf.org/contact,,https://www.facebook.com/sanbrunocommunityfoundation/,https://www.instagram.com/sanbrunocommunityfoundation/,,,,16195001055
1306,San Diego Master Chorale,California Nonprofit ,2111 CAmino Del Rio S San Diego CA,San Diego County,http://sdmasterchorale.org/,info@scefkids.org,,,,https://www.facebook.com/SCEFkids/,https://www.instagram.com/scefkids/,,,,6192396693
1307,San Dieguito River Valley Conservancy,California Nonprofit ,3030 Bunker Hill St Suite 309-1 San Diego CA,San Diego County,http://www.sdrvc.org/,"info@sdfsa.org, info@sdfsa.org?",,,https://www.linkedin.com/company/san-diego-food-system-alliance/,https://www.facebook.com/sdfoodsys,https://www.instagram.com/sdfoodsys/p/DG6E2K-PZsu/?img_index=4,,,,
1308,San Francisco - Ho Chi Minh City Sister City Committee,California Nonprofit ,490 POst Street Suite 1607 San Francisco CA,San Francisco County,https://www.sfhcmc.org/,,,,https://www.linkedin.com/company/san-diego-harbor-police-foundation/,https://www.facebook.com/profile.php?id=100069152253219,https://www.instagram.com/sdhp.foundation/,,,,
1309,San Francisco Bay Bird Observatory,California Nonprofit ,524 Valley Way Milpitas CA,Santa Clara County,http://www.sfbbo.org/,sdhfadmin@housingsandiego.org,"sarah@housingsandiego.org, sdhfcomms@housingsandiego.org, events@housingsandiego.org?, sarah@housingsandiego.org?, marissa@housingsandiego.org",http://www.housingsandiego.org/contact,https://www.linkedin.com/company/sdhf,,,,,,18588666956
1310,San Francisco Baykeeper,California Nonprofit ,1736 Franklin St Ste 800 Oakland CA,Alameda County,http://www.baykeeper.org/,,,,,,,,,,
1311,San Francisco Boys Chorus,California Nonprofit ,333 Hayes St Ste 116 San Francisco CA,San Francisco County,https://sfbc.org/,,,https://www.sdmasterchorale.org/contact/,,https://www.facebook.com/SanDiegoMasterChorale/,https://www.instagram.com/sandiegomasterchorale/,,,,
1312,San Francisco Center for the Book,California Nonprofit ,375 Rhode Island St San Francisco CA,San Francisco County,http://www.sfcb.org/,,sdrvc@sdrvc.org,https://www.sdrvc.org/contact,,https://www.facebook.com/sdrvc,https://www.instagram.com/sdrvc,,,,5107359700
1313,San Francisco Girls Chorus,California Nonprofit ,44 Page Street Ste 200 San Francisco CA,San Francisco County,https://www.sfgirlschorus.org/,,,,,,,,,,4158617464
1314,San Francisco Housing Action Coalition,California Nonprofit ,555 Montgomery St Suite 720 San Francisco CA,San Francisco County,https://www.sfhac.org/,,outreach@sfbbo.org,http://www.sfbbo.org/contact-us.html,,https://www.facebook.com/birdsSF/,https://www.instagram.com/sfbbo/,,,,
1315,San Francisco Motorcycle Club,California Nonprofit ,2194 Folsom St San Francisco CA,San Francisco County,http://sf-mc.org/,info@baykeeper.org,,http://www.baykeeper.org/contact,https://www.linkedin.com/company/sfbaykeeper/,https://www.facebook.com/sanfranciscobaykeeper/,https://www.instagram.com/sfbaykeeper/,,,https://bsky.app/profile/sfbaykeeper.bsky.social,
1316,San Francisco Performances,California Nonprofit ,500 Sutter St Ste 710 San Francisco CA,San Francisco County,http://www.sfperformances.org/,contact@sfbc.org,,https://sfbc.org/contact/,,https://www.facebook.com/sanfranciscoboyschorus,https://www.instagram.com/sfbc_official/,,,,
1317,San Francisco Study Center,California Nonprofit ,1663 Mission St Suite 310 San Francisco CA,San Francisco County,http://www.studycenter.org/,,,,,https://www.facebook.com/sfcenterforthebook/,https://www.instagram.com/sanfranciscocenterforthebook/,,,,
1318,San Francisco Women's Cancer Network,California Nonprofit ,2912 Diamond Street Box 375 San Francisco CA,San Francisco County,http://www.sfwcn.org/,info@sfgirlschorus.org,"achandler@sfgirlschorus.org?, awyllie@sfgirlschorus.org?, kennethk@sfgirlschorus.org?",https://www.sfgirlschorus.org/contact-1,,https://www.facebook.com/sfgirlschorus,,,,,
1319,San Joaquin Pride Center,California Nonprofit ,937 N Yosemite St Stockton CA,San Joaquin County,http://sjpridecenter.com/,,,,,,,,,,
1320,San Lorenzo Village Homes Association,California Nonprofit ,377 Paseo Grande San Lorenzo CA,,http://www.slvha.com/,,,,,,,,,,
1321,San Mateo Rail Corridor TMA,California Nonprofit ,400 Oyster POint Blvd. Suite 409 South San Francisco CA,San Mateo County,,info@sfperformances.org,,http://www.sfperformances.org//aboutus/contactinfo.html,,https://www.facebook.com/sfperformances?ref=ts,https://www.instagram.com/sfperformances/,,,,2094758461
1322,San Onofre Parks Foundation,California Nonprofit ,3030 Avenida Del Presidente San Clemente CA,Orange County,,,geoff@studycenter.org,,,,,,,,
1323,San Pedro Meals on Wheels,California Nonprofit ,731 S Averill Avenue San Pedro CA,,http://www.sanpedromealsonwheels.org/about-us-index,,,https://sfwcn.org/contact/,,,,,,,
1324,Sanchez Art Center,California Nonprofit ,1220-B Linda Mar Boulevard Pacifica CA,San Mateo County,http://www.sanchezartcenter.org/,,,,,,,,,,
1325,Sanctuary of Hope,California Nonprofit ,PO Box 431038 Los Angeles CA,Los Angeles County,http://www.thesoh.org/,info@slvha.com,ccr@slvha.com,https://slvha.com/contact-us/,,,,,,,
1326,Santa Barbara Botanic Garden,California Nonprofit ,1212 Mission CAnyon Drive Santa Barbara CA,Santa Barbara County,http://www.sbbg.org/,,,,,,,,,,
1327,Santa Barbara Bucket Brigade,California Nonprofit ,PO Box 50640 Santa Barbara CA,Santa Barbara County,http://www.sbbucketbrigade.org/,,,,,,,,,,
1328,Santa Barbara Channelkeeper,California Nonprofit ,,,http://www.sbck.org/,,,http://www.sanpedromealsonwheels.org/about-us-index/contact,,,,,,,8056824726
1329,Santa Barbara City College Foundation,California Nonprofit ,721 Cliff Dr Santa Barbara CA,Santa Barbara County,http://sbccfoundation.org/,info@sanchezartcenter.org,,,,https://www.facebook.com/sanchezartcenter,,,,,
1330,Santa Barbara Community Housing Corporation,California Nonprofit ,11 East Haley Street Santa Barbara CA,Santa Barbara County,http://www.chcsb.com/,,,https://thesoh.org/contact/,,,,,,,
1331,Santa Barbara County Food Action Network,California Nonprofit ,133 East De La Guerra 23268 Santa Barbara CA,Santa Barbara County,https://www.sbcfoodaction.org/,,,https://sbbotanicgarden.org/contact/,https://www.linkedin.com/company/santa-barbara-botanic-garden/,https://www.facebook.com/sbbotanicgarden/,,,,,
1332,Santa Barbara County Immigrant Legal Defense Center,California Nonprofit ,,,https://www.sbimmigrantdefense.org/,contactus@sbbucketbrigade.org,,https://sbbucketbrigade.org/contact-us/,,https://www.facebook.com/SantaBarbaraBucketBrigade,https://www.instagram.com/santabarbarabucketbrigade,,,,
1333,Santa Barbara Foundation,California Nonprofit ,1111 Chapala Street Santa Barbara CA,Santa Barbara County,https://www.sbfoundation.org/,info@sbck.org,,https://www.sbck.org/contact-us/,,https://www.facebook.com/SBChannelkeeper/,https://www.instagram.com/sbchannelkeeper/,,,,
1334,SANTA BARBARA MISSION ARCHIVE-LIBRARY,California Nonprofit ,,,https://www.sbmal.org/,info@sbccfoundation.org,,,https://www.linkedin.com/company/sbcc-foundation?trk=nmp_rec_act_company_photo,https://www.facebook.com/SantaBarbaraCityCollegeFoundation/,https://www.instagram.com/sbccfoundation/,,,,
1335,Santa Barbara Police Activities League,California Nonprofit ,,,https://www.sbpal.org/,,frontdesk@chcsb.com,http://www.chcsb.com/contact.html,,,,,,,8059631873
1336,Santa Barbara Public Library Foundation,California Nonprofit ,,,https://sblibraryfoundation.org/,,,,,,,,,,
1337,Santa Barbara Student Housing Cooperative,California Nonprofit ,777 CAmino Pescadero Isla Vista CA,,http://www.sbcoop.org/,info@sbimmigrantdefense.org,,,,https://www.facebook.com/SBILDC/,https://www.instagram.com/immigrantlegaldefensecenter/,http://www.wix.com/?utm_campaign=vir_created_with,,,
1338,Santa Barbara Symphony Orchestra Foundation,California Nonprofit ,1330 State Street Ste 102 Santa Barbara CA,Santa Barbara County,http://www.thesymphony.org/,"info@sbfoundation.org, info@SBFoundation.org",,https://sbfoundation.org/contact/,https://www.linkedin.com/company/santa-barbara-foundation/,https://www.facebook.com/sbfoundation, https://www.instagram.com/santabarbarafoundation/,,,,
1339,Santa Barbara Vintners Foundation,California Nonprofit ,,,https://www.sbvintnersfoundation.org/,,research@sbmal.org,,https://www.linkedin.com/company/sbmal,,https://www.instagram.com/sbmissionarchive/,,,,
1340,Santa Clara Valley Bird Alliance,California Nonprofit ,22221 Mcclellan Rd Cupertino CA,Santa Clara County,http://scvbirdalliance.org/,,,,,,,,,,18058989386
1341,Santa Clarita Symphony Orchestra,California Nonprofit ,,,https://www.santaclaritasymphonyorchestra.org/,info@SBLibraryFoundation.org,,https://sblibraryfoundation.org/contact-us/,,https://www.facebook.com/Santa-Barbara-Public-Library-Foundation-582589148530880/,https://www.instagram.com/sblibraryfoundation/,,,,
1342,Santa Cruz County Veterans Memorial Building,California Nonprofit ,846 Front St. Santa Cruz CA,Santa Cruz County,http://vetshall.org/,,,,,,,,,,
1343,Santa Cruz Mountains Trail Stewardship,California Nonprofit ,719 Swift St Suite 7 Santa Cruz CA,Santa Cruz County,http://www.santacruztrails.org/,info@thesymphony.org,,https://thesymphony.org/about/contact/,,https://www.facebook.com/SantaBarbaraSymphony/,https://www.instagram.com/sbsymphony/,,,,
1344,Santa Cruz Museum of Natural History,California Nonprofit ,1305 E Cliff Dr Santa Cruz CA,Santa Cruz County,http://www.santacruzmuseum.org/,,emily@sbcountywines.com,https://www.sbvintnersfoundation.org/contact,,,,,,,
1345,Santa Cruz Symphony,California Nonprofit ,,,https://santacruzsymphony.org/,director@scvBirdAlliance.org?,"office@scvBirdAlliance.org?, scvasbirdathon@gmail.com, advocate@scvBirdAlliance.org?, scvas@scvbirdalliance.org, programs@scvBirdAlliance.org?",http://scvbirdalliance.org/contact,,,,,,,8312915137
1346,Santa Monica Conservancy,California Nonprofit ,PO Box 653 Santa Monica CA,Los Angeles County,http://www.smconservancy.org/,info@santaclaritasymphonyorchestra.org,,https://www.santaclaritasymphonyorchestra.org/contact,,https://www.facebook.com/SCSOrchestra/,https://www.instagram.com/scsorchestra/,,,,8314206115
1347,Santa Monica Group Theatre,California Nonprofit ,1211 4Th Street Suite 201 Santa Monica CA,Los Angeles County,http://www.santamonicaplayhouse.com/,"director@vetshall.org, director@vetshall.org?",,https://www.veteranshall.org/contact-us/,,,http://www.instagram.com/vetshall,,,,
1348,Santa Ynez Valley People Helping People,California Nonprofit ,545 N Alisal Rd Solvang CA,Santa Barbara County,http://www.syvphp.org/,info@santacruztrails.org,,,,https://www.facebook.com/dialog/feed?app_id=1116957488814936&&link=https%3A%2F%2Fact.santacruztrails.org%2Ftake-action%2Fsign-up,https://www.instagram.com/tomswellservice/,,,,
1349,Sapolu Destined Academy Foundation,California Nonprofit ,,,http://sdaorators.com/sda-foundation,info@santacruzmuseum.org,"events@santacruzmuseum.org, collections@santacruzmuseum.org, retail@santacruzmuseum.org, development@santacruzmuseum.org, volunteer@santacruzmuseum.org, camp@santacruzmuseum.org, education@santacruzmuseum.org",https://santacruzmuseum.org/about/contact-us/,,https://www.facebook.com/SantaCruzMuseumOfNaturalHistory,https://www.instagram.com/santacruzmuseum/,,,,
1350,Sarate Design,California Nonprofit ,,,http://sarate.org/,info@santacruzsymphony.org,"development@santacruzsymphony.org?, office@santacruzsymphony.org?, personnelmanager@santacruzsymphony.org?, marketing@santacruzsymphony.org?",https://santacruzsymphony.org/contact-us,,,,,,,
1351,Save Elephant Hill,California Nonprofit ,4627 Harriman Ave Los Angeles CA,Los Angeles County,https://www.facebook.com/saveelephanthill90032/,info@smconservancy.org,,https://smconservancy.org/our-work/contact-us,,,https://www.instagram.com/smconservancy/,,,,
1352,Save Mount Diablo,California Nonprofit ,201 North Civic Drive Ste 190 Walnut Creek CA,Contra Costa County,http://www.savemountdiablo.org/,,theatre@santamonicaplayhouse.com,http://www.santamonicaplayhouse.com/http://visitor.r20.constantcontact.com/d.jsp?llr=599aiodab&p=oi&m=1103211031390&sit=lieuj76eb&f=1b92d869-34f1-4c34-a354-d62c3cf99c1c,,,,,,,
1353,Save The Bay,California Nonprofit ,560 14Th Street Ste 400 Oakland CA,Alameda County,http://www.savesfbay.org/,,"kate@syvphp.org, luz@syvphp.org, jessicac@syvphp.org, php@syvphp.org, valeriek@syvphp.org, rena@syvphp.org, adrianar@syvphp.org, mayrat@syvphp.org, thriftology@syvphp.org, selenes@syvphp.org, arcelia@syvphp.org, johnc@syvphp.org, jenniferg@syvphp.org",https://www.syvphp.org/contact/,,https://www.facebook.com/SYVpeoplehelpingpeople/,https://www.instagram.com/syvpeoplehelpingpeople/,,,,
1354,Scandinavian School,California Nonprofit ,20 Woodside Ave San Francisco CA,San Francisco County,http://www.scandinavianschool.org/,info@sapoluacademy.org,,https://sdaorators.com/contact-us/,,https://www.facebook.com/sapoludestinedacademy,https://www.instagram.com/sapoludestinedacademy,https://x.com/sda_orators,,,9259473535
1355,ScholarMatch,California Nonprofit ,849 Valencia Street San Francisco CA,San Francisco County,https://scholarmatch.org/,,,,,,,,,,
1356,ScholarTrail,California Nonprofit ,,,https://scholartrail.com/,,,,,https://www.facebook.com/login/device-based/regular/login/?login_attempt=1&next=https%3A%2F%2Fwww.facebook.com%2Fsaveelephanthill90032%2F,,,,,
1357,"School on Wheels, Inc.",California Nonprofit ,PO Box 23371 Ventura CA,Ventura County,http://www.schoolonwheels.org/,smdinfo@savemountdiablo.org,,https://visitor.r20.constantcontact.com/manage/optin?v=001kGlTg99yfXU_CwEJN0HzOR8t25OrhjvLcnMP-1_htqGC6maDaXHNf3vyrWhc_p5-WLEJEGTiNjXZcOSh7YZPYg%3D%3D,https://www.linkedin.com/company/save-mount-diablo,https://www.facebook.com/SaveMountDiablo,https://www.instagram.com/savemountdiablo/,,,https://web-cdn.bsky.app/profile/savemountdiablo.bsky.social,
1358,Schurig Center for Brain Injury Recovery,California Nonprofit ,1132 Magnolia Ave Larkspur CA,Marin County,https://schurigcenter.org/,,"epang@savesfbay.org, msettelmayer@savesfbay.org, lwalsh@savesfbay.org, dlowe@savesfbay.org, abriseno@savesfbay.org, mcalzada@savesfbay.org, hlim@savesfbay.org, jmckeen-scott@savesfbay.org, dperezgarcia@savesfbay.org, enordby@savesfbay.org, mgutkin@savesfbay.org, gdatuin@savesfbay.org, hkantmann@savesfbay.org, allison@savesfbay.org, jquigley@savesfbay.org, gtornatore@savesfbay.org, mlucking@savesfbay.org, rerickson@savesfbay.org, hcurrier@savesfbay.org, lcheng@savesfbay.org, astoddard@savesfbay.org, aanderson@savesfbay.org, gonorati@savesfbay.org, hhoffman@savesfbay.org, rlievers@savesfbay.org, awillis@savesfbay.org, jolson@savesfbay.org",https://savesfbay.org/contact-us/,https://www.linkedin.com/company/savesfbay,https://www.facebook.com/saveSFbay/,https://www.instagram.com/savesfbay/,,,,
1359,Science Fiction & Fantasy Writers of America,California Nonprofit ,,,http://www.sfwa.org/,,"mskoglund@scandinavianschool.org, periksson@scandinavianschool.org, culturalcenter@scandinavianschool.org, ppersson@scandinavianschool.org",http://www.scandinavianschool.org/contact,https://www.linkedin.com/company/scandinavian-school-in-san-francisco,https://www.facebook.com/thescandinavianschool,https://www.instagram.com/scandinavianschool,,,,
1360,Scientific Adventures for Girls,California Nonprofit ,PO Box 11123 Oakland CA,Alameda County,http://www.scientificadventures.org/,,,https://scholarmatch.org/contact,https://www.linkedin.com/company/scholarmatch,https://www.facebook.com/ScholarMatch,https://www.instagram.com/scholarmatch_hq/,,,,
1361,SCOPE,California Nonprofit ,,,http://scopela.org/,,,https://scholartrail.com/contact-us,https://www.linkedin.com/company/scholartrail-nonprofit,https://www.facebook.com/people/ScholarTrail/61582882951606/,https://www.instagram.com/scholartrail/,,,,
1362,Scott Legacy Financial Literacy Program,California Nonprofit ,,,,,,,https://www.linkedin.com/company/schoolonwheelsinc/,https://www.facebook.com/SchoolonWheelsinc,,,,,
1363,Scott River Watershed Council,California Nonprofit ,514 N Hwy 3 Etna CA,Siskiyou County,https://www.scottriver.org/,info@schurigcenter.org,,https://schurigcenter.org/contact/,https://www.linkedin.com/company/schurig-center-for-brain-injury-recovery,https://www.facebook.com/Schurig-Center-for-Brain-Injury-Recovery-102592033116235/,https://www.instagram.com/schurigcenter/,,,,13237897920
1364,Screamfest Horror Film Festival,California Nonprofit ,8840 Wilshire Blvd. Beverly Hills CA,Los Angeles County,http://screamfestla.com/,,,,,https://www.facebook.com/SFWA.org,https://www.instagram.com/sfwa_inc/,,,https://bsky.app/profile/sfwa.bsky.social,
1365,Sea Pink Foundation,California Nonprofit ,,,,"info@scientificadventures.org, info@scientificadventures.org﻿﻿",,http://www.scientificadventures.org/contact,,,,,,,
1366,Seacology,California Nonprofit ,1623 Solano Ave Berkeley CA,Alameda County,http://www.seacology.org/,info@scopela.org,,https://scopela.org/about-us/contact-us/,,https://www.facebook.com/scopelosangeles,,,,,
1367,Sebastopol Area Senior Center,California Nonprofit ,167 N High Street Sebastopol CA,Sonoma County,https://www.sebastopolseniorcenter.org/,,,,,,,,,,
1368,Second Families,California Nonprofit ,,,http://secondfamiliessd.org/,,srwc@scottriver.org,https://scottriver.org/contact/,,https://www.facebook.com/ScottRiverWatershedCouncil,https://www.instagram.com/scottriverwatershed/,,,,
1369,Second Harvest Food Bank Santa Cruz County,California Nonprofit ,800 Ohlone Parkway Watsonville CA,Santa Cruz County,https://www.thefoodbank.org/,,,http://screamfestla.com/contact-us,,https://www.facebook.com/Screamfest/,https://www.instagram.com/screamfestla/,https://x.com/screamfest,,,
1370,Second Harvest of the Greater Valley,California Nonprofit ,1220 Vanderbilt Circle Manteca CA,San Joaquin County,http://www.localfoodbank.org/,,,,,,,,,,
1371,Seismological Society of America,California Nonprofit ,400 Evelyn Ave Ste 201 Albany CA,Alameda County,http://www.seismosoc.org/,,islands@seacology.org,https://www.seacology.org/contact-us/,,https://www.facebook.com/Seacology/,https://www.instagram.com/seacology_org/,,,,8316620991
1372,SEL4CA - Social Emotional Learning Alliance for California,California Nonprofit ,PO Box 2177 Ventura CA,Ventura County,http://sel4ca.org/,info@sebastopolseniorcenter.org?,,,,,,,,,2092392091
1373,Senderos,California Nonprofit ,840 N. Branciforte Avenue Santa Cruz CA,Santa Cruz County,https://scsenderos.org/,, secondfamilies@hotmail.com,,,,,,,,
1374,Senior Advocacy Network,California Nonprofit ,82113Th St Ste A Modesto CA,Stanislaus County,https://senioradvocacynetwork.org/,,"foodhotline@thefoodbank.org, Tina@thefoodbank.org",https://www.thefoodbank.org/aboutus/contact-us/,https://www.linkedin.com/company/second-harvest-food-bank-santa-cruz-county/,https://www.facebook.com/SecondHarvestSantaCruz,https://www.instagram.com/secondharvestsantacruz/,,,,
1375,Senior Center of Elk Grove,California Nonprofit ,8230 Civic Center Drive Suite 140 Elk Grove CA,Sacramento County,https://thesceg.com/,"infosjstan@secondharvest.org, infosjstan@feedingamerica.org",,https://visitor.r20.constantcontact.com/manage/optin?v=001nqtu8Sw3n_534q8g8AlBy40UtOaqRK3D6-cPei_ct9qhzk3NOW9fXEeR1Et82wQKS4J_gqwKezxi0cmAruni0wU5tFzQsYK4RWGJCUX4qSRFPpZWREpDf9pvg8lq84j22J15Bf5Dfj07XEkPxcbDU6FnF88sq24Th6fb_SsiMQOlTfTQyDgZ0O66BykZiI8x,,https://www.facebook.com/localfoodbank,https://www.instagram.com/p/B1rlg0aH_zD/,,,,
1376,Senior Coastsiders,California Nonprofit ,925 Main Street Half Moon Bay CA,San Mateo County,https://www.seniorcoastsiders.org/about,,,,,https://www.facebook.com/pages/Seismological-Society-of-America/125495123520,,,,,
1377,Senior Housing Relief for Elders,California Nonprofit ,2333 State Street Suite 300 CArlsbad CA,San Diego County,https://seniorhousingrelief.org/,,,https://sel4ca.org/contact-2/,,,https://www.instagram.com/sel4ca/,,,,9166853160
1378,Seniors Council of Santa Cruz and San Benito Counties,California Nonprofit ,175 Westridge Dr Watsonville CA,Santa Cruz County,http://www.seniorscouncil.org/,,,,https://www.linkedin.com/company/scsenderos,https://www.facebook.com/scsenderos/,,,,,16507269056
1379,Sequoia Parks Conservancy,California Nonprofit ,,,https://sequoiaparksconservancy.org/,,,https://senioradvocacynetwork.org/contact/,,,,,,,
1380,Sequoia Riverlands Trust,California Nonprofit ,427 S Garden St Visalia CA,Tulare County,http://www.sequoiariverlands.org/,,,,,https://www.facebook.com/355916284486845,,,,,18316880400
1381,ServareGMP,California Nonprofit ,1396 POinsettia Ave Vista CA,San Diego County,https://www.servaregmp.com/,info@seniorcoastsiders.org?,,https://www.seniorcoastsiders.org/about/contact,,https://www.facebook.com/SeniorCoastsiders/,,,,,5595654256|Adventures:5595654251
1382,Service Opportunity for Seniors / SOS Meals on Wheels,California Nonprofit ,2235 POlvorosa Ave Suite 260 San Leandro CA,Alameda County,http://www.sosmow.org/,,jennifer.prado@shre.org,https://seniorhousingrelief.org/contact-2/,https://www.linkedin.com/company/senior-housing-relief-for-elders/?viewAsMember=true,https://www.facebook.com/profile.php?id=61551865622901&mibextid=LQQJ4d,https://www.instagram.com/seniorhousingrelief/,,,,
1383,"Services, Immigrant Rights & Education Network (SIREN)",California Nonprofit ,1769 Park Avenue Suite 200 San Jose CA,Santa Clara County,http://sirenimmigrantrights.org/,,,https://seniorscouncil.org/contact-elected-officials/,,https://www.facebook.com/theseniorscouncil/,https://www.instagram.com/seniorscouncil831/,,,,
1384,Serving Underserved,California Nonprofit ,PO Box 31805 Los Angeles CA,Los Angeles County,http://www.servingunderserved.org/,info@sequoiaparks.org,,https://sequoiaparksconservancy.org/contact-us,https://www.linkedin.com/company/sequoia-parks-conservancy,https://www.facebook.com/SequoiaParksConservancy/,,,,,
1385,Sexuality Education and Awareness,California Nonprofit ,,,http://sexualityeducationandawareness.org/,,thomas.ja.wise@gmail.com,https://sequoiariverlands.org/about/contact/,,,,,,,
1386,SF Students First,California Nonprofit ,,,,info@servarebiologics.com,,https://www.servaregmp.com/contact.php,,,,,,,
1387,SFArtsED,California Nonprofit ,135 Van Ness Ave Norse Auditorium San Francisco CA,San Francisco County,http://www.sfartsed.org/,,,,https://www.linkedin.com/company/sos-meals-on-wheels/,,https://www.instagram.com/sos_mealsonwheels/,,,,
1388,SFFILM,California Nonprofit ,455 9Th St San Francisco CA,San Francisco County,http://www.sffilm.org/,,,,,https://www.facebook.com/sirenimmigrantrights/,https://www.instagram.com/siren_immigrantrights/?hl=en,https://x.com/SIRENImmiRights,,https://bsky.app/profile/sillysiren.bsky.social,
1389,"Shangri-La Transitions, Inc",California Nonprofit ,483 Burnham Rd Oak View CA,,https://shangrilatransitions.com/,admin@servingunderserved.org,macknetwork@servingunderserved.org,https://servingunderserved.org/contact-us/,,,,,,,
1390,Shanti Project,California Nonprofit ,3170 23Rd Street San Francisco CA,San Francisco County,https://www.shanti.org/,,Kimberly@sexualityeducationandawareness.org,https://sexualityeducationandawareness.org/contact-us/,,https://www.facebook.com/profile.php?id=61581257433728,https://www.instagram.com/sexualityeducationandawareness?igsh=ZTZwcnIzOWoyeGt0&utm_source=qr,,,,
1391,Share the Care Napa Valley,California Nonprofit ,162 S. Coombs Street Napa CA,Napa County,https://www.sharethecarenv.org/,,,,,,,,,,18052073358
1392,Shasta Land Trust,California Nonprofit ,PO Box 992026 Redding CA,Shasta County,http://www.shastalandtrust.org/,info@SFArtsED.org,"susantramontana@gmail.com, kathryn.a@SFArtsED.org, emily.k@SFArtsED.org, chad.j@SFArtsED.org, tiersa.n@SFArtsED.org, mia.w@sfartsed.org, pete.b@sfartsed.org, laura.b@SFArtsED.org",https://www.sfartsed.org/contact/,,https://www.facebook.com/SFArtsED/,https://www.instagram.com/SFArtsED/,,,,
1393,Shasta Trinity Ashram,California Nonprofit ,,,https://trinityashram.org/,info@sffilm.org,"jhebron@sffilm.org, sffilmprogramming@sffilm.org, ADA@sffilm.org, partnerships@sffilm.org,  tl@tommylau.net, members@sffilm.org, development@sffilm.org, grants@sffilm.org, gga@sffilm.org, education@sffilm.org",http://www.sffilm.org/contact,,,,,,,7074923198
1394,"Shelter From The Storm, Inc. (SFTS)",California Nonprofit ,,,http://www.shelterfromthestorm.com/,info@shangrilatransitions.com,,https://www.constantcontact.com/legal/service-provider,,https://www.facebook.com/profile.php?id=61555114470311,,,,,
1395,"SHIELDS for Families, Inc.",California Nonprofit ,,,https://www.shieldsforfamilies.org/,info@shanti.org,"development@shanti.org, volunteerservices@shanti.org",https://www.shanti.org/about-us/contact-us/,,https://www.facebook.com/ShantiProjectSF/,https://www.instagram.com/shantiprojectsf/,,,,
1396,Shop with a Cop Foundation of Silicon Valley,California Nonprofit ,1168 Dean Ave San Jose CA,Santa Clara County,http://www.shopwithacopsv.org/,info@sharethecarenv.org,,https://sharethecarenv.org/contact/,,https://www.facebook.com/sharethecarenv,https://www.instagram.com/sharethecarenv/,,,,
1397,Shumei America,California Nonprofit ,,,http://www.shumei.us/, info@shastalandtrust.org,,http://www.shastalandtrust.org/contact,,https://www.facebook.com/shastalandtrust/,,,,,
1398,Sickle Cell 101,California Nonprofit ,760 Newhall Dr. Suite 1085 San Jose CA,Santa Clara County,https://www.sc101.org/,,,https://trinityashram.org//index.php/contact,,,,,,,6692262663
1399,Sierra Business Council,California Nonprofit ,P. O. Box 2428 Truckee CA,Nevada County,http://sierrabusiness.org/,info@shelterfromthestorm.com,,https://shelterfromthestorm.com/who-we-are/contact/,,https://www.facebook.com/shelterfromthestormnow/,https://www.instagram.com/sftscoachellavalley/,,,,
1400,Sierra Cascade Family Opportunities,California Nonprofit ,424 N. Mill Creek Road Quincy CA,,http://www.headstart4u.org/,,,,,,,,,,
1401,Sierra Foothill Conservancy,California Nonprofit ,PO Box 691 Mariposa CA,,http://sierrafoothill.org/,info@shopwithacopsv.com,groppe@charitycamp.com,https://www.shopwithacopsv.org/contact/,,https://www.facebook.com/shopwithacopsv,,,,,
1402,Sierra Health Foundation,California Nonprofit ,1321 Garden Highway Sacramento CA,Sacramento County,http://www.sierrahealth.org/,,,,,,,,,,
1403,Sierra Nevada Alliance,California Nonprofit ,PO Box 7989 South Lake Tahoe CA,El Dorado County,https://sierranevadaalliance.org/,hello@sc101.org,ask@sc101.org,https://www.sc101.org//about#contact,,https://www.facebook.com/SickleCell101/,https://www.instagram.com/sicklecell101/,https://beamtx.com/,,,
1404,Sierra Streams Institute,California Nonprofit ,,,https://sierrastreamsinstitute.org/,,,https://www.sierrabusiness.org/contact-sbc/,https://www.linkedin.com/company/657554/admin/,https://www.facebook.com/SierraBusinessCouncil/,https://www.instagram.com/sierra_business_council/?hl=en,,,,
1405,Silicon Valley Community Foundation,California Nonprofit ,444 CAstro St. Ste 140 Mountain View CA,Santa Clara County,http://www.svcf.org/,,bedholm@headstart4u.org,http://www.headstart4u.org/contact,,https://www.facebook.com/headstart4u.org,,,,,
1406,Silicon Valley Council of Nonprofits,California Nonprofit ,1400 Parkmoor Ave Ste 130 San Jose CA,Santa Clara County,https://www.svcn.org/,,,https://sierrafoothill.org/contact-us/,,https://www.facebook.com/Sierra-Foothill-Conservancy-107160822392/,,,,,15304706037
1407,Silicon Valley Urban Debate League,California Nonprofit ,1400 Parkmoor Ave. Ste. 240A San Jose CA,Santa Clara County,http://svudl.org/,info@sierrahealth.org,"conference@sierrahealth.org, impact@shfcenter.org",https://www.sierrahealth.org/contact/,https://www.linkedin.com/company/sierra-health-foundation/,,,,,,
1408,Silverlake Conservatory of Music,California Nonprofit ,4652 Hollywood Blvd. Los Angeles CA,Los Angeles County,http://silverlakeconservatory.org/,info@sierranevadaalliance.org,,https://sierranevadaalliance.org/contact-us/,,https://www.facebook.com/SierraNevadaAlliance/,https://www.instagram.com/sierranevadaalliance/,,,,1234567890
1409,Simi Valley Community Council,California Nonprofit ,,,http://www.svcommunitycouncil.org/,,,https://sierrastreamsinstitute.org/contact-us/,,,,,,,
1410,Siskiyou Child Care Council,California Nonprofit ,PO Box 500 Weed CA,Siskiyou County,http://www.siskiyouchildcare.org/,grantsadmin@siliconvalleycf.org,"scholarships@siliconvalleycf.org, applysvcfgrants@siliconvalleycf.org, help@siliconvalleycf.org, donate@svcf.org, media@siliconvalleycf.org, humanresources@siliconvalleycf.org",https://www.svcf.org/contact-us,https://www.linkedin.com/company/silicon-valley-community-foundation,https://www.facebook.com/siliconvalleycf/,https://www.instagram.com/siliconvalleycf/,,,,
1411,Siskiyou Land Trust,California Nonprofit ,522 E. Alma St. Mt. Shasta CA,,http://www.siskiyoulandtrust.org/,admin@svcn.org,,,https://www.linkedin.com/company/silicon-valley-council-of-nonprofits,https://www.facebook.com/SiliconValleyCouncilofNonprofits/,,,,,
1412,Siskiyou Opportunity Center,California Nonprofit ,,,https://www.siskiyouoc.org/,,,http://svudl.org/contact-us,https://www.linkedin.com/company/silicon-valley-urban-debate-league,https://www.facebook.com/SVUDL/,https://www.instagram.com/svudl.official/,http://x.com/svudl,,,
1413,SISTAHFRIENDS,California Nonprofit ,,,https://sistahfriends.org/,,reception.SCM@outlook.com,https://silverlakeconservatory.org/contact-us/,,https://www.facebook.com/silverlake.conservatory/,https://www.instagram.com/silverlake_conservatory/,,,,
1414,"Sister to Sister 2, Inc dba Serenity House",California Nonprofit ,,,https://www.serenityhouseoakland.org/,,"SDeVillers@vitalant.org, simivalleycommunitycouncil@gmail.com",https://svcommunitycouncil.org/contact/,,,,,,,
1415,Skills of Life Cafe,California Nonprofit ,2217 42Nd Ave CApitola CA,Santa Cruz County,https://www.facebook.com/Skillsoflifecafe,,ctapia@siskiyouchildcare.org,,,,,http://wix.com,,,13232910191
1416,Smith River Alliance,California Nonprofit ,145 CAble Lane Crescent City CA,Del Norte County,https://smithriveralliance.org/,,,,,,,,,,
1417,Smokefree Air For Everyone,California Nonprofit ,5152 Frazee Rd Oceanside CA,San Diego County,http://smokefreeairforeveryone.com/,,,https://www.siskiyouoc.org/contact-us.html,,,,,,,
1418,Social & Emotional Wellness Initiative,California Nonprofit ,1853 Lincoln Blvd Santa Monica CA,Los Angeles County,http://www.sewi.org/,"contact@sistahfriends.org, info@sistahfriends.org",,https://sistahfriends.org/contact/,,,https://www.instagram.com/sistahfriends/,,,,
1419,Social Impact Fund,California Nonprofit ,750 W 7Th Street PO Box 811026 Los Angeles CA,Los Angeles County,https://www.socialimpactfund.org/,,"serenityhouseoakland@gmail.com, melissa@serenityhouseoakland.org, Erika@serenityhouseoakland.org",https://www.serenityhouseoakland.org/contactus,https://www.linkedin.com/company/serenity-house-oakland/,https://www.facebook.com/SerenityHouseOakland,https://www.instagram.com/serenityhouseoak/,,,,
1420,Social Innovatus,California Nonprofit ,630-12F2 North Genesee Avenue Los Angeles CA,Los Angeles County,,,,,,https://www.facebook.com/login/device-based/regular/login/?login_attempt=1&next=https%3A%2F%2Fwww.facebook.com%2FSkillsoflifecafe,,,,,
1421,Social Justice Fund for Ventura County,California Nonprofit ,,,https://socialjusticefundvc.org/,info@smithriveralliance.org,grant@smithriveralliance.org,https://smithriveralliance.org/contact/,,https://www.facebook.com/Smith-River-Alliance-210223045655445/,https://www.instagram.com/smithriveralliance/,,,,
1422,Social Justice Partners Los Angeles,California Nonprofit ,360 E 2Nd St Ste 800 Los Angeles CA,Los Angeles County,http://www.sjpla.org/,,,,,,,,,,
1423,Social Thinking - Stevens Creek,California Nonprofit ,3550 Stevens Creek Blvd Ste 200 San Jose CA,Santa Clara County,http://www.socialthinking.com/,info@sewi.org,,https://www.sewi.org/contact,https://www.linkedin.com/company/social-emotional-wellness-initiative,https://www.facebook.com/SEWInitiative,,,,,
1424,Society for the Preservation of Carter Railroad Resources,California Nonprofit ,,,https://spcrr.org/,,,,,,,,,,
1425,Society for the Study of Marine Bioinvasions,California Nonprofit ,,,http://marinebioinvasions.info/,,,,,,,,,,
1426,Society of California Pioneers,California Nonprofit ,300 4Th Street San Francisco CA,San Francisco County,http://www.californiapioneers.org/,info@socialjusticefundvc.org,,https://socialjusticefundvc.org/contact/,,https://www.facebook.com/SJFVC,https://www.instagram.com/socialjusticefundvc/,,,,
1427,SocioEnvironmental and Education Network,California Nonprofit ,4429 Valle Vista Pittsburg CA,Contra Costa County,http://seen.team/,info@sjpla.org,,,https://www.linkedin.com/company/sjplosangeles,https://www.facebook.com/SJPLosAngeles,https://www.instagram.com/sjplosangeles/,,,,
1428,Solano Community Foundation,California Nonprofit ,744 Empire Street Suite 240 Fairfield CA,Solano County,http://www.solanocf.org/,"clinicinfo@socialthinking.com, info@socialthinkingboston.com, clinicinfo@socialthinkingsc.com, info@socialthinking.com","sttsc@socialthinking.com, conferences@socialthinking.com, sales@socialthinking.com, ehelp@socialthinking.com",http://www.socialthinking.com/contact,http://www.linkedin.com/company/socialthinking,,https://www.instagram.com/socialthinking/,https://x.com/share?url=https://www.socialthinking.com/&text=Social Thinking Connects Academic Learning to Social Learning,,,4159571849
1429,Somos Amigos Medical Missions,California Nonprofit ,4741 E Palm CAnyon Drive Ste C Pmb 1013 Rancho Mirage CA,Riverside County,http://www.somosamigos.org/,info@spcrr.org,,https://spcrr.org/contact_us,,https://www.facebook.com/spcrrmuseum,https://www.instagram.com/spcrr_museum,,,,
1430,Somos Mayfair,California Nonprofit ,1695 Alum Rock Ave Suite 10 San Jose CA,Santa Clara County,http://www.somosmayfair.org/,icmb@marinebioinvasions.info,,http://marinebioinvasions.info/contact,https://www.linkedin.com/in/international-conference-marine-bioinvasions,,https://www.instagram.com/marinebioinvasions,https://x.com/MarBioinvasions,,https://bsky.app/profile/marinebioinvasions.bsky.social,
1431,Peace Over Violence,California Nonprofit ,1541 Wilshire Blvd Ste 300 Los Angeles CA,Los Angeles County,http://www.peaceoverviolence.org/," info@californiapioneers.org, info@californiapioneers.org","hailee@californiapioneers.org, mmdevine@californiapioneers.org, natasha@californiapioneers.org",https://www.californiapioneers.org/contact/,,https://www.facebook.com/SCPMuseum,https://www.instagram.com/calpioneers/,,,,3019411255
1432,Sound Future,California Nonprofit ,PO Box 152562 San Diego CA,San Diego County,http://soundfuture.org/,director@seen.team,,,,https://www.facebook.com/4Venir/,https://www.instagram.com/4.venir/,,,,
1433,South Central Prevention Coalition,California Nonprofit ,,,https://southcentralpreventioncoalition.org/,,,https://www.constantcontact.com/legal/service-provider,,https://www.facebook.com/solanocommunityfoundation/,https://www.instagram.com/solanocf/,,,,213.955.9090
1434,South County Community Services,California Nonprofit ,7950 Church Street Suite A Gilroy CA,Santa Clara County,https://www.thecompassioncenter.org/,info@somosamigos.org,,https://somosamigos.org/about-us/contact-us/,https://www.linkedin.com/company/somosamigosmedical/,https://www.facebook.com/somosamigosmedical,https://www.instagram.com/somosamigosmedical/,,,,
1435,South Pasadena Educational Foundation,California Nonprofit ,,,http://www.spef4kids.org/,,,http://www.somosmayfair.org/contact-us,,https://www.facebook.com/SomosMayfair/?ref=aymt_homepage_panel,,,,,
1436,Southern CA Plumeria Society,California Nonprofit ,261 Fairlee Lane Encinitas CA,San Diego County,https://southerncaliforniaplumeriasociety.com/,info@peaceoverviolence.org,,http://www.peaceoverviolence.org/contact,,https://www.facebook.com/PeaceOverViolence,https://www.instagram.com/peaceovrviolnce/,,,,
1437,Southern California Grantmakers,California Nonprofit ,1000 N Alameda St 23230 Los Angeles CA,Los Angeles County,http://www.socalgrantmakers.org/,,,,,,,//www.wix.com/?utm_campaign=vir_error_page,,,
1438,Southern California Library,California Nonprofit ,6120 S Vermont Ave Los Angeles CA,Los Angeles County,http://www.socallib.org/,,"media.scpc@gmail.com, email@email.com",https://southcentralpreventioncoalition.org/contact,,,https://www.instagram.com/southcentralprevention/,,,,
1439,Southern California Municipal Athletic Federation,California Nonprofit ,PO Box 3605 South El Monte CA,Los Angeles County,http://www.scmaf.org/,,,https://www.thecompassioncenter.org/contact-us,,https://www.facebook.com/profile.php?id=61578047669746,https://www.instagram.com/sccommunityservices,,,,2136808866
1440,Southwest Resource Management Association,California Nonprofit ,4500 Glenwood Drive Riverside CA,Riverside County,http://www.srma-ca.org/,,,https://spef4kids.org/contact-spef/,,,,https://nexusplex.com,,,
1441,SPCA of Monterey County,California Nonprofit ,PO Box 3058 Monterey CA,Monterey County,http://www.spcamc.org/,,,https://southerncaliforniaplumeriasociety.com/contact-us/,,https://www.facebook.com/plumerias,,,,,
1442,Special Kids Connect,California Nonprofit ,334 Main Street Salinas CA,Monterey County,http://www.specialkidsconnect.org/, info@socalgrantmakers.org,,http://www.socalgrantmakers.org//about/contact-us,https://www.linkedin.com/company/southern-california-grantmakers,,https://www.instagram.com/socalgrantmaker/,,,,
1443,Special Service for Groups,California Nonprofit ,905 E 8Th St Los Angeles CA,Los Angeles County,http://www.ssg.org/,,,,,,,,,,8313732631
1444,Specialized Health Services Inc,California Nonprofit ,6350 Laurel CAnyon Suite 307 North Hollywood CA,,http://shsvistas.org/,,,http://www.scmaf.org/http://www.scmaf.org/contact,,https://www.facebook.com/SCMAFHeadquarters,https://www.instagram.com/scmaf/,,,,831.372.2730
1445,"Spectrum Community Services, Inc.",California Nonprofit ,,,https://www.spectrumcs.org/,,,,,,,,,,
1446,Spirit Awakening Foundation,California Nonprofit ,PO Box 11643 Marina Dl Rey CA,,http://www.spiritawakening.org/,info@spcamc.org,,,,https://www.facebook.com/SPCAmc,http://www.instagram.com/spcamc,,,,18187623855
1447,Spirit League,California Nonprofit ,27201 Puerta Real Suite 300 Mission Viejo CA,Orange County,http://spiritleague.org/,,,https://visitor.r20.constantcontact.com/manage/optin/ea?v=001nInsvTYVCuDSOa7VQXSHCLucc7ZVikMUmoquIo2xbOIICDvCNDX302AdXqKy8nRiVpH5c01lnnkTDIIX08LyWkYlvoYQJoTYB3QpVFcy6fM%3D,,https://www.facebook.com/specialkidsconnect,https://www.instagram.com/specialkidsconnect/,,,,
1448,SPIRITT Family Services,California Nonprofit ,8000 Painter Avenue Whittier CA,Los Angeles County,http://www.spiritt.org/,,,https://www.ssg.org/contact-us/,,,,,,,
1449,Spokes,California Nonprofit ,PO Box 5122 San Luis Obispo CA,San Luis Obispo County,http://www.spokesfornonprofits.org/,,shs@shsvistas.org,https://shsvistas.org/contact-us/,https://www.linkedin.com/company/shsvistas/,https://www.facebook.com/shsvistas,https://www.instagram.com/shsvistas/,,,,
1450,Spondylitis Association of America,California Nonprofit ,16430 Ventura Blvd Ste 300 Encino CA,,https://www.spondylitis.org/,,,https://www.spectrumcs.org/contact-us,https://www.linkedin.com/company/spectrum-community-services-inc-,https://www.facebook.com/pages/Spectrum-Community-Services-Inc/103355653106867,https://www.instagram.com/spectrum_cs/,,,,5629037000
1451,St. Francis Foundation of Santa Barbara,California Nonprofit ,PO Box 1171 CArpinteria CA,Santa Barbara County,http://www.stfrancisfoundationsb.org/,info@spiritawakening.org,,http://www.spiritawakening.org/contact-us,https://www.linkedin.com/company/spirit-awakening-foundation,https://www.facebook.com/SpiritAwakeningFoundation/,https://www.instagram.com/thespiritawakening/,,,,
1452,St. Joseph's Family Center,California Nonprofit ,7950 Church St Ste A Gilroy CA,Santa Clara County,http://www.sccommunityservices.org/,info@spiritleague.org,,,"https://www.linkedin.com/company/6592701?trk=tyah&trkInfo=clickedVertical:company,clickedEntityId:6592701,idx:1-1-1,tarId:1440528839587,tas:spirit%20league",https://www.facebook.com/spiritleague,https://www.instagram.com/p/DSIicxqk1us/,,,,
1453,Stakeholders + Neighborhoods Initiative,California Nonprofit ,PO Box 611435 San Jose CA,Santa Clara County,http://www.thesni.org/,info@spiritt.org,,https://www.spiritt.org/contact/,https://www.linkedin.com/company/spiritt-family-services,,https://www.instagram.com/spirittfamilyservices/,,,,
1454,STAND! For Families Free of Violence,California Nonprofit ,1410 Danzig Plz Suite 100 Concord CA,Contra Costa County,http://www.standffov.org/,info@spokesfornonprofits.org,,https://www.spokesfornonprofits.org/contact-us/,,,,,,,
1455,Standing Together to End Sexual Assault,California Nonprofit ,433 E. CAnon Perdido St. Santa Barbara CA,Santa Barbara County,http://www.stesa@sbstesa.org/,"info@spondylitis.org, info@spondylitis.org ",jason.blackwell@spondylitis.org,https://spondylitis.org/contact-us/,,https://www.facebook.com/spondylitis,https://www.instagram.com/spondylitis/,,,,
1456,Stanislaus County Police Activities League,California Nonprofit ,1325 Beverly Drive Modesto CA,Stanislaus County,https://www.stancopal.org/,,tina@stfrancisfoundationsb.org,http://www.stfrancisfoundationsb.org/contact-us,,https://www.facebook.com/St-Francis-Foundation-of-Santa-Barbara-180653305316621/,,,,,
1457,Stanislaus Family Justice Center,California Nonprofit ,1418 J Street Modesto CA,Stanislaus County,https://www.stanislausfamilyjustice.org/,,,http://www.sccommunityservices.org/contact-us,,https://www.facebook.com/profile.php?id=61578047669746,https://www.instagram.com/sccommunityservices,,,,8059636832
1458,Starlight Universal Church,California Nonprofit ,,,,,,,,,,,,,
1459,State Humane Association of California,California Nonprofit ,PO Box 249 Penn Valley CA,,http://www.calanimals.org/,info@standffov.org,"donate@standffov.org, volunteer@standffov.org, rhondaj@standffov.org, crisisline@standffov.org, resume@standffov.org, events@standffov.org",https://www.standffov.org/contact/,,https://www.facebook.com/STANDFFOV/,https://www.instagram.com/standffov/,,,,
1460,Statewide California Electronic Library Consortium,California Nonprofit ,5161 Lankershim Blvd. Suite 250 North Hollywood CA,,http://scelc.org/,,stesa@sbstesa.org,https://sbstesa.org/contact/,,https://www.facebook.com/SBSTESA/,https://www.instagram.com/sbstesa/,,,,
1461,STEM to the Future,California Nonprofit ,1510 W. 36Th St. 231 Los Angeles CA,Los Angeles County,https://www.stemtothefuture.org/,info@stancopal.org,,https://www.stancopal.org/contact,,https://www.facebook.com/stanislauscountypal,https://www.instagram.com/stanislauspal,,,,
1462,Step One Nursery School,California Nonprofit ,499 Spruce St Berkeley CA,Alameda County,http://www.steponeschool.org/,,,,,,,,,,
1463,Stepping Up Santa Cruz,California Nonprofit ,PO Box 7841 Santa Cruz CA,Santa Cruz County,http://recoverycafesc.org/,,,,,,,,,,
1464,Stewards of the Coast & Redwoods,California Nonprofit ,PO Box 2 Duncans Mills CA,,https://stewardscr.org/,info@calanimals.org,,https://www.calanimals.org/contact,https://www.linkedin.com/company/calanimals-california-animal-welfare-association/,https://www.facebook.com/CalAnimals.org,,,,,5105279021
1465,Stiles Hall,California Nonprofit ,2400 Bancroft Way Berkeley CA,Alameda County,http://www.stileshall.org/,,support@scelc.org,http://scelc.org/contact-us,https://www.linkedin.com/company/scelc-consortia,,,,,,
1466,Storyteller,California Nonprofit ,,,http://wearestoryteller.org/,,,https://www.stemtothefuture.org/contact-us,https://www.linkedin.com/company/stem-to-the-future/,https://www.facebook.com/innersparklab,https://www.instagram.com/innersparklab/#,,,,17078699177
1467,"STREAMS IN THE DESERT FOUNDATION, INC. dba High Desert Community Foundation",California Nonprofit ,PO Box 2028 Apple Valley CA,San Bernardino County,http://www.hdcfoundation.org/,info@steponeschool.org,angie@steponeschool.org?,http://www.steponeschool.org/contact,,https://www.facebook.com/steponeschool1981,,,,,
1468,StrengthUnited,California Nonprofit ,14651 Oxnard St. Van Nuys CA,,https://www.csun.edu/eisner-education/strength-united,,,,https://www.linkedin.com/company/recovery-cafe-santa-cruz,https://www.facebook.com/RecoveryCafeSantaCruz,https://www.instagram.com/recoverycafesantacruz,,,,
1469,Success Stories Program,California Nonprofit ,1175 E. Baker St E19 Costa Mesa CA,Orange County,https://www.successstoriesprogram.org/,,"andy@stewardscr.org, amelia.schall@parks.ca.gov, alyse@stewardscr.org, nik@stewardscr.org, stewards@stewardscr.org, bette@stewardscr.org, carlos@stewardscr.org, bill.maslach@parks.ca.gov, ashley@stewardscr.org, lisa@stewardscr.org, dave@stewardscr.org, devon@stewardscr.org, leslie@stewardscr.org, annie@stewardscr.org",https://stewardscr.org/contact-us/,,https://www.facebook.com/stewardsofcr,https://www.instagram.com/stewardsofcr/,,,,
1470,Surprise Farm Retreat Center,California Nonprofit ,18892 Old Julian Trail Ramona CA,,https://www.surpriseretreatcenter.net/,,jonathan@stileshall.org,https://stileshall.org/contact-us/,,https://www.facebook.com/Stiles-Hall-1428971690673675,https://www.instagram.com/stiles_hall/?hl=en,,,,8188860453
1471,Sustainable Solano Inc,California Nonprofit ,PO Box 1215 Benicia CA,Solano County,https://sustainablesolano.org/,hello@storytellercenter.org,,http://wearestoryteller.org/contact,https://www.linkedin.com/company/storyteller-childrens-center-inc/mycompany,https://www.facebook.com/StorytellerCenter/,https://www.instagram.com/wearestoryteller,,,,
1472,Synopsys Silicon Valley Science & Technology Outreach Foundation,California Nonprofit ,PO Box 1341 Los Gatos CA,Santa Clara County,https://outreach-foundation.org/,,,http://www.hdcfoundation.org/http://hdcfoundation.org/contact/,,,,,,,
1473,Tahoe Truckee Community Foundation,California Nonprofit ,PO Box 366 Truckee CA,Nevada County,http://www.ttcf.net/,,internship@strengthunited.org,https://www.csun.edu/contact,https://www.linkedin.com/school/california-state-university-northridge/,https://www.facebook.com/calstatenorthridge,https://www.instagram.com/csun_edu/,https://mycsun.account.box.com/login,,,
1474,Tahoe Youth and Family Services,California Nonprofit ,1021 Fremont Ave South Lake Tahoe CA,El Dorado County,https://www.tahoeyouth.org/,info@mysite.com,"Chantal@successstoriesprogram.org, Graham@successstoriesprogram.org, Chris@successstoriesprogram.org",,,https://www.facebook.com/SuccessStoriesPrgm,https://www.instagram.com/prisonfeminism/,,,,
1475,Tamalpa Institute,California Nonprofit ,734 A St San Rafael CA,Marin County,https://www.tamalpa.org/,,surprisefarmretreatcenter@gmail.com,,,https://www.facebook.com/surprisefarmretreatcenter/,https://www.instagram.com/surprisefarmretreatcenter/,,,,15305871776
1476,Tarjimly,California Nonprofit ,,,http://tarjimly.org/,info@sustainablesolano.org,,https://sustainablesolano.org/contact/,,https://www.facebook.com/sustainablesolano/,,,,,
1477,Taulama for Tongans,California Nonprofit ,1650 South Amphlett Boulevard Suite 105 San Mateo CA,San Mateo County,https://www.taulama.org/,,,https://outreach-foundation.org/about-us/contact-us/,https://www.linkedin.com/company/synopsys-silicon-valley-science-&-technology-outreach-foundation,https://www.facebook.com/SynopsysOutreachFoundation/,https://www.instagram.com/synopsysoutreachfoundation/,,,,
1478,Tee Divas and Tee Dudes Golf Club Foundation DBA: TDTD Foundation,California Nonprofit ,1696 W. Bruin St Los Angeles CA,Los Angeles County,,info@ttcf.net,,,https://www.linkedin.com/company/tahoe-truckee-community-foundation/,,https://www.instagram.com/ttcfgives,,,,
1479,Temple Beth El JCC,California Nonprofit ,3055 POrter Gulch Road Aptos CA,,http://www.tbeaptos.org/,,,https://www.tahoeyouth.org/contact/,,https://www.facebook.com/tahoeyouthandfamilyservices,https://www.instagram.com/tahoeyouthandfamilyservices/,,,,
1480,Tenemos Que Reclamar Y Unidos Salvar LA Tierra South LA,California Nonprofit ,4331 S Main St Los Angeles CA,Los Angeles County,http://www.trustsouthla.org/,,"office@tamalpa.org, TI-workshops@tamalpa.org",https://tamalpa.org/about-us/contact/,,https://www.facebook.com/TamalpaInstitute/,,,,,
1481,The Ahmanson Foundation,California Nonprofit ,9215 Wilshire Boulevard Beverly Hills CA,Los Angeles County,http://www.theahmansonfoundation.org/,,team@tarjim.ly,http://tarjimly.org/contact,https://www.linkedin.com/company/tarjimly/,,,,,,
1482,The Arc of Amador and Calaveras,California Nonprofit ,75 Academy Dr Sutter Creek CA,Amador County,http://www.arcofamador.com/,,"TaulamaforTongans@gmail.com, taulamafortongans@gmail.com",https://www.taulama.org/contact,,,,,,,323%202334118
1483,The Arc of Riverside County,California Nonprofit ,2190 Market St. Ste A Riverside CA,Riverside County,https://arcriverside.org/,,,,,,,,,,
1484,The Art Center of Redwood City DBA Art Bias,California Nonprofit ,,,https://www.artbias.org/,,,,,,,,,,
1485,The Beacon House Association of San Pedro,California Nonprofit ,PO Box 328 San Pedro CA,,http://www.thebeaconhouse.org/,info@trustsouthla.org,,,https://www.linkedin.com/company/t.r.u.s.t-south-la/?viewAsMember=true,https://www.facebook.com/trustsouthla,https://www.instagram.com/trust_south_la/,,,,9512755344
1486,The Belonging Lab,California Nonprofit ,,,https://www.thebelonginglabsd.org/,info@theahmansonfoundation.org,,https://theahmansonfoundation.org/contact-us/,,,,,,,
1487,The Berkeley Food Network,California Nonprofit ,1569 Solano Avenue Box 243 Berkeley CA,Alameda County,http://www.berkeleyfoodnetwork.org/,,,,,,,,,,
1488,The Birren Center for Autobiographical Studies,California Nonprofit ,3371 2A Laguna Woods CA,Orange County,http://thebirrencenter.org/,,,https://arcriverside.org/who-we-are/contact.html,,,,,,,
1489,The Body Positive,California Nonprofit ,PO Box 7801 Berkeley CA,Alameda County,http://thebodypositive.org/,,,https://www.artbias.org/contact,,https://www.facebook.com/theartctr/,https://www.instagram.com/p/DWoeme2FPjY/,,,,
1490,The Bread Project,California Nonprofit ,1615 University Ave Berkeley CA,Alameda County,https://breadproject.org/,contact@thebeaconhouse.org,,https://www.thebeaconhouse.org/about/contact/,https://www.linkedin.com/company/the-beacon-house-association-of-san-pedro/,https://www.facebook.com/beaconhouseasp/,https://www.instagram.com/beaconhouseasp/,,,,
1491,The C.G. Jung Institute of San Francisco,California Nonprofit ,2610 Mission Street San Francisco CA,San Francisco County,http://www.sfjung.org/,,,https://www.thebelonginglabsd.org/contact-us,,,https://www.instagram.com/p/DVeV4ftEkIs/,,,,
1492,The California Center for Civic Participation,California Nonprofit ,3810 Broadway Avenue Sacramento CA,Sacramento County,http://www.californiacenter.org/,,,https://www.berkeleyfoodnetwork.org/who-we-are/contact/,https://www.linkedin.com/company/berkeley-food-network/,https://www.facebook.com/berkeleyfoodnetwork/,https://www.instagram.com/berkeleyfoodnetwork/,,,,
1493,The Campaign for Legal Services,California Nonprofit ,PO Box 391471 Mountain View CA,Santa Clara County,http://www.thecampaignsv.org/,,,http://thebirrencenter.org/contact-us,https://www.linkedin.com/company/birren-center/,https://www.facebook.com/GabGuidedAutobiography/,,,,,14157718055
1494,The Cedars of Marin,California Nonprofit ,PO Box 947 Ross CA,Marin County,http://www.cedarslife.org/,info@thebodypositive.org,,,,https://www.facebook.com/thebodypositive,https://www.instagram.com/thebodypositive/,,,,
1495,The Center for Music and Wellness Inc.,California Nonprofit ,,,http://www.musicandwellness.org/,,program@breadproject.org,https://breadproject.org/contact/,https://www.linkedin.com/company/bread-project/,https://www.facebook.com/thebreadproject/,https://www.instagram.com/the_breadproject,,,,8187021900
1496,The Center in Hollywood,California Nonprofit ,6636 Selma Ave Los Angeles CA,Los Angeles County,https://thecenterinhollywood.org/,,jungmail@sfjung.org,http://www.sfjung.org//about/contact-us/,,,,,,,
1497,The Children's Project,California Nonprofit ,469 Zuni Drive Del Mar CA,San Diego County,http://www.emotionallyhealthychildren.org/,info@californiacenter.org,,https://www.californiacenter.org/contact,,https://www.facebook.com/CalCenter/,https://www.instagram.com/calcenter_official/,https://x.com/calcenter,,,14154542568
1498,The Chrysalis Center,California Nonprofit ,522 S Main Street Los Angeles CA,Los Angeles County,https://www.changelives.org/,,,https://www.calwellness.org/contact-us/,https://www.linkedin.com/company/the-california-wellness-foundation,https://www.facebook.com/CalWellness/,https://www.instagram.com/calwellnessfoundation/,,,,19493629279
1499,The Climate Corps Initiative,California Nonprofit ,,,http://www.thecci.org/,,thecampaignsv@gmail.com,https://thecampaignsv.com/contact-us/,,,,,,,3233783225
1500,"The Colorwave Project, Inc.",California Nonprofit ,2400 C Bancroft Way Berkeley CA,Alameda County,http://www.thecolorwave.org/,info@cedarslife.org,"yasmin@cedarslife.org, nicolef@cedarslife.org, cheryl@cedarslife.org, rob@cedarslife.org, natasha@cedarslife.org, katiel@cedarslife.org, lauren@cedarslife.org, chuck@cedarslife.org",https://www.cedarslife.org/contact,,https://www.facebook.com/cedarslife,https://www.instagram.com/cedars__life/,,,,
1501,The Defeating Epilepsy Foundation,California Nonprofit ,8887 Hamilton Street Rancho Cucamonga CA,San Bernardino County,http://www.defeatingepilepsy.org/,info@musicandwellness.org,,,,https://www.facebook.com/people/Center-for-Music-and-Wellness/61565175036961/,https://www.instagram.com/centerformusicandwellness/,,,,12138066300
1502,The Delores A. Threatt Foundation,California Nonprofit ,,,http://deloresthreattfoundation.org/,,"Hello@Thecenterinhollywood.org?, Hello@thecenterinhollywood.org?, Volunteer@thecenterinhollywood.org?, Development@thecenterinhollywood.org?",https://thecenterinhollywood.org/contact-us,https://www.linkedin.com/company/thecenterinhollywood,,https://www.instagram.com/centerinhollywood/,,,,17472132770
1503,The Dibble Institute,California Nonprofit ,,,https://dibbleinstitute.org/,info@emotionallyhealthychildren.org,,https://emotionallyhealthychildren.org/contact-2/,,https://www.facebook.com/EmotionallyHealthyChildren%20,,,,,
1504,The Durfee Foundation,California Nonprofit ,700 South Flower Street Suite 560 Los Angeles CA,Los Angeles County,http://twitter.com/durfeeLA,,"John.Sonego@ChangeLives.org, Mallory.Loring@ChangeLives.org, CS@changelives.org, Hire@ChangeLives.org",https://www.changelives.org/contact-us/,https://www.linkedin.com/company/chrysalis-socal/,https://www.facebook.com/ChrysalisSoCal,https://www.instagram.com/ChrysalisSoCal,,,,9097404461
1505,The Easter Island Foundation,California Nonprofit ,1516 Corsica Dr Santa Maria CA,Santa Barbara County,http://www.easterislandfoundation.org/,info@thecci.org,,https://thecci.org/contact-us/,,https://www.facebook.com/profile.php?id=61577179631874,https://www.instagram.com/t_c_c_i/,,,,
1506,The Eli Home Inc.,California Nonprofit ,,,http://elihome.org/,,,http://www.thecolorwave.org/contact-us,https://www.linkedin.com/company/thecolorwave,,,,,,18006957975
1507,The Friends of the Marina Library,California Nonprofit ,PO Box 493 Marina CA,Monterey County,https://friendsofthemarinalibrary.org/,,,,https://www.linkedin.com/company/the-defeating-epilepsy-foundation/,,https://www.instagram.com/defeatepilepsy/?hl=en,,,,
1508,The Friends of the Nevada County Libraries,California Nonprofit ,,,http://ncfol.org/,,,,,,,,,,
1509,The Gamble House Conservancy,California Nonprofit ,4 Westmoreland Place Pasadena CA,Los Angeles County,http://www.gamblehouse.org/,,,https://dibbleinstitute.org/contact/,https://www.linkedin.com/company/dibble-institute/,https://www.facebook.com/TheDibbleInstitute,https://www.instagram.com/meandmyemotions_official/,,,,
1510,The Ghost Road Company,California Nonprofit ,,,http://ghostroad.org/,,,,,,,,,,18312776477
1511,The Greenberg Foundation,California Nonprofit ,PO Box 1208 Ventura CA,Ventura County,,info@mysite.com,iorana@easterislandfoundation.org,https://www.easterislandfoundation.org/contact,,https://www.facebook.com/EasterIslandMoai,,,,,
1512,The Guild of Carillonneurs in North America,California Nonprofit ,1607 Blossom Ln. 232 Redondo Beach CA,Los Angeles County,https://www.gcna.org/,,ELIHOME@ELIHOME.ORG,,https://www.linkedin.com/in/the-eli-home-inc-967157278/,https://www.facebook.com/elihome,https://www.instagram.com/theelihome/,,,,6267933334
1513,The Happier Life Project,California Nonprofit ,506 W Graham Ave Ste 105 Lake Elsinore CA,Riverside County,http://happierlifeproject.org/,,"friendsofthemarinalibrary@gmail.com, friendscommunitybookstore@gmail.com",https://friendsofthemarinalibrary.org/contact/,,https://www.facebook.com/friendsofthemarinalibrary/,https://www.instagram.com/friendsofthemarinalibrary/,,,,
1514,The Highland Senior Citizens Group Jacumba CA,California Nonprofit ,PO Box 175 Jacumba CA,,https://jacumbacc.org/,,friends@ncfol.org,,,https://www.facebook.com/profile.php?id=61559047132811,,,,,
1515,The Institute for Poetic Medicine,California Nonprofit ,PO Box 60189 Palo Alto CA,Santa Clara County,http://www.poeticmedicine.org/,info@gamblehouse.org,"joseph@gamblehouse.org, trotoux@gamblehouse.org, asalinas@gamblehouse.org, sara@gamblehouse.org, kelly@gamblehouse.org, jenniferm@gamblehouse.org, alex@gamblehouse.org, heather@gamblehouse.org, sheryl@gamblehouse.org, bookstore@gamblehouse.org",https://gamblehouse.org/contact/,,https://www.facebook.com/thegamblehouse,https://www.instagram.com/gamblehouse/,,,,
1516,"The Ivy Heritage Foundation, Inc.",California Nonprofit ,PO Box 452658 Los Angeles CA,Los Angeles County,http://www.theivyheritagefoundation.org/,,,https://ghostroad.org/contact/,,https://www.facebook.com/GhostRoadCompany,,,,,
1517,The John Paul Stevens Foundation,California Nonprofit ,127 University Avenue Berkeley CA,Alameda County,https://jpstevensfoundation.org/,,,,,,,,,,
1518,"The Junior League of San Francisco, Inc.",California Nonprofit ,,,,info@gcna.org,"copyright@gcna.org, rec.sec@gcna.org, treasurer@gcna.org, corr.sec@gcna.org, president@gcna.org, board-list@gcna.org, vp@gcna.org",https://www.gcna.org/contact,,https://www.facebook.com/thegcna,https://www.instagram.com/the_gcna,https://x.com/wildapricot,,,
1519,The Learning Garden,California Nonprofit ,2454 Louella Ave Venice CA,,http://www.thelearninggarden.org/,,,,,,,,,,
1520,The LIME Foundation,California Nonprofit ,1400 Petaluma Hill Road Santa Rosa CA,Sonoma County,http://www.thelimefoundation.org/,,,,,https://www.facebook.com/profile.php?id=61556129741935,https://www.instagram.com/jacumbacc,,,,4156848576
1521,The Living New Deal Project,California Nonprofit ,,,http://www.livingnewdeal.org/,info@poeticmedicine.org,,https://www.poeticmedicine.org/contact,,https://www.facebook.com/InstituteForPoeticMedicine,https://www.instagram.com/instituteforpoeticmedicine/,,,,
1522,The Living Room Center,California Nonprofit ,1207 Cleveland Avenue Santa Rosa CA,Sonoma County,http://www.thelivingroomsc.org/,info@mysite.com,TIHF@theivyheritagefoundation.org,https://www.theivyheritagefoundation.org/copy-of-contact,,,,,,,
1523,The Lodge: A Museum of Fraternal Orders and Secret Societies,California Nonprofit ,,,http://www.thelodgemuseum.org/,info@jpstevensfoundation.org,,https://jpstevensfoundation.org/contact-us/,https://www.linkedin.com/company/john-paul-stevens-fellowship-foundation/,,,,,,
1524,The Lorraine Jackson Foundation,California Nonprofit ,1901 Avenue Of The Stars Suite 200 Los Angeles CA,Los Angeles County,http://www.pearlsofhope.com/,,,,,,,,,,
1525,THE MJO HOPE FOUNDATION,California Nonprofit ,710 S Myrtle Ave. 23284 Monrovia CA,Los Angeles County,http://www.mjohopefoundation.org/,,,,,,,,,,
1526,The Mom & Dad Project,California Nonprofit ,41820 Garstin Drive Big Bear Lake CA,San Bernardino County,http://momanddadproject.com/,,Letitia@thelimefoundation.org,https://thelimefoundation.org/contact-us/,,,,,,,
1527,The Nancy Neffson and Wetmore Family Foundation,California Nonprofit ,4940 Rosehedge Drive La Mesa CA,San Diego County,,info@livingnewdeal.org,webmaster@livingnewdeal.org,https://livingnewdeal.org/contact/,,https://www.facebook.com/livingnewdeal,https://www.instagram.com/livingnewdealproject/,,,https://bsky.app/intent/compose?text=Welcome+to+the+Living+New+Deal https%3A%2F%2Flivingnewdeal.org%2F,
1528,The Network of Care,California Nonprofit ,PO Box 5163 Concord CA,Contra Costa County,http://www.thenetworkofcare.org/,,,,,,,,,,6263581708
1529,The New Black Freedom Movement INC.,California Nonprofit ,,,http://tnbfm.com/,,,,,,,,,,
1530,The Nonprofit Institute,California Nonprofit ,,,http://www.sandiego.edu/soles/centers-and-institutes/nonprofit-institute,,,https://pearlsofhope.com/contact-poh/,,,,,,,
1531,The Nonprofit Partnership,California Nonprofit ,4900 E Conant St Building 0-2 Ste 225 Long Beach CA,Los Angeles County,http://www.tnpsocal.org/,,,,,https://www.facebook.com/1429348297372593,,https://www.x.com/mjohope8,,,
1532,The Occidental Arts and Ecology Center,California Nonprofit ,15290 Coleman Valley Rd Occidental CA,,http://oaec.org/,,,http://momanddadproject.com/contact,,https://www.facebook.com/TheMomAndDadProject/,https://www.instagram.com/momdadproject/,,,,3108017043
1533,The Pamela Trokanski Dance Theatre,California Nonprofit ,2720 Del Rio Place Davis CA,Yolo County,http://www.trokanski.org/,,,,,,,,,,
1534,The Paradise Project,California Nonprofit ,2201 Ocean Front Walk Venice CA,,http://www.theparadiseproject.org/,,,https://thenetworkofcare.org/contact/,,https://www.facebook.com/thenetworkofcare,,,,,15628886530
1535,The Pastoral Center,California Nonprofit ,1212 Versailles Ave Alameda CA,Alameda County,http://pastoral.center/,,,http://tnbfm.com/contact-us,,,https://www.instagram.com/Thenewblackfreedommovement,,,,
1536,"The Pearl Foundation, Inc.",California Nonprofit ,PO Box 7073 Long Beach CA,Los Angeles County,http://www.thepearlfoundation.net/,,nonprofit@sandiego.edu,,https://www.linkedin.com/company/usdnonprofit/,https://www.facebook.com/USDNPInstitute,https://www.instagram.com/usdnonprofit,,,,
1537,The Place Within- Southern California,California Nonprofit ,211 S. Primrose Ave Monrovia CA,Los Angeles County,http://www.theplacewithin.org/,info@tnpsocal.org,,https://tnpsocal.org/contact/,https://www.linkedin.com/company/long-beach-nonprofit-partnership,https://www.facebook.com/TheNonprofitPartnershipLB,https://www.instagram.com/thenonprofitpartnership/,https://thenonprofitpartnership.secure.nonprofitsoapbox.com/events-by-term-cal,,,
1538,The Potters' Studio,California Nonprofit ,1221 8Th Street Berkeley CA,Alameda County,http://www.berkeleypottersstudio.org/,,,https://oaec.org/who-we-are/contact-directions/,,https://www.facebook.com/theOAEC,https://www.instagram.com/the_oaec/,,,,18447278672
1539,The Program Labs,California Nonprofit ,3164 Juniper St San Diego CA,San Diego County,https://www.theprogramlabs.org/,,office@trokanski.com,,,https://www.facebook.com/PamelaTrokanskiDanceTheatre,https://www.instagram.com/PTDanceTheatre,,,,
1540,The Provider's Coach Project,California Nonprofit ,,,http://providerscoachproject.org/,info@theparadiseproject.org,,https://theparadiseproject.org/contact/,,https://www.facebook.com/pantheism.community/,,,,,6263594330
1541,The Riekes Center,California Nonprofit ,,,http://www.riekes.org/,,support@pastoral.center,https://pastoral.center/contact-us/,,,,,,,
1542,The RIS Foundation,California Nonprofit ,,,https://risfoundation.org/,,,,,,,,,,
1543,The San Diego River Park Foundation,California Nonprofit ,4891 Pacific Hwy Ste 114 San Diego CA,San Diego County,http://www.sandiegoriver.org/,,NatashaMorisawa@theplacewithin.org,http://www.theplacewithin.org/contact.php,,,,,,,
1544,The SanJeliK Foundation,California Nonprofit ,,,http://sanjelik.org/,,,http://www.berkeleypottersstudio.org/contact-mentor,,https://www.facebook.com/ThePottersStudio,,,,,
1545,"The Servants Ministries ""Legal Aid Firm""",California Nonprofit ,,,http://www.tsmla.org/,,,,,,,,,,1234567890
1546,The Source LGBT+ Center,California Nonprofit ,109 Nw 2Nd Ave Visalia CA,Tulare County,http://thesourcelgbt.org/,info@providerscoachproject.org,,http://providerscoachproject.org/contact,https://www.linkedin.com/company/providerscoachproject/,,,,,,
1547,The Starfish Connection,California Nonprofit ,,,http://www.thestarfishconnection.org/,info@riekes.org?,,,,https://www.facebook.com/TheRiekesCenter,https://www.instagram.com/theriekescenter/?igshid=1hxdfmch8p6hx,,,,
1548,The Stephan Center,California Nonprofit ,PO Box 77813 Corona CA,Riverside County,http://thestephancenter.org/,,Frontdesk@risfoundation.org,https://risfoundation.org/#contact/,,,,,,,
1549,The Supported Life Institute,California Nonprofit ,,,http://supportedlife.org/,info@sandiegoriver.org,volunteer@sandiegoriver.org,https://sandiegoriver.org/contact/,https://www.linkedin.com/company/san-diego-river-park-foundation,https://www.facebook.com/SanDiegoRiver,https://www.instagram.com/sandiegoriver,https://x.com/SanDiegoRiver,,,
1550,The Towbes Foundation,California Nonprofit ,33 East CArillo St. Suite 201 Santa Barbara CA,Santa Barbara County,https://towbesfoundation.org/,info@sanjelik.org,,,,,https://www.instagram.com/sanjelikfoundation,,,,
1551,The Trust Project,California Nonprofit ,446 Old County Rd Suite 100225 Pacifica CA,San Mateo County,https://thetrustproject.org/,,,,,,,,,,9513104944
1552,The Wall Las Memorias Project,California Nonprofit ,800 W. 6Th St. Suite 750 Los Angeles CA,Los Angeles County,http://thewalllasmemorias.org/,,,,,,,,,,
1553,The Wehrmann Foundation dba Teagan's Heart,California Nonprofit ,,,http://www.thewehrmannfoundation.org/,hello@thestarfishconnection.org?,,https://lp.constantcontactpages.com/sl/xpMjlqh/KeepMeInTheKnow,,https://www.facebook.com/profile.php?id=61554375276752,https://www.instagram.com/thestarfishconnection/,,,,
1554,The Well Community for Women,California Nonprofit ,,,http://www.thewellsd.org/,,"thestephancenter@gmail.com, thestephancenter@juno.com",https://www.thestephancenter.org/contact-us/,,https://www.facebook.com/lifelosses,,,,,
1555,The Westlund Center,California Nonprofit ,,,http://www.thewestlundcenter.org/,,,,,https://www.facebook.com/groups/collegestudentsandprofessionalswithdisabilities/about/,,,,,
1556,The Women's Building,California Nonprofit ,,,https://womensbuilding.org/,,"ksullivan@towbesfoundation.org, acole@towbesfoundation.org",https://towbesfoundation.org/contact/,,,,,,,
1557,The Women's List,California Nonprofit ,,,http://thewomenslist.org/,,,https://thetrustproject.org/contact/,https://www.linkedin.com/company/thetrustproject/,https://www.facebook.com/TheTrustProject.org/,https://www.instagram.com/_trustproject/,,,https://bsky.app/profile/thetrustproject.bsky.social,16194396795
1558,Theater on the Ridge,California Nonprofit ,PO Box 13 Paradise CA,Butte County,https://www.totr.org/,,,https://www.thewalllasmemorias.org/contact,,https://www.facebook.com/thewalllasmemorias/,https://www.instagram.com/the_wall_las_memorias/?hl=en,https://greelogix.com,,,
1559,Theatre Bay Area,California Nonprofit ,499 Alabama St. Suite 450 San Francisco CA,San Francisco County,https://www.theatrebayarea.org/,,,,https://www.linkedin.com/company/the-wehrmann-foundation/?viewAsMember=true,https://www.facebook.com/teagansheart,https://www.instagram.com/janettewehrmann/,,,,14154311180
1560,theatre dybbuk,California Nonprofit ,PO Box 292576 Los Angeles CA,Los Angeles County,http://theatredybbuk.org/,info@thewellsd.org?,,http://www.thewellsd.org/contact,,,https://www.instagram.com/p/DWmXMpFmaz5/,,,,
1561,Theatre Producers of Southern California,California Nonprofit ,,,http://tpsca.org/,admin@thewestlundcenter.org,"darlene.woo@csun.edu, wgetz@whidbey.com",http://www.thewestlundcenter.org/contact-us,,,,,,,15308775760
1562,Therapy Dogs of America,California Nonprofit ,,,https://therapydogsamerica.org/,,,,https://www.linkedin.com/company/thewomensbuilding,https://www.facebook.com/WomensBuilding,https://www.instagram.com/reel/DPNTUvbkeAK/?utm_source=ig_web_copy_link,,,,415%204301140
1563,Tia Chucha's Centro Cultural,California Nonprofit ,12677 Glenoaks Blvd. Sylmar CA,,http://www.tiachucha.org/,,,http://thewomenslist.org/contact,,,,,,,
1564,Tichenor Clinic for Children,California Nonprofit ,,,http://tichenorclinic.org/,,theatreridge@gmail.com,,,https://www.facebook.com/TheatreOnTheRidge/,https://www.instagram.com/theatreontheridge/,https://theatreontheridge.csstix.com/,,,
1565,Tijuana Estuary Foundation,California Nonprofit ,PO Box 575 Imperial Beach CA,San Diego County,https://southwestwetlands.org/,,tba@theatrebayarea.org,https://members.theatrebayarea.org/contact-us,,https://www.facebook.com/theatrebayarea,https://www.instagram.com/theatrebayareasf/,,,,
1566,Time for Change Foundation,California Nonprofit ,PO Box 25040 San Bernardino CA,San Bernardino County,http://www.timeforchangefoundation.org/,,,https://www.theatredybbuk.org/contact,https://www.linkedin.com/company/theatre-dybbuk,,https://www.instagram.com/theatredybbuk/,,,,
1567,Tipping Point Community,California Nonprofit ,,,http://tippingpoint.org/,info@tpsca.org,,https://tpsca.org/contact-us/,,,,,,,
1568,TOArts,California Nonprofit ,2100 Thousand Oaks Blvd Thousand Oaks CA,Ventura County,http://www.toarts.org/,,,https://therapydogsamerica.org/contact-us/,,,,,,,
1569,Today's Woman Foundation,California Nonprofit ,19111 Town Center Drive Apple Valley CA,San Bernardino County,http://todayswomanfoundation.org/,info@tiachucha.org,,,,,,,,,9098862994
1570,TODEC Legal Center Perris,California Nonprofit ,PO Box 1733 Perris CA,Riverside County,http://www.todec.org/,,,https://tichenorclinic.org/contact/,,https://www.facebook.com/TichenorClinic,https://www.instagram.com/tichenorclinic/?hl=en,,,,4153481240
1571,TOGETHER Bay Area,California Nonprofit ,1442A Walnut Street 23421 Berkeley CA,Alameda County,https://togetherbayarea.org/,,,https://tijuanaestuary.org/contact/,,,https://www.instagram.com/tijuanaestuary/,,,,
1572,Tompkins Conservation,California Nonprofit ,PO Box 29209 San Francisco CA,San Francisco County,https://tompkinsconservation.org/,info@timeforchangefoundation.org,,https://www.timeforchangefoundation.org/about/contact/,https://www.linkedin.com/company/time-for-change-foundation/,https://www.facebook.com/timeforchangefoundation,https://www.instagram.com/timeforchangefoundation/,,,,
1573,Tools for Peace,California Nonprofit ,55 S Grand Ave Pasadena CA,Los Angeles County,http://www.toolsforpeace.org/,info@tippingpoint.org,,https://tippingpoint.org/contact-visitor-information/,https://www.linkedin.com/company/tipping-point-community,,,,,,
1574,Toolworks,California Nonprofit ,22 Battery Ste 300 San Francisco CA,San Francisco County,http://www.toolworks.org/,artsinfo@toarts.org,,https://toarts.org/contact/,,https://www.facebook.com/ThousandOaksArts/,https://www.instagram.com/thousandoaksarts/,,,,
1575,Torrance Education Foundation,California Nonprofit ,20695 S Western Ave Ste 136 Torrance CA,Los Angeles County,http://www.tef4kids.org/,,,https://todayswomanfoundation.org/contact-us-2/,,https://www.facebook.com/TodaysWomanFoundation,https://www.instagram.com/todayswomanfoundation/,,,,
1576,Townspeople,California Nonprofit ,,,https://townspeople.org/,,,,,,,,,,
1577,Transcanwork,California Nonprofit ,1001 N. Martel Ave Los Angeles CA,Los Angeles County,http://www.transcanwork.org/,,,,https://www.linkedin.com/company/togetherbayarea,,https://www.instagram.com/togetherbayarea/?hl=en,,,,
1578,TransFamily Support Services,California Nonprofit ,12463 Rancho Bernardo Rd. 23 218 San Diego CA,San Diego County,http://www.transfamilysos.org/,info@tompkinsconservation.org,,,https://www.linkedin.com/company/tompkins-conservation/,https://www.facebook.com/tompkinsconservation/,https://www.instagram.com/tompkins_conservation/,,,,3109726970
1579,Transform,California Nonprofit ,560 14Th Street Ste 400 Oakland CA,Alameda County,http://www.transformca.org/,info@toolsforpeace.org,,,https://www.linkedin.com/company/tools-for-peace/,https://www.facebook.com/toolsforpeace/,https://www.instagram.com/toolsforpeace/,,,,
1580,"Transforming Lives Together, Inc.",California Nonprofit ,,,http://www.transforminglivestogether.net/,info@toolworks.org,,https://toolworks.org/about/contact,http://www.linkedin.com/company/toolworks,https://www.facebook.com/sfToolworks,,,,,
1581,Transition House,California Nonprofit ,425 E Cota St Santa Barbara CA,Santa Barbara County,http://www.transitionhouse.com/,admin@TEF4Kids.org,,https://www.tef4kids.org/contact/,https://www.linkedin.com/company/torrance-education-foundation/,https://www.facebook.com/TorranceEdFoundation,https://www.instagram.com/torranceeducationfoundation/,,,,
1582,Transitions-Mental Health Association,California Nonprofit ,PO Box 15408 Sn Luis Obisp CA,,http://www.t-mha.org/,,emergencyhousing@townspeople.org,https://townspeople.org/contact-us/,https://www.linkedin.com/company/townspeople-sd,https://www.facebook.com/Townspeople-San-Diego-103131848856134,,,,,5107403150
1583,Traveler's Aid Society of San Diego,California Nonprofit ,2615 CAmino Del Rio S Ste 103 San Diego CA,San Diego County,http://travelersaidsandiego.org/,,,http://www.transcanwork.org/contact,https://www.linkedin.com/company/18065248/,https://www.facebook.com/TransCanWork/,https://www.instagram.com/trans_can_work,,,,
1584,Tree House Hollow Preschool,California Nonprofit ,700 Watertrough Rd. Sebastopol CA,Sonoma County,http://www.treehousehollow.org/,info@transfamilysos.org,,https://transfamilysos.org/contact-us/,https://www.linkedin.com/company/trans-family-support-services/,https://www.facebook.com/TransFamilySOS/,https://www.instagram.com/transfamilysos/,,,,8059669668
1585,Tree of Hope Foundation,California Nonprofit ,8950 Villa La Jolla Drive C117 San Diego CA,San Diego County,http://www.treeofhope.healthcare/,info@transformca.org,,,https://www.linkedin.com/company/transformca,https://www.facebook.com/TransFormCA,https://www.instagram.com/transform_ca/,,,https://bsky.app/profile/transformca.bsky.social,8007830607
1586,Tribal Trust Foundation,California Nonprofit ,No Physical Address PObox 5687 Santa Barbara CA,Santa Barbara County,http://tribaltrustfoundation.org/,,,,,,,,,,
1587,Trinity Center,California Nonprofit ,,,https://www.trinitycenterwc.org/,,,https://transitionhouse.com/contact-transition-house/,,https://www.facebook.com/transitionhousesb/,https://www.instagram.com/transitionhousesb/,,,,
1588,Tri-Valley Communities Against a Radioactive Environment,California Nonprofit ,4049 First St. Suite 243 Livermore CA,Alameda County,https://trivalleycares.org/,info@t-mha.org,,http://www.t-mha.org/contact.php,https://www.linkedin.com/company/1017591?trk=tyah&trkInfo=clickedVertical%3Acompany%2CclickedEntityId%3A1017591%2Cidx%3A2-1-2%2CtarId%3A1481928861267%2Ctas%3Atransitions%20mental,https://www.facebook.com/TransitionsMentalHealthAssociation?ref=ts,https://www.instagram.com/tmha_slo/,,,,
1589,Tri-Valley Conservancy,California Nonprofit ,1457 First Street Livermore CA,Alameda County,http://www.trivalleyconservancy.org/,,Admin@travelersaidsandiego.org,https://travelersaidsandiego.org/contact/,https://www.linkedin.com/company/travelers-aid-society-of-san-diego-inc/,https://www.facebook.com/TravelersAidSocietyofSanDiego/,https://www.instagram.com/travelersaidsandiego/,,,,
1590,Tri-Valley Nonprofit Alliance,California Nonprofit ,164 North L Street Livermore CA,Alameda County,https://tvnpa.org/,info@TreeHouseHollow.org,,,,,,,,,
1591,Tuleyome,California Nonprofit ,,,https://www.tuleyome.org/,,,,,https://www.facebook.com,https://www.instagram.com,,,,
1592,Tuolumne River Trust,California Nonprofit ,,,https://www.tuolumne.org/,,"tcullen@saxmanone.com, Anne.Hamilton@usdoj.gov",http://www.tlpi.org/http://www.home.tlpi.org/#!contact/c12xx,,,,,,,
1593,Tustin Community Foundation,California Nonprofit ,PO Box 362 Tustin CA,Orange County,http://www.tustincommunityfoundation.org/,,,https://tribaltrustfoundation.org/contact/,,https://www.facebook.com/tribaltrustfoundation,https://www.instagram.com/p/DWMNXd4FNPU/,,,,
1594,U.R. Love Inc,California Nonprofit ,626 W 108Th St Los Angeles CA,Los Angeles County,https://www.urloveinc.org/,,,https://www.trinitycenterwc.org/contact/,https://www.linkedin.com/company/trinitycenterwalnutcreek,https://www.facebook.com/p/Creek-Kids-Care-100064632041669/,https://www.instagram.com/trinitycenterwc/,,,,
1595,UAW Center for Manufacturing a Green Economy (CMGE),California Nonprofit ,,,http://uawcmge.org/,info@defusenuclearwar.org,"ianzabarte@gmail.com, tanvi@trivalleycares.org, jay@nukewatch.org, webmaster@sec.senate.gov, scott@trivalleycares.org, ben@scelp.org, scott@trivalleycares.org?eType=ActivityDefinitionInstance&eId=cb274bb9-9d4b-4725-8df4-48308e7373e7, tomclements329@cs.com, GullGeeCo@aol.com",https://www.senate.gov/general/contacting.htm,,https://www.facebook.com/groups/trivalleycares,https://www.instagram.com/reel/DTdgPtEiHyT/?igsh=NTc4MTIwNjQ2YQ==,,,,
1596,Umoja Community Education Foundation,California Nonprofit ,1540 River Park Dr Ste 121 Sacramento CA,Sacramento County,https://umojacommunity.org/,,,,https://www.linkedin.com/company/tri-valley-conservancy/,https://www.facebook.com/trivalleyconservancy.org/,https://www.instagram.com/trivalleyconservancy/,,,,
1597,UnCommon  Law,California Nonprofit ,318 Harrison St 103 Oakland CA,Alameda County,https://www.uncommonlaw.org/,info@tvnpa.org,,,https://www.linkedin.com/company/tri-valley-nonprofit-alliance/,https://www.facebook.com/TriValleyNonprofitAlliance,https://www.instagram.com/trivalleynonprofitalliance,,,,
1598,Unearth and Empower Communities,California Nonprofit ,1317 N Pearl Ave Compton CA,Los Angeles County,https://www.unearthandempower.org/,,,,,,,,,,
1599,Uniquely Abled Project,California Nonprofit ,4804 Laurel CAnyon Blvd. Suite 804 Valley Village CA,,http://uniquelyabledproject.org/,,,,,,,,,,
1600,Unitarian Universalist Congregation of Marin,California Nonprofit ,240 Channing Way San Rafael CA,Marin County,http://www.uumarin.org/,,,,,,,,,,
1601,Unitarian Universalist Refugee and Immigrant Services and Education,California Nonprofit ,1600 Buena Vista Dr Vista CA,San Diego County,http://uurise.org/,infor@urloveinc.org,u.r.loveinc@outlook.com,,,https://www.facebook.com/URLOVEINC.ORG,https://www.instagram.com/urloveinc/,,,,5102710310
1602,United Latino Voices of Contra Costa County,California Nonprofit ,3012 Railroad Avenue Pittsburg CA,Contra Costa County,https://ulvccc.org/,,,https://uawcmge.org/contact/,https://www.linkedin.com/company/uawcmge/,,,,,,
1603,United States Veterans Initiative - Inland Empire,California Nonprofit ,15305 6Th Street March Air Reserve Base CA,,https://usvets.org/locations/inland-empire/,,,,https://www.linkedin.com/company/umoja-community-education-foundation-inc,,http://www.instagram.com/umojaedu,,,,
1604,United Swiss Societies of Northern California,California Nonprofit ,,,http://www.ussnc.org/,info@uncommonlaw.org,,https://www.uncommonlaw.org/contact-us,https://www.linkedin.com/company/uncommon-law,,https://www.instagram.com/uncommonlawyer/,,,https://bsky.app/profile/uncommonlaw.bsky.social,4154794131
1605,United UpStanders Inc.,California Nonprofit ,,,https://www.unitedupstanders.com/,info@unearthandempower.org,,,https://www.linkedin.com/company/unearth-and-empower-communities,https://www.facebook.com/UnearthAndEmpower/,https://www.instagram.com/unearthandempower/,,,,
1606,United Way Fresno and Madera Counties,California Nonprofit ,4949 East Kings CAnyon Rd Fresno CA,Fresno County,http://www.uwfm.org/,info@uniquelyabledproject.org,,https://uniquelyabledproject.org/contact-us/,https://www.linkedin.com/company/the-uniquely-abled-project/,https://www.facebook.com/theuniquelyabledproject,https://www.instagram.com/theuniquelyabledproject/,,,,
1607,United Way of San Joaquin County,California Nonprofit ,777 N. Pershing Avenue Suite 2B Stockton CA,San Joaquin County,http://www.unitedwaysjc.org/,,"office@uumarin.org, webmaster@uumarin.org",,,https://www.facebook.com/uuchurchmarin,https://www.instagram.com/uumarin/,,,,9512691119
1608,United Way of Santa Cruz County,California Nonprofit ,4450 CApitola Rd Ste 106 CApitola CA,Santa Cruz County,http://www.unitedwaysc.org/,,,https://uurise.org/contact/,,https://www.facebook.com/UURISE,https://www.instagram.com/uurise/,,,,
1609,United Way of Stanislaus County,California Nonprofit ,422 Mchenry Avenue Modesto CA,Stanislaus County,https://uwaystan.org/,,,,,,,,,,
1610,United Ways of California,California Nonprofit ,1107 Fair Oaks Ave 2312 South Pasadena CA,Los Angeles County,http://www.unitedwaysca.org/,,"kbush@usvets.org, usvets@usvets.org, istokes@usvets.org, psachs@usvets.org",https://usvets.org/locations/inland-empire/contact-us/,https://www.linkedin.com/company/usvets/?viewAsMember=true,https://www.facebook.com/usvetsinland,https://www.instagram.com/usvetsinland,,,,5592445710
1611,Unity Schools,California Nonprofit ,410 7Th St Unit 204B Oakland CA,Alameda County,http://www.unityschools.net/,,,http://www.ussnc.org/contact,,,,,,,
1612,UniverSOUL Hip Hop,California Nonprofit ,10736 Jefferson Blvd 23385 Culver City CA,Los Angeles County,https://www.universoulhiphop.com/,,,https://www.unitedupstanders.com/contact,,,https://www.instagram.com/wix,,,,
1613,UpValley Family Centers of Napa County,California Nonprofit ,1440 Spring St Saint Helena CA,,http://www.upvalleyfamilycenters.org/,info@uwfm.org,,https://lp.constantcontactpages.com/sl/gNRvmBJ,https://www.linkedin.com/company/uwfmc,https://www.facebook.com/uwfmc,https://www.instagram.com/uw_fmc/,,,,
1614,Upwell Turtles,California Nonprofit ,99 Pacific Street Suite 375-E Monterey CA,Monterey County,http://www.upwell.org/,,,,,https://www.facebook.com/UnitedWaySJ,https://www.instagram.com/unitedwaysanjoaquin/,,,,18773558922
1615,Urban Ecology Conservatory,California Nonprofit ,,,http://www.urbanecologyconservatory.org/,,,http://www.unitedwaysc.org/contact-us,https://www.linkedin.com/company/united-way-of-santa-cruz-county,https://www.facebook.com/unitedwayofsantacruzcounty,https://www.instagram.com/unitedwaysantacruz,,,,
1616,Urban Habitat,California Nonprofit ,2000 Franklin St Oakland CA,Alameda County,http://www.urbanhabitat.org/,,cbaily@uwaystan.org,https://uwaystan.org/contact-us,,https://www.facebook.com/UnitedWayStan/,https://www.instagram.com/unitedwaystan/,,,,
1617,Urban Peace Movement Oakland,California Nonprofit ,414 13Th Street Oakland CA,Alameda County,https://urbanpeacemovement.org/,,,,https://www.linkedin.com/company/unitedwaysca/,https://www.facebook.com/UnitedWaysCA,,,,,17079655010
1618,Urgent Action Fund,California Nonprofit ,2601 Blanding Ave Suite C Alameda CA,Alameda County,http://www.urgentactionfund.org/,,boardmembers@unityschools.net,,,,,https://www.box.com/s/az7n2399s5436g4mgk0a,,,
1619,Vaad of Northern California/Sunrise Kosher,California Nonprofit ,3316 Mayfair Drive Sacramento CA,Sacramento County,http://www.sunrisekosher.org/,,,,,https://www.facebook.com/universoulhiphop,https://www.instagram.com/universoulhiphop/,,,,
1620,Vajrapani Institute for Wisdom Culture,California Nonprofit ,1125 South Frontage Road Suite 1 Hastings Mn,,http://www.vajrapani.org/,,turtles@upwell.org,http://www.upwell.org/contact,https://www.linkedin.com/company/upvalley-family-centers,https://www.facebook.com/upvalleyfamilycenters,https://www.instagram.com/upvalleyfamilycenters/,,,,
1621,Valley Forward,California Nonprofit ,2721 Ventura Ave Suite 108 Fresno CA,Fresno County,http://www.valleyfwd.org/,,turtles@upwell.org,,https://www.linkedin.com/company/upwell-turtles,https://www.facebook.com/UpwellTurtles,,https://x.com/UpwellTurtles,,,
1622,"Valley Humane Society, Inc.",California Nonprofit ,,,http://valleyhumane.org/,,"mm@urbanecologyconservatory.org?, ewu@urbanhabitat.org",https://urbanhabitat.org/media-contacts/,,,https://www.instagram.com/urbanecologyconservatory?igsh=NTc4MTIwNjQ2YQ==,,,,
1623,Valley Restart Shelter Inc,California Nonprofit ,Valley Restart Shelter 200 E. Menlo Ave Hemet CA,Riverside County,http://www.valleyrestart.org/,,,,https://www.linkedin.com/company/urban-habitat,https://www.facebook.com/UrbanHabitat.org,,,,,15108438223
1624,Valley Village Retirement Community,California Nonprofit ,,,http://www.valleyvillageretirement.com/,info@urgentactionfund.org,"donate@urgentactionfund.org, proposal@urgentactionfund.org, press@urgentactionfund.org, whistleblower@urgentactionfund.org",https://urgentactionfund.org/contact/,,,,,,,8005314001
1625,Veggielution,California Nonprofit ,647 S. King Rd. San Jose CA,Santa Clara County,http://www.veggielution.org/,,,,https://www.linkedin.com/company/urgent-action-fund,https://www.facebook.com/urgentactionfund/,https://www.instagram.com/urgentactionfund/,,,,
1626,Ventura County Farm to School,California Nonprofit ,74 La Suen Dr CAmarillo CA,Ventura County,https://www.vcfarmtoschool.org/,,,,,,,,,,19254268656
1627,Ventura Regional Fire Safe Council,California Nonprofit ,,,http://www.venturafiresafe.org/,,office@vajrapani.org,,,https://www.facebook.com/Vajrapani/,,,,,
1628,Ventures,California Nonprofit ,,,http://www.sccvonline.org/,,manager@valleyfwd.org,https://valleyhumane.org/contact-us/,,https://www.facebook.com/ValleyForward/,https://www.instagram.com/valleyforward/,,,,
1629,Verge Center for the Arts,California Nonprofit ,625 S St Sacramento CA,Sacramento County,,,,https://opendns.com/contact/,https://www.linkedin.com/company/1439454/admin/feed/posts/,https://www.facebook.com/valleyhumanesociety,https://www.instagram.com/valleyhumanesociety/?hl=en,,,,
1630,Vesper Society,California Nonprofit ,220 Montgomery St Ste 496 San Francisco CA,San Francisco County,https://vesper.org/,,,,,,,,,,
1631,Victoria Avenue Forever,California Nonprofit ,PO Box 4152 Riverside CA,Riverside County,,,,,,,,,,,
1632,Victorian Preservation Center of Oakland,California Nonprofit ,1440 29Th Ave Oakland CA,Alameda County,http://www.cohenbrayhouse.org/,info@veggielution.org,,https://www.vcfarmtoschool.org/contact-us,,https://www.facebook.com/Veggielution/,https://www.instagram.com/veggielution/,,,,
1633,Victory Village Inc,California Nonprofit ,12408 Kennedy Flat Rd Jackson CA,Amador County,http://www.vvvets.org/,info@venturafiresafe.org,,https://venturafiresafe.org/contact/,,https://www.facebook.com/vcfarmtoschool.org,https://www.instagram.com/vcfarm2school/,,,,
1634,Vietnamese American Cancer Foundation,California Nonprofit ,17150 Newhope St Ste 203 Fountain Valley CA,Orange County,https://www.vacf.org/,,,http://www.sccvonline.org/contact.html,,https://www.facebook.com/pypf01/?locale=es_LA,https://www.instagram.com/venturaregionalfsc/,,,,
1635,Vietnamese American Roundtable,California Nonprofit ,2006 Bikini Ave San Jose CA,Santa Clara County,https://varoundtable.org/,,,,https://www.linkedin.com/company/santa-cruz-community-ventures,,,,,,
1636,Villages of San Mateo County,California Nonprofit ,,,https://www.villagesofsmc.org/,info@vesper.org,,https://vesper.org/about-us/contact-us/,,,,,,,
1637,VIN Foundation,California Nonprofit ,413 F Street Davis CA,Yolo County,http://vinfoundation.org/,,,,,,,,,,
1638,Vision Y Compromiso,California Nonprofit ,15808 Hesperian Blvd Unit 708 San Lorenzo CA,,https://visionycompromiso.org/,info@cohenbrayhouse.org,,https://www.cohenbrayhouse.org/contact-us,,,,,,,
1639,Visit Tri-Valley,California Nonprofit ,,,https://visittrivalley.com/,"info@vvvets.org, info@cohenbrayhouse.org",,https://www.vvvets.org/contact-us/,,https://www.facebook.com/CohenBrayhouse/,,,,,
1640,VistAbility,California Nonprofit ,1340 Arnold Dr. Ste. 127 Martinez CA,Contra Costa County,http://www.vistability.org/,info@vvvets.org,,,,https://www.facebook.com/VVVETERANS,,,,,
1641,Vital Arts,California Nonprofit ,1831 Solano Ave 237612 Berkeley CA,Alameda County,https://www.vitalarts.org/,info@vacf.org,,,,https://www.facebook.com/VACFSocal,https://www.instagram.com/vacfsocal/#,,,,
1642,Volunteer Center Of Santa Cruz County,California Nonprofit ,1740 17Th Ave Santa Cruz CA,Santa Cruz County,http://www.scvolunteercenter.org/,hello@varoundtable.org,,,https://www.linkedin.com/company/varoundtable/,https://www.facebook.com/VARoundtable/,,,,,
1643,Volunteer Center South Bay Harbor Long Beach,California Nonprofit ,,,http://volcenter.org/,"jordan@vinfoundation.org, info@villagesofsmc.org, info@villageofthecoastside.org",,https://vinfoundation.org/contact/,,https://www.facebook.com/villageofthecoastside,,,,,
1644,"Volunteers in Medicine - San Diego, Inc.",California Nonprofit ,1457 East Madison Avenue El CAjon CA,San Diego County,http://www.vim-sandiego.org/,,,https://visionycompromiso.org/get-involved/contact/,https://www.linkedin.com/company/vinfoundation/,https://www.facebook.com/VINFoundation/,https://www.instagram.com/vinfoundation/,,,,
1645,Volunteers of the Burbank Animal Shelter,California Nonprofit ,1150 N Victory Pl Burbank CA,Los Angeles County,https://www.burbankca.gov/web/parks-recreation/burbank-animal-shelter-homepage,,,https://visittrivalley.com//about-tri-valley/contact-tri-valley/,,https://www.facebook.com/visionycompromiso,,,,,
1646,Wah Mei School,California Nonprofit ,1400 Judah St San Francisco CA,San Francisco County,http://www.wahmei.org/,,,https://www.vistability.net/contact-us,,https://www.facebook.com/visittrivalley,https://www.instagram.com/visittrivalley/,,,,
1647,Walden Foundation Inc,California Nonprofit ,2446 Mckinley Ave Berkeley CA,Alameda County,https://waldencenterschool.org/,,,https://www.vitalarts.org/contact,https://www.linkedin.com/company/vistability/,https://www.facebook.com/VistAbility,https://www.instagram.com/vistability/,,,,3102127997
1648,Walk Intuit,California Nonprofit ,,,http://walkintuit.org/,"info@scvolunteercenter.org, info@ccsantacruz.org","VIP@scvolunteercenter.org, cityserve@cityofsantacruz.com, maryela@vitalarts.org?, askus@scvolunteercenter.org",https://scvolunteercenter.org/contact/,,https://www.facebook.com/vitalartsorg/,https://www.instagram.com/vitalartsorg/,,,,6194404591
1649,Walnut Avenue Family & Women's Center,California Nonprofit ,303 Walnut Ave Santa Cruz CA,Santa Cruz County,http://www.wafwc.org/,,askus@scvolunteercenter.org,https://lp.constantcontactpages.com/sl/Zl63um8,https://www.linkedin.com/company/volunteer-center-of-santa-cruz-county,https://www.facebook.com/pages/Volunteer-Center-of-Santa-Cruz-County/106058516081610?ref=hl,https://www.instagram.com/volunteercentersc/,,,,8182383340
1650,Walter and Elise Haas Fund,California Nonprofit ,1 Lombard Street Suite 305 San Francisco CA,San Francisco County,http://www.haassr.org/,,patientservices@vim-sandiego.org?,http://www.vim-sandiego.org/contact,,https://www.facebook.com/TheVolunteerCenterSouthBayHarborLongBeach/,https://www.instagram.com/thevolunteercenter/,,,,
1651,Walter H Everett Foundation,California Nonprofit ,3744 Jomar Dr Napa CA,Napa County,http://walterheverett.com/,,patientservices@vim-sandiego.org?,,,,,,,,
1652,Warehouse Worker Resource Center,California Nonprofit ,521 N Euclid Ontario CA,San Bernardino County,http://www.warehouseworkers.org/,info@wahmei.org?,websitefeedback@burbankca.gov,http://www.wahmei.org/contact-us,,https://www.facebook.com/burbankanimalshelter/,https://www.instagram.com/burbank_animalshelter/,,,,2132861031
1653,Watsonville Law Center,California Nonprofit ,315 Main St Ste 207 Watsonville CA,Santa Cruz County,http://www.watsonvillelawcenter.org/,info@wahmei.org?,,,https://www.linkedin.com/company/wah-mei-school/,https://www.facebook.com/WahMeiOrg/,https://www.instagram.com/wahmeischool/?hl=en,,,,18662692559
1654,Watsonville Wetlands Watch,California Nonprofit ,PO Box 1239 Freedom CA,,http://www.watsonvillewetlandswatch.org/,"info@walkintuit.com?, info@waldencenterschool.org","admissions@waldencenterschool.org, it@waldencenterschool.org",http://walkintuit.org/contact,,https://www.facebook.com/waldencenterschool,https://www.instagram.com/waldencenterschool/,,,,
1655,Watts of Power Foundation,California Nonprofit ,,,http://www.wattsofpowerfoundation.org/,info@walkintuit.com?,,https://www.constantcontact.com/legal/service-provider,https://www.linkedin.com/company/walkintuit/,https://www.facebook.com/walkintuit,,,,,
1656,We Are Groundswell,California Nonprofit ,1801 E. Edinger Ave Ste 115 Santa Ana CA,Orange County,https://www.wearegroundswell.org/,info@wafwc.org,,https://haassr.org/contact-us/,,https://www.facebook.com/WalnutAvenueWomensCenter/,https://www.instagram.com/walnutavenue_center/,,,,
1657,We Care Solar,California Nonprofit ,2550 Ninth Street Suite 113A Berkeley CA,Alameda County,https://wecaresolar.org/,,,,https://www.linkedin.com/company/walter-&-elise-haas-fund/,,https://www.instagram.com/haassrfund/,,,,8317222845
1658,Weber Foundation Animal Network,California Nonprofit ,6381 Evening Star Circle Huntington Beach CA,Orange County,https://www.wfan.net/,,,http://www.warehouseworkers.org/contact,,https://www.facebook.com/Walter-H-Everett,https://www.instagram.com/walterheverett/,,,,
1659,Weingart Foundation,California Nonprofit ,700 South Flower St Ste 1900 Los Angeles CA,Los Angeles County,http://www.weingartfnd.org/,,,https://www.watsonvillelawcenter.org/contact/,,https://www.facebook.com/WarehouseWorkerResourceCenter,https://www.instagram.com/warehouseworkers/,,,,
1660,Welcome Home Housing,California Nonprofit ,PO Box 161526 Sacramento CA,Sacramento County,http://www.welcomehomehousing.org/,info@watsonvillewetlandswatch.org,"reyna@watsonvillewetlandswatch.org, juliette@watsonvillewetlandswatch.org, Brooke@watsonvillewetlandswatch.org, sam@watsonvillewetlandswatch.org, jose@watsonvillewetlandswatch.org, valerie@watsonvillewetlandswatch.org, miranda@watsonvillewetlandswatch.org, ornella@watsonvillewetlandswatch.org, dan@watsonvillewetlandswatch.org, yesenia@watsonvillewetlandswatch.org, Amanda@watsonvillewetlandswatch.org, arianna@watsonvillewetlandswatch.org, anastasia@watsonvillewetlandswatch.org, stephanie@watsonvillewetlandswatch.org, jonathan@watsonvillewetlandswatch.org",http://www.watsonvillewetlandswatch.org/contact,https://www.linkedin.com/company/watsonville-law-ctr/,,https://www.instagram.com/wlc315/,,,,7144806570
1661,West Coast Conference,California Nonprofit ,851 Traeger Avenue Suite 330 (West Coast Conference) San Bruno CA,San Mateo County,http://www.wccsports.com/,admin@wattsofpowerfoundation.org,,http://www.wattsofpowerfoundation.org/contact,,https://www.facebook.com/watsonvillewetlands/?rc=p,https://www.instagram.com/watsonvillewetlands/,,,,15107660206
1662,West Contra Costa Public Education Fund,California Nonprofit ,1400 Marina Way S Richmond CA,Contra Costa County,http://www.edfundwest.org/,"info@wearegroundswell.org, admin@wattsofpowerfoundation.org",,https://wearegroundswell.org/about/contact-us/,,https://www.facebook.com/The-Watts-of-Power-Foundation-110595021474503,https://www.instagram.com/watts_ofpower/?hl=en,,,,9513355770
1663,West Fresno Health Care Coalition (dba: West Fresno Family Resource Center),California Nonprofit ,700 Van Ness Ave Suite 201 Fresno CA,Fresno County,http://www.wfresnofrc.org/,info@wearegroundswell.org,,https://wecaresolar.org/get-involved/contact-us/,https://www.linkedin.com/company/we-are-groundswell,https://www.facebook.com/wearegroundswell,https://www.instagram.com/wearegroundswellorg/,https://rising-together-fund.causevox.com/,,,
1664,Western Association of Educational Opportunity Personnel,California Nonprofit ,Arizona Western College 2020 S Avenue 8E Yuma Az,,http://www.westop.org/,,rechecanyon@wfan.net,https://www.wfan.net/animal-rescue-and-welfare-organization-contact-us,,https://www.facebook.com/WeCareSolar/,https://www.instagram.com/WeCareSolar/,,,,
1665,Western Center on Law & Poverty,California Nonprofit ,3701 Wilshire Blvd Ste 208 Los Angeles CA,Los Angeles County,http://www.wclp.org/,info@weingartfnd.org,rechecanyon@wfan.net,https://weingartfnd.org/contact-us/,,,,,,,
1666,Western Neuropathy Association,California Nonprofit ,,,https://www.pnhelp.org/,,dcoughlin@welcomehomehousing.org,https://welcomehomehousing.org/contact/,https://www.linkedin.com/company/weingart-foundation/,https://www.facebook.com/weingartfoundation/,https://www.instagram.com/weingartfoundation,,,,
1667,Western Youth Services,California Nonprofit ,23461 South POinte Drive Suite 220 Laguna Hills CA,Orange County,http://www.westernyouthservices.org/,,,,,https://www.facebook.com/WelcomeHomeHousing/,,,,,
1668,Westside Food Bank,California Nonprofit ,1710 22Nd St Santa Monica CA,Los Angeles County,http://www.westsidefoodbankca.org/,info@edfundwest.org,,https://www.edfundwest.org/who-we-are/contact/,,,https://www.instagram.com/wccsports/,,,,
1669,Westside Jewish Community Center Inc,California Nonprofit ,5870 W. Olympic Blvd Los Angeles CA,Los Angeles County,http://www.westsidejcc.org/,info@edfundwest.org,,,https://www.linkedin.com/company/edfundwest,https://www.facebook.com/edfundwest,https://www.instagram.com/westcontracostaedfund/,,,,
1670,"Wexford, Inc.",California Nonprofit ,PO Box 4089 Pls Vrds Pnsl CA,,http://www.wexford.org/,,,,,,,,,,
1671,Whitebark Institute,California Nonprofit ,3999 Main St Ste W-5 Mammoth Lakes CA,Mono County,https://www.whitebarkinstitute.org/,,,,,https://www.facebook.com/westopregion,https://www.instagram.com/westopworks/,,,https://bsky.app/profile/#,9498551556
1672,Wild Farm Alliance,California Nonprofit ,PO Box 2570 Watsonville CA,Santa Cruz County,http://www.wildfarmalliance.org/,info@pnhelp.org,,https://www.pnhelp.org/contact-us,https://www.linkedin.com/company/western-center-on-law-and-poverty/,https://www.facebook.com/westerncenter,https://www.instagram.com/western_center/,,,,
1673,Wild Iris Family Counseling & Crisis Center,California Nonprofit ,,,https://www.wild-iris.org/,info@pnhelp.org,"klstenzel@hotmail.com, jeff_creech@msn.com",,,https://www.facebook.com/PNHelpWNA,https://www.instagram.com/pnhelpwna/,,,,3239382531
1674,Wildlife Conservation Network,California Nonprofit ,209 Mississippi St San Francisco CA,San Francisco County,http://www.wildnet.org/,info@westernyouthservices.org,"development@wsfb.org, media@wsfb.org",https://www.wsfb.org/about-us/contact-us/,https://www.linkedin.com/authwall?trk=bf&trkInfo=AQEacfdvUM5M3QAAAYfrrGbIRFLrakxn-i-CWM5-ECZ_stsfAjaN9T1NGrH2RBRm6mL7CjUe0S5aO78OXcE6R-KoKO2LIH89JCGc3x639kC4ZgygE8rrQIFRaTMOdKffd7W2Qhk=&original_referer=&sessionRedirect=https%3A%2F%2Fwww.linkedin.com%2Fcompany%2Fwestern-youth-services,https://www.facebook.com/WesternYouthOC/,https://www.instagram.com/WesternYouthOC/,https://www.resettoolbox.com/,,,
1675,Wildlife Madagascar,California Nonprofit ,2907 Shelter Island Dr Ste 105 - 1024 San Diego CA,San Diego County,http://wildlifemadagascar.org/,,,http://www.westsidejcc.org/contact,,https://www.facebook.com/westsidefoodbank,https://www.instagram.com/westsidefoodbank/,,,,
1676,Wildling Museum of Art and Nature,California Nonprofit ,1511 Mission Dr. Suite B Solvang CA,Santa Barbara County,http://www.wildlingmuseum.org/,info@thejla.org,,https://www.wexford.org/contact,https://www.linkedin.com/company/thejlosangeles,,https://www.instagram.com/thejlosangeles/,,,,
1677,Wildwood Watchers Fire Safe Council,California Nonprofit ,,,,"administrator@whitebarkinstitute.org, info@wexford.org",,https://whitebarkinstitute.org/contact/,,,,,,,18778737384
1678,Will Rogers Institute,California Nonprofit ,2233 N Ontario St Ste 300 Burbank CA,Los Angeles County,http://www.willrogersmotionpicture.org/,administrator@whitebarkinstitute.org,,http://www.wildfarmalliance.org/contact,,https://www.facebook.com/WhitebarkInstitute/,https://www.instagram.com/whitebarkinstitute/,,,,
1679,"Willbridge of Santa Barbara, Inc.",California Nonprofit ,2904 State St Apt A Santa Barbara CA,Santa Barbara County,https://www.willbridgesb.org/,,,,https://www.linkedin.com/company/wild-farm-alliance/?viewAsMember=true,,https://www.instagram.com/wildfarmalliance/,,,https://bsky.app/profile/wildfarmalliance.bsky.social,
1680,William H. Douglas Foundation,California Nonprofit ,,,https://www.whdfoundation.org/,info@wildnet.org,press@wildnet.org,https://wildnet.org/contact-us/,,https://www.facebook.com/wildiriscrisiscenter,https://www.instagram.com/wildiriscrisiscenter/,http://wix.com/?utm_campaign=vir_created_with,,,
1681,William James Association,California Nonprofit ,PO Box 1632 Santa Cruz CA,Santa Cruz County,http://williamjamesassociation.org/,info@wildlifemadagascar.org,,https://wildlifemadagascar.org/contact,https://www.linkedin.com/company/wildnetorg/,,https://www.instagram.com/wildnetorg/,,,https://bsky.app/profile/wildnetorg.bsky.social,
1682,Wine Market Council,California Nonprofit ,PO Box 2955 Yountville CA,Napa County,https://winemarketcouncil.com/,,,,https://www.linkedin.com/company/wildlife-madagascar/,https://www.facebook.com/WildlifeMadagascar,https://www.instagram.com/wildlifemadagascar/,,,,13236882500
1683,"Winter Nights Family Shelter, Inc.",California Nonprofit ,,,https://cccwinternights.org/,info@calnatureartmuseum.org?,,,,,https://www.instagram.com/calnatureartmuseum/,,,,
1684,Women Donors Network Action,California Nonprofit ,,,http://www.wdnaction.org/,,,https://wrpioneers.org/contact/,,,,,,,9514159756
1685,Women Helping Other Women (WHOW),California Nonprofit ,,,http://whowlivelovelearn.org/,,,,,https://www.facebook.com/wrpioneers,https://www.instagram.com/wrpioneers/,,,,
1686,Women in Localization,California Nonprofit ,1046 Rangpur Ct Sunnyvale CA,Santa Clara County,http://www.womeninlocalization.com/,,,https://www.whdfoundation.org/contact-us,,,,,,,
1687,Women Winemakers & Culinarians Foundation,California Nonprofit ,,,https://sbwomenwinemakers.com/,,,,,https://www.facebook.com/thewhdfoundation,https://www.instagram.com/whdouglasfoun,,,,
1688,Women's Cancer Resource Center,California Nonprofit ,2908 Ellsworth St. Berkeley CA,Alameda County,http://wcrc.org/,,,https://winemarketcouncil.com/contact-us/,,https://www.facebook.com/PrisonArtsProject/,https://www.instagram.com/prisonartsproject/,,,,
1689,Women's Foundation California,California Nonprofit ,1301 Clay St 2371719 Oakland CA,Alameda County,http://womensfoundca.org/,info@cccwinternights.org,,https://cccwinternights.org/contact/,https://www.linkedin.com/company/wine-market-council/,https://www.facebook.com/people/Wine-Market-Council/61552707205158/,https://www.instagram.com/winemarketcouncil/,https://x.com/WineMktCouncil,,,320529512
1690,Women's Intercultural Network,California Nonprofit ,24820 Orchard Village Rd Ste A. 23205 Santa Clarita CA,Los Angeles County,http://winaction.org/,info@wdnaction.org,,https://womendonorsaction.org/contact-us/,,https://www.facebook.com/Winter-Nights-Family-Shelter-in-Contra-Costa-County-406752703268083/,,,,,
1691,Women's Survivors Network,California Nonprofit ,,,,,,,https://www.linkedin.com/company/women-donors-network,,https://www.instagram.com/womendonors,,,https://bsky.app/profile/womendonors.bsky.social,
1692,Women's Theatre Collective,California Nonprofit ,148 Tomlinson Dr Folsom CA,Sacramento County,http://www.womenstheatrecollective.org/,contact@womeninlocalization.com,whowboard@gmail.com,http://www.womeninlocalization.com/contact-us/,,https://www.facebook.com/groups/womanwithadream,,,,,5108090203
1693,Words In The Wild,California Nonprofit ,2939 Summit Street Suite 201 Oakland CA,Alameda County,http://wordsinthewild.org/,,,,https://www.linkedin.com/company/womeninlocalization/mycompany/,https://www.facebook.com/WomenInL10N,https://www.instagram.com/womeninlocalization/,https://x.com/WomenInL10N,,,
1694,Working Wardrobes for a New Start,California Nonprofit ,2000 E Mcfadden Ave Suite 100 Santa Ana CA,Orange County,http://www.workingwardrobes.org/,,"restaurants@stilettomarketing.com, karen@seagrapewinecompany.com",,,https://www.facebook.com/WomenWinemakersCulinariansFoundation/,https://www.instagram.com/womenwinemakersandculinarians/,,,,
1695,Worksite Wellness Los Angeles,California Nonprofit ,5955 S Western Ave Los Angeles CA,Los Angeles County,http://www.worksitewellnessla.org/,,"wcrc@wcrc.org, development@wcrc.org, wcrc@wcrc.org;",https://womensfoundca.org/who-we-are/contact-womens-foundation/,https://www.linkedin.com/company/women's-cancer-resource-center/,https://www.facebook.com/WCRCEastBay,https://www.instagram.com/wcrcinberkeley/,,,,
1696,Wright Institute Los Angeles (WILA),California Nonprofit ,11845 W Olympic Blvd Ste 505W Los Angeles CA,Los Angeles County,http://wila.org/,,,https://womensfoundca.org/who-we-are/contact-womens-foundation/,https://www.linkedin.com/company/the-women's-foundation-of-california,https://www.facebook.com/WomensFoundationofCalifornia/,https://www.instagram.com/womensfoundca/,,,,
1697,"Xinewh-Ding, Inc.",California Nonprofit ,PO Box 1165 Hoopa CA,,https://www.facebook.com/xontehLtawhupa,,WIN@winaction.org,https://winaction.org/#contact,,https://www.facebook.com/people/Womens-Intercultural-Network-WIN/100064739434572/,https://www.instagram.com/womensinterculturalnetwork/,,,,
1698,Y&H Soda Foundation,California Nonprofit ,,,https://www.yhsodafoundation.org/,,,,,,,,,,
1699,YMCA of Glendale,California Nonprofit ,140 N Louise St Glendale CA,Los Angeles County,http://www.glendaleymca.org/,,,https://www.womenstheatrecollective.org/contact,,https://www.facebook.com/WomensTheatreCollective,https://www.instagram.com/womenstheatrecollective/,,,,
1700,Yogananda Seva,California Nonprofit ,1139 2Nd St. Encinitas CA,San Diego County,https://yoganandaseva.org/,,,http://wordsinthewild.org/contact-us,https://www.linkedin.com/company/words-in-the-wild/?viewAsMember=true,https://www.facebook.com/WordsintheWild/,https://www.instagram.com/wordsinthewildlab/,,,https://bsky.app/profile/wordsinthewild.bsky.social,
1701,Yolo Community Foundation,California Nonprofit ,PO Box 1264 Woodland CA,Yolo County,http://www.yolocf.org/,"info@workingwardrobes.kinsta.cloud, info@workingwardrobes.org",,https://www.workingwardrobes.org/contact-us/,https://www.linkedin.com/company/397726,https://www.facebook.com/WorkingWardrobes/,https://www.instagram.com/WorkingWardrobes/,,,,
1702,Yolo County CASA,California Nonprofit ,724 Main Street Ste 101 Woodland CA,Yolo County,https://www.yolocasa.org/,info@worksitewellnessla.org,,https://worksitewellnessla.org/contact/,,https://www.facebook.com/Worksite.Wellness.LA,https://www.instagram.com/worksitewellnessla5/,,,,
1703,Yolo County Children's Alliance,California Nonprofit ,600 A St Ste Y Davis CA,Yolo County,http://yolokids.org/,,,http://wila.org/contact/#wilacall,https://www.linkedin.com/company/wright-institute-los-angeles,https://www.facebook.com/WrightInstituteLA,https://www.instagram.com/wrightinstitutela/,,,,
1704,Young STEAMers,California Nonprofit ,,,https://www.youngsteamers.org/,,,,,https://www.facebook.com/login/device-based/regular/login/?login_attempt=1&next=https%3A%2F%2Fwww.facebook.com%2FxontehLtawhupa,,,,,
1705,Young Storytellers,California Nonprofit ,923 E 3Rd St Ste 307 Los Angeles CA,Los Angeles County,http://www.youngstorytellers.com/,,,https://www.yhsodafoundation.org/contact-us,,,,,,,5303120593
1706,Yours Humanly,California Nonprofit ,PO Box 5501 Walnut Creek CA,Contra Costa County,http://www.yourshumanly.org/,,,http://www.glendaleymca.org/contact.html,,https://www.facebook.com/glendaleymca,https://www.instagram.com/glendaleymca/,,,,
1707,Youth 2 Leaders Education Foundation,California Nonprofit ,1701 Westwind Dr. Ste 116 Bakersfield CA,Kern County,http://www.y2lef.org/,,support@yoganandaseva.org,https://yoganandaseva.org/contact/,,,,,,,5307575558
1708,Youth Action Project,California Nonprofit ,696 South Tippecanoe Avenue San Bernardino CA,San Bernardino County,http://www.youthactionproject.org/,,,,,,,,,,
1709,Youth Alliance,California Nonprofit ,310 Fourth Street Suite 101 Hollister CA,San Benito County,http://www.site.youthall.org/,info@yolocasa.org,,https://www.yolocasa.org/contact/,https://www.linkedin.com/company/yolo-county-casa,https://www.facebook.com/Yolo-County-CASA-151079878286741/,https://www.instagram.com/yolocasa_/,,,,
1710,Youth for Environmental Sanity (YES),California Nonprofit ,3240 King Street Berkeley CA,Alameda County,http://www.yesworld.org/,,,https://www.yolokids.org/about-us/contact-page/,https://www.linkedin.com/company/yolo-county-children-s-alliance,https://www.facebook.com/YoloCountyChildrensAlliance,https://www.instagram.com/yccaforthekids/,,,,
1711,Youth Forward,California Nonprofit ,2411 15Th St Suite A Sacramento CA,Sacramento County,https://www.youth-forward.org/,info@youngsteamers.org,,https://www.youngsteamers.org/contact,https://www.linkedin.com/company/young-steamers,https://www.facebook.com/YoungSTEAMers,,,,,
1712,"Youth Homes, Inc.",California Nonprofit ,,,https://youthhomes.org/,,,http://www.youngstorytellers.com/contact,,https://www.facebook.com/youngstorytellers/,https://www.instagram.com/youngstorytellers/,,,,
1713,Youth Making A Difference dba Hands4Hope - Youth Making A Difference,California Nonprofit ,,,http://hands4hopeyouth.org/,info@yourshumanly.org,"volunteer@yourshumanly.org, media@yourshumanly.org",https://yourshumanly.org/get-involved/contact-us/,https://www.linkedin.com/company/yours-humanly,https://www.facebook.com/yourshumanly,https://www.instagram.com/yourshumanly/,,,,
1714,Youth Mentoring Connection,California Nonprofit ,8407 S Vermont Ave Los Angeles CA,Los Angeles County,http://www.youthmentoring.org/,,,,,,,,,,
1715,Youth Organize California,California Nonprofit ,530 South Boyle Ave Los Angeles CA,Los Angeles County,https://yocalifornia.org/,,,,https://www.linkedin.com/company/youth-action-project-incorporated,https://www.facebook.com/yapinc/,https://www.instagram.com/youthactproject/?hl=en,,,,
1716,Youth Recovery Connections,California Nonprofit ,721 Monterey St Hollister CA CA,,https://www.youthrecoveryconnections.org/,,,,,,,,,,9259332627
1717,Youth Transforming Justice,California Nonprofit ,,,https://www.ytjustice.org/,info@yesworld.org,,https://yesworld.org/contact/,https://www.linkedin.com/company/65483020/,https://www.facebook.com/yescommunity,,,,,
1718,Youth Utilizing Power and Praise Organization,California Nonprofit ,320 West Sunnyoaks Avenue CAmpbell CA,Santa Clara County,http://www.yupporg.com/,info@youth-forward.org,,https://www.youth-forward.org/contact,,https://www.facebook.com/Youth-Forward-1937631979790176/,,,,,
1719,YOUTHBEAT,California Nonprofit ,,,http://youthbeat.org/,,recordsrelease@youthhomes.org?,https://youthhomes.org/contact,https://www.linkedin.com/company/youth-homes-inc/,https://www.facebook.com/YouthHomesThriftShop/,https://www.instagram.com/yhthriftshop/,,,,
1720,YouthWell,California Nonprofit ,,,http://youthwell.org/,info@hands4hopeyouth.org,,https://www.hands4hopeyouth.org/contact,,https://www.facebook.com/hands4hopeymd,https://www.instagram.com/hands4hope/,,,,18313130882
1721,YWCA Berkeley/Oakland,California Nonprofit ,2600 Bancroft Way Berkeley CA,Alameda County,http://www.ywca-berkeley.org/,,ymc@youthmentoring.org,,,https://www.facebook.com/youthmentoring/,https://www.instagram.com/youthmentoring/,,,,
1722,YWCA Glendale and Pasadena,California Nonprofit ,735 E. Lexington Dr. Glendale CA,Los Angeles County,https://ywcagp.org/,info@yocalifornia.org,,,,,https://www.instagram.com/youthorganizeca/?hl=en,,,,14087040440
1723,YWCA of Contra Costa/Sacramento,California Nonprofit ,1320 Arnold Dr Ste 170 Martinez CA,Contra Costa County,http://ywcaccc.org/,,msalinas@yrconnections.org,https://www.youthrecoveryconnections.org/contact,,,,,,,5109220060
1724,YWCA San Gabriel Valley,California Nonprofit ,,,https://www.ywcasgv.org/,,"worrego@ytjustice.org, dcarney@ytjustice.org, jchi@ytjustice.org, moviedo@ytjustice.org, azavala@ytjustice.org",,,https://www.facebook.com/youthtransformingjustice/,https://www.instagram.com/youthtransformingjustice/?hl=en,http://wix.com/?utm_campaign=vir_created_with,,,
1725,Zaca Center Preschool,California Nonprofit ,,,https://www.zacacenterpreschool.org/,info@yupporg.com,,https://yupporg.com/contact-us/,,https://www.facebook.com/yupporg,https://www.instagram.com/yupporg/,,,,
1726,,California Nonprofit ,,,,,youthbeatmedia@gmail.com,http://youthbeat.org/contact,,https://www.facebook.com/YouthBeatMedia/,https://www.instagram.com/youthbeatmedia/?hl=en,,,,18889997511
1727,,California Nonprofit ,,,,directory@youthwell.org,calendar@youthwell.org,https://youthwell.org/contact/,https://www.linkedin.com/company/youthwell/,https://www.facebook.com/youthwell,https://www.instagram.com/youthwell/,,,,
1728,,California Nonprofit ,,,,,,,https://www.linkedin.com/ywca-berkeley-oakland,https://www.facebook.com/ywcaberkeley/,,,,,6262149465
1729,,California Nonprofit ,,,,,,,,https://www.facebook.com/YWCAGP,https://www.instagram.com/ywcagp,,,https://bsky.app/profile/ywcagp.bsky.social ,
1730,,California Nonprofit ,,,,,,,,,,,,,
1731,,California Nonprofit ,,,,info@ywcasgv.org,,https://www.ywcasgv.org/contact/,https://www.linkedin.com/company/ywca-of-san-gabriel-valley/,https://www.facebook.com/ywcasgv,https://www.instagram.com/ywcasgv/,,,,
1732,,California Nonprofit ,,,,,,https://www.zacacenterpreschool.org/contact-us,,,,https://wix.com/?utm_campaign=vir_created_with,,,
