,Name,Organization Type,Street Address,City,State,County,Website,Emails (General Contact),Staff/Misc Emails,Contact Form Link,Linkedin,Instagram,Facebook,X,Threads,Bluesky,Phone Number
0,NGO-ISAC,California Nonprofit ,,,,,https://www.ngoisac.org/,,,https://www.ngoisac.org/contact ,https://www.linkedin.com/company/ngoisac,,,,,,
1,2020 Mom,California Nonprofit ,5101 Santa Monica Blvd. Suite 8-326 ,Los Angeles,CA,Los Angeles County,http://www.2020mom.org/,,Kelly.Nielson@PolicyCenterMMH.org,https://policycentermmh.org/contact/ ,https://www.linkedin.com/company/policycentermmh/,,,https://x.com/PolicyCenterMMH,,,
2,211 San Diego,California Nonprofit ,3860 Calle Fortunado Suite 101 ,San Diego,CA,San Diego County,http://www.211sandiego.org/,info@211sandiego.org,"211help@211sandiego.org, media@211sandiego.org, resourcecenter@211sandiego.org, 211connections@211sandiego.org",https://211sandiego.org/contacts/ ,https://www.linkedin.com/company/211sandiego,https://www.instagram.com/211sd,https://www.facebook.com/211sandiego/,https://x.com/211SD,,,211
3,3C Capital Fund Inc,California Nonprofit ,PO Box 71355 ,Bakersfield,CA,Kern County,http://www.3ccf.org/,,,https://3ccf.org/contact/ ,,,,,,,
4,40 Acres Fire Safe Council,California Nonprofit ,137 Ocean View Road ,Bishop,CA,Inyo County,,,,,,,,,,,
5,4Paws,California Nonprofit ,2 Padre Parkway Suite 201B ,Rohnert Park,CA,Sonoma County,http://www.4pawscenter.org/,,4pawsoffice@gmail.com,,,,https://www.facebook.com/caninesocialtherapy/,,,,
6,4th Second,California Nonprofit ,690 Walnut Ave Suite 220 ,Vallejo,CA,Solano County,https://www.4thsecond.org/,,,,https://www.linkedin.com/company/4th-second/about/,https://www.instagram.com/4thsecondyep/,,,,,
7,4th Trimester,California Nonprofit ,,,,,http://4thtri.org/,hello@4thtri.org,media@4thtri.org,https://4thtri.org/contact/ ,https://www.linkedin.com/company/4thtrimester,https://www.instagram.com/4thtrimester_org,,,,,6267204888
8,5-Eleven Hoops,California Nonprofit ,,,,,https://5elevenhoops.org/,info@5elevenhoops.com,,,,https://www.instagram.com/5elevenhoops/,https://www.facebook.com/545461015608630,https://www.x.com/5ElevenHoops,,,3109031174
9,805 UndocuFund,California Nonprofit ,P. O Box 1154 ,Lompoc,CA,Santa Barbara County,https://www.805undocufund.org/,executivedirector@805undocufund.org,phernandez@805undocufund.org,https://www.805undocufund.org/contact-us.html ,https://www.linkedin.com/company/19128208/admin/dashboard/,https://www.instagram.com/the805undocufund/,https://www.facebook.com/805undocufund,,,,8052008471
10,A Curiae,California Nonprofit ,440 N Barranca Ave 238847 ,Covina,CA,Los Angeles County,http://www.acuriae.org/,"info@acuriae.com, info@acuriae.org",,https://www.acuriae.org/contact ,https://www.linkedin.com/company/acuriae/,,,,,,
11,A Greater Hope,California Nonprofit ,,,,,https://aghope.org/,,,,,,,,,,
12,A New Beginning Resource Center,California Nonprofit ,325 W.  Blvd ,Compton,CA,Los Angeles County,https://www.anbcenter.org/,info@anbcenter.org,,,,https://www.instagram.com/p/DWhQdtdj2CM/,,,,,
13,A New Way of Life,California Nonprofit ,PO Box 875288 ,Los Angeles,CA,Los Angeles County,http://www.anewwayoflife.org/,info@anewwayoflife.org,,https://anewwayoflife.org/contact-us/ ,https://www.linkedin.com/company/a-new-way-of-life-reentry-project,https://www.instagram.com/anewwayoflifela/,https://www.facebook.com/ANewWayofLifeReentryProject,,,,
14,AAPI Equity Alliance,California Nonprofit ,905 E 8Th St ,Los Angeles,CA,Los Angeles County,https://aapiequityalliance.org/,info@aapiequityalliance.org,,https://aapiequityalliance.org/contact/ ,https://www.linkedin.com/company/aapi-equity-alliance,https://www.instagram.com/aapiequityalliance/,https://www.facebook.com/AAPIEquityAlliance,,,,
15,ABE Clinics Foundation,California Nonprofit ,,,,,http://abeclinics.com/,,,https://www.abeclinics.com/contact-us/ ,,https://www.instagram.com/abe_clinics_foundation,https://www.facebook.com/abeclinics.usa,,,,
16,"Abilities Community Alliance, Inc.",California Nonprofit ,,,,,http://abilitiescafe.org/,,,https://abilitiescafe.org/contact-us ,,,,,,,
17,Ability Now Bay Area,California Nonprofit ,4500 Lincoln Ave ,Oakland,CA,Alameda County,https://abilitynowbayarea.org/,info@abilitynowba.org,marketdev@abilitynowba.org,https://abilitynowbayarea.org/contact/ ,https://www.linkedin.com/company/abilitynowba/,https://www.instagram.com/abilitynowba,https://www.facebook.com/abilitynowba,,,,
18,ABLED,California Nonprofit ,,,,,http://abled.org/,info@abled.org,,,https://www.linkedin.com/company/goabled/,https://www.instagram.com/go_abled,https://www.facebook.com/goabled/,,,,9167908020
19,Abode Services,California Nonprofit ,,,,,https://abode.org/,info@abode.org,cdebenedetti@abode.org,https://abode.org/contact-us ,,https://www.instagram.com/abodeorg/,https://www.facebook.com/AbodeOrg,,https://www.threads.com/@abodeorg,https://bsky.app/profile/abodeorg.bsky.social,
20,About My Father's Business Homeless Outreach Ministry,California Nonprofit ,5619 Lindley Avenue ,Tarzana,CA,,https://www.amfb.org/,,,,,https://www.instagram.com/about_my_father/,https://www.facebook.com/AMFB.SFV,,,,
21,About-Face,California Nonprofit ,2261 Market Street Suite 139 ,San Francisco,CA,San Francisco County,http://about-face.org/,,,,,,,,,,
22,Abrazos Y Suspiros Inc.,California Nonprofit ,,,,,,,,,,,,,,,
23,Academy for Grassroots Organizations,California Nonprofit ,13312 Ranchero Rd Pmb 202 ,Oak Hills,CA,,http://www.academygo.com/,admin@academygo.com,Admin@AcademyGO.com,https://members.academygo.com/contact ,,https://www.instagram.com/academygoie/,https://www.facebook.com/AcademyGOIE,https://x.com/academyGOcom,,,
24,Access Central Coast,California Nonprofit ,,,,,http://www.accesscentralcoast.org/,info@accesscentralcoast.org,,http://www.accesscentralcoast.org/../about/contact-us.php ,,,,,,,18059630595
25,Access Humboldt,California Nonprofit ,PO Box 157 ,Eureka,CA,Humboldt County,http://www.accesshumboldt.net/,info@accesshumboldt.net,,,,,,,,,
26,Access Sacramento,California Nonprofit ,,,,,https://www.accesssacramento.org/,,,https://www.accesssacramento.org/contact/ ,https://www.linkedin.com/company/access-sacramento/,https://www.instagram.com/access.sac/,https://www.facebook.com/AccessSac/,,,,9164568600
27,Ace of Hearts Dog Rescue,California Nonprofit ,PO Box 2357 ,Beverly Hills,CA,Los Angeles County,https://acesangels.org/,,"dogsfromheaven@aol.com, aofhcoordinator@gmail.com",https://www.acesangels.org/contact ,,https://www.instagram.com/aceofheartsdogrescue/,https://www.facebook.com/Aceofheartsdogs/,,,,13103583344
28,ACM West,California Nonprofit ,,,,,http://acmwest.org/,info@acmwest.org,,,,,,,,,
29,AcroSports,California Nonprofit ,,,,,http://acrosports.org/,,,https://acrosports.org/contact-us/ ,,https://www.instagram.com/acrosports/,https://www.facebook.com/AcroSports,,,,14156652276
30,Acta Non Verba,California Nonprofit ,1001 83Rd Ave Mailbox 1 ,Oakland,CA,Alameda County,https://twitter.com/anv_youth_farm,,,,,,,https://help.x.com/using-x/x-supported-browsers,,,
31,AdGood Foundation,California Nonprofit ,,,,,https://www.adgood.org/,,,https://www.adgood.org/contact ,,,,,,,
32,Adjoin,California Nonprofit ,,,,,https://adjoin.org/,,,https://adjoin.org/contact ,https://www.linkedin.com/company/adjoinorg/?viewAsMember=true,https://www.instagram.com/adjoinorg/,https://www.facebook.com/Adjoinorgnonprofit/,,,,
33,Advance Peace,California Nonprofit ,2163 Meeker Ave 23227 ,Richmond,CA,Contra Costa County,https://www.advancepeace.org/,,,https://advancepeace.org/contact-us/ ,https://www.linkedin.com/in/advance-peace-485b67135/,https://www.instagram.com/advancepeace/,https://www.facebook.com/advancepeace,https://www.lightmix.com/,,,
34,Advent Group Ministries Inc.,California Nonprofit ,,,,,http://adventgm.org/,,advent@adventgm.org,https://www.adventgm.org/contact ,https://www.linkedin.com/company/advent-group-ministries/,https://www.instagram.com/advent.gm,https://www.facebook.com/AdventGroupMinistries,,,,14082810708
35,Adventure Risk Challenge,California Nonprofit ,,,,,https://adventureriskchallenge.org/,,,https://adventureriskchallenge.org/contact-us-now/ ,https://www.linkedin.com/company/adventure-risk-challenge/,https://www.instagram.com/adventureriskchallenge/,https://www.facebook.com/AdventureRiskChallenge,,,,
36,"Advocacy, Inc.",California Nonprofit ,1500 41St Ave Ste. 222 ,Capitola,CA,Santa Cruz County,http://www.advocacy-inc.org/,,advocate@advocacy-inc.org,,,,,,,,
37,Advocates for Indigenous California Language Survival,California Nonprofit ,PO Box 26357 ,Fresno,CA,Fresno County,http://www.aicls.org/,,,,,https://www.instagram.com/aicls/,https://www.facebook.com/Advocates-for-Indigenous-California-Language-Survival-268790494349,,,,
38,Advocates for the Environment,California Nonprofit ,,,,,https://www.aenv.org/,,,,,,,,,,
39,Advokids,California Nonprofit ,5643 Paradise Dr Ste 12B ,Corte Madera,CA,Marin County,http://www.advokids.org/,,"advocate@michaeln624.sg-host.com, helpline@advokids.org, advocate@advokids.org",https://advokids.org/contact-us-2/ ,https://www.linkedin.com/company/advokids/,https://www.instagram.com/advokids/?hl=en,https://www.facebook.com/Advokids/,,,,8772384543
40,Affordable Homeless Housing Alternatives,California Nonprofit ,PO Box 3794 ,Eureka,CA,Humboldt County,http://www.ahha-humco.org/,,ahha.humco@gmail.com,http://www.ahha-humco.org/contact-county-and-city-officials ,,https://www.instagram.com/ahhahumco/,https://www.facebook.com/AHHA-Affordable-Homeless-Housing-Alternatives-546655568823719,,,,
41,Afghan Coalition,California Nonprofit ,39155 Liberty St D-460 ,Fremont,CA,Alameda County,http://www.afghancoalition.org/,info@afghancoalition.org,youremailaddress@mail.com,https://afghancoalition.org/contact-us/ ,https://www.linkedin.com/company/afghancoalition/?viewAsMember=true,https://www.instagram.com/afghan_coalition/?locale=uken1&hl=am-et,https://www.facebook.com/Afghancoalition?mibextid=LQQJ4d,https://x.com/Afghan_Coal,,,15107451680
42,African American Community Service Agency,California Nonprofit ,304 N. 6Th Street ,San Jose,CA,Santa Clara County,http://www.sjaacsa.org/,,"lavere.foster@sjaacsa.org, milan.balinton@sjaacsa.org",http://www.sjaacsa.org/contact-us ,https://www.linkedin.com/in/milan-balinton-6635a117/,https://www.instagram.com/sj_aacsa/,https://www.facebook.com/CityofSanJose/,,,,4082923157
43,"African American Network of Kern County, Inc",California Nonprofit ,P. O. Box 1215 ,Bakersfield,CA,Kern County,http://aankc.org/,,support@digitalspace.net,https://digitalspace.net/contact.html ,,,,,,,
44,Ag Land Trust,California Nonprofit ,1263 Padre Drive ,Salinas,CA,Monterey County,https://www.aglandtrust.org/,,,https://www.aglandtrust.org/contact-us/ ,https://www.linkedin.com/company/ag-land-trust/,https://www.instagram.com/aglandtrust,https://www.facebook.com/aglandtrust,,,,
45,AHA! Attitude. Harmony. Achievement.,California Nonprofit ,,,,,https://ahasb.org/,,"rene@ahasb.org, tabitha@ahasb.org, nic@ahasb.org, brandon@ahasb.org, paulina@ahasb.org, clinical@ahasb.org, kira@ahasb.org, media@ahasb.org, sabrina@ahasb.org, roxy@ahasb.org, molly@ahasb.org",,https://www.linkedin.com/company/aha-attitude-harmony-achievement,https://www.instagram.com/aha_sb/,https://www.facebook.com/ahasb.org,,,,18057707200
46,AIDS Services Foundation OC dba Radiant Health Centers,California Nonprofit ,17982 Sky Park Cir Ste J ,Irvine,CA,Orange County,http://radianthealthcenters.org/,,"tnguyen@radianthealthcenters.org, lgarland@radianthealthcenters.org, marketing@radianthealthcenters.org",https://www.radianthealthcenters.org/contact-us ,https://www.linkedin.com/company/556115/,https://www.instagram.com/RadiantHealthOC,https://www.facebook.com/RadiantHealthOC,,,,9498095700
47,Airmid Institute,California Nonprofit ,8780 19Th St. 23124 ,Alta Loma,CA,,http://www.airmidinstitute.org/,info@airmidinstitute.org,,https://airmidinstitute.org/contact-us/ ,https://www.linkedin.com/company/airmid-institute/,https://www.instagram.com/airmid_institute/,https://www.facebook.com/airmidinstitute/,,,,
48,Alameda Health Consortium/ Community Health Center Network,California Nonprofit ,101 Callan Ave Ste 300 ,San Leandro,CA,Alameda County,http://www.alamedahealthconsortium.org/,information@alamedahealthconsortium.org,,https://www.alamedahealthconsortium.org/about/contact-us/ ,https://www.linkedin.com/company/alameda-health-consortium/,https://www.instagram.com/alamedahealthconsortium/,https://www.facebook.com/alamedahealthconsortium/,,,,5102970230
49,Alameda Post Inc.,California Nonprofit ,1516 Oak St Ste 203 ,Alameda,CA,Alameda County,https://alamedapost.com/,info@alamedapost.com,"publisher@alamedapost.com, sales@alamedapost.com, podcast@alamedapost.com, accounting@alamedapost.com, community@alamedapost.com, editor@alamedapost.com, webmaster@alamedapost.com",https://alamedapost.com/contact/ ,,https://www.instagram.com/alameda.post/,https://www.facebook.com/AlamedaPost/,,,https://bsky.app/profile/alamedapost.com,
50,Alano Club of Santa Barbara,California Nonprofit ,,,,,https://www.alanoclubsantabarbara.org/,,,https://www.alanoclubsantabarbara.org/contact/ ,,,https://www.facebook.com/AlanoClubofSantaBarbara/,,,,
51,Albie Aware Breast Cancer Foundation,California Nonprofit ,PO Box 191011 ,Sacramento,CA,Sacramento County,http://www.albieaware.org/,info@albieaware.org,,https://albieaware.org/about/contact-2/ ,https://www.linkedin.com/company/albie-aware-inc./,https://www.instagram.com/explore/locations/1015907757/albie-aware-inc?hl=en,https://www.facebook.com/albieawareinc/,,,,916%209271592
52,Alchemist CDC,California Nonprofit ,2901 K Street Ste 302 ,Sacramento,CA,Sacramento County,http://www.alchemistcdc.org/,info@alchemistcdc.org,volunteer@alchemistcdc.org,https://alchemistcdc.org/contact-us/ ,https://www.linkedin.com/company/9746579/,https://www.instagram.com/alchemistcdc/,https://www.facebook.com/AlchemistCDC/,,,https://bsky.app/profile/alchemistcdc.org,
53,Alcohol Justice,California Nonprofit ,,,,,https://alcoholjustice.org/,,"media@alcoholjustice.org, advocacy@alcoholjustice.org",https://alcoholjustice.org/contact-us/ ,https://www.linkedin.com/company/alcohol-justice/,https://www.instagram.com/alcohol_justice/,https://www.facebook.com/alcoholwatchdog,,,,4154565692
54,Alexandria House,California Nonprofit ,,,,,https://www.alexandriahouse.org/,,,,,https://www.instagram.com/alexandriahousela/?hl=en,https://www.facebook.com/AlexandriaHouseLA/,,,,
55,Ali Akbar College of Music,California Nonprofit ,215 W End Ave ,San Rafael,CA,Marin County,http://www.aacm.org/,,office@aacm.org,https://aacm.org/contact-the-ali-akbar-college-of-music/ ,,https://www.instagram.com/aliakbarcollegeofmusic/,https://www.facebook.com/pg/AliAkbarCollegeofMusic/,,,,7609724628
56,Alianza Coachella Valley,California Nonprofit ,PO Box 38 ,Coachella,CA,Riverside County,http://alianzacv.org/,info@alianzacv.org,,https://www.alianzacv.org/contact-us/ ,https://www.linkedin.com/company/alianza-coachella-valley/,https://www.instagram.com/alianzacv/,https://www.facebook.com/AlianzaCoachellaValley,https://x.com/alianzacv,,,
57,Alice Carroll Foundation,California Nonprofit ,60 Landing Circle Suite 231 ,Chico,CA,Butte County,https://www.alicecarrollfoundation.org/,info@alicecarrollfoundation.com,,https://www.alicecarrollfoundation.org/contacts/ ,,,,,,,
58,Alisa Ann Ruch Burn Foundation,California Nonprofit ,710 R Street ,Fresno,CA,Fresno County,http://www.aarbf.org/,,,http://www.aarbf.org//donation-contact-us/ ,,https://www.instagram.com/aarbf/?hl=en,https://www.facebook.com/AlisaAnnRuchBurnFoundation/,,,,
59,All-American Boys Chorus,California Nonprofit ,PO Box 1527 ,Costa Mesa,CA,Orange County,http://www.taabc.org/,,,https://taabc.org/who-we-are/taabc-contact/ ,,https://www.instagram.com/theboyschorus/,https://www.facebook.com/TheBoysChorus/,,,,
60,Alleluia,California Nonprofit ,1031 N. Columbia Avenue ,Reedley,CA,Fresno County,,,,,,,,,,,2132672144
61,Alliance for a Better Community,California Nonprofit ,201 S Figueroa Street Suite 200 ,Los Angeles,CA,Los Angeles County,https://afabc.org/,info@afabc.org,,https://afabc.org/contact/ ,https://www.linkedin.com/company/alliance-for-a-better-community/,https://www.instagram.com/afabc_la/,https://www.facebook.com/afabcla/,,,,
62,Alliance for HOPE International,California Nonprofit ,101 W. Broadway Suite 1770 ,San Diego,CA,San Diego County,http://www.nfjca.org/,,,,,,,,,,
63,Alliance for Justice,California Nonprofit ,1000 N. Alameda St 23240 ,Los Angeles,CA,Los Angeles County,http://www.afj.org/,,alliance@afj.org,https://afj.org/contact/ ,https://www.linkedin.com/company/alliance-for-justice/,,https://www.facebook.com/AllianceforJustice,,,,
64,Alliance Francaise de Pasadena,California Nonprofit ,232 N Lake Avenue Suite 105 ,Pasadena,CA,Los Angeles County,http://afdepasadena.org/,,,https://www.afdepasadena.org/contacts/ ,,https://www.instagram.com/alliancefrancaisedepasadena/,https://www.facebook.com/pages/Alliance-Francaise-de-Pasadena/67928118517,https://www.dropbox.com/scl/fi/c42y798jvcnoejb82f6b4/Night-of-Ideas-AFDP-CALTECH-2026.pdf?rlkey=vyd54javlnu1mweubmgw81fdl&st=of4twg7k&dl=0,,,
65,Alliance in Mentorship,California Nonprofit ,2548 Knoxville Ave ,Long Beach,CA,Los Angeles County,https://www.mimentor.org/,,,,https://www.linkedin.com/company/mimentor/,https://www.instagram.com/mimentor/,https://www.facebook.com/allianceinmentorship/,,,,
66,Allmed of Los Angeles Inc,California Nonprofit ,,,,,http://www.allmedla.org/,,,,,,,,,,
67,Almaden Valley Counseling Service,California Nonprofit ,6529 Crown Blvd Ste D ,San Jose,CA,Santa Clara County,http://www.avcounseling.org/,,,,,,,,,,
68,Alpha Connection Youth & Family Services,California Nonprofit ,22675 Anoka Rd ,Apple Valley,CA,San Bernardino County,https://alphaconnection.org/,,,https://alphaconnection.org/contact/ ,,https://www.instagram.com/,https://www.facebook.com/alphaconnection.org,,,,
69,Althea Canines,California Nonprofit ,,,,,http://altheacanines.org/,,support@altheacanines.org,,,,,,,,
70,Amache Alliance,California Nonprofit ,1502 Avenida LaPosta ,Encinitas,CA,San Diego County,http://amachealliance.org/,,amachealliance@gmail.com,https://www.amachealliance.org/contact ,,,,,,,
71,American Sports Institute,California Nonprofit ,250 Camino Alto Suite 100D ,Mill Valley,CA,Marin County,http://www.americansportsinstitute.org/,info@americansportsinstitute.org,,https://americansportsinstitute.org/contact/email-subscription/ ,,,https://www.facebook.com/AmericanSportsInstitute,,,,
72,"American Volunteer Reserve, Inc.",California Nonprofit ,21382 Avenida Manantial Attn3A Steven D Root Secretary-Treasurer ,Lake Forest,CA,Orange County,http://www.americanvolunteerreserve.org/,,,,,,,,,,19163767400
73,America's Homeless Veterans,California Nonprofit ,,,,,https://www.ahvets.org/,,,https://www.ahvets.org/MailTo:contact@ahvets.org ,,https://www.instagram.com/americashomelessveterans/,https://www.facebook.com/americanhomelessveterans/,,,,16195123110
74,Amikas,California Nonprofit ,,,,,http://www.amikas.org/,info@amikas.org,social@thomasp60.sg-host.com,https://www.amikas.org/contact-us/ ,,https://www.instagram.com/amikas108/,https://www.facebook.com/AmikasBridgeHousing,https://atomicpx.com,,,
75,Amity Institute,California Nonprofit ,2727 Camino Del Rio S Ste 137 ,San Diego,CA,San Diego County,http://www.amity.org/,,mail@amity.org,https://amity.org/contact/ ,http://www.linkedin.com/company/amity-institute2019,https://www.instagram.com/amityinstitute/,https://www.facebook.com/Amity-Institute-1131261956986435/,,,,
76,Amor por Teco Foundation,California Nonprofit ,11901 Acacia Ave. ,Hawthorne,CA,Los Angeles County,http://amorporteco.org/,contacto@amoporteco.org,,http://amorporteco.org/contacto.html ,,,https://www.facebook.com/groups/1203406433202591/,,,,8584125331
77,Amplified Impact Partners,California Nonprofit ,3990 Old Town Avenue Suite C304 ,San Diego,CA,San Diego County,http://www.amplified.org/,info@amplified.org,,,https://www.linkedin.com/company/amplifiedimpactpartners,https://www.instagram.com/amplifiedimpactpartners/,https://www.facebook.com/amplifiedimpactpartners/,,,,
78,Anacapa School,California Nonprofit ,,,,,https://www.anacapaschool.org/,,anacapa@anacapaschool.org,,,https://www.instagram.com/theanacapaschool/,https://www.facebook.com/theanacapaschool,,,,
79,ANCHOR Community Caregiver Academy,California Nonprofit ,,,,,,,,,,,,,,,
80,Ancient Forest Society,California Nonprofit ,,,,,https://ancientforestsociety.org/,,,https://ancientforestsociety.org/contact-us ,,https://www.instagram.com/ancient_forest_society/,https://www.facebook.com/ancientforestsociety.org,,,,4156587691
81,Angel Island Immigration Station Foundation,California Nonprofit ,870 Market Street Suite 901 ,San Francisco,CA,San Francisco County,https://www.aiisf.org/,info@aiisf.org,,,,https://www.instagram.com/AIISForg,https://www.facebook.com/AIISForg,,,,
82,Angels Gate Cultural Center,California Nonprofit ,3601 South Gaffey Street ,San Pedro,CA,,https://angelsgateart.org/,info@angelsgateart.org,,https://angelsgateart.org//about/#contact ,,https://www.instagram.com/angelsgateart/,https://www.facebook.com/angelsgateculturalcenter/,,,,5304771757
83,Animal Place,California Nonprofit ,17314 Mccourtney Rd ,Grass Valley,CA,Nevada County,http://www.animalplace.org/," info@animalplace.org, info@animalplace.org",marji@animalplace.org,https://animalplace.org/contact-us/ ,https://www.linkedin.com/company/animal-place/,https://www.instagram.com/_animalplace/,https://www.facebook.com/animalplace,,,,5308898800
84,Animal Spay & Neuter Clinic,California Nonprofit ,3524 K.O.A. Way ,Auburn,CA,Placer County,http://animalspayneuter.com/,,,,,,https://www.facebook.com/Animal-Spay-and-Neuter-Auburn-1087138704637727/,,,,
85,Antioch Community Foundation,California Nonprofit ,418 W. 4Th St. ,Antioch,CA,Contra Costa County,https://acfcommunityimpact.org/,,,https://acfcommunityimpact.org/contact/ ,,,,,,,
86,Anti-Recidivism Coalition,California Nonprofit ,,,,,https://antirecidivism.org/,,"development@antirecidivism.org, media@antirecidivism.org, blear@arc-ca.org",https://antirecidivism.org/contact/ ,,https://www.instagram.com/antirecidivismcoalition/,,,,,760%207670446
87,Anza-Borrego Foundation,California Nonprofit ,PO Box 2001 ,Borrego Spgs,CA,,http://www.theabf.org/,info@theabf.org,,https://theabf.org/about/contact/ ,,https://www.instagram.com/anzaborrego/,https://www.facebook.com/AnzaBorregoFoundation,,,,
88,April Parker Foundation,California Nonprofit ,245 E. 3Rd Street ,Long Beach,CA,Los Angeles County,https://aprilparker.org/,info@aprilparker.org,"partnerships@aprilparker.org, outreach@aprilparker.org",https://aprilparker.org/contact/ ,,,,,,,
89,AquAlliance,California Nonprofit ,PO Box 4024 ,Chico,CA,Butte County,http://www.aqualliance.net/,info@aqualliance.net,,https://aqualliance.net/contact/ ,,,https://www.facebook.com/AquAlliance-205755452812182/,,,,
90,Aram & Lailani Foundation,California Nonprofit ,,,,,,,,,,,,,,,
91,Arbor Bay School,California Nonprofit ,1017 Cedar St. ,San Carlos,CA,San Mateo County,https://www.arborbayschool.org/,info@arborbayschool.org,,https://www.arborbayschool.org/contact-us/ ,,https://www.instagram.com/arborbayschool/,https://www.facebook.com/pages/Arbor-Bay-School/112268426813?ref=ts,,,,
92,Arcata House Partnership,California Nonprofit ,,,,,https://www.arcatahouse.org/,info@arcatahouse.org,"annex@arcatahouse.org, volunteer@arcatahouse.org",https://www.arcatahouse.org/contact ,https://www.linkedin.com/company/arcatahousepartnership/,https://www.instagram.com/arcatahouse/,https://www.facebook.com/ArcataHousePartnership/,,,,
93,Area 1 Agency on Aging,California Nonprofit ,333 J Street ,Eureka,CA,Humboldt County,http://www.a1aa.org/,,,https://a1aa.org/contact/ ,,,,,,,
94,Aricares Alliance,California Nonprofit ,,,,,http://www.aricaresalliance.com/,contact@aricaresalliance.com,,https://www.aricaresalliance.com/contact-8 ,https://www.linkedin.com/company/aricares-alliance/,https://www.instagram.com/aricaresalliance/,https://www.facebook.com/profile.php?id=61581183601150,,,,
95,Arielle's Light,California Nonprofit ,,,,,https://www.arielleslight.org/,info@mysite.com,,,,https://www.instagram.com/arielleslight/,https://www.facebook.com/profile.php?id=61571182157128,,,,
96,Arlene and Michael Rosen Foundation,California Nonprofit ,7 W Figueroa Street 3Rd Floor ,Santa Barbara,CA,Santa Barbara County,http://amrf.org/,contactus@amrf.org,,https://amrf.org/contact/ ,,,,,,,
97,Arlington Garden in Pasadena,California Nonprofit ,275 Arlington Dr ,Pasadena,CA,Los Angeles County,http://arlingtongardenpasadena.org/,info@arlingtongardenpasadena.org,,https://www.arlingtongardenpasadena.org/contact/ ,,https://www.instagram.com/arlingtonpasadena/,https://www.facebook.com/arlingtongarden/,,,,
98,Artists Television Access,California Nonprofit ,992 Valencia St ,San Francisco,CA,San Francisco County,http://www.atasite.org/,,volunteer@atasite.org,,,,,,,https://bsky.app/profile/ataconnect.bsky.social,
99,ARTogether,California Nonprofit ,1200 Harrison Street ,Oakland,CA,Alameda County,http://www.artogether.org/,info@artogether.org,,,https://www.linkedin.com/company/artogether,https://www.instagram.com/artogether__/,https://www.facebook.com/ProjectARTogether/,,,,
100,Arts and Healing Initiative,California Nonprofit ,2626 33Rd Street ,Santa Monica,CA,Los Angeles County,http://artsandhealinginitiative.org/,info@artsandhealinginitiative.org,,http://artsandhealinginitiative.org//pages/contact ,,https://www.instagram.com/artshealinginitiative,https://www.facebook.com/artshealinginitiative,,,,
101,Arts Council for Long Beach,California Nonprofit ,PO Box 8067 ,Long Beach,CA,Los Angeles County,https://artslb.org/,,,,,,,,,,
102,Arts Council Napa Valley,California Nonprofit ,PO Box 2782 ,Napa,CA,Napa County,https://www.artscouncilnapavalley.org/,info@artscouncilnv.org,,,,https://www.instagram.com/artscouncilnv/,https://www.facebook.com/artscouncilnv,,,,8314759600
103,Arts Council of Santa Cruz County,California Nonprofit ,1070 River Street ,Santa Cruz,CA,Santa Cruz County,https://artscouncilsc.org/,info@artscouncilsc.org,,,https://www.linkedin.com/company/arts-council-santa-cruz-county,https://www.instagram.com/artscouncilsc,https://www.facebook.com/artscouncilsc,,,,
104,Arts for LA,California Nonprofit ,PO Box 4099 Ste H100 ,West Covina,CA,Los Angeles County,http://www.artsforla.org/,info@artsforla.org,,https://www.artsforla.org/contact-us/ ,,https://www.instagram.com/arts4la/,https://www.facebook.com/ArtsforLA,,,,7145565160
105,Arts Orange County,California Nonprofit ,17620 Fitch Avenue Suite 255 ,Irvine,CA,Orange County,http://artsoc.org/,info@artsoc.org,,http://artsoc.org/http://visitor.r20.constantcontact.com/manage/optin/ea?v=0018aaLHdu4GfQ0tVdLNP_J3A%3D%3D ,,https://www.instagram.com/artsorangecountyca/,,,,,
106,Asbestos Disease Awareness Organization,California Nonprofit ,1525 Aviation Blvd Ste 318 ,Redondo Beach,CA,Los Angeles County,http://www.adao.us/,info@AsbestosDiseaseAwareness.org,,https://www.asbestosdiseaseawareness.org/about-adao/contact-us/ ,https://www.linkedin.com/grps/Asbestos-Disease-Awareness-Organization-ADAO-2489148?trk=myg_ugrp_ovr,,https://www.facebook.com/ADAOAsbestos,,,,
107,Ascend Wilderness Experience,California Nonprofit ,PO Box 3263 ,Weaverville,CA,,https://ascendwilderness.org/,information.ascend@gmail.com,"zacherysullivan1980@gmail.com, amanda.ascend@gmail.com, amcintosh.ascend@gmail.com, andrewn.ascend@gmail.com",,,,,,,,
108,Ashby Village,California Nonprofit ,1953 Hopkins Street ,Berkeley,CA,Alameda County,http://www.ashbyvillage.org/,info@ashbyvillage.org,,,https://www.linkedin.com/company/ashby-village,,https://www.facebook.com/ashbyvillage/,,,,
109,Asian American Media Inc,California Nonprofit ,440 North Barranca Avenue 238117 ,Covina,CA,Los Angeles County,https://asamnews.com/,,,,,https://www.instagram.com/asamnews/,https://www.facebook.com/AsAmNews,,,https://bsky.app/profile/asamnews.bsky.social,4158961701
110,Asian Law Caucus,California Nonprofit ,55 Columbus Ave ,San Francisco,CA,San Francisco County,http://www.asianlawcaucus.org/,,,,,https://www.instagram.com/asianlawcaucus/,https://www.facebook.com/asianlawcaucus/,,,,
111,Asian Pacific American Leadership Institute,California Nonprofit ,10319 Denison Ave ,Cupertino,CA,Santa Clara County,http://apali.org/,admin@apali.org,,,,,,,,,2136246400
112,Asian Pacific Community Fund,California Nonprofit ,1145 Wilshire Blvd Ste 105 ,Los Angeles,CA,Los Angeles County,http://www.apcf.org/,,general@apcf.org,,https://www.linkedin.com/company/1934839/,https://www.instagram.com/asianpaccommfund/,https://www.facebook.com/apcfla/,https://x.com/APCF,,,
113,Asian Pacific Institute on Gender-Based Violence,California Nonprofit ,500 12Th Street Ste. 330 ,Oakland,CA,Alameda County,https://www.api-gbv.org/,info@api-gbv.org,,https://api-gbv.org/contact-us/ ,,,,,,,8777510880
114,Asian Women's Shelter,California Nonprofit ,3543 18Th St Ste 19 ,San Francisco,CA,San Francisco County,http://www.sfaws.org/,info@sfaws.org,donate-in-kind@sfaws.org,http://www.sfaws.org/contact ,,https://www.instagram.com/sf_aws,https://www.facebook.com/sfaws/,,,,
115,Association for Environmental and Outdoor Education (AEOE),California Nonprofit ,,,,,http://aeoe.org/,,,,https://www.linkedin.com/company/association-for-environmental-and-outdoor-education-aeoe/,https://www.instagram.com/caeoe/,https://www.facebook.com/caeoe,,,,8004952276
116,Association of California Symphony Orchestras,California Nonprofit ,PO Box 71439 ,Los Angeles,CA,Los Angeles County,http://www.acso.org/,,"cbamforth@acso.org, office@acso.org, amiller@acso.org, sweber@acso.org, ekhotim@acso.org, aopsahl@acso.org",,https://www.linkedin.com/company/acso-linkedin/,https://www.instagram.com/acso_gram/,,,,,
117,Association of Community Human Service Agencies,California Nonprofit ,1200 Wilshire Blvd Ste 404 ,Los Angeles,CA,Los Angeles County,https://achsa.net/,,mailbox@achsa.net,,https://www.linkedin.com/company/association-of-community-human-serv-ice-agencies-achsa-/about/?viewAsMember=true,https://www.instagram.com/achsalosangeles/,,,,,
118,Association of Lunar and Planetary Observers,California Nonprofit ,PO Box 13456 Springfield Il,,CA,,http://www.alpo-astronomy.org/,,,,,,,,,,
119,Association of Moving Image Archivists,California Nonprofit ,1313 Vine St ,Hollywood,CA,,http://www.amianet.org/,,,,,https://www.instagram.com/AMIArchivists/,https://www.facebook.com/amiarchivists/,,,,
120,Association of Regional Center Agencies,California Nonprofit ,980 9Th Street Suite 1450 ,Sacramento,CA,Sacramento County,http://www.arcanet.org/,,,,,https://www.instagram.com/arcacalifornia/,,,,,
121,Association of Two-Way & Dual Language Education,California Nonprofit ,3121 Park Ave. Ste. C ,Soquel,CA,,http://www.atdle.org/,,,https://atdle.org/contact/ ,,https://www.instagram.com/atdletwbi/,https://www.facebook.com/ATDLE/,,,,
122,Associations West,California Nonprofit ,,,,,http://myassociationswest.org/,,,http://myassociationswest.org/contact-us ,https://www.linkedin.com/company/associationswest,https://www.instagram.com/associationswest,https://www.facebook.com/associationswest,https://x.com/assoc_west,,,
123,Atsapaq,California Nonprofit ,,,,,http://atsapaq.org/,info@mysite.com,,https://www.atsapaq.org/contact ,https://www.linkedin.com/company/wix-com,,https://www.facebook.com/WixStudio,,,,9512206922
124,Autism Society Inland Empire,California Nonprofit ,420 N Mckinley Ste 111-118 ,Corona,CA,Riverside County,http://www.ieautism.org/,"info@ieautism.org, info@your-domain.com",,https://ieautism.org/contact/ ,https://www.linkedin.com/company/33152931/,https://www.instagram.com/autismsocietyinlandempire/,https://www.facebook.com/AutismSocietyInlandEmpire,,,,
125,Backyard Kids' Theater,California Nonprofit ,1110 Princeton Drive ,Sonoma,CA,Sonoma County,http://backyardkidstheater.com/,admin@backyardkidstheater.com,,https://www.backyardkidstheater.com/contact ,,https://www.instagram.com/backyardkidstheater/,,,,,
126,Bakersfield College Foundation,California Nonprofit ,1801 Panorama Dr ,Bakersfield,CA,Kern County,https://www.supportbc.org/,,foundation@bakersfieldcollege.edu,https://supportbc.org/contact/ ,https://www.linkedin.com/company/bcfoundation/,https://www.instagram.com/bakersfieldcollegefoundation/,https://www.facebook.com/BakersfieldCollegeFoundation,,,,3232210779
127,Barrio Action Youth & Family Center,California Nonprofit ,4927 Huntington Drive N. Suite 200 ,Los Angeles,CA,Los Angeles County,http://www.barrioaction.org/,,,https://barrioaction.org/contact-us/ ,https://www.linkedin.com/company/barrio-action-youth-and-family-center,https://www.instagram.com/barrioaction/,https://www.facebook.com/barrioaction/,,,,
128,Bay Area Bioscience Education Community,California Nonprofit ,1019 Edwards Road ,Burlingame,CA,San Mateo County,https://www.instagram.com/babec_org/,,,,,,https://www.facebook.com/help/instagram/261704639352628,,https://www.threads.com/,,
129,Bay Area Cancer Connections,California Nonprofit ,1511 S. Claremont Street ,San Mateo,CA,San Mateo County,http://www.bayareacancer.org/, info@bayareacancer.org,,,,https://www.instagram.com/bayareacancer/,https://www.facebook.com/bayareacancer,,,,9256856633
130,Bay Area Crisis Nursery,California Nonprofit ,1506 Mendocino Drive ,Concord,CA,Contra Costa County,https://bayareacrisisnursery.org/,,giving@bayareacrisisnursery.orgsubject=Donating Stock,https://bayareacrisisnursery.org/contact/ ,https://www.linkedin.com/company/bay-area-crisis-nursery/about/,https://www.instagram.com/bayareacrisisnursery/,https://www.facebook.com/bacnspage/,,,,
131,Bay Area Lawyers for Individual Freedom,California Nonprofit ,PO Box 193383 ,San Francisco,CA,San Francisco County,https://www.balif.org/,,balif@balif.org,,https://www.linkedin.com/groups/3153404/,https://www.instagram.com/balif_bar/,https://www.facebook.com/BALIFSF/,,,,15108494663
132,Bay Area Outreach & Recreation Program,California Nonprofit ,,,,,https://www.borp.org/,info@borp.org,,https://www.borp.org/about/contact-us/ ,,https://www.instagram.com/borp_org/?hl=en,https://www.facebook.com/borp.org/,,,,
133,Bay Area Social Empowerment (dba BASE),California Nonprofit ,,,,,https://baseyouthservices.org/,,,,,,,,,,
134,Bay Area Women's Sports Initiative (BAWSI),California Nonprofit ,2635 N First Street Suite 149 ,San Jose,CA,Santa Clara County,http://www.bawsi.org/,,bawsi@bawsi.org,http://www.bawsi.org/contact-us ,https://www.linkedin.com/company/bay-area-women's-sports-initiative-bawsi-/,https://www.instagram.com/bawsi/,https://www.facebook.com/BAWSI.org/posts,,,,
135,Bay Nature Institute,California Nonprofit ,,,,,https://baynature.org/,,,,https://www.linkedin.com/company/bay-nature-institute,https://www.instagram.com/baynaturemagazine/,https://www.facebook.com/BayNature/,,,,
136,BayGeo,California Nonprofit ,2529 Yolanda Ct ,Pleasanton,CA,Alameda County,http://baygeo.org/,,,,https://www.linkedin.com/company/baygeo/,,,,,,
137,"Beacons, Inc.",California Nonprofit ,2245 Camino Vida Roble Suite 100 ,Carlsbad,CA,San Diego County,http://www.beaconsnorthcounty.com/,info@BeaconsNorthCounty.com,"Explorer@BeaconsNorthCounty.com, studio@beaconsnorthcounty.com, PathFinder@BeaconsNorthCounty.com, HR@BeaconsNorthCounty.com, Club@BeaconsNorthCounty.com, Passport@beaconsnorthcounty.com",,,https://www.instagram.com/beaconsnorthcounty/,https://www.facebook.com/BeaconsInc/,,,,
138,Beekeepers Guild of Santa Barbara,California Nonprofit ,PO Box 6057 ,Santa Barbara,CA,Santa Barbara County,http://www.beeguildsb.org/,,BeekeepersGuildSB@yahoo.com,http://www.beeguildsb.org/contact-us ,,https://www.instagram.com/beeguildsb,https://www.facebook.com/BeekeepersGuildSB,,,,
139,BEKIND Coaching Org,California Nonprofit ,,,,,http://www.bekindcoaching.org/,,,,,,,,,,
140,Benton Boosters,California Nonprofit ,,,,,,,,,,,,,,,
141,Berkeley Community Scholars,California Nonprofit ,1654 University Ave ,Berkeley,CA,Alameda County,https://berkeleyscholars.org/,info@berkeleyscholars.org,"emily@berkeleyscholars.org, ralph@berkeleyscholars.org, sherry@berkeleyscholars.org, lynn@berkeleyscholars.org, savannah@berkeleyscholars.org",https://berkeleyscholars.org/about/contact-us/ ,https://www.linkedin.com/company/berkeley-community-scholars/,https://www.instagram.com/berkscholars/,https://www.facebook.com/berkscholars,,,,5106449200
142,Berkeley Geochronology Center,California Nonprofit ,2455 Ridge Road ,Berkeley,CA,Alameda County,https://www.bgc.org/,info@bgc.org,,,,,,,,,
143,Berkeley Public Library Foundation,California Nonprofit ,,,,,https://bplf.org/,info@bplf.org,,https://bplf.org/contact/ ,,https://www.instagram.com/bplibfoundation/,https://www.facebook.com/BerkeleyPublicLibraryFoundation/,,,,
144,Berkeley Public Schools Fund,California Nonprofit ,PO Box 2066 ,Berkeley,CA,Alameda County,http://www.berkeleypublicschoolsfund.org/,info@schoolsfund.berkeley.net,"monaaldabashi@schoolsfund.berkeley.net, sallymclaughlin@schoolsfund.berkeley.net, duffyross@schoolsfund.berkeley.net, jisselpoblete@schoolsfund.berkeley.net, angiewon@schoolsfund.berkeley.net, sethnewman@schoolsfund.berkeley.net, karinacruzrosales@schoolsfund.berkeley.net, nagatalwasim@schoolsfund.berkeley.net",https://www.berkeleypublicschoolsfund.org/mission/#contactus ,https://www.linkedin.com/company/berkeley-public-schools-fund/,https://www.instagram.com/berkeleypublicschoolsfund/,https://www.facebook.com/berkeleypublicschoolsfund,,,,5108459010
145,Berkeley Youth Alternatives,California Nonprofit ,1255 Allston Way ,Berkeley,CA,Alameda County,http://www.byaonline.org/,info@byaonline.org,,http://www.byaonline.org/contact-us ,,https://www.instagram.com/berkeleyyouthalternatives/,https://www.facebook.com/byabayarea/,,,,
146,Bernal Heights Neighborhood Center,California Nonprofit ,515 Cortland Ave ,San Francisco,CA,San Francisco County,http://www.bhnc.org/,info@bhnc.org,Shyatt@bhnc.org,https://bhnc.org/contact-us/ ,,https://www.instagram.com/bhncsf/,https://www.facebook.com/bhncjoin/,,,,3239390506
147,Bet Tzedek Legal Services,California Nonprofit ,,,,,https://bettzedek.org/,,,,https://www.linkedin.com/company/bet-tzedek-legal-services/,https://www.instagram.com/bettzedek/,https://www.facebook.com/bettzedek,,,,
148,Beyond Blindness,California Nonprofit ,,,,,https://www.beyondblindness.org/,info@beyondblindness.org,,https://www.beyondblindness.org/contact/ ,https://www.linkedin.com/company/beyond-blindness-oc,https://www.instagram.com/beyondblindness/,,,,,
149,Beyond Invisible Bars,California Nonprofit ,,,,,https://beyondinvisiblebars.org/,,beyondinvisiblebars@gmail.com,,,,,,,,
150,Beyond Us & Them,California Nonprofit ,,,,,http://beyondusandthem.org/,,,,https://www.linkedin.com/company/beyondusandthem/,https://www.instagram.com/beyondusandthem,https://www.facebook.com/beyondusandthem,,,,
151,Bicycle Kitchen / La Bici-Cocina,California Nonprofit ,4429 Fountain Ave ,Los Angeles,CA,Los Angeles County,https://instagram.com/bicicocina,,,,,,https://www.facebook.com/help/instagram/261704639352628,,https://www.threads.com/,,
152,Big Brothers Big Sisters of Northern Sierra,California Nonprofit ,535 Main Street ,Placerville,CA,El Dorado County,http://www.bbbsns.org/,,,,,,,,,,18057813226
153,Big Brothers Big Sisters of San Luis Obispo County,California Nonprofit ,PO Box 12644 ,San Luis Obispo,CA,San Luis Obispo County,http://www.slobigs.org/,,,https://www.slobigs.org/contact/ ,,https://www.instagram.com/slobigs/,https://www.facebook.com/Big-Brothers-Big-Sisters-of-San-Luis-Obispo-County-122520060660/,,,,18314648691
154,Big Brothers Big Sisters of Santa Cruz County,California Nonprofit ,740 Front St Suite 155 ,Santa Cruz,CA,Santa Cruz County,http://www.santacruzmentor.org/,contact@bbbsmontereybay.org,,,,,,,,,
155,Big Mike's Bottom Line,California Nonprofit ,10590 Quiet Havens Court ,Sacramento,CA,Sacramento County,http://www.bigmikesbottomline.org/,,BIGMIKESBOTTOMLINE@GMAIL.COM,,https://www.linkedin.com/company/big-mike-s-bottom-line/,https://www.instagram.com/bigmikesbottomline/,https://www.facebook.com/profile.php?id=61556412849303,,,,
156,Big Sur Health Center,California Nonprofit ,46896 Highway 1 ,Big Sur,CA,,http://bigsurhealthcenter.org/,info@bigsurhealthcenter.org,,,,https://www.instagram.com/bigsurhealthcenter/,https://www.facebook.com/BigSurHealthCenter?ref=ts&fref=ts,,,,
157,Big Sur International Marathon,California Nonprofit ,PO Box 222620 ,Carmel,CA,,http://www.bsim.org/,,,,,,,,,,
158,Bigfoot Trail Alliance,California Nonprofit ,,,,,https://www.bigfoottrail.org/,,,https://www.bigfoottrail.org/our-work/contact/ ,,,,,,,15599054549
159,Binational of Central California,California Nonprofit ,1241 E. Shaw Ave ,Fresno,CA,Fresno County,https://binationalca.org/,,binational@binationalca.org,https://binationalca.org/contact-us/ ,https://www.linkedin.com/company/binational/,https://www.instagram.com/bocc.fresno/,https://www.facebook.com/BOCCFresno/,,,,
160,Biodiversity Funders Group/ Consultative Group On Biological Diversity,California Nonprofit ,PO Box 29361 ,San Francisco,CA,San Francisco County,http://www.biodiversityfunders.org/,,,,,,,,,,14158001401
161,Biomimicry Institute,California Nonprofit ,400 West Broadway Street Suite 414 Missoula Mt,,CA,,http://www.biomimicry.org/,info@biomimicry.org,"media@biomimicry.org, support@biomimicry.org",https://biomimicry.org/contact/ ,https://www.linkedin.com/company/biomimicryinstitute,,,,,,
162,Black Being,California Nonprofit ,312 E. Queen Street ,Inglewood,CA,Los Angeles County,https://blackbeingla.org/,,,,,https://www.instagram.com/blackbeingla/,,,,,
163,Black Cooperative Impact Fund,California Nonprofit ,6080 Center Drive 6Th Floor ,Los Angeles,CA,Los Angeles County,http://www.bcifund.org/,info@bcifund.org,,,,http://www.instagram.com/bcifund,https://www.facebook.com/bcifund/,,,,
164,Black Mountain Dance Foundation,California Nonprofit ,12285 Word Trade Dr. ,San Diego,CA,San Diego County,http://www.socalballet.org/,,,http://www.socalballet.org/contact ,,https://www.instagram.com/southerncaliforniaballet/,https://www.facebook.com/SouthernCaliforniaBallet/,,,,
165,Black Music Action Coalition,California Nonprofit ,8605 Santa Monica Blvd Pmb 958031 ,West Hollywood,CA,Los Angeles County,https://www.bmacoalition.org/,,,https://www.bmacoalition.org/contact ,,,https://www.facebook.com/Black-Music-Action-Coalition-105504337884039,,,,8884567890
166,Black Organizing Project,California Nonprofit ,1035 W Grand Ave ,Oakland,CA,Alameda County,http://www.blackorganizingproject.org/,"info@blackorganizingproject.org, info@example.com",humans@conversionflow.co,http://www.blackorganizingproject.org/contact-us ,https://www.linkedin.com/company/black-organizing-project,https://www.instagram.com/blackorganizingproject/,https://www.facebook.com/BlackOrgProject,https://x.com/BlackOrgProject/status/1862923385065652546,,,
167,Black Students of California United,California Nonprofit ,PO Box 28175 ,Fresno,CA,Fresno County,https://www.blackstudentscu.us/,,Contact@BlackStudentsCU.us,,https://www.linkedin.com/company/blackstudentscu,,,,,,9165727771
168,Bleeding Disorders Council of California,California Nonprofit ,717 K Street 23501 ,Sacramento,CA,Sacramento County,http://www.bdcouncilca.org/,info@bdcouncilca.org,,https://www.bdcouncilca.org/contact-us/ ,https://www.linkedin.com/company/bleeding-disorders-council-california,https://www.instagram.com/bdcouncilofca/,https://www.facebook.com/bdcouncilca,,,,9513419244
169,"Blindness Support Services, Inc.",California Nonprofit ,3696 Beatty Dr. ,Riverside,CA,Riverside County,http://www.blindnesssupport.com/,info@blindnesssupport.com,fdesk@blindnesssupport.com,http://www.blindnesssupport.com/contact us.html ,,,,,,,
170,Blue Banner Volleyball,California Nonprofit ,,,,,http://bluebannervb.com/,info@bluebannervb.com,,,,https://www.instagram.com/bluebannervb,https://www.facebook.com//bluebannervb,,,,
171,Blue Shield of California Foundation,California Nonprofit ,,,,,https://blueshieldcafoundation.org/,,"rachael.kagan@blueshieldcafoundation.org, bscfpublicaffairs@blueshieldca.com",https://blueshieldcafoundation.org/contact-us ,https://www.linkedin.com/company/blue-shield-of-california-foundation/,https://www.instagram.com/blueshieldcafoundation,https://www.facebook.com/blueshieldcafoundation,,,,
172,Blue Sky Center,California Nonprofit ,1000 Perkins Road ,New Cuyama,CA,,http://www.blueskycenter.org/,hello@blueskycenter.org,,,,,https://www.facebook.com/madeincuyama,,,,
173,Blue Star Ranch,California Nonprofit ,29659 Grandifloras Rd ,Santa Clarita,CA,Los Angeles County,http://bluestarranch.org/,,,https://bluestarranch.org/contact-us/ ,,,https://www.facebook.com/profile.php?id=100067460895750,,,,5102611076
174,BlueSkies For Children,California Nonprofit ,3021 Brookdale Avenue ,Oakland,CA,Alameda County,http://www.blueskies4children.org/,info@blueskies4children.org,,http://www.blueskies4children.org/contact-us ,https://www.linkedin.com/company/blueskies-for-children,,,,,,
175,Boho Foundation,California Nonprofit ,,,,,,,,,,,,,,,
176,Bon Air Cottage,California Nonprofit ,75 Tamalpais Road ,Greenbrae,CA,,,,,,,,,,,,
177,Bosana Foundation,California Nonprofit ,3310 Keystone Ave Apt 8 ,Los Angeles,CA,Los Angeles County,http://bosanafoundation.org/,,,,,,,,,,
178,Boxtales Theatre Company,California Nonprofit ,PO Box 91521 ,Santa Barbara,CA,Santa Barbara County,http://www.boxtales.org/,info@boxtales.org,"mturner@musiccenter.org, artsteach@scfta.org",,,,,,,,
179,Boys & Girls Clubs of Garden Grove,California Nonprofit ,,,,,https://bgcgg.org/,,,,,,https://www.facebook.com/BGCGardenGrove,,,,
180,Brannan Center,California Nonprofit ,PO Box 466 ,Calistoga,CA,Napa County,https://www.buildbrannancenter.org/,,,,,,,,,,
181,Breakout Prison Outreach dba California Youth Outreach,California Nonprofit ,PO Box 8671 ,Fresno,CA,Fresno County,http://www.cyoutreach.org/,,,,,,,,,,
182,Breast Cancer Prevention Partners,California Nonprofit ,1388 Sutter Street 23400 ,San Francisco,CA,San Francisco County,http://bcpp.org/,"programinfo@bcpp.org, contact@bcpp.org","safecosmetics@bcpp.org, events@bcpp.org, julie@bcpp.org, media@bcpp.org, donate@bcpp.org",http://bcpp.org/contact-us/ ,https://www.linkedin.com/company/breast-cancer-prevention-partners,https://www.instagram.com/bcppartners/,https://www.facebook.com/BCPPartners/,,,,8055699693
183,Breast Cancer Resource Center of Santa Barbara,California Nonprofit ,,,,,https://www.bcrcsb.org/,info@bcrcsb.org,,https://www.bcrcsb.org/contact/ ,https://www.linkedin.com/company/breast-cancer-resource-center-of-santa-barbara/,https://www.instagram.com/bcrcsb/,https://www.facebook.com/BCRCSB/,,,,3239358050
184,Breathe Southern California,California Nonprofit ,,,,,https://www.breathesocal.org/,,,,https://www.linkedin.com/company/breathesocal,https://www.instagram.com/breathesocal/,https://www.facebook.com/Breathesocal,,,,
185,Bridge the Gap College Prep,California Nonprofit ,2330 Marinship Way Suite 302 ,Sausalito,CA,Marin County,https://btgcollegeprep.org/,,,,,,,,,,
186,Brisbane Village Helping Hands,California Nonprofit ,PO Box 734 ,Brisbane,CA,San Mateo County,http://brisbanevillage.org/,,brisbanevillagehelpinghands@gmail.com,,,,,,,,
187,Brothers On The Rise,California Nonprofit ,66 Franklin St. ,Oakland,CA,Alameda County,http://www.brothersontherise.org/,info@brothersontherise.org,cesar@brothersontherise.org,,,,,,,,
188,Berkeley Student Cooperative,California Nonprofit ,2424 Ridge Rd ,Berkeley,CA,Alameda County,http://www.bsc.coop/,,,,,,,,,,
189,Buddhist Church of San Francisco,California Nonprofit ,1881 Pine Street ,San Francisco,CA,San Francisco County,http://www.buddhistchurchofsanfrancisco.org/,,,http://www.buddhistchurchofsanfrancisco.org/contact-1 ,,http://www.instagram.com/buddhistchurchofsanfrancisco,https://www.facebook.com/Buddhist-Church-of-San-Francisco-155091384627181/,,,,
190,Building Futures Inc,California Nonprofit ,PO Box 6214 ,North Hollywood,CA,,https://buildingfuturesinc.org/,,kgreen@buildingfuturesinc.org,https://buildingfuturesinc.org/contact-us ,,https://www.instagram.com/bfi_2010,https://www.facebook.com/buildingfuturesincorporated,,,,
191,Burbank Philharmonic Orchestra,California Nonprofit ,,,,,http://www.burbankphilharmonic.org/,,,https://www.burbankphilharmonic.org/contact ,,https://www.instagram.com/,https://www.facebook.com/burbankphilharmonic/,https://x.com/BurbankPhil_,,,
192,Burlingame Library Foundation,California Nonprofit ,,,,,https://www.burlingamelibraryfoundation.org/,info@burlingamelibraryfoundation.org,,https://www.burlingamelibraryfoundation.org/contactus ,,,,,,,
193,Butler Valley Incorporated,California Nonprofit ,4635 Broadway ,Eureka,CA,Humboldt County,http://butlervalley.org/,bvadmin@humboldt1.com,,,,,,,,,5308770984
194,Butte County Fire Safe Council,California Nonprofit ,PO Box 699 ,Paradise,CA,Butte County,http://buttefiresafe.net/,,Ready@buttefiresafe.net,http://buttefiresafe.net/contact ,https://www.linkedin.com/company/butte-county-fire-safe-council/,https://www.instagram.com/buttefiresafe/,https://www.facebook.com/buttefiresafe/,,,,
195,Butte County Local Food Network,California Nonprofit ,,,,,https://www.bclocalfood.org/,,,https://www.bclocalfood.org/contact ,,https://www.instagram.com/bclocalfood/,https://www.facebook.com/ButteCountyLocalFoodNetwork/,,,,
196,Butte Environmental Council,California Nonprofit ,313 Walnut St. Ste 140 ,Chico,CA,Butte County,http://www.becnet.org/,,,,,https://www.instagram.com/butteenvironmentalcouncil,https://www.facebook.com/butteenvironmentalcouncil,,,,
197,C. G. Jung Institute of Los Angeles,California Nonprofit ,10349 W. Pico Blvd. ,Los Angeles,CA,Los Angeles County,https://junginla.org/,administration@junginla.org,publicprograms@junginla.org,https://junginla.org/contact-us ,,,,,,,
198,C.O.P.E. Family Support Center,California Nonprofit ,3021 Citrus Circle Suite 105 ,Walnut Creek,CA,Contra Costa County,http://copefamilysupport.org/,,,https://copefamilysupport.org/contact/ ,,,,,,,
199,CA Black Women's Collective Empowerment Institute,California Nonprofit ,500 E.  Plaza Drive Suite 219 ,Carson,CA,Los Angeles County,https://www.cablackwomenscollective.org/,info@mysite.com,,https://www.cablackwomenscollective.org/contact-us ,,https://www.instagram.com/cablackwomenscollective/,https://www.facebook.com/CABlackWomensCollective/,,,,18056593791
200,Cabrillo Economic Development Corporation,California Nonprofit ,702 County Square Drive Suite 23200 ,Ventura,CA,Ventura County,http://www.cabrilloedc.org/,info@cabrilloedc.org,,https://www.cabrilloedc.org/contact-us/ ,https://www.linkedin.com/company/1410268?trk=tyah&trkInfo=clickedVertical%3Acompany%2Cidx%3A1-1-1%2CtarId%3A1434560238403%2Ctas%3Acabrillo%20ec,https://www.instagram.com/cabrilloedc/,https://www.facebook.com/CEDCVC,,,,
201,Cabrillo Education Foundation,California Nonprofit ,PO Box 354 ,Half Moon Bay,CA,San Mateo County,http://ceffund.org/,,,,,https://www.instagram.com/cefcoastside/,https://www.facebook.com/CabrilloEducationFoundation/,,,,
202,CactusToCloud Institute,California Nonprofit ,51405 Avenida Mendoza ,La Quinta,CA,Riverside County,http://www.cactustocloud.org/,,,,,https://www.instagram.com/cactustocloud/,https://www.facebook.com/Cactus2Cloud,,,https://bsky.app/profile/cactustocloud.org,
203,"CALICO - Child Abuse Listening, Interviewing, and Coordination Center",California Nonprofit ,524 Estudillo Ave ,San Leandro,CA,Alameda County,http://www.calicocenter.org/,info@calicocenter.org,,https://www.calicocenter.org/contact-us ,,https://www.instagram.com/calicoforkids/,https://www.facebook.com/calicoforkids,,,,
204,California 211 Providers Network,California Nonprofit ,2828 Ross Ln ,Arroyo Grande,CA,San Luis Obispo County,https://www.211california.org/,info@ca211.org,,,,,,,,,
205,California Access to Justice Commission,California Nonprofit ,,,,,http://calatj.org/,,,,,,,,,,
206,California Alliance of Caregivers,California Nonprofit ,PO Box 576 ,Sacramento,CA,Sacramento County,http://www.cacaregivers.org/,,,,,https://www.instagram.com/cacaregivers,https://www.facebook.com/cacaregivers,,,,
207,California Alliance of Child and Family Services,California Nonprofit ,,,,,https://www.cacfs.org/,info@cacfs.org,,,,,https://www.facebook.com/CAAllianceKIDS/,,,,
208,"California Association for Health, Physical Education, Recreation and Dance",California Nonprofit ,1501 El Camino Ave Ste 3 ,North Sacramento,CA,,http://www.cahperd.org/,,reception@cahperd.org,,,https://www.instagram.com/cahperd/,https://www.facebook.com/cahperd,https://thefitbox.com/,,,
209,California Association for Micro Enterprise Opportunity (CAMEO Network),California Nonprofit ,Two Embarcadero Center 8Th Floor Cameo Network ,San Francisco,CA,San Francisco County,http://www.cameonetwork.org/,,,,,,,,,,
210,California Association of Food Banks (CAFB),California Nonprofit ,1616 Franklin Street Suite 23300 ,Oakland,CA,Alameda County,http://www.cafoodbanks.org/,,,https://www.cafoodbanks.org/contact-us/ ,https://www.linkedin.com/company/cafoodbanks/,https://www.instagram.com/cafoodbanks,https://www.facebook.com/cafoodbanks,http://x.com/CAFoodBanks,,,
211,California Association of Human Relations Organizations (CAHRO),California Nonprofit ,3094 Olive Street ,San Diego,CA,San Diego County,http://www.cahro.org/,,,,,,,,,,831.471.9970
212,California Association of Museums,California Nonprofit ,PO Box 1775 ,Alpine,CA,,http://www.calmuseums.org/,,"snoopyplate@resources.ca.gov, cam@calmuseums.org",,https://www.linkedin.com/groups/2786164,https://www.instagram.com/calmuseums,,,,,9164325938
213,California Association of Resource Conservation Districts,California Nonprofit ,,,,,https://carcd.org/,info@carcd.org,,,,,,https://donorbox.com/carcd,,,
214,California Association of Social Rehabilitation Agencies,California Nonprofit ,3350 E 7Th Street 23509 ,Long Beach,CA,Los Angeles County,http://www.casra.org/,,"casra@casra.org, joe@casra.org, chad@casra.org",https://casra.org/contactus-social-rehabilitation-agency.html ,,,,,,,9165571166
215,California Behavioral Health Association,California Nonprofit ,455 Capitol Mall Suite 315 ,Sacramento,CA,Sacramento County,http://cccbha.org/,,response@calbha.org,https://members.calbha.org/contact ,https://www.linkedin.com/company/ca-behavioral-health-association/,https://www.instagram.com/behavioralhealthofca/?hl=en,https://www.facebook.com/cccbha/,,,https://bsky.app/profile/cbha.bsky.social,
216,California Biomedical Research Association,California Nonprofit ,PO Box 19340 ,Sacramento,CA,Sacramento County,http://www.ca-biomed.org/,,dsutton@ca-biomed.org,https://ca-biomed.org/contact/ ,https://www.linkedin.com/company/18043886/,,https://www.facebook.com/CaliforniaBiomedicalResearchAssociation/,,,,2138869616
217,California Black Power Network,California Nonprofit ,3553 Atlantic Avenue Suite B 231240 ,Long Beach,CA,Los Angeles County,http://www.blackpowernetwork.org/,info@blackpowernetwork.org,,,,https://www.instagram.com/blkpowernetwork/,https://www.facebook.com/BlkPowerNetwork/,,,,
218,California Bluegrass Association,California Nonprofit ,194 Connecticut St ,San Francisco,CA,San Francisco County,https://californiabluegrass.org/,,,https://californiabluegrass.org/contact/ ,,https://www.instagram.com/californiabluegrass/,https://www.facebook.com/californiabluegrass/,,,,
219,California Breast Cancer Support Inc,California Nonprofit ,,,,,,,,,,,,,,,
220,California Breastfeeding Coalition,California Nonprofit ,1401 21St Sreet 236422 ,Sacramento,CA,Sacramento County,https://californiabreastfeeding.org/,hello@californiabreastfeeding.org,,https://visitor.r20.constantcontact.com/manage/optin?v=001jarSHX2McaS8qheQh7JhYESKguXQ3sHLvS5X3YxMc1XXe4Jcnj-EDNc4M2RcpDs3GikvnRZiB5HhYQtP5D9tYQwsJtOF4XWtCpNrrqa-Hww%3D ,https://www.linkedin.com/company/california-breastfeeding-coalition/,https://www.instagram.com/ca_breastfeeding/,https://www.facebook.com/CaliforniaBreastfeedingCoalition,https://californiabreastfeeding.regfox.com/2026-california-breastfeeding-summit,,,
221,California Center for Cooperative Development,California Nonprofit ,979 F Street Suite A ,Davis,CA,Yolo County,http://www.cccd.coop/,,,http://www.cccd.coop/contact-us ,,,https://www.facebook.com/California-Center-for-Cooperative-Development-293602278779,,,,
222,California Center for Movement Legal Services,California Nonprofit ,428 13Th Street 8Th Floor ,Oakland,CA,Alameda County,https://www.movementlegal.org/,admin@movementlegal.org,,https://www.movementlegal.org/contact-us ,https://www.linkedin.com/company/centerformovementlegalservices/,https://www.instagram.com/movement_legal/,https://www.facebook.com/Movementlegalservices,,,,
223,California Certifying Board of Medical Assistants,California Nonprofit ,PO Box 462 ,Placerville,CA,El Dorado County,https://ccbma.org/,info@ccbma.org,,https://ccbma.org/contact/ ,,,,,,,415208820234
224,California Child Care Resource & Referral Network,California Nonprofit ,1Polk Street Unit 201 ,San Francisco,CA,San Francisco County,http://www.rrnetwork.org/,,,https://rrnetwork.org/about/contact ,,,https://www.facebook.com/CARRNetwork/,,,,8008435200
225,California Coalition for Youth,California Nonprofit ,PO Box 161448 ,Sacramento,CA,Sacramento County,http://www.calyouth.org/,info@calyouth.org,"jobs@calyouth.org, cycl@calyouth.org, membership@calyouth.org, outreach@calyouth.org, jade@calyouth.org, advocacy@calyouth.org",,,https://www.instagram.com/calyouth/,https://www.facebook.com/calyouth.org/,https://x.com/calyouth,,,
226,California Coastal Rural Development Corp.,California Nonprofit ,132 W. Gabilan St. ,Salinas,CA,Monterey County,http://www.calcoastal.org/,,,https://www.calcoastal.org/contact-us/ ,https://www.linkedin.com/profile/view?id=147452751,,https://www.facebook.com/pages/California-Coastal-Rural-Development-Corp/158218290875870,,,,
227,California Collaborative for Immigrant Justice,California Nonprofit ,1999 Harrison St. Ste 1800 ,Oakland,CA,Alameda County,https://www.ccijustice.org/,info@ccijustice.org,,,https://www.linkedin.com/company/california-collaborative-for-immigrant-justice/,https://www.instagram.com/browbarinc_template/,https://www.facebook.com/ccijustice,,,https://bsky.app/profile/ccijustice.bsky.social,
228,California Community Action Partnership Association [CalCAPA],California Nonprofit ,,,,,http://calcapa.org/,,,,,,,,,,
229,California Consortium for Urban Indian Health,California Nonprofit ,2280 Diamond Blvd Ste 590 ,Concord,CA,Contra Costa County,http://www.ccuih.org/,,,,,https://www.instagram.com/ccuih/,https://www.facebook.com/CCUIH/,,,,
230,California Court Appointed Special Advocate Association,California Nonprofit ,3525 Del Mar Heights Rd No 243 ,San Diego,CA,San Diego County,http://www.californiacasa.org/,,staff@californiacasa.org,http://www.californiacasa.org/contact ,https://www.linkedin.com/company/california-casa-association/,,https://www.facebook.com/californiacasa/,,,,
231,California Desert Chorale,California Nonprofit ,PO Box 2716 ,Palm Desert,CA,Riverside County,http://www.californiadesertchorale.org/,,,http://www.californiadesertchorale.org/contact-us ,,https://www.instagram.com/californiadesertchorale/?hl=en,https://www.facebook.com/californiadesertchorale/,https://www.tix.com/ticket-sales/californiadesertchorale/3898,,,
232,California Electric Transportation Coalition,California Nonprofit ,1015 K St. Ste 200 ,Sacramento,CA,Sacramento County,https://caletc.com/,,,https://caletc.com/contact/ ,https://www.linkedin.com/company/california-electric-transportation-coalition/,,,,,,
233,California Family Life Center,California Nonprofit ,PO Box 727 ,Hemet,CA,Riverside County,https://www.cflckids.org/,,,,,,,,,,
234,California for the Arts,California Nonprofit ,,,,,http://www.caforthearts.org/,,,,https://www.linkedin.com/company/californians-for-the-arts/,https://www.instagram.com/caforthearts/,https://www.facebook.com/CaliforniafortheArts,,,,
235,California Foundation for Independent Living Centers,California Nonprofit ,1000 G Street 23 100 ,Sacramento,CA,Sacramento County,http://www.cfilc.org/,,,http://www.cfilc.org/contact-cfilc/ ,,https://www.instagram.com/cfilc_1982/,https://www.facebook.com/CFILC.org/,,,,
236,"California Grey Bears, Inc.",California Nonprofit ,2710 Chanticleer Ave ,Santa Cruz,CA,Santa Cruz County,http://www.greybears.org/,,,,,https://www.instagram.com/greybearssantacruz/,https://www.facebook.com/greybears.org,,,,
237,California Health Advocates,California Nonprofit ,800 Sunrise Ave Ste F ,Roseville,CA,Placer County,http://www.cahealthadvocates.org/,,,,,,,,,,
238,California Health Collaborative,California Nonprofit ,,,,,https://healthcollaborative.org/,,,,,,,,,,
239,California Healthcare Foundation,California Nonprofit ,1438 Webster St Ste 400 ,Oakland,CA,Alameda County,http://www.chcf.org/,,,https://www.chcf.org/contact-us/ ,https://www.linkedin.com/company/california-health-care-foundation/,,,,,,
240,California Housing Consortium,California Nonprofit ,30141 Agoura Rd Ste 205 ,Agoura Hills,CA,Los Angeles County,http://www.calhsng.org/,info@calhsng.org,,https://calhsng.org/contact-us/ ,,,,,,,
241,California Humanities,California Nonprofit ,538 9Th Street Suite 210 ,Oakland,CA,Alameda County,http://www.calhum.org/,info@calhum.org,grants@calhum.org,http://www.calhum.org//about-us/contact-us/ ,https://www.linkedin.com/company/2266625/admin/,https://www.instagram.com/california_humanities/,https://www.facebook.com/cahumanities/,,,,
242,California Indian Legal Services,California Nonprofit ,,,,,http://www.calindian.org/,,,,,,,,,,
243,California Invasive Plant Council,California Nonprofit ,1442-A Walnut St 23 462 ,Berkeley,CA,Alameda County,http://www.cal-ipc.org/,info@cal-ipc.org,,https://www.cal-ipc.org/about/contact/ ,https://www.linkedin.com/company/california-invasive-plant-council/,https://www.instagram.com/cal_ipc/,https://www.facebook.com/CaliforniaInvasivePlantCouncil/,,,,
244,California Language Teachers Association,California Nonprofit ,1076 17Th Ave ,Redwood City,CA,San Mateo County,http://clta.net/,exec-director@clta.net,webmaster@clta.net,https://clta.net/advocacy/contact-your-legislators/ ,https://www.linkedin.com/in/clta-ca-language-teachers-association-66140a277/,https://www.instagram.com/calangteachersassoc/,https://www.facebook.com/calangteachersassoc/,,,,
245,California League of Park Associations (CALPA),California Nonprofit ,,,,,http://www.calpa.org/,,,,https://www.linkedin.com/company/california-league-of-park-associations/,https://www.instagram.com/calpa.calparksleague/,https://www.facebook.com/CALPA.CalParksLeague,https://x.com/CALPACAPARKS?mx=2,,,
246,California LULAC Foundation,California Nonprofit ,,,,,http://www.calulacfoundation.org/,,,http://www.calulacfoundation.org/contact ,https://www.linkedin.com/,https://www.instagram.com/calulacfoundation/?igsh=NTc4MTIwNjQ2YQ%3D%3D,https://www.facebook.com/people/CA-LULAC-Foundation/61571026825329/,,,https://bsky.app/profile/calulacfoundation.bsky.social,
247,California Lutheran University - Center for Nonprofit Leadership,California Nonprofit ,2201 Outlet Center Drive 238000 ,Oxnard,CA,Ventura County,https://www.callutheran.edu/centers/nonprofit/,,nonprofit@CalLutheran.edu,https://www.callutheran.edu/centers/nonprofit//directory/contact.html ,https://www.linkedin.com/company/center-for-nonprofit-leadership/,https://www.instagram.com/clunonprofit/,https://www.facebook.com/clucnl/,,,,
248,California Massage Therapy Council,California Nonprofit ,,,,,http://www.camtc.org/,info@camtc.org,complaints@camtc.org,http://www.camtc.org/contact-us/ ,,,,,,,
249,California New Car Dealers Association Foundation,California Nonprofit ,1517 L Street ,Sacramento,CA,Sacramento County,https://www.cncdafoundation.org/,,Kmcphaul@cncda.org,,https://www.linkedin.com/company/california-new-car-dealers-association,https://www.instagram.com/cncdaorg/,https://www.facebook.com/CNCDA/,,,,
250,California Pan-Ethnic Health Network,California Nonprofit ,2991 Sacramento St 23298 ,Berkeley,CA,Alameda County,http://www.cpehn.org/,,,https://cpehn.org/about-us/contact-us/ ,https://www.linkedin.com/company/18043449,https://www.instagram.com/calpehn/,https://www.facebook.com/CPEHN,,,https://bsky.app/profile/cpehn.bsky.social,18007997233
251,California Partnership to End Domestic Violence,California Nonprofit ,,,,,https://www.cpedv.org/,"includeinfo@cpedv.org, info@cpedv.org","communications@cpedv.org, policy@cpedv.org",https://www.cpedv.org/contact-us/ ,,https://www.instagram.com/endingdvinca,https://www.facebook.com/CAPartnershiptoEndDV,https://x.com/EndingDVinCA,,,
252,California Public Domain Allotee Association,California Nonprofit ,4223 W. Olive Ave. ,Fresno,CA,Fresno County,https://ca.ltddir.com/companies/california-public-domain-allottee-association/,,,,,,,,,,
253,California ReLeaf,California Nonprofit ,2115 J Street Suite 213 ,Sacramento,CA,Sacramento County,http://californiareleaf.org/,info@californiareleaf.org,,,http://www.linkedin.com/company/california-releaf,https://www.instagram.com/calreleaf/,,,,,
254,California School-Based Health Alliance,California Nonprofit ,1203 Preservation Park Way Ste 302 ,Oakland,CA,Alameda County,http://www.schoolhealthcenters.org/,,,https://www.schoolhealthcenters.org/about/contact-us/ ,https://www.linkedin.com/company/californiaschoolbasedhealthalliance-/,,,,,https://bsky.app/profile/sbh4ca.bsky.social,
255,California Staff Assault Task Force,California Nonprofit ,5022 W. Avenue N 23102-129 ,Palmdale,CA,Los Angeles County,http://www.calsatf.org/,info.calsatf@gmail.com,,,,,,,,,
256,California State Parks Foundation,California Nonprofit ,235 Montgomery St Ste 1202 ,San Francisco,CA,San Francisco County,http://www.calparks.org/,info@calparks.org,"members@calparks.org, advocacy@calparks.org, programs@calparks.org, development@calparks.org, media@calparks.org",http://www.calparks.org/contact ,,https://www.instagram.com/calparks/,https://www.facebook.com/calparks,,,https://bsky.app/profile/californiaparks.bsky.social,
257,California Tobacco Control LLA Project Directors,California Nonprofit ,,,,,http://www.llaprojectdirectorsassociation.org/,,pda-lla@outlook.com,,,,,,,,
258,California Ultimate Association,California Nonprofit ,,,,,http://calulti.org/,,,,,,,,,,
259,California WIC Association,California Nonprofit ,3960 Industrial Blvd Suite 500 ,West Sacramento,CA,Yolo County,http://www.calwic.org/,,,,https://www.linkedin.com/company/california-wic-association,https://www.instagram.com/calwicassociation/,https://www.facebook.com/pages/California-WIC-Association/108272802776,https://calwic.regfox.com/2026-cwa-annual-virtual-conference,,https://bsky.app/profile/calwicassociation.bsky.social,
260,California YIMBY,California Nonprofit ,1121 L Street Suite 210 ,Sacramento,CA,Sacramento County,https://cayimby.org/,,,,,http://www.instagram.com/cayimby,,,,,15107084922
261,California Youth Connection,California Nonprofit ,,,,,http://www.calyouthconn.org/,info@calyouthconn.org,,https://calyouthconn.org/get-involved/contact-us/ ,https://www.linkedin.com/company/calyouthconn/,http://www.instagram.com/calyouthconn,https://www.facebook.com/CalYouthConn/,,,,
262,Californians Against Waste,California Nonprofit ,921 11Th Street Ste 502 ,Sacramento,CA,Sacramento County,http://cawrecycles.org/,,,http://cawrecycles.org/contact ,https://www.linkedin.com/company/cawrecycles/,https://www.instagram.com/p/DWHuDDZEqn5/,https://www.facebook.com/cawrecycles,,,,
263,Californians for Justice Education Fund,California Nonprofit ,548 Market St Pmb 41203 ,San Francisco,CA,San Francisco County,https://caljustice.org/,,,https://caljustice.org/contact/ ,https://www.linkedin.com/company/caljustice/,https://www.instagram.com/cal4justice/,,,,,
264,CalMatters,California Nonprofit ,1017 L Street 23261 ,Sacramento,CA,Sacramento County,https://calmatters.org/,info@calmatters.org,"tips@calmatters.org, membership@calmatters.org, commentary@calmatters.org, kate@calmatters.org, sponsorships@calmatters.org",,https://www.linkedin.com/company/calmatters/,https://www.instagram.com/calmatters/,https://www.facebook.com/calmatters/,https://x.com/CalMatters,,https://bsky.app/profile/calmatters.org,
265,Cambodia Town Inc.,California Nonprofit ,2201 E. Anaheim St. 23103 ,Long Beach,CA,Los Angeles County,https://cambodiatown.org/,,,,,,https://www.facebook.com/cambodiatownusa012020,,,,
266,Camp Phoenix,California Nonprofit ,10974 Star Court ,Oakland,CA,Alameda County,https://www.campphoenix.org/,,,https://campphoenix.org/contact/ ,,https://www.instagram.com/campphoenix,https://www.facebook.com/thecampphoenix,,,,
267,Campesinos Unidos Inc,California Nonprofit ,885 Gateway Center Way Suite 103 ,San Diego,CA,San Diego County,https://campesinosunidos.org/,," energy@campesinosunidos.org,  energysd@campesinosunidos.org",https://campesinosunidos.org/contact/ ,,,https://www.facebook.com/CampesinosUnidosInc/,,,,
268,Camping Unlimited for the Developmentally Disabled,California Nonprofit ,102 Brook Lane ,Boulder Creek,CA,,https://campingunlimited.org/,,campkrem@campingunlimited.org,https://campingunlimited.org/contact-us/ ,,https://www.instagram.com/camp.krem/,https://www.facebook.com/CampKrem1957,,,,
269,Canal Alliance,California Nonprofit ,,,,,https://www.canalalliance.org/,,,,,,,,,,
270,Cancer CAREpoint,California Nonprofit ,2512 Samaritan Ct Suite A ,San Jose,CA,Santa Clara County,http://www.cancercarepoint.org/,,,https://www.cancercarepoint.org/contact-us/ ,,https://www.instagram.com/cancer_carepoint/,https://www.facebook.com/CancerCAREpoint,,,,
271,Cancer Resource Centers of Mendocino County,California Nonprofit ,510 Cypress St. Suite B-200 ,Fort Bragg,CA,Mendocino County,http://www.crcmendocino.org/,info@crcmendocino.org,,,,,,,,,3103763550
272,Cancer Support Community South Bay,California Nonprofit ,2601 Airport Drive Suite 100 ,Torrance,CA,Los Angeles County,https://www.cscsouthbay.org/,"info@CSCSouthBay.org, info@cscsouthbay.org","Norma@CSCSouthBay.org, Goli@CSCSouthBay.org",https://www.cscsouthbay.org/contact-us/ ,https://www.linkedin.com/company/cancer-support-community-south-bay/,https://www.instagram.com/cscsouthbay/,https://www.facebook.com/CSCSouthBay,,,,8885573177
273,Cancer Support Community Valley/Ventura/ Santa Barbara,California Nonprofit ,4195 E. Thousand Oaks Blvd. Suite 107 ,Westlake Village,CA,Los Angeles County,https://www.cancersupportvvsb.org/,info@cancersupportvvsb.org,,https://cancersupportvvsb.org/contact/ ,https://www.linkedin.com/company/cscvvsb/,https://www.instagram.com/cancersupportvvsb/,https://www.facebook.com/cancersupportVVSB,,,,
274,Capitalists for Shared Income,California Nonprofit ,PO Box 352 ,Walnut Creek,CA,Contra Costa County,https://www.capitalists4si.org/,"info@mysite.com, info@capitalists4si.org",,https://www.capitalists4si.org/contact ,https://www.linkedin.com/company/capitalists4si,https://www.instagram.com/capitalists4si/,https://www.facebook.com/Capitalists4SharedIncome,,,,8314756522
275,Capitola-Soquel Chamber of Commerce,California Nonprofit ,1840 41St Ave Ste 102 ,Capitola,CA,Santa Cruz County,http://www.capitolachamber.com/,,,https://www.capitolachamber.com/contact-us/ ,,https://www.instagram.com/capitolasoquelchamber/,https://www.facebook.com/CapitolaSoquelChamber,,,,
276,Carbon Cycle Institute,California Nonprofit ,,,,,https://www.carboncycle.org/,info@carboncycle.org,"testrada@carboncycle.org, jcreque@carboncycle.org, bowens@carboncycle.org, lniebrugge@carboncycle.org, nlink@carboncycle.org",https://www.carboncycle.org/ccis-team-contact/ ,https://www.linkedin.com/company/carbon-cycle-institute/,https://www.instagram.com/carbon.cycle.institute/,,,,,
277,"Carousel Ranch, Inc.",California Nonprofit ,34289 Rocking Horse Road ,Agua Dulce,CA,,http://www.carouselranch.org/,hello@carouselranch.org,,http://www.carouselranch.org/contact-us ,https://www.linkedin.com/in/deniseatcarousel,https://www.instagram.com/carouselranch/,https://www.facebook.com/CarouselRanch,,,,
278,Carpinteria Children's Project,California Nonprofit ,,,,,https://carpchildren.org/,,,,,https://www.instagram.com/carpchildrensproject/,https://www.facebook.com/CarpinteriaChildrensProject,,,,
279,Carry the Vision,California Nonprofit ,,,,,https://www.carrythevision.org/,info@carrythevision.org,,https://www.carrythevision.org/contact ,,https://www.instagram.com/carrythevision/,https://www.facebook.com/CarryTheVision,,,,
280,Casa di Mir Montessori School,California Nonprofit ,1975 Cambrianna Drive ,San Jose,CA,Santa Clara County,http://www.casadimir.org/,,,,,,,,,,7149074069
281,"Casa Major, Inc.",California Nonprofit ,3920 Birch Street Suite 103 ,Newport Beach,CA,Orange County,http://www.casamajor.org/,,ceo@casamajor.org,http://www.casamajor.org/#contact ,,,,,,,
282,CASA of Fresno and Madera Counties,California Nonprofit ,2300 Tulare Street Suite 210 ,Fresno,CA,Fresno County,http://www.casafresno.org/,,,,,https://www.instagram.com/casafresno_madera/,https://www.facebook.com/CASAofFresnoMadera,,,,
283,CASA of Humboldt,California Nonprofit ,,,,,https://www.humboldtcasa.org/,"info@humboldtcasa.org, info@mysite.com",,https://www.humboldtcasa.org/contact-us ,,,https://www.facebook.com/humboldtcasa,,,,8317612956
284,CASA of Santa Cruz County,California Nonprofit ,813 Freedom Blvd ,Watsonville,CA,Santa Cruz County,http://www.casaofsantacruz.org/,,,https://casaofsantacruz.org/about-us/contact.html ,https://www.linkedin.com/company/casa-of-santa-cruz-county/,https://www.instagram.com/casaofsantacruz/,https://www.facebook.com/CASAScruz/,,,,
285,CASA Sacramento,California Nonprofit ,PO Box 278383 ,Sacramento,CA,Sacramento County,http://www.sacramentocasa.org/,,,,,,,,,,
286,Catalyst of San Diego & Imperial Counties,California Nonprofit ,5060 Shoreham Pl Ste 350 ,San Diego,CA,San Diego County,https://catalystsd.org/,info@catalystsd.org,zoe@catalystsd.org,https://catalystsd.org/contact-us/ ,https://www.linkedin.com/company/sandiegograntmakers,,https://www.facebook.com/SDCatalyst,,,https://bsky.app/profile/catalystsd.bsky.social,
287,Catholic Big Brothers Big Sisters of Los Angeles,California Nonprofit ,1530 James M Wood Blvd ,Los Angeles,CA,Los Angeles County,http://www.catholicbigbrothers.org/,,,,,,,,,,
288,Caulder Lamm Alliance for Children,California Nonprofit ,1621 W. 25Th Street 23148 ,San Pedro,CA,,http://www.claforchildren.org/,info@CLAforChildren.org,,https://claforchildren.org/contact/ ,,,https://www.facebook.com/CLAforChildren/,,,,
289,CAUSE Central Coast Alliance United for a Sustainable Economy,California Nonprofit ,56 E. Main Street Suite 210 ,Ventura,CA,Ventura County,http://www.causenow.org/,,"Jay@causenow.org, Stanley@causenow.org",https://causenow.org/contact/ ,,https://www.instagram.com/cause805,https://www.facebook.com/cause805/,,,,3106561001
290,Cause Communications,California Nonprofit ,1000 N. Alameda Street Suite 112 ,Los Angeles,CA,Los Angeles County,http://www.causecommunications.org/,info@causecomm.net,,http://www.causecommunications.org/contact ,https://www.linkedin.com/company/causecomm/,,,,,,
291,Cedar House Life Change Center,California Nonprofit ,18612 Santa Ana Ave ,Bloomington,CA,,https://cedarhouse.org/,,,,,,,,,,18445938169
292,Celiac Disease Foundation,California Nonprofit ,21300 Victory Blvd. Suite 300 ,Woodland Hills,CA,,http://celiac.org/,,"icureceliac@celiac.org, sscd@celiac.org, janie.magill@celiac.org, vanessa.weisbrod@celiac.org",https://celiac.org/about-the-foundation/contact-information/ ,,https://www.instagram.com/celiacdiseasefoundation/,,https://ardelyx.com/,,,2095333401
293,Center For A Non Violent Community,California Nonprofit ,178 Fairview Lane ,Sonora,CA,Tuolumne County,http://www.nonviolentcommunity.org/,info@nonviolentcommunity.org,,https://nonviolentcommunity.org/contact/ ,,,https://www.facebook.com/CNVCSonora/,,,,
294,Center For Civic Education,California Nonprofit ,,,,,https://www.civiced.org/,,"web@civiced.org, cce@civiced.org",https://www.civiced.org/contact-us ,https://www.linkedin.com/company/center-for-civic-education,https://www.instagram.com/centerforciviceducation/?hl=en,,http://2glux.com/projects/jumi,,https://bsky.app/profile/civiced.org,
295,Center for Community Dispute Settlement (CCDS),California Nonprofit ,291 Mcleod St ,Livermore,CA,Alameda County,http://www.trivalleymediation.com/,info@email.com,ccdsmediation@comcast.net,,,,,,,,
296,Center for Empowering Refugees & Immigrants,California Nonprofit ,544 International Blvd Suite 239 ,Oakland,CA,Alameda County,http://www.cerieastbay.org/,info@cerieastbay.org,,,https://www.linkedin.com/company/53210159/,https://www.instagram.com/cerieastbay/,https://www.facebook.com/cerieastbay/,,,,
297,Center for Engaged Scholarship,California Nonprofit ,42 Plaza Drive ,Berkeley,CA,Alameda County,http://www.cescholar.org/,,,,,,,,,,
298,Center for Environmental Health,California Nonprofit ,2201 Broadway Ste 508 ,Oakland,CA,Alameda County,http://www.ceh.org/,,,https://ceh.org/about/contact/ ,https://www.linkedin.com/company/center-for-environmental-health,https://www.instagram.com/centerforenvironmentalhealth/,https://www.facebook.com/centerforenvironmentalhealth,,,https://bsky.app/profile/ceh.org,
299,Center for Family Health Initiative (CFHI),California Nonprofit ,286 W Sparkleberry Ave ,Orange,CA,Orange County,https://cfhealthinitiative.org/,,,https://cfhealthinitiative.org/contact-us/ ,https://www.linkedin.com/in/center-for-family-health-initiative-6468982a4/,https://www.instagram.com/cfhealthinitiative/,https://www.facebook.com/groups/999135268584928,,,,
300,Center for Family Strengthening,California Nonprofit ,3480 South Higuera Suite 100 ,San Luis Obispo,CA,San Luis Obispo County,http://www.cfsslo.org/,info@cfsslo.org,"support@cfsslo.org, fernanda@cfsslo.org",http://www.cfsslo.org/#contact ,,https://www.instagram.com/cfsslo/,https://www.facebook.com/cfsslo,,,,
301,Center for Financial Empowerment,California Nonprofit ,,,,,https://www.center4fe.org/,,Hello@center4fe.org,,https://www.linkedin.com/company/center4fe,,https://www.facebook.com/center4fe,,,,18004340222
302,Center for Health Care Rights,California Nonprofit ,4601 Wilshire Blvd Suite 160 ,Los Angeles,CA,Los Angeles County,http://www.healthcarerights.org/,,,http://www.healthcarerights.org/contact ,https://www.linkedin.com/company/healthcarerightsla/,,https://www.facebook.com/healthcarerightsla,,,,
303,Center for Health Justice,California Nonprofit ,900 Avila St Ste 301 ,Los Angeles,CA,Los Angeles County,http://www.centerforhealthjustice.org/,info@chjla.org,,,https://www.linkedin.com/company/center-for-health-justice/,https://www.instagram.com/heychj/,https://www.facebook.com/heychj/,,,,
304,Center for Human Development,California Nonprofit ,901 Sunvalley Blvd Ste 220 ,Concord,CA,Contra Costa County,https://chd-prevention.org/,info@chd-prevention.org,,https://chd-prevention.org/contact/ ,https://www.linkedin.com/pulse/best-call-tracking-software-maximize-conversion,https://www.instagram.com/center4humandevelopment/,https://www.facebook.com/centerforhumandevelopmentcontracosta/,,,,
305,Center for Human Services,California Nonprofit ,2000 W Briggsmore Ave Building A ,Modesto,CA,Stanislaus County,http://www.centerforhumanservices.org/," info@centerforhumanservices.org, info@centerforhumanservices.org",,https://www.centerforhumanservices.org/contact/ ,,http://www.instagram.com/chs_cares,,,,,
306,"Center for National Opportunity, Voice, and Advancement",California Nonprofit ,,,,,,,,,,,,,,,
307,Center for Partnership Studies,California Nonprofit ,PO Box 10312 Hilo Hi,,CA,,https://centerforpartnership.org/,,,https://centerforpartnership.org/contact-us/ ,https://www.linkedin.com/company/centerpartnershipsystems/,,https://www.facebook.com/CenterforPartnership,,,https://bsky.app/profile/rianeeisler-cps.bsky.social,
308,Center for Photographic Art,California Nonprofit ,PO Box 1100 ,Carmel,CA,,http://photography.org/,info@photography.org,,http://photography.org/contact ,,https://www.instagram.com/centerphotographicart/,https://www.facebook.com/photography.org/,,,,
309,Center for Positive Sexuality,California Nonprofit ,PO Box 1190 ,Burbank,CA,Los Angeles County,https://www.positivesexuality.org/,queries@positivesexuality.org,hr@positivesexuality.org,,https://www.linkedin.com/company/center-for-positive-sexuality,https://www.instagram.com/ctrsexpositive/,https://www.facebook.com/Center-for-Positive-Sexuality-127221867462/,,,https://bsky.app/profile/ctrsexpositive.bsky.socialy7p-2bl0b-1coicsj,
310,Center for Powerful Public Schools,California Nonprofit ,1107 Fair Oaks Ave 23298 ,South Pasadena,CA,Los Angeles County,http://powerfuled.org/,,,https://www.powerfuled.org/contact ,https://www.linkedin.com/company/center-for-powerful-public-schools,https://www.instagram.com/4powerfuledorg/,https://www.facebook.com/4PowerfulEdOrg,,,,17073224971
311,Center for Restorative Practice,California Nonprofit ,PO Box 1435 ,Sausalito,CA,Marin County,http://www.restorativepractice.org/,,marcus@restorativepractice.org,https://restorativepractice.org/contact-us/ ,https://www.linkedin.com/,,https://www.facebook.com/,,,,
312,Center for Sustainable Finance and Private Wealth (CSP) North America,California Nonprofit ,,,,,http://cspnorthamerica.org/,,,https://cspnorthamerica.org/contact-csp/ ,https://www.linkedin.com/company/cspnorthamerica/?viewAsMember=true,,,,,,
313,"Center for the Pacific-Asian Family, Inc.",California Nonprofit ,3660 Wilshire Blvd Suite 818 ,Los Angeles,CA,Los Angeles County,https://nurturingchange.org/,,,https://cpaf.ngo/contact-us/ ,https://www.linkedin.com/company/cpaforg,https://www.instagram.com/cpaforg/,https://www.facebook.com/CPAForg/,,,,
314,Center for the Study of Political Graphics,California Nonprofit ,3916 Sepulveda Blvd Ste 103 ,Culver City,CA,Los Angeles County,http://www.politicalgraphics.org/,"admin@politicalgraphics.orgsubject=Contact us, admin@politicalgraphics.org",,,,,https://www.facebook.com/politicalgraphics,,,,
315,Center for Urban Agriculture at Fairview Gardens,California Nonprofit ,598 N Fairview Ave ,Goleta,CA,Santa Barbara County,,,,,,,,,,,4154795710
316,Center for Volunteer & Nonprofit Leadership (CVNL),California Nonprofit ,1 Mcinnis Parkway Ste 175 ,San Rafael,CA,Marin County,http://www.cvnl.org/,,,,https://www.linkedin.com/company/center-for-volunteer-and-nonprofit-leadership/,https://www.instagram.com/capacity4change/,https://www.facebook.com/CVNL.BayArea/,,,,
317,Central CA Animal Disaster Team,California Nonprofit ,5132 N. Palm Ave. 23113 ,Fresno,CA,Fresno County,http://ccadt.org/,info@ccadt.org,,https://ccadt.org/contact-us/ ,,,,,,,
318,Central California Environmental Justice Network,California Nonprofit ,1907 N. Gateway Blvd. Suite 103 ,Fresno,CA,Fresno County,http://www.ccejn.org/,info@ccejn.org,,https://ccejn.org/contact-us/ ,,https://www.instagram.com/ccejn/,https://www.facebook.com/ccejn2000,,,,
319,Central Coast Medical Association,California Nonprofit ,5142 Hollister Ave Pmb 143 ,Santa Barbara,CA,Santa Barbara County,http://www.ccmahealth.org/,,ccma@ccmahealth.org,https://www.ccmahealth.org/about-us/staff-and-contact-info.aspx ,,,https://www.facebook.com/centralcoastmed/,,,,
320,Central Coast Overdose Prevention,California Nonprofit ,245 Washington Street ,Monterey,CA,Monterey County,http://ccodp.org/,,,https://ccodp.org/contact-us/ ,,,,,,,
321,Central Valley Beekeepers Association,California Nonprofit ,24525 Ave 7C2Bd ,Madera,CA,Madera County,https://centralvalleybeekeepers.org/,info@centralvalleybeekeepers.org,,https://www.centralvalleybeekeepers.org/contact-us/ ,https://www.linkedin.com/company/central-valley-beekeepers-association/,,https://www.facebook.com/profile.php?id=100091903547317,,,,
322,Central Valley Immigrant Integration Collaborative,California Nonprofit ,5014 E. University Ave Suite 101 ,Fresno,CA,Fresno County,CVIIC.org | ValleCentral.org | ImmigrantesEmprendedores.org,,,,,,,,,,
323,Central Valley Partnership,California Nonprofit ,2721 Cesar Chavez Ave Suite 108 ,Fresno,CA,Fresno County,https://centralvalleypartnership.org/,admin@centralvalleypartnership.org,,https://centralvalleypartnership.org/contact/ ,,https://www.instagram.com/centralvalleypartnership/,https://www.facebook.com/CentralValleyPartnership,,,,
324,Central Works,California Nonprofit ,PO Box 9771 ,Berkeley,CA,Alameda County,http://centralworks.org/,,,http://centralworks.org/contact/#showtab=emailus ,,https://www.instagram.com/centralworkstheatre,,,,,
325,Centro Legal De La Raza,California Nonprofit ,3400 East 12Th Street ,Oakland,CA,Alameda County,http://www.centrolegal.org/,info@centrolegal.org,,https://visitor.r20.constantcontact.com/manage/optin?v=001jYqn93s1IRDD8oHx1nIDDnc3v6FEE_9tMlXI52NlI1gEspTxEBzv7v1XtjxMpv61Ry4jejrrXodiEMScRB3g9EFB4dmEvm8jyEWH3PhFuzE%3D ,https://www.linkedin.com/company/centro-legal-de-la-raza/,https://www.instagram.com/centro_legaldelaraza/,https://www.facebook.com/pages/category/Nonprofit-Organization/Centro-Legal-de-la-Raza-124126553092/,,,,
326,Challah & Soul,California Nonprofit ,,,,,http://challahandsoul.org/,,challahandsoul@gmail.com,http://challahandsoul.org/contact#newsletter ,,https://www.instagram.com/challahandsoul/,https://www.facebook.com/profile.php?id=100094060633584,,,,
327,Chamber Music San Francisco,California Nonprofit ,,,,,https://chambermusicsf.org/,,,,,,,,,,
328,Chamber Music Unbound,California Nonprofit ,289 Wagon Wheel RdPob 1219 ,Mammoth Lakes,CA,Mono County,http://www.chambermusicunbound.org/,,Felici@ChamberMusicUnbound.org,http://www.chambermusicunbound.org/contact.php ,,,,,,,
329,Chambon Foundation,California Nonprofit ,8033 Sunset Boulevard ,Los Angeles,CA,Los Angeles County,http://www.chambon.org/,,,,,,,,,,
330,"Chances 4 Change, Inc.",California Nonprofit ,1709 W. Manchester Ave. ,Los Angeles,CA,Los Angeles County,http://chancesforchange.com/,info@mysite.com,itsnever2late@chancesforchange.org,https://www.chancesforchange.com/contact-9 ,,,,https://wix.com/?utm_campaign=vir_created_with,,,
331,Changing Tides Family Services,California Nonprofit ,2259 Myrtle Ave ,Eureka,CA,Humboldt County,http://www.changingtidesfs.org/,,dnystrom@changingtidesfs.org,https://www.changingtidesfs.org/contact/ ,,https://www.instagram.com/changingtidesfs,https://www.facebook.com/pages/Changing-Tides-Family-Services/191289777607155,,,,
332,St. John's Retirement Village,California Nonprofit ,,,,,http://www.stjohnsretirementvillage.org/,,,,,,,,,,
333,Charlotte Maxwell Clinic,California Nonprofit ,411 30Th Street Suite 508 ,Oakland,CA,Alameda County,http://www.charlottemaxwell.org/,,mail@charlottemaxwell.org,https://charlottemaxwell.org/who-we-are/contact-us/ ,https://www.linkedin.com/company/1690275,https://www.instagram.com/charlottemaxwellclinic/?hl=en,https://www.facebook.com/pages/Charlotte-Maxwell-Complementary-Clinic/207353102717489,,,,12096256417
334,youa.xiong@zoshmoovntujclt.org,California Nonprofit ,,,,,https://www.zoshmoovntujclt.org/,,,,,,,,,,
335,Chi Pi Sigma,California Nonprofit ,,,,,http://chipisigma.org/,,,,,,,,,,
336,Chico's Place,California Nonprofit ,,,,,,,,,,,,,,,
337,Chicostart,California Nonprofit ,411 Main Street 23101 ,Chico,CA,Butte County,http://www.chicostart.com/,info@chicostart.com,,http://www.chicostart.com/contact ,https://www.linkedin.com/company/chicostart/,https://www.instagram.com/chicostart/,https://www.facebook.com/Chicostart,https://x.com/Chicostart530,,,16612599439
338,Child & Family Center,California Nonprofit ,,,,,https://www.childfamilycenter.org/,,,https://www.childfamilycenter.org/contact/ ,https://www.linkedin.com/company/child-&-family-center/,https://www.instagram.com/child_family_center/,https://www.facebook.com/ChildFamilyCenter/,,,,
339,Child Abuse Prevention Council,California Nonprofit ,PO Box 1257 ,Stockton,CA,San Joaquin County,https://nochildabuse.org/,info@NoChildAbuse.org,,https://nochildabuse.org/contact/ ,https://www.linkedin.com/company/child-abuse-prevention-council-of-san-joaquin-county/,https://www.instagram.com/nochildabusesjc/,https://www.facebook.com/childabusepreventioncouncil/,,,,16503282262
340,Child and Family Institute,California Nonprofit ,330 Ravenswood Ave ,Menlo Park,CA,San Mateo County,http://www.cfamily.org/,"info@cfamily.org, info@cfamily.orgsubject=Dear CFI",,,,https://www.instagram.com/cfi_menlopark/,https://www.facebook.com/cfimenlopark,,,,
341,Child Care Law Center,California Nonprofit ,PO Box 9066 ,Berkeley,CA,Alameda County,http://www.childcarelaw.org/,info@childcarelaw.org,"kkruckel@childcarelaw.org, lfurstenfeld@childcarelaw.org, mcole@childcarelaw.org, klupoff@childcarelaw.org",https://www.childcarelaw.org/about/contact-us/ ,https://www.linkedin.com/company/child-care-law-center,,https://www.facebook.com/childcarelawcenter,,,,8187171000
342,Child Care Resource Center,California Nonprofit ,,,,,https://www.ccrcca.org/,,,https://www.ccrcca.org/contact/ ,,https://www.instagram.com/ccrc4kids/,https://www.facebook.com/,,,,6194274411
343,Child Development Associates,California Nonprofit ,180 Otay Lakes Rd Ste 310 ,Bonita,CA,,https://cdasd.org/,,,https://cdasd.org/contact/ ,https://www.linkedin.com/company/child-development-associates/,https://www.instagram.com/cdasandiego/,https://www.facebook.com/cdasandiego/,,,,415.957.9000ext.0
344,Child Family Health International,California Nonprofit ,,,,,http://www.cfhi.org/,,,https://www.cfhi.org/contact-us/ ,https://www.linkedin.com/company/child-family-health-international,,,,,,17077552858
345,Child Parent Institute/ California Parenting Institute,California Nonprofit ,3650 Standish Ave ,Santa Rosa,CA,Sonoma County,http://www.calparents.org/,,cpi@calparents.org,https://calparents.org/about-us/contact.html ,https://www.linkedin.com/company/california-parenting-institute,,https://www.facebook.com/calparents/,,,,
346,Children Now,California Nonprofit ,6250 Claremont Ave Suite 230 ,Oakland,CA,Alameda County,http://www.childrennow.org/,,,https://www.childrennow.org/about/contact/ ,https://www.linkedin.com/company/children-now/posts/?feedView=all,https://www.instagram.com/childrennow,https://www.facebook.com/childrennow,,,,8005511300
347,"Children of the Night, Inc",California Nonprofit ,,,,,http://www.childrenofthenight.org/,,lois@childrenofthenight.org,http://www.childrenofthenight.org/contact ,,,https://www.facebook.com/fund/childrenofthenightinc/,,,,
348,Chimineas Ranch Foundation,California Nonprofit ,1130 E. Clark Ave. Suite 150 ,Orcutt,CA,,http://www.chimineasranchfoundation.org/,,,http://www.chimineasranchfoundation.org/contact-us ,,https://www.instagram.com/chimineasranchfoundation/,https://www.facebook.com/Chimineas-Ranch-Foundation-517981695047478/,,,,
349,Chinatown Fresno Foundation,California Nonprofit ,912 F Street ,Fresno,CA,Fresno County,http://www.chinatownfresno.org/,,jan@chinatownfresno.org,https://www.chinatownfresno.org/contact ,https://www.linkedin.com/company/chinatown-fresno-foundation,https://www.instagram.com/chinatownfresno/?hl=en,https://www.facebook.com/ChinatownMatters/,,,,8582779622
350,Chinese Evangelical Church San Diego,California Nonprofit ,2585 Judson St ,San Diego,CA,San Diego County,https://cec-sd.org/,info@cec-sd.org,,,,,https://www.facebook.com/CEC.SD/,,,,
351,Chinese for Affirmative Action,California Nonprofit ,17 Walter U Lum Pl ,San Francisco,CA,San Francisco County,https://caasf.org/,,,https://caasf.org/contact-us/ ,https://www.linkedin.com/company/caasf,https://www.instagram.com/caasanfrancisco/,https://www.facebook.com/caasf,,,https://bsky.app/profile/caasanfrancisco.bsky.social,
352,Christ Community Fellowship Church,California Nonprofit ,9630 Bruceville Road Ste. 106 ,Elk Grove,CA,Sacramento County,http://www.christcommunityfc.org/,info@christcommunityfc.org,,,,,https://www.facebook.com/profile.php?id=61558807272480,,,,
353,Christian Encounter Ministries,California Nonprofit ,PO Box 1022 ,Grass Valley,CA,Nevada County,http://www.christianencounter.org/,,office@christianencounter.org,https://www.christianencounter.org/contact-us ,,https://www.instagram.com/christianencounter/,https://www.facebook.com/christianencounter,,,,
354,Chronicle Season of Sharing Fund,California Nonprofit ,901 Mission St. ,San Francisco,CA,San Francisco County,https://seasonofsharing.org/,,,https://seasonofsharing.org/contact/ ,https://www.linkedin.com/company/chronicle-season-of-sharing-fund/,https://www.instagram.com/sosfund/,https://www.facebook.com/seasonofsharing,,,,
355,Citizens for Los Angeles Wildlife,California Nonprofit ,12444 Ventura Blvd Suite 205 ,Studio City,CA,,https://www.clawonline.org/,info@clawonline.org,,https://www.clawonline.org/contact ,,https://www.instagram.com/p/Csbc0LRPN4V/,https://www.facebook.com/CitizensForLosAngelesWildlife,,,,4157537576
356,City Youth Now,California Nonprofit ,375 Woodside Ave ,San Francisco,CA,San Francisco County,http://www.cityyouthnow.org/,,,https://www.cityyouthnow.org/contact/ ,,https://www.instagram.com/cityyouthnow/,https://www.facebook.com/CityYouthNow/?fref=ts,,,,
357,Claremont Forum,California Nonprofit ,,,,,https://www.claremontforum.org/,info@claremontforum.org,"market@claremontforum.org, eva@claremontforum.org\",https://www.claremontforum.org/contact ,https://www.linkedin.com/company/875997/admin/dashboard/,https://www.instagram.com/theclaremontforum/,https://www.facebook.com/claremontforum/,,,,
358,Claremont Meals on Wheels,California Nonprofit ,845 E. Bonita AvePomona,Pomona,CA,Los Angeles County,http://claremontmealsonwheels.org/,,,https://claremontmealsonwheels.org/contact/ ,,,https://www.facebook.com/claremontmealsonwheels/,,,,1.619.231.2311
359,Classics 4 Kids,California Nonprofit ,3033 Fifth Avenue Suite 227 ,San Diego,CA,San Diego County,http://classics4kids.org/,,"chuber@Classics4Kids.org, kmakley@Classics4Kids.org",https://www.classics4kids.org/contact-us/ ,https://www.linkedin.com/company/classicsforkids/,https://www.instagram.com/classics4kids/,https://www.facebook.com/Classics4Kids,,,,
360,Clear Lake Environmental Research Center,California Nonprofit ,PO Box 636 ,Lakeport,CA,Lake County,http://www.theclerc.org/,info@theclerc.org,,http://www.theclerc.org/contact ,,,https://www.facebook.com/CLERCLakeCounty,,,,12024558665
361,Climate Justice Alliance,California Nonprofit ,1370 Saint Andrews Place - C14 ,Los Angeles,CA,Los Angeles County,https://climatejusticealliance.org/,Info@ClimateJusticeAlliance.org,,,,,https://www.facebook.com/CJAOurPower,,,,17602962966
362,Coachella Valley Housing Coalition,California Nonprofit ,45701 Monroe St Ste G ,Indio,CA,Riverside County,http://www.cvhc.org/,,cvhc@cvhc.org,https://www.cvhc.org/contact/ ,,,https://www.facebook.com/CVHousing/,,,,
363,Coachella Valley Repertory,California Nonprofit ,,,,,https://cvrep.org/,,"boxoffice@cvrep.org, akarsten@cvrep.org, volunteers@cvrep.org, JSeller@CVRep.org, kbramley@cvrep.org, tech@cvrep.org, kgilligan@cvrep.org, jbasak@cvrep.org, jhankinson@cvrep.org",https://cvrep.org/contact/ ,,https://www.instagram.com/coachellavalleyrepertory/,https://www.facebook.com/CVRep,,,,
364,Coachella Valley Volunteers in Medicine,California Nonprofit ,PO Box 10090 ,Indio,CA,Riverside County,http://www.cvvim.org/,,,,,,,,,,8885392373
365,Coalition for Clean Air,California Nonprofit ,660 Figueroa St 231140 ,Los Angeles,CA,Los Angeles County,https://www.ccair.org/,,"air@ccair.org, bill@ccair.org, john@ccair.org",https://www.ccair.org/contact/ ,https://www.linkedin.com/company/coalition-for-clean-air,https://www.instagram.com/cleanairca/,https://www.facebook.com/CleanAirCA/,https://x.com/cleanairca,,,
366,Coalition to Abolish Slavery & Trafficking,California Nonprofit ,,,,,https://www.castla.org/,info@castla.org,,https://www.castla.org/contact/ ,http://www.linkedin.com/company/castla,https://www.instagram.com/castlosangeles/,,,,,9492160880
367,Coastal Community Preschool,California Nonprofit ,900 High St ,Santa Cruz,CA,Santa Cruz County,http://www.coastalcommunitypreschool.org/,,stephanie@coastalcommunitypreschool.org,https://coastalcommunitypreschool.org/contact/ ,,,,,,,
368,Coastal Corridor Alliance,California Nonprofit ,PO Box 15333 ,Costa Mesa,CA,Orange County,http://www.coastalcorridor.org/,,Events@CoastalCorridor.org,https://coastalcorridor.org/contact-us/ ,https://www.linkedin.com/company/coastal-corridor-alliance,https://www.instagram.com/coastalcorridor/,https://www.facebook.com/CoastalCorridorAlliance/,,,https://bsky.app/profile/coastalcorridor.bsky.social,
369,Coastal Watershed Council,California Nonprofit ,107 Dakota Ave Suite 4 ,Santa Cruz,CA,Santa Cruz County,http://www.coastal-watershed.org/,info@coastal-watershed.org,,https://coastal-watershed.org/about-cwc/contact-us/ ,,,,,,,
370,Coeurage Theatre Company,California Nonprofit ,,,,,http://www.coeurage.org/,,,http://www.coeurage.org/contact ,https://www.linkedin.com/company/coeurage.org/,https://www.instagram.com/coeurageensemble/,https://www.facebook.com/CoeurageTheatre/,,,,1234567890
371,Collaborating Agencies' Disaster Relief Effort,California Nonprofit ,2731 N. First St. ,San Jose,CA,Santa Clara County,http://www.cadresv.org/,admin@cadresv.org,cadreEOC@gmail.com,https://cadresv.org/contact/ ,,https://www.instagram.com/cadre_scco/,https://www.facebook.com/cadrescco,,https://www.threads.com/@cadre_scco,,
372,College Access Plan,California Nonprofit ,871 E. Washington Blvd. Suite 207 ,Pasadena,CA,Los Angeles County,http://www.collegeaccessplan.org/,,,https://collegeaccessplan.org/contact/ ,,,https://www.facebook.com/collegeaccessplan,,,,
373,"College Access, Readiness & Success",California Nonprofit ,46-E Peninsula Center Dr 23368 ,Rolling Hills Estates,CA,Los Angeles County,http://www.carsla.org/,info@carsla.org,,,https://www.linkedin.com/company/college-access-readiness-success-cars-/,,https://www.facebook.com/CARSLosAngeles/,,,,
374,Color The Block,California Nonprofit ,7551 Freeport Blvd Suite 1072 ,Sacramento,CA,Sacramento County,https://www.colortheblock.org/,,,,,,,,,,
375,Common Counsel Foundation,California Nonprofit ,1624 Franklin Street 23 1022 ,Oakland,CA,Alameda County,http://www.commoncounsel.org/,"grantsadmin@commoncounsel.org, info@commoncounsel.org",advising@commoncounsel.org,https://www.commoncounsel.org/contact/ ,https://www.linkedin.com/company/common-counsel-foundation/about/,,,,,,
376,Common Roots Farm,California Nonprofit ,301 Golf Club Dr ,Santa Cruz,CA,Santa Cruz County,http://www.commonrootsfarm.org/,info@commonrootsfarm.org,,http://www.commonrootsfarm.org/contact ,,http://www.instagram.com/commonrootsfarmca,https://www.facebook.com/commonrootsfarm/,,,,
377,Common Sense Media,California Nonprofit ,699 8Th Street Suite 150C ,San Francisco,CA,San Francisco County,http://www.commonsense.org/,,,,https://www.linkedin.com/company/common-sense-media,https://www.instagram.com/commonsenseorg,https://www.facebook.com/commonsensemedia,,,,
378,Communities Advocating for Resident Empowerment,California Nonprofit ,531  Blvd Ste 206 ,Encinitas,CA,San Diego County,https://www.go2care.org/,,,,,,,,,,
379,Community & Employment Links,California Nonprofit ,213 Myrtle Ave Crossville Tn,,CA,,https://communityemploymentlinks.org/,,,https://communityemploymentlinks.org/contact-us ,,,,,,,
380,Community Action Alliance,California Nonprofit ,,,,,,,,,,,,,,,
381,Community Action Partnership of Orange County,California Nonprofit ,11870 Monarch St ,Garden Grove,CA,Orange County,http://www.capoc.org/,,,,,https://www.instagram.com/cap_oc/,https://www.facebook.com/CAPOC/,,,,
382,Community Action Partnership of San Luis Obispo County,California Nonprofit ,,,,,https://capslo.org/,,hotline@capslo.org,https://capslo.org/contact/ ,https://www.linkedin.com/company/capslo/?viewAsMember=true,https://www.instagram.com/communityaction_slo/,https://www.facebook.com/capslo?,,,,
383,Community Alliance with Family Farmers,California Nonprofit ,PO Box 363 ,Davis,CA,Yolo County,http://caff.org/,,evan@caff.org,https://caff.org/contact-us/ ,,https://www.instagram.com/caff_famfarms,https://www.facebook.com/famfarms,,,,18185008636
384,"Community Arts Music Association of Santa Barbara, Inc.",California Nonprofit ,2060 Alameda Padre Serra Suite 201 ,Santa Barbara,CA,Santa Barbara County,http://www.camasb.org/,info@camasb.org,,https://www.camasb.org/contact/ ,,https://www.instagram.com/reel/DWmYwbQD8uI/,https://www.facebook.com/camasb/,,,,
385,Community Associations Institute Greater Los Angeles Chapter,California Nonprofit ,16921 Parthenia St Ste 303 ,Northridge,CA,,http://www.cai-glac.org/,,memberservices@cai-glac.org,,https://www.linkedin.com/company/1076047/,https://www.instagram.com/caiglac/%20%20,https://www.facebook.com/caiglac%20%20,,,,
386,Community Bridges,California Nonprofit ,,,,,https://communitybridges.org/,info@cbridges.org,,,,,https://www.facebook.com/CommunityBridgesSC,,,,13237509087
387,Community Center for the Blind and Visually Impaired,California Nonprofit ,2453 Grand Canal Blvd. Suite 23 5 ,Stockton,CA,San Joaquin County,http://www.communitycenterfortheblind.org/,info@communitycenterfortheblind.org,,,,,https://www.facebook.com/CCBVI,,,,
388,Community Coalition,California Nonprofit ,8101 S. Vermont Ave ,Los Angeles,CA,Los Angeles County,http://www.cocosouthla.org/,,,,,https://www.instagram.com/cocosouthla/,https://www.facebook.com/CoCoSouthLA,,,,
389,Community Development Services Inc,California Nonprofit ,,,,,http://cdservicesinc.org/,Info@communitydevelopmentservicesinc.org,,https://communitydevelopmentservicesinc.org/contact-us/ ,,,,,,,
390,Community Education Partnerships,California Nonprofit ,2201 Broadway Suite M8 ,Oakland,CA,Alameda County,http://www.cep.ngo/,info@cep.ngo,"mikah@cep.ngo, jahmillah@cep.ngo, tsing@cep.ngo, jacqueline@cep.ngo, martha@cep.ngo, halle@cep.ngo",,,,,,,,
391,Community Empowerment Health Education Project,California Nonprofit ,,,,,https://www.cehep.org/,,,https://www.cehep.org/contact ,http://www.linkedin.com/in/community-empowerment-health-education-project-cehep-694242361,,,,,,
392,Community Engaged Payee Support (CEPS),California Nonprofit ,PO Box 41639 ,Sacramento,CA,Sacramento County,http://www.cepsonline.org/,,,,,,,,,,
393,"Community Environmental Council, Inc.",California Nonprofit ,1219 State Street Suite A ,Santa Barbara,CA,Santa Barbara County,http://www.cecsb.org/,,,http://www.cecsb.org/contact-us ,https://www.linkedin.com/company/cecsb,,,,,,15302053845
394,Community Foundation of Mendocino County,California Nonprofit ,204 S Oak St ,Ukiah,CA,Mendocino County,http://www.communityfound.org/,info@communityfound.org,,https://communityfound.org/contact-us/ ,,,,,,,15302053845
395,Community Foundation of Nevada County,California Nonprofit ,200 Litton Drive Suite 226 ,Grass Valley,CA,Nevada County,https://nevcofoundation.org/,"info@nevcofoundation.org, director@cnlsierra.org",lorilifecoach@sbcglobal.net,https://nevcofoundation.org/contact/ ,https://www.linkedin.com/company/the-community-foundation-of-nevada-county,,https://www.facebook.com/profile.php?id=61552316662461,,,,831.662.2000
396,Community Foundation of Nevada County,California Nonprofit ,200 Litton Drive Suite 226 ,Grass Valley,CA,Nevada County,https://nevcofoundation.org/,"info@nevcofoundation.org, director@cnlsierra.org",lorilifecoach@sbcglobal.net,https://nevcofoundation.org/contact/ ,https://www.linkedin.com/company/the-community-foundation-of-nevada-county,,https://www.facebook.com/profile.php?id=61552316662461,,,,909.566.2555
397,Community Foundation Santa Cruz County,California Nonprofit ,7807 Soquel Dr ,Aptos,CA,,http://www.cfscc.org/,,,https://www.cfscc.org/contact ,http://www.linkedin.com/company/community-foundation-santa-cruz-county,,https://www.facebook.com/CFSantaCruzCounty/,,,,
398,Community Health Association Inland Southern Region,California Nonprofit ,621 E. Carnegie Drive Suite 180 ,San Bernardino,CA,San Bernardino County,http://chaisr.org/,,,,https://www.linkedin.com/in/we-are-chaisr-b14b7518a,https://www.instagram.com/wearechaisr/,https://www.facebook.com/profile.php?id=100071116610336,https://x.com/WeAreCHAISR,,,4152307700
399,Community Health Partnership of Santa Clara County,California Nonprofit ,408 N Capitol Ave ,San Jose,CA,Santa Clara County,http://www.chpscc.org/,info@chpscc.org,,http://www.chpscc.org/contact/ ,,https://www.instagram.com/chpscc/,https://www.facebook.com/communityhealthpartnership,,,,
400,Community Initiatives,California Nonprofit ,1000 Broadway Suite 480 ,Oakland,CA,Alameda County,http://communityinitiatives.org/,info@communityinitiatives.org,,https://communityinitiatives.org/contact/ ,https://www.linkedin.com/company/community-initiatives/,https://www.instagram.com/community.initiatives/,https://www.facebook.com/communityinitiatives/,,,https://bsky.app/profile/communityinitiatives.org,7145715200
401,Community Institute for Psychotherapy,California Nonprofit ,1330 Lincoln Ave Ste 201 ,San Rafael,CA,Marin County,http://www.cipmarin.org/,admin@cipmarin.org,,https://cipmarin.org/contact-us/ ,,,https://www.facebook.com/communityinstituteforpsychotherapy/,,,,8314715184
402,Community Legal Aid SoCal,California Nonprofit ,2101 N. Tustin Ave ,Santa Ana,CA,Orange County,https://www.communitylegalsocal.org/,,,https://www.communitylegalsocal.org/contact-us/ ,https://www.linkedin.com/company/19010661,https://www.instagram.com/cla_socal/,https://www.facebook.com/CommunityLegalAidSoCal/,,,,
403,Community Music School of Santa Cruz,California Nonprofit ,PO Box 531 ,Santa Cruz,CA,Santa Cruz County,http://communitymusicschool.org/,info@communitymusicschool.org,,,,https://www.instagram.com/communitymusicschoolsc/,https://www.facebook.com/communitymusicschoolsantacruz/,,,,9516987650
404,Community Nature Connection,California Nonprofit ,570 W. Ave 26 Ste 100 ,Los Angeles,CA,Los Angeles County,https://www.communitynatureconnection.org/,info@communitynatureconnection.org,comms@communitynatureconnection.org,,,https://www.instagram.com/communitynatureconnection/,https://www.facebook.com/communitynatureconnection/,,,,
405,Community Outreach Ministry,California Nonprofit ,23905 Clinton Keith Road Suite 114 23116 ,Wildomar,CA,Riverside County,http://www.communityoutreachministry.org/,info@communityoutreachministry.org,,https://communityoutreachministry.org/contact/ ,,https://www.instagram.com/communityoutreachministry/,https://www.facebook.com/CommunityOutreachMinistry,,,,
406,Community Partners,California Nonprofit ,1000. N. Alameda Street Suite 240 ,Los Angeles,CA,Los Angeles County,http://www.communitypartners.org/,,,https://www.communitypartners.org/contact-us/ ,https://www.linkedin.com/company/community-partners/,,,,,,17072530376
407,Community Resource Project,California Nonprofit ,,,,,https://www.communityresourceproject.org/,,,,https://www.linkedin.com/company/community-resource-project/?viewAsMember=true,,https://www.facebook.com/CommunityResourceProject/,,,,
408,Community Resources for Children,California Nonprofit ,3299 Claremont Way Ste 1 ,Napa,CA,Napa County,http://www.crcnapa.org/,info@crcnapa.org,,https://crcnapa.org/contact/ ,,https://www.instagram.com/CRCNAPA/,https://www.facebook.com/CommunityResourcesforChildren/,,,,
409,Community Service Solutions,California Nonprofit ,PO Box 346 ,Coleville,CA,,http://www.csssolutions.org/,,ihss@csssolutions.org,,,https://www.instagram.com/communityservicesolutions/?hl=en,https://www.facebook.com/csssolutions.org,,,,9163687314
410,Community Services Agency of Mountain View,California Nonprofit ,204 Stierlin Rd ,Mountain View,CA,Santa Clara County,http://www.csacares.org/,,,,,,,,,,
411,Community Spay Neuter Clinic,California Nonprofit ,3839 Bradshaw Road ,Sacramento,CA,Sacramento County,http://www.communityspayneuter.com/,,,,,https://www.instagram.com/csn_sacramento/,https://www.facebook.com/csncSac/,,,,
412,Community Television of Santa Cruz County,California Nonprofit ,PO Box 8352 ,Santa Cruz,CA,Santa Cruz County,http://www.communitytv.org/,,,https://communitytv.org/contact-information/ ,,,https://www.facebook.com/CTVsantacruzcounty,,,,
413,Community Vision Capital & Consulting,California Nonprofit ,870 Market St Ste 677 ,San Francisco,CA,San Francisco County,http://www.ncclf.org/,info@communityvisionca.org,media@communityvisionca.org,http://www.ncclf.org/contact-us ,https://www.linkedin.com/company/communityvisionca/,https://www.instagram.com/communityvisionca/,https://www.facebook.com/CommunityVisionCC/,,,,
414,Community Youth Ministries,California Nonprofit ,1592 11Th St Ste E ,Reedley,CA,Fresno County,http://www.cymreedley.org/,info@cym.us,,https://www.cym.us/contact ,https://www.linkedin.com/company/community-youth-ministries,https://www.instagram.com/community_youth_ministries/,https://www.facebook.com/Community-Youth-Ministries-105979918676079,,,,
415,"Community, Action, Service, & Advocacy (CASA)",California Nonprofit ,,,,,http://www.casaneighborhoods.org/,,,,,https://www.instagram.com/casaneighborhoods/?hl=en,https://www.facebook.com/casaneighborhood/,,,,
416,Companions in Waiting Rescue & Adoption,California Nonprofit ,PO Box 213 ,Half Moon Bay,CA,San Mateo County,http://www.companionsinwaiting.org/,,companionsinwaiting@yahoo.com,,,,,,,,
417,Compassion Institute,California Nonprofit ,PO Box 967 ,Half Moon Bay,CA,San Mateo County,http://compassioninstitute.com/,info@compassioninstitute.com,courageousheart@compassioninstitute.com,,,,,,,,
418,Comunidades Indigenas En Liderazgo,California Nonprofit ,4318 S Main St ,Los Angeles,CA,Los Angeles County,http://mycielo.org/,,,https://mycielo.org/contact/ ,,https://www.instagram.com/reel/DWjzWsjD0qh/,,,,,
419,ConAmor Building Bridges,California Nonprofit ,PO Box 1573 ,Twain Harte,CA,,https://b-conamor.org/,info@b-conamor.org,,https://b-conamor.org/contact/ ,,,,,,,8054103497
420,Concerned Resource and Environmental Workers,California Nonprofit ,,,,,http://crewojai.org/,,,https://www.crewojai.org/contact ,,https://www.instagram.com/thecrewojai/,https://www.facebook.com/TheOjaiCREW/,,,,
421,Conejo Schools Foundation,California Nonprofit ,1336 Moorpark Road 23279 ,Thousand Oaks,CA,Ventura County,http://www.conejoschools.org/,,foundation@conejoschools.org,,,https://www.instagram.com/conejoschoolsfdn/,https://www.facebook.com/pages/Conejo-Schools-Foundation/113004050880?ref=ts,,,,
422,Conflict Resolution Center of Santa Cruz County,California Nonprofit ,614 Ocean St ,Santa Cruz,CA,Santa Cruz County,http://crcsantacruz.org/,,,http://crcsantacruz.org/contact.html ,https://www.linkedin.com/company/conflict-resolution-center-of-santa-cruz-county,https://www.instagram.com/santacruzcrc/,https://www.facebook.com/ConflictResolutionCenterofSantaCruzCounty/,,,,4082573333
423,"Confronting Domestic Violence, Inc.",California Nonprofit ,9921 Carmel Mountain Rd 23309 ,San Diego,CA,San Diego County,https://confrontingdomesticviolence.org/,,,,https://www.linkedin.com/company/confrontingdv,https://www.instagram.com/confronting_dv/,https://www.facebook.com/ConfrontingDV,,,,
424,Congregation Beth David,California Nonprofit ,19700 Prospect Rd ,Saratoga,CA,Santa Clara County,http://www.beth-david.org/,,"krispin@beth-david.org, cosgrave@beth-david.org, crocker@beth-david.org, rabbiroller@beth-david.org, pressman@beth-david.org, rabbikunin@beth-david.org",https://beth-david.org/contact-us/ ,,https://www.instagram.com/congregationbethdavid/,https://www.facebook.com/bethdavidonline,,,,
425,Congregations Organized for Prophetic Engagement,California Nonprofit ,1505 W Highland Ave Ste 1 ,San Bernrdno,CA,,http://www.copesite.org/,,lking@copesite.org,https://copesite.org/about-us/contact/ ,,,,,,,
426,Connected to Lead,California Nonprofit ,PO Box 3231 ,Gardena,CA,Los Angeles County,https://connectedtolead.org/,,,,,,,,,,
427,Connecting to Care,California Nonprofit ,3330 Churn Creek Road Suite D5 ,Redding,CA,Shasta County,http://www.connectingtocare.org/,,,https://connectingtocare.org/contact-us/ ,,,,,,,6196961166
428,Connections 4 Friends,California Nonprofit ,,,,,http://connections4friends.wixsite.com/my-site,,,,,,,https://www.wix.com/lpviral/enviral?utm_campaign=vir_wixad_live&adsVersion=banner_2024&orig_msid=aa99f552-cce6-4d9b-96f0-a304175f7068&orig_msid=d0de425c-4423-411d-9200-08e0671963a7&adsVersion=banner_2024,,,
429,Consumer Attorneys of San Diego,California Nonprofit ,2535 Camino Del Rio S Ste 345 ,San Diego,CA,San Diego County,http://www.casd.org/,,casd@casd.org,https://www.casd.org/?pg=contactus ,https://www.linkedin.com/company/trivant/,,,,,,19256097900
430,"Contenta Collaborative, Inc",California Nonprofit ,,,,,http://www.contentatherapy.org/,,julianne@contentatherapy.org,,,,,,,,5102154670
431,Contra Costa Senior Legal Services,California Nonprofit ,2702 Clayton Rd 23202 ,Concord,CA,Contra Costa County,http://ccsls.org/,info@ccsls.org,,https://www.ccsls.org/about/contact/ ,https://www.linkedin.com/company/contra-costa-senior-legal-services,https://www.instagram.com/ccsls2702/,https://www.facebook.com/p/Contra-Costa-Senior-Legal-Services-100057310035661/,,,,
432,Contra Costa Youth Service Bureau,California Nonprofit ,,,,,http://wccysb.org/,info@wccysb.org,,,https://www.linkedin.com/company/ccysb-collaborations/,https://www.instagram.com/ccysb_collaborations/,https://www.facebook.com/ccysb.collaborations,https://taggbox.com,,,
433,CONTRA-TIEMPO,California Nonprofit ,4490 Don Miguel Drive ,Los Angeles,CA,Los Angeles County,http://www.contra-tiempo.org/,admin@contra-tiempo.org,,,,https://www.instagram.com/contra_tiempo/,https://www.facebook.com/CONTRA-TIEMPO-154541904616550,,,,
434,Cooper Housing Institute,California Nonprofit ,17782 Skypark Circle ,Irvine,CA,Orange County,https://cooperhousinginstitute.org/,,,,https://www.linkedin.com/company/cooper-housing-institute/,,,,,,707.252.1123
435,Cooperacion Santa Ana,California Nonprofit ,1505 E 17Th Ste 117 ,Santa Ana,CA,Orange County,https://www.cooperacionsantaana.org/,,,,,,,,,,
436,Cope Family Center,California Nonprofit ,707 Randolph St ,Napa,CA,Napa County,http://www.copefamilycenter.org/,hello@copefamilycenter.org,,https://copefamilycenter.org/contact-us/ ,https://www.linkedin.com/company/cope-family-center,https://www.instagram.com/copefamilycenter/,https://www.facebook.com/CopeFamilyCenter,,,,
437,CORA (Community Overcoming Relationship Abuse),California Nonprofit ,2211 Palm Avenue ,San Mateo,CA,San Mateo County,http://www.corasupport.org/,info@corasupport.org,media@corasupport.org,,,,,,,,
438,Corazón Latino,California Nonprofit ,,,,,http://www.corazonlatino.org/,,,http://www.corazonlatino.org/#contact ,,,,,,,
439,CORE Districts,California Nonprofit ,2014 Capitol Ave Suite 100 234014 ,Sacramento,CA,Sacramento County,http://www.coredistricts.org/,,,,https://www.linkedin.com/company/core-districts/,,,,,,
440,Cornerstone Theater Company,California Nonprofit ,PO Box 412587 ,Los Angeles,CA,Los Angeles County,http://www.cornerstonetheater.org/,info@cornerstonetheater.org,,,,,,,,,
441,Correctional Institutions Chaplaincy of Santa Clara County,California Nonprofit ,PO Box 360068 ,Milpitas,CA,Santa Clara County,http://www.cicministries.org/,,,,https://www.linkedin.com/company/cicministries,,https://www.facebook.com/CICministries/,,,,988
442,Council for Watershed Health,California Nonprofit ,177 E Colorado Blvd Suite 200 ,Pasadena,CA,Los Angeles County,http://www.watershedhealth.org/,info@watershedhealth.org,,https://www.watershedhealth.org/contact-us ,https://www.linkedin.com/company/council-for-watershed-health/mycompany/,https://www.instagram.com/watershedhealth/,https://www.facebook.com/CouncilforWatershedHealth/?fref=nf,,,,
443,Counseling And Support Services For Youth,California Nonprofit ,544 Valley Way ,Milpitas,CA,Santa Clara County,https://cassybayarea.org/,,,,https://www.linkedin.com/company/cassy/,https://www.instagram.com/cassybayarea,https://www.facebook.com/CASSYBayArea/,,,,7075656375
444,Counseling4Kids,California Nonprofit ,225 W. Broadway Ste 155 ,Glendale,CA,Los Angeles County,http://www.counseling4kids.org/,info@counseling4kids.org,,,https://www.linkedin.com/company/counseling4kidsinc/?viewAsMember=true,https://www.instagram.com/counseling4kids?igsh=NTc4MTIwNjQ2YQ==,https://www.facebook.com/profile.php?id=100077891101072&mibextid=LQQJ4d,,,,3239374230
445,Court Appointed Special Advocates of Sonoma County,California Nonprofit ,PO Box 1418 ,Kenwood,CA,,http://www.sonomacasa.org/,info@sonomacasa.org,,https://www.sonomacasa.org/contact/ ,https://www.linkedin.com/company/casa-of-sonoma-county,https://www.instagram.com/casasonomacounty/?hl=en,https://www.facebook.com/CASAofSonomaCounty,,,,
446,Craft Contemporary,California Nonprofit ,5814 Wilshire Blvd ,Los Angeles,CA,Los Angeles County,http://www.craftcontemporary.org/,info@craftcontemporary.org,,https://www.craftcontemporary.org/contact/ ,,https://www.instagram.com/craftcontemporary/,https://www.facebook.com/CraftContemporary/,,,,
447,"Creative Educators International Network, Inc.",California Nonprofit ,798 Nw 12Th Ave Boca Raton Fl,,CA,,https://www.linkedin.com/in/terrycreatevalue/,,,,https://www.linkedin.com/legal/user-agreement?trk=seo-authwall-base_join-form-user-agreement,,,,,,
448,Creative Netwerk,California Nonprofit ,PO Box 22960 ,Santa Barbara,CA,Santa Barbara County,https://www.creativenetwerk.org/,,movement@creativenetwerk.org,,,https://www.instagram.com/p/DDFrsA_vGol/,,,,,
449,CS Fund,California Nonprofit ,245 Kentucky Street Suite E ,Petaluma,CA,Sonoma County,http://www.csfund.org/,,,,,,,,,,
450,Cultivating Beloved Community,California Nonprofit ,,,,,http://cultivatingbelovedcommunity.org/,,,,,,,,,,3108424220
451,Cultivating Services and  Beyond,California Nonprofit ,,,,,https://www.cultivatingservicesbeyond.com/,,,,,https://www.instagram.com/csbconnect?igsh=OGQ5ZDc2ODk2ZA%3D%3D&utm_source=qr,https://www.facebook.com/wix,,,,
452,Culver City Education Foundation,California Nonprofit ,PO Box 4178 ,Culver City,CA,Los Angeles County,https://ccef4schools.org/,,ccef@ccusd.org,https://ccef4schools.org/contact-us/ ,,https://www.instagram.com/ccef4schools/?hl=en,https://www.facebook.com/CulverEd,https://www.netflix.com/,,,18442173057
453,CxT Discovery,California Nonprofit ,676 Clipper Street Unit 2 ,San Francisco,CA,San Francisco County,https://cxtdiscovery.org/,info@cxtdiscovery.org,,,https://www.linkedin.com/company/cxt-discovery,,,,,,
454,Cyber-Seniors,California Nonprofit ,6230 Wilshire Blvd Ste A Pmb 2241 ,Los Angeles,CA,Los Angeles County,https://cyberseniors.org/,info@cyberseniors.org,"charlene@cyberseniors.org, macaulee@cyberseniors.org, lukas@cyberseniors.org",https://cyberseniors.org/contact/ ,,https://www.instagram.com/cyberseniors/,https://www.facebook.com/CyberSeniorsDocumentary/,,,,
455,Dana Adobe Nipomo Amigos,California Nonprofit ,671 S Oak Glen Ave ,Nipomo,CA,,http://www.danaadobe.org/,,dana@danaadobe.org,,,https://www.instagram.com/danaadobe/?hl=en,https://www.facebook.com/DanaAdobe/,,,,
456,Daniel Jonathan Fuller Memorial Fund,California Nonprofit ,,,,,http://djfullermemorialfund.org/,,,https://djfullermemorialfund.org/contact/ ,,,,,,,
457,Daniel Pearl Foundation,California Nonprofit ,,,,,http://www.danielpearl.org/,,,,,,https://www.facebook.com/DanielPearlFoundation/,,,,
458,Davis Media Access,California Nonprofit ,1623 Fifth Street Ste A ,Davis,CA,Yolo County,http://davismedia.org/,,,http://davismedia.org/contact ,,,https://www.facebook.com/cantaliers/,,,,
459,DBSA San Diego,California Nonprofit ,,,,,,,,,,,,,,,
460,De Colores Resource Center Inc.,California Nonprofit ,PO Box 348322 ,Sacramento,CA,Sacramento County,http://decolores.org/,,HealthEquity@decolores.org,,,,,,,,
461,Deaf Plus Adult Community,California Nonprofit ,5437 Central Ave. 23 4 ,Newark,CA,Alameda County,http://www.deafplus.us/,,,,,https://www.instagram.com/dpacnc/,https://www.facebook.com/DeafPlusAdultCommunity,,,,
462,DeafHope,California Nonprofit ,256 24Th St. ,Richmond,CA,Contra Costa County,http://deaf-hope.org/,,deafhope@deaf-hope.org,,,http://www.instagram.com/Deaf_Hope,https://www.facebook.com/DeafHope,,,,
463,Death Penalty Focus,California Nonprofit ,500 Capitol Mall Suite 2350 ,Sacramento,CA,Sacramento County,http://www.deathpenalty.org/,,,,,https://www.instagram.com/deathpenaltyfocus/,https://www.facebook.com/deathpenaltyfocus,,,,8004788564
464,Death Valley Conservancy,California Nonprofit ,PO Box 566 ,Death Valley,CA,,http://www.dvconservancy.org/,info@dvconservancy.org,,https://www.dvconservancy.org/contact/ ,,,https://www.facebook.com/ryancampdv,,,,4246034586
465,Death Valley Natural History Association,California Nonprofit ,PO Box 188 ,Death Valley,CA,,http://www.dvnha.org/,,memberships@dvnha.org,https://dvnha.org/contact-us-2/ ,,,,,,,
466,Decro Corporation,California Nonprofit ,3431 Wesley Street Suite F ,Culver City,CA,Los Angeles County,http://www.decro.org/,info@decro.org,,,https://www.linkedin.com/company/the-decro-group/,,,,,,
467,Delirium Musicum,California Nonprofit ,850 N. Alexandria Avenue ,Los Angeles,CA,Los Angeles County,http://deliriummusicum.com/,,,http://deliriummusicum.com/contact ,,https://www.instagram.com/deliriummusicum/,https://www.facebook.com/DeliriumMusicum/,https://ci.ovationtix.com/35353/production/1218834?performanceId=11721958,,,17603755591
468,Delta Sculling Center,California Nonprofit ,,,,,https://deltasculling.org/,info@deltasculling.org,pltirone@deltasculling.org,https://deltasculling.org/contact/ ,,https://www.instagram.com/deltasculling,https://www.facebook.com/DeltaScullingCenter/,,,,
469,Desert Area Resources & Training,California Nonprofit ,201 E.  ,Ridgecrest,CA,Kern County,http://www.dartontarget.org/,info@dartontarget.org,,,,,https://www.facebook.com/DesertAreaResourcesandTraining,,,,
470,Desert X,California Nonprofit ,PO Box 4050 ,Palm Springs,CA,Riverside County,http://www.desertx.org/,info@desertx.org,,,,https://www.instagram.com/_desertx,https://www.facebook.com/DesertX/,,,,
471,Dextra Baldwin McGonagle Foundation,California Nonprofit ,2060D East Avenida De Los Arboles 23341 ,Thousand Oaks,CA,Ventura County,https://thedbmfoundation.com/,,ian@thedbmfoundation.com,https://thedbmfoundation.com/contact-us ,,,,,,,
472,di Rosa Center for Contemporary Art,California Nonprofit ,5200 Sonoma Hwy ,Napa,CA,Napa County,http://www.dirosaart.org/,admin@dirosaart.org,"education@dirosaart.org, events@dirosaart.org, visit@dirosaart.org, curatorial@dirosaart.org, gonzalo.magdaleno@dirosaart.org, development@dirosaart.org, marketing@dirosaart.org",,,https://www.instagram.com/dirosaart/,https://www.facebook.com/dirosaart/,,,,15106442555
473,Dignity & Design Institute,California Nonprofit ,,,,,https://www.dignityanddesigninstitute.org/,info@dignityanddesigninstitute.org,media@dignityanddesigninstitute.org,,https://www.google.com/url?q=https%3A%2F%2Fwww.linkedin.com%2Fcompany%2Fdiginity-design-institute%2F%3FviewAsMember%3Dtrue&sa=D&sntz=1&usg=AOvVaw0BoTRlQuEscEM5P0C2g5me,,,,,,
474,Disability Rights Education & Defense Fund,California Nonprofit ,3075 Adeline Street Suite 210 ,Berkeley,CA,Alameda County,https://dredf.org/,info@dredf.org,"iephelp@dredf.org, webmaster@dredf.org, media@dredf.org, sfreundlich@dredf.org",https://dredf.org/contact-us/ ,https://www.linkedin.com/company/disability-rights-education-and-defense-fund/,https://www.instagram.com/dredf1979/,https://www.facebook.com/DREDF.org,,,https://bsky.app/profile/dredf.bsky.social,18056445428
475,Disabled Sports Eastern Sierra,California Nonprofit ,PO Box 7275 ,Mammoth Lakes,CA,Mono County,http://www.disabledsportseasternsierra.org/,,,,,,,,,,
476,Diversity Collective Ventura County,California Nonprofit ,2471Portola Rd Ste 100 ,Ventura,CA,Ventura County,https://www.diversitycollectivevc.org/,"info@diversitycollective.org, info@thetransverse.net","celia@diversitycollective.org, roland@diversitycollective.org, luis@diversitycollective.org, sexpositive805@gmail.com, unique@diversitycollective.org, AJ@diversitycollective.org, pflag@tcote.org",https://www.diversitycollectivevc.org/about/#contact ,,https://www.instagram.com/_diversitycollective/,https://www.facebook.com/diversitycollectivevc/,,,,
477,Diversity in Leadership Institute,California Nonprofit ,PO Box 180114 ,Los Angeles,CA,Los Angeles County,http://www.diversityinleadership.org/,info@diversityinleadership.org,,http://www.diversityinleadership.org/contact ,https://www.linkedin.com/company/diversity-in-leadership-institute/,https://www.instagram.com/dil_institute/,https://www.facebook.com/DILInstitute/,,,,
478,Divine Truth Unity Fellowship Church dba Unity Fellowship Social Justice Ministries,California Nonprofit ,3540 S Northshore Drive ,Ontario,CA,San Bernardino County,https://www.facebook.com/ufsjm/,,,,,,https://www.facebook.com/login/device-based/regular/login/?login_attempt=1&next=https%3A%2F%2Fwww.facebook.com%2Fufsjm%2F,,,,8059645245
479,Diving for a Cause,California Nonprofit ,3034 Mcgarvey Ave ,Redwood City,CA,San Mateo County,http://www.divingforacause.org/,,,,,,,,,,
480,Domestic Violence Solutions for Santa Barbara County,California Nonprofit ,,,,,http://www.dvsolutions.org/,info@dvsolutions.org,,,https://www.linkedin.com/company/domestic-violence-solutions/,https://www.instagram.com/dvs.sb/,https://www.facebook.com/DomesticViolenceSolutions,,,,9098661546
481,Doorway To Change Foundation,California Nonprofit ,PO Box 823 ,Yorba Linda,CA,Orange County,https://www.doorwaytochange.org/,,,,,,,//www.wix.com/?utm_campaign=vir_error_page,,,
482,"DOVES of Big Bear Valley, Inc.",California Nonprofit ,41943 Big Bear Blvd. ,Big Bear Lake,CA,San Bernardino County,http://www.doves4help.org/,info@doves4help.org,,,,http://www.instagram.com/doves4help,https://www.facebook.com/DOVES4HELP/,,,,
483,Down Syndrome Association of Orange County,California Nonprofit ,,,,,https://www.dsaoc.org/,"bikecamp@dsaoc.orgsubject=2026 OC Bike Camp Information, admin@dsaoc.orgsubject=Sign me up for emails, admin@dsaoc.orgsubject=Please Add Me to Your Email List",,https://www.dsaoc.org/contactus.html ,,https://www.instagram.com/dsaoc/,https://www.facebook.com/dsaocdads,,,,
484,Downtown Brentwood Coalition,California Nonprofit ,,,,,https://www.brentwooddowntown.com/,,,https://downtownbrentwood.com/contact/ ,,https://www.instagram.com/downtownbrentwood/,https://www.facebook.com/DowntownBrentwood,,,,
485,Dream Live Hope Foundation,California Nonprofit ,340 E. Kelso St. ,Inglewood,CA,Los Angeles County,https://www.dreamlivehope.org/,,,https://www.dreamlivehope.org/contact-us-1 ,,https://www.instagram.com/dreamlivehopefoundation/,https://www.facebook.com/Dream-Live-Hope-Foundation-106145988432167,,,,
486,Dream Machine Innovation Lab,California Nonprofit ,PO Box 27517 ,Los Angeles,CA,Los Angeles County,https://www.dreammachine.org/,,,,https://www.linkedin.com/company/dream-machine-innovation-lab/posts/?feedView=all,https://www.instagram.com/wearedreammachine/,,,,,4153620034
487,Dreamzilla,California Nonprofit ,,,,,http://dreamzilla.org/,,,http://dreamzilla.org//pages/contact ,,,,,,,
488,Dress for Success San Francisco,California Nonprofit ,,,,,https://sanfrancisco.dressforsuccess.org/,,,,https://www.linkedin.com/company/dress-for-success-san-francisco/,https://www.instagram.com/p/DWrjylolCQl/,https://www.facebook.com/dfssanfrancisco,,,,9517775802
489,Driveway Follies,California Nonprofit ,3900 Greenwood Ave ,Oakland,CA,Alameda County,http://www.drivewayfollies.org/,info@drivewayfollies.org,,,,https://www.instagram.com/drivewayfollies/,https://www.facebook.com/DrivewayFollies,,,,
490,DUC Learning Center,California Nonprofit ,1401 21St Street Ste R ,Sacramento,CA,Sacramento County,http://duclearningcenter.org/,,Duclearningcenter.olucas@gmail.com,http://duclearningcenter.org/contact-us ,,https://www.instagram.com/duc_learning_center?igsh=NTc4MTIwNjQ2YQ==,https://www.facebook.com/profile.php?id=61560177284116,,,,
491,EARTH DISCOVERY INSTITUTE,California Nonprofit ,120 North Park Drive ,El Cajon,CA,San Diego County,http://earthdiscovery.org/,info@earthdiscovery.org,,https://www.earthdiscovery.org/contact ,,https://www.instagram.com/EDIExplorers,https://www.facebook.com/EDIExplorers,,,,
492,Earth Innovation Institute,California Nonprofit ,2111 San Pablo Avenue 232739 ,Berkeley,CA,Alameda County,http://www.earthinnovation.org/,,,http://www.earthinnovation.org//about/contact ,https://www.linkedin.com/company/earth-innovation-institute/?trk=biz-companies-cym,,https://www.facebook.com/Earth.Innovation/,,,,
493,Earth Island Institute,California Nonprofit ,,,,,https://www.earthisland.org/,,Carrie@earthisland.org,https://www.earthisland.org//index.php/contact ,https://www.linkedin.com/company/earth-island-institute/,https://www.instagram.com/earth_island_institute/,https://www.facebook.com/EarthIslandInstitute,,,,5105484040
494,East Bay Alliance for a Sustainable Economy,California Nonprofit ,360 14Th Street 4Th Floor ,Oakland,CA,Alameda County,http://www.workingeastbay.org/,,,,,,,,,,
495,East Bay Community Law Center,California Nonprofit ,2921 Adeline Street ,Berkeley,CA,Alameda County,https://ebclc.org/,info@ebclc.org,communications@ebclc.org,https://ebclc.org/contact-us/ ,https://www.linkedin.com/company/east-bay-community-law-center/,https://www.instagram.com/eastbayclc/,https://www.facebook.com/ebclc/,,,,
496,East European Folklife Center,California Nonprofit ,841 Villa Way ,Arcata,CA,Humboldt County,http://www.eefc.org/,,office@eefc.org,https://eefc.org/contact/ ,,https://www.instagram.com/eefc_org/,https://www.facebook.com/eefc.org,,,,
497,Eastern Sierra Community Housing (formerly Mammoth Lakes Housing),California Nonprofit ,PO Box 260 ,Mammoth Lakes,CA,Mono County,https://eschousing.org/,,,https://eschousing.org/contact/ ,,https://www.instagram.com/eschousing,https://www.facebook.com/eschousing,,,,17608734554
498,Eastern Sierra Interpretive Association,California Nonprofit ,190 E Yaney St ,Bishop,CA,Inyo County,http://www.sierraforever.org/,,,https://sierraforever.org/contact/ ,https://www.linkedin.com/company/eastern-sierra-interpretive-association,https://www.instagram.com/_sierra_forever_,https://www.facebook.com/ESIAONLINE/,https://x.com/SierraForever,,https://bsky.app/profile/sierra4ever.bsky.social,
499,Eastern Sierra Land Trust,California Nonprofit ,250 N Fowler St ,Bishop,CA,Inyo County,http://www.eslt.org/,,,https://eslt.org/contact/ ,https://www.linkedin.com/company/eastern-sierra-land-trust/,https://www.instagram.com/easternsierralandtrust/,https://www.facebook.com/easternsierralandtrust/,,,,
500,Easterseals Southern California,California Nonprofit ,1063 Mcgaw Ave Ste 100 ,Irvine,CA,Orange County,https://www.easterseals.com/southerncal,,,https://www.easterseals.com/southerncal/contact-us ,https://www.linkedin.com/company/easterseals-southern-california,http://www.instagram.com/eastersealssocal/,https://www.facebook.com/EasterSealsSoCal,,,https://bsky.app/profile/eastersealssocal.bsky.social,
501,Eat for the Earth,California Nonprofit ,1955 Encina Dr ,Santa Cruz,CA,Santa Cruz County,https://www.eatfortheearth.org/,admin@eatfortheearth.org,,,,https://www.instagram.com/eatfortheearth2023/,https://www.facebook.com/groups/eat.for.the.earth.santa.cruz/,,,,8314265925
502,EchoHer,California Nonprofit ,,,,,http://echoher.org/,,q@echoher.org,,https://www.linkedin.com/company/echoher,https://www.instagram.com/echoherorg/,,,,,
503,Ecology Action of Santa Cruz,California Nonprofit ,877 Cedar St Ste 240 ,Santa Cruz,CA,Santa Cruz County,http://www.ecoact.org/,info@ecoact.org,,https://ecoact.org/act-now/contact ,https://www.linkedin.com/company/ecology-action,https://www.instagram.com/ecology_action/,https://www.facebook.com/ecologyaction,,,,
504,Economic Justice Fund,California Nonprofit ,1007 7Th St Floor 4 Ste 416 ,Sacramento,CA,Sacramento County,https://economicjusticefund.org/,info@economicjusticefund.org,,https://economicjusticefund.org/about-us/contact/ ,,,,,,,
505,Ecumenical Hunger Program,California Nonprofit ,2411 Pulgas Ave ,East Palo Alto,CA,San Mateo County,http://www.ehpcares.org/,info@ehpcares.org,"volunteers@ehpcares.org, donations@ehpcares.org",https://www.ehpcares.org/contact-10 ,https://www.linkedin.com/company/ecumencal-hunger-program-ehp-/,https://www.instagram.com/ehpcares1975/?hl=en,https://www.facebook.com/EcumenicalHungerProgram/,https://www.wix.com,,,5104086606
506,"Eden I&R, Inc.",California Nonprofit ,570 B St ,Hayward,CA,Alameda County,http://www.edenir.org/,,,http://www.edenir.org/http://edenir.org/contact-us/ ,,,,,,,3102159522
507,EDGE Youth Leadership,California Nonprofit ,,,,,http://edgeyl.org/,info@edgeyl.org,,,,https://www.instagram.com/edgeleaders/,https://www.facebook.com/EDGELeaders/,,,,
508,Educating Students Together,California Nonprofit ,13101 W. Washington Blvd. ,Los Angeles,CA,Los Angeles County,https://estcap.org/,,yasminde@estcap.org,,https://www.linkedin.com/company/est-black-college-tours-and-college-access/%20,https://www.instagram.com/estcollegeaccessprogram/,https://www.facebook.com/ESTcollegeaccessprogram/,,,,8184337600
509,Education Francaise de Sacramento,California Nonprofit ,PO Box 183 ,Rocklin,CA,Placer County,https://efsac.com/,,,,,,,,,,7145362514
510,Education Through Music - LA,California Nonprofit ,2501 W.  Blvd. Suite 301 ,Burbank,CA,Los Angeles County,http://etmla.org/,info@etmla.org,,https://etmla.org/contact/ ,,https://www.instagram.com/etmla/,,,,,
511,Educational Enrichment Foundation for the Arts,California Nonprofit ,1905 Main St C2Fo Apa Office ,Huntington Beach,CA,Orange County,https://eefa4arts.org/,,,,,,,,,,9163840324
512,Educational Enrichment Systems,California Nonprofit ,9620 Chesapeake Dr Suite 205 ,San Diego,CA,San Diego County,http://www.educ-enrichment.org/,,,http://www.educ-enrichment.org/contact-us ,,https://www.instagram.com/sd_eespreschools/,https://www.facebook.com/EducationalEnrichmentSystems/,,,,2096442600
513,Efficiency First California,California Nonprofit ,918 1St St. W ,Sonoma,CA,Sonoma County,http://www.efficiencyfirstca.org/,info@efficiencyfirstca.org,,https://efficiencyfirstca.org/contact/ ,https://www.linkedin.com/company/efficiency-first-california?trk=biz-companies-cym,,https://www.facebook.com/EfficiencyFirstCA/,,,,
514,El Concilio California,California Nonprofit ,445 N San Joaquin St ,Stockton,CA,San Joaquin County,http://www.elconcilio.org/,,,https://www.elconcilio.org/2about/2g-contact-us/ ,,https://www.instagram.com/elconcilioca,https://www.facebook.com/ElConcilioCA,,,,8317221224
515,El Concilio of San Mateo County,California Nonprofit ,,,,,https://www.el-concilio.org/,,"ameyalli@el-concilio.org, sofiaraquel@el-concilio.org, jocelyn@el-concilio.orgsubject=Conectemonos",https://www.el-concilio.org/contact-us ,,https://www.instagram.com/elconciliosmc/,https://www.facebook.com/ElConcilioofSanMateoCounty,,,,
516,El Pajaro Community Development Corporation,California Nonprofit ,23 E Beach St Ste 209 ,Watsonville,CA,Santa Cruz County,http://www.elpajarocdc.org/,,,http://www.elpajarocdc.org/contact-us ,,https://www.instagram.com/elpajarocdc,https://www.facebook.com/elpajarocdc/,,,,6192849281
517,El Teatro Campesino,California Nonprofit ,PO Box 1240 ,San Juan Bautista,CA,San Benito County,http://www.elteatrocampesino.com/,info@elteatrocampesino.co,"christy@elteatrocampesino.com, louisa@elteatrocampesino.co",https://elteatrocampesino.com/contact-3/ ,,,https://www.facebook.com/elteatrocampesino/,,,,
518,ElderHelp of San Diego,California Nonprofit ,5095 Murphy Canyon Rd. 23 100 ,San Diego,CA,San Diego County,http://www.elderhelpofsandiego.org/,,frontdesk@elderhelpofsandiego.org,https://elderhelpofsandiego.org/contact/ ,https://www.linkedin.com/company/elderhelp-of-san-diego/,https://www.instagram.com/elderhelpsd/,https://www.facebook.com/ElderHelp/,,,,
519,Electronic Frontier Foundation,California Nonprofit ,815 Eddy St ,San Francisco,CA,San Francisco County,http://www.eff.org/,info@eff.org,"membership@eff.org, press@eff.org, extension-devs@eff.org, activist@eff.org, hr@eff.org",,https://www.linkedin.com/company/EFF,https://www.instagram.com/efforg/,https://www.facebook.com/eff,,,https://bsky.app/profile/eff.org,
520,Elizabeth and Patrick Nash Foundation,California Nonprofit ,PO Box 663 ,Lafayette,CA,Contra Costa County,https://www.elizabethnashfoundation.org/,info@elizabethandpatricknashfoundation.org,,,,,,,,,
521,Elk Grove Writers Guild,California Nonprofit ,7413 Netherbury Court Elk Grove,Moss Landing,CA,,https://egweg.org/,,,,,,,,,,
522,Elkhorn Slough Foundation,California Nonprofit ,PO Box 267 ,Solvang,CA,,http://www.elkhornslough.org/,,,http://www.elkhornslough.org//about/contact/ ,https://www.linkedin.com/company/elkhorn-slough-foundation/,https://www.instagram.com/elkhornslough_org,https://www.facebook.com/elkhornslough/,,,,
523,Elverhoj Museum of History & Art,California Nonprofit ,1624 Elverhoy Way ,,CA,Santa Barbara County,https://elverhoj.org/,,,,,,,,,,
524,EMDAD,California Nonprofit ,,Los Angeles,,,https://emdadd.org/,,,https://emdadd.org/contact/ ,,,,,,,530%206621133
525,Emergency Network Los Angeles,California Nonprofit ,5211 E Washington Blvd Ste 232-294 ,Woodland,CA,Los Angeles County,http://enla.org/,info@enla.org,,,https://www.linkedin.com/company/emergency-network-los-angeles/,,https://www.facebook.com/profile.php?id=100026627666071,https://www.x.com/@ENLA_VOAD,,,
526,Empower Yolo,California Nonprofit ,175 Walnut St ,Fallbrook,CA,Yolo County,http://empoweryolo.org/,info@empoweryolo.org,,https://empoweryolo.org/contact-us/ ,,,,,,,4247025509
527,Empowering Latino Futures/Latino Literacy Now,California Nonprofit ,624 Hillcrest Lane ,Los Angeles,CA,,http://www.empoweringlatinofutures.org/,,,http://www.empoweringlatinofutures.org/contact-us.html ,https://www.linkedin.com/company/empowering-latino-futures,https://www.instagram.com/empoweringlatinofutures/,https://www.facebook.com/EmpoweringLatinoFutures,,,,5555555555
528,Empowher Institute,California Nonprofit ,6820 La Tijera Blvd Ste 108 ,,CA,Los Angeles County,http://www.empowher.org/,info@empowher.org,TeamEmpowher@povagency.co,https://empowher.org/contact-1/ ,https://www.linkedin.com/company/empowher-institute,,https://www.facebook.com/EmpowherOrg,,,,17606368009
529,Encino Conservancy,California Nonprofit ,,Solana Beach,,,https://encinoconservancy.org/,,,https://encinoconservancy.org/contact-us ,,,,,,,
530,End of Life Choices California,California Nonprofit ,153 S Sierra Ave 2330 ,,CA,San Diego County,http://www.endoflifechoicesca.org/,info@endoflifechoicesca.org,,https://endoflifechoicesca.org/contact-us/ ,https://www.linkedin.com/company/eolcca/?viewAsMember=true,https://www.instagram.com/p/DAEmvXKzqjV/?utm_source=ig_web_copy_link,https://www.facebook.com/endoflifechoicescalifornia/,,,,
531,Engineers & Scientists Acting Locally,California Nonprofit ,,San Diego,,,http://www.esal.us/,,,,https://www.linkedin.com/company/esal_us/,https://www.instagram.com/esal_usa,https://www.facebook.com/ESAL.usa/,,,,
532,Enlisted Leadership Foundation,California Nonprofit ,2307 Fenton Parkway 23107-208 ,Compton,CA,San Diego County,http://www.enlistedleadershipfoundation.org/,,,,,,,,,,
533,EntreNous Community Empowerment,California Nonprofit ,1108 N. Oleander Avenue ,Oakland,CA,Los Angeles County,http://www.entrenousyouth.org/,,,https://www.entrenousempower.org/about-us/contact-us/ ,https://www.linkedin.com/in/compton-youthbuild-792613117/,https://www.instagram.com/compton_youthbuild/?hl=en,https://www.facebook.com/Compton-YouthBuild-136879769820488/?fref=ts,,,,17078227711
534,Environmental Law Foundation,California Nonprofit ,1222 Preservation Park Way Suite 200 ,Arcata,CA,Alameda County,http://www.envirolaw.org/,,,,,,,,,,
535,Environmental Protection Information Center,California Nonprofit ,145 G St Ste A ,San Francisco,CA,Humboldt County,http://www.wildcalifornia.org/,,"epic@wildcalifornia.org, cecilia@wildcalifornia.org, kimberly@wildcalifornia.org, tom@wildcalifornia.org, josefina@wildcalifornia.org, matt@wildcalifornia.org, amber@wildcalifornia.org, melodie@wildcalifornia.org",https://www.wildcalifornia.org/contact ,,https://www.instagram.com/epic_wildcalifornia/,https://www.facebook.com/WildCalifornia,,,,
536,Environmental Traveling Companions,California Nonprofit ,2 Marina Blvd. Bldg. C ,Palo Alto,CA,San Francisco County,http://www.etctrips.org/,info@etctrips.org,,http://www.etctrips.org/contact/ ,https://www.linkedin.com/company/environmental-traveling-companions/,https://www.instagram.com/explore/tags/environmentaltravelingcompanions/,https://www.facebook.com/ETCtrips/,,,,
537,Environmental Volunteers,California Nonprofit ,2560 Embarcadero Way ,Moreno Valley,CA,Santa Clara County,http://www.evols.org/,,,https://www.environmentalvolunteers.org/contact-us/ ,https://www.linkedin.com/company/environmental-volunteers,https://www.instagram.com/environmentalvolunteers/,https://www.facebook.com/environmentalvolunteers/,https://evols.secure.nonprofitsoapbox.com/,,,
538,Epilepsy Education Everywhere,California Nonprofit ,25920 Iris Avenue Suite 13A-313 ,,CA,Riverside County,http://www.epilepsyed.org/,,,http://www.epilepsyed.org/http://epilepsyed.org/contact-2/ ,,,https://www.facebook.com/EpilepsyEd,,,,
539,EPIQuarterly,California Nonprofit ,,National City,,,http://www.epiquarterly.org/,,,,,,,,,,
540,Episcopal Community Services,California Nonprofit ,401 Mile Of Cars Way Suite 350 ,Oakland,CA,San Diego County,http://www.ecscalifornia.org/,,"twhipple@ecscalifornia.org, awilkerson@ecscalifornia.org",http://www.ecscalifornia.org/contact-us ,https://www.linkedin.com/company/episcopal-community-services,https://www.instagram.com/ecssandiego/,https://www.facebook.com/ecscaliforniasd/,,,https://bsky.app/profile/ecssandiego.bsky.social,
541,Equal Justice Society,California Nonprofit ,1901 Harrison Street Suite 1100 ,San Francisco,CA,Alameda County,http://www.equaljusticesociety.org/,info@equaljusticesociety.org,,https://equaljusticesociety.org/contact/ ,,https://www.instagram.com/equaljusticesociety/,https://www.facebook.com/equaljusticesociety,,,,
542,Equal Rights Advocates,California Nonprofit ,611 Mission St. 4Th Floor ,Los Angeles,CA,San Francisco County,http://www.equalrights.org/,,"era@emccommunications.com, development@equalrights.org",https://www.equalrights.org/contact/ ,https://www.linkedin.com/company/equal-rights-advocates/,https://www.instagram.com/equalrightsadv/,https://www.facebook.com/EqualRightsAdvocates,,,,
543,Equality California,California Nonprofit ,555 W 5Th Street 35Th Floor ,,CA,Los Angeles County,https://www.eqca.org/,,press@eqca.org,https://www.eqca.org//about/#contact-us/ ,,,https://www.facebook.com/share.php?u=https://www.eqca.org/,,,,
544,Equine Dream Fulfillment Project,California Nonprofit ,,Fortuna,,,,,,,,,,,,,
545,ERV Community Center Foundation,California Nonprofit ,3000 Newburg Rd Ste C ,Escondido,CA,Humboldt County,http://glccenter.org/,,,,,,,,,,
546,Escondido Creek Conservancy,California Nonprofit ,PO Box 460791 ,Sacramento,CA,San Diego County,http://www.escondidocreek.org/,information@escondidocreek.org,,,,https://www.instagram.com/escondido_creek_conservancy/,https://www.facebook.com/escondidocreekconservancy/,,,,
547,Esperanto-USA,California Nonprofit ,2014 Capitol Ave 23100 ,Oakland,CA,Sacramento County,http://www.esperanto-usa.org/,,,https://esperanto-usa.springly.org/contacts/profile ,,https://www.instagram.com/esperanto.usa/,https://www.facebook.com/esperantousa/,https://x.com/i/flow/login?redirect_after_login=%2Fesperantousa,,,
548,Esq. Apprentice,California Nonprofit ,PO Box 24152 ,Oakland,CA,Alameda County,https://esqapprentice.org/,,,https://esqapprentice.org/contact ,https://www.linkedin.com/company/esq-apprentice1/,https://www.instagram.com/esq.apprentice/,https://www.facebook.com/Esq.Apprentice,,,,
549,Essie Justice Group,California Nonprofit ,318 Harrison Street Suite 200 ,Los Angeles,CA,Alameda County,https://essiejusticegroup.org/,info@essiejusticegroup.org,"giving@essiejusticegroup.org, media@essiejusticegroup.org",,https://www.linkedin.com/company/essie-justice-group/,https://www.instagram.com/essie4justice/,https://www.facebook.com/EssieJusticeGroup/,,,,8054928076
550,Ethiopian Community Los Angeles,California Nonprofit ,8911 S Western Ave ,Thousand Oaks,CA,Los Angeles County,http://www.eclosangeles.org/,,,,,https://www.instagram.com/ethiopian_communityla/,https://www.facebook.com/Ethiopian-Community-Los-Angeles-111230467305620,https://x.com/wildapricot,,,
551,Eva Larson,California Nonprofit ,3290 Lang Ranch Parkway ,San Francisco,CA,Ventura County,http://www.chumashmuseum.org/,info@chumashmuseum.org,,,,https://www.instagram.com/chumashindianmuseum,https://www.facebook.com/chumashindianmuseum,,,,
552,Evelyn and Walter Haas Jr. Fund,California Nonprofit ,450 Sansome Street Ste 1600 (16Th Floor) ,,CA,San Francisco County,http://www.haasjr.org/,,"maliha@haasjr.org, gil@haasjr.org, communications@haasjr.org",http://www.haasjr.org//about/contact ,https://www.linkedin.com/company/evelyn-and-walter-haas-jr--fund,https://www.instagram.com/haasjrfund,,,,,
553,Every Day Action,California Nonprofit ,,,,,https://www.youreverydayaction.org/,,"mail@youreverydayaction.org, lexie@growthmodeagency.com",https://www.youreverydayaction.org/contactus ,https://www.linkedin.com/company/65639369/admin/feed/posts/,https://www.instagram.com/every_day_action/,https://www.facebook.com/youreverydayaction,,,,4159470797
554,EveryChild California,California Nonprofit ,,San Francisco,,,http://everychildca.org/,,,,https://www.linkedin.com/company/california-child-development-administrators-association-ccdaa-,https://www.instagram.com/everychildcalifornia,https://www.facebook.com/EveryChildCalifornia,,,,
555,Eviction Defense Collaborative,California Nonprofit ,976 Mission St. ,Los Angeles,CA,San Francisco County,https://evictiondefense.org/,,"edcradco@evictiondefense.org, legal@evictiondefense.org, sca@evictiondefense.org",,,https://www.instagram.com/evictiondefense/,https://www.facebook.com/evictiondefense/,,,,Phone:6505929181
556,Executive Service Corps of Southern California,California Nonprofit ,1000 N Alameda St Ste 330 ,Sunnyvale,CA,Los Angeles County,http://www.escsc.org/,,,https://escsc.org/contact-us/ ,https://www.linkedin.com/company/executive-service-corps-of-southern-california,,https://www.facebook.com/escsocal,,,,
557,FabMo,California Nonprofit ,1240 Birchwood Drive Suite 2 ,Redwood City,CA,Santa Clara County,http://www.fabmo.org/,,,,,https://www.instagram.com/fabmoinc/,https://www.facebook.com/FabMo/,,,,
558,Faith in Action Bay Area,California Nonprofit ,1780 Broadway Street ,Oakland,CA,San Mateo County,https://faithinactionba.org/,,,,,https://www.instagram.com/fiabayarea/,https://www.facebook.com/FaithInActionBayArea,,,,7608430701
559,Faith in Action East Bay,California Nonprofit ,8400 Enterprise Way Suite 123 ,,CA,Alameda County,http://www.oaklandcommunity.org/,,,,,,,,,,18008293777
560,Families for Children,California Nonprofit ,,,,,http://www.familiesforchildren.org/ffcsbhc.html,,,,,,,,,,
561,Family Assistance Program,California Nonprofit ,,Oakland,,,https://familyassist.org/,,,,,https://www.instagram.com/familyassistanceprograms/,https://www.facebook.com/FamilyAssistanceProgram/,,,,
562,Family Paths,California Nonprofit ,1727 Martin Luther King Jr. Way ,,CA,Alameda County,https://familypaths.org/,info@familypaths.org,,,https://www.linkedin.com/company/family-paths/,https://www.instagram.com/familypaths/,https://www.facebook.com/FamilyPathsInc,,,,
563,Family Resource & Referral Center San Joaquin DBA Family Resource Center,California Nonprofit ,,San Leandro,,,http://www.frcsj.org/,"sccinfo@frcsj.org, admin@frcsj.org","jobs@frcsj.org, food@frcsj.org, childcare@frcsj.org, webmaster@frcsj.org",https://frcsj.org/contact/ ,https://www.linkedin.com/company/family_resource_center/?viewAsMember=true,https://www.instagram.com/sjbecausekids/,https://www.facebook.com/frcsj,https://x.com/sjbecausekids,,,8314239444
564,Family Resource Navigators,California Nonprofit ,101 Callan Ave Suite 200 ,Santa Barbara,CA,Alameda County,http://familyresourcenavigators.org/,,,,,,,,,,5103806243
565,Family Service Agency of Santa Barbara County,California Nonprofit ,123 W Gutierrez St ,Santa Cruz,CA,Santa Barbara County,http://www.fsacares.org/,,,,,https://www.instagram.com/family_service_agency/,https://www.facebook.com/familyserviceagencysb,,,,
566,Family Service Agency of the Central Coast,California Nonprofit ,104 Walnut Ave Ste 208 ,Oakland,CA,Santa Cruz County,http://www.fsa-cc.org/,,"castillo.s@fsa-cc.org, cleveland.n@fsa-cc.org, dillehay.p@fsa-cc.org, segura.e@fsa-cc.org, kelley.b@fsa-cc.org, sims.p@fsa-cc.org, hr@fsa-cc.org, volzing.m@fsa-cc.org, alanis.s@fsa-cc.org, ledesma.d@fsa-cc.org, stratton.h@fsa-cc.org, jwaterswc@fsa-cc.org, joleen.a@fsa-cc.org, carroll.p@fsa-cc.org, mccabe.b@fsa-cc.org, nunez.a@fsa-cc.org, cuevas.c@fsa-cc.org, waters.j@fsa-cc.org, salata.b@fsa-cc.org, cisneros.c@fsa-cc.org",https://fsa-cc.org/contact/ ,,https://www.instagram.com/_fsa.cc_/,https://www.facebook.com/FamilyServiceAgencyCC,,,,
567,Family Violence Appellate Project,California Nonprofit ,1999 Harrison St Suite 1847 ,,CA,Alameda County,http://www.fvaplaw.org/,info@fvaplaw.org,,,https://www.linkedin.com/company/2666767,,https://www.facebook.com/FamilyViolenceAppellateProject,,,,
568,Fashionpreneur Hub,California Nonprofit ,,,,,http://www.fashionpreneurhub.com/,,,http://www.fashionpreneurhub.com/contact ,,,,,,,
569,Fatherless Age,California Nonprofit ,,,,,,,,,,,,,,,
570,FCHIP - Fresno Community Health Improvement Partnership,California Nonprofit ,,San Francisco,,,http://fchip.org/,,"delaine@fresnometmin.org, brandi@fresnometmin.org, Sophia@fresnometmin.org",,https://www.linkedin.com/company/fresno-community-health-improvement-partnership/,https://www.instagram.com/fchip_,https://www.facebook.com/fchip.org/?ref=br_rs,,,,
571,Feed the Hunger Fund,California Nonprofit ,100 Montgomery St ,Los Angeles,CA,San Francisco County,http://www.feed-hunger.com/,,,https://www.feed-hunger.com/contact/ ,https://www.linkedin.com/company/feed-the-hunger-foundation/about/,https://www.instagram.com/feedthehungerfund/?hl=en,https://www.facebook.com/FeedTheHungerFund/,,,,
572,Fideicomiso Comunitario Tierra Libre,California Nonprofit ,1781 E 1St St. Unit 209 ,,CA,Los Angeles County,http://fctl.la/,,,,,https://www.instagram.com/fctl_2019/,https://www.facebook.com/FCTL2019,,,,
573,Financial Beginnings,California Nonprofit ,619 Sw 11Th AvenuePortland Or,,CA,,http://financialbeginnings.org/,info@financialbeginnings.org,,https://financialbeginnings.org/contact-us ,https://www.linkedin.com/company/financial-beginnings,https://www.instagram.com/finbeg/,https://www.facebook.com/FinancialBeginningsUSA/,,,,
574,Find Cajairah,California Nonprofit ,,Scotts Valley,,,http://instagram.com/findcajairah,,,,,,https://www.facebook.com/help/instagram/261704639352628,,https://www.threads.com/,,5622970990
575,Firelight Foundation,California Nonprofit ,216 Mount Hermon Road Box 103-E ,Sacramento,CA,Santa Cruz County,http://www.firelightfoundation.org/,,,http://www.firelightfoundation.org/contact ,https://www.linkedin.com/company/firelight-foundation/,,https://www.facebook.com/FirelightFoundation/,,,,
576,First Step Communities,California Nonprofit ,PO Box 188228 ,,CA,Sacramento County,http://www.firststepcommunities.org/,info@firststepcommunities.org,,https://www.firststepcommunities.org/contact-us ,https://www.linkedin.com/company/firststepcommunities,https://www.instagram.com/firststepcommunities/,https://www.facebook.com/FirstStepCommunities/,,,,
577,Fisher House Southern California,California Nonprofit ,,,,,http://fisherhousesocal.org/,,"AMize@FisherHouseSoCal.org, Hzappin@FisherHouseSoCal.org",https://fisherhousesocal.org/contact/ ,https://www.linkedin.com/company/fisher-house-southern-california/,https://www.instagram.com/fisherhousesoutherncalifornia/,https://www.facebook.com/FisherHouseSouthernCalifornia/,,,,
578,FIST and STAR Generation,California Nonprofit ,,San Francisco,,,https://fistandstargen.org/,,gabriel@fistandstargen.org,https://fistandstargen.org/contact ,,https://www.instagram.com/fistandstar/,https://www.facebook.com/fistandstargen,,,,
579,Five Keys Schools and Programs,California Nonprofit ,70 Oak Grove Street ,,CA,San Francisco County,http://www.fivekeys.org/,info@fivekeys.org,recruiting@fivekeys.org,http://www.fivekeys.org/contact-us ,https://www.linkedin.com/company/five-keys-schools-and-programs/posts/?feedView=all,https://www.instagram.com/fivekeysschoolsandprograms/,https://www.facebook.com/FiveKeysSchoolsAndPrograms/,,,,15102281900
580,Fixin' San Mateo County,California Nonprofit ,,San Francisco,,,http://www.fixinsmc.org/,info@fixinsmc.org,,,https://www.linkedin.com/company/fixin-san-mateo-county/,https://www.instagram.com/fixinsmc/,,,,,
581,Fleishhacker Foundation,California Nonprofit ,1016 Lincoln Blvd Ste 12 ,Oakland,CA,San Francisco County,https://www.fleishhackerfoundation.org/,info@fleishhackerfoundation.org,,,,https://www.instagram.com/fleishhacker_foundation/,https://www.facebook.com/fleishhackerfoundation/,,,,
582,Flourish Agenda Inc,California Nonprofit ,1714 Franklin St Ste 100-321 ,Fresno,CA,Alameda County,https://flourishagenda.com/,info@flourishagenda.com,,https://flourishagenda.com/contact/ ,https://www.linkedin.com/company/flourish-agenda-inc/,https://www.instagram.com/flourishagenda/?hl=en,https://www.facebook.com/flourishagenda/,,,,9256767543
583,Focus Forward,California Nonprofit ,3333 E American Ave Ste B ,San Francisco,CA,Fresno County,http://www.focusforward.org/,,"ashleyb@focusforward.org, joseg@focusforward.org",http://www.focusforward.org//bright-futures-contacts ,,https://www.instagram.com/focusforward559/,https://www.facebook.com/FocusForward559/,,,,
584,Folsom Street,California Nonprofit ,1286 Folsom Street Suite 105 ,Concord,CA,San Francisco County,https://www.folsomstreet.org/,"finfo@folsomstreetevents.org, finfo@folsomstreet.org",exhibitors@folsomstreet.org,https://www.folsomstreet.org/contact-us ,,https://www.instagram.com/folsomstreet/,https://www.facebook.com/folsom.street/,,,,3238979696
585,Food Bank of Contra Costa & Solano,California Nonprofit ,4010 Nelson Ave ,North Hollywood,CA,Contra Costa County,http://www.foodbankccs.org/,info@foodbankccs.org,,https://www.foodbankccs.org/about/contact-us-directions/ ,https://www.linkedin.com/company/food-bank-of-contra-costa-and-solano,https://www.instagram.com/foodbankccs,https://www.facebook.com/pages/Food-Bank-of-Contra-Costa-and-Solano/114530700443,,,,
586,"Food Forward, Inc",California Nonprofit ,7412 Fulton Avenue 233 ,Los Angeles,CA,,http://www.foodforward.org/,,"alia@foodforward.org, fmrecovery@foodforward.org, allison@foodforward.org, harvest@foodforward.org, harvestvc@foodforward.org, volunteer@foodforward.org, development@foodforward.org",http://www.foodforward.org//who-we-are/contact ,https://www.linkedin.com/company/food-forward,https://www.instagram.com/foodforward/,https://www.facebook.com/foodforwardinc,,,,
587,FoodCycleLA,California Nonprofit ,1949 North Wilton Place ,Sierra Madre,CA,Los Angeles County,http://foodcyclela.org/,hello@foodcyclela.org,,https://www.foodcyclela.org/contact-us/ ,,https://www.instagram.com/foodcycle_la/,https://www.facebook.com/644705232281960,,,,
588,Foothill Creative Arts Group,California Nonprofit ,108 N. Baldwin Ave. ,Marina,CA,Los Angeles County,http://www.creativeartsgroup.org/,,,https://www.creativeartsgroup.org/contact-8 ,,https://www.instagram.com/creativeartsgroup_sierramadre/,https://www.facebook.com/creativeartsgroup.sierramadre,,,,
589,Fort Ord Recreational Trail Friends,California Nonprofit ,PO Box 1349 ,Redwood City,CA,Monterey County,http://www.fortordfriends.org/,,,,,http://www.instagram.com/visitfortord,https://www.facebook.com/fortfriends,,,,
590,Fortitude Careers,California Nonprofit ,425A Oak Ave ,,CA,San Mateo County,http://www.fortitudecareers.org/,admin@fortitudecareers.org,,http://www.fortitudecareers.org/contact-us ,https://www.linkedin.com/company/fortitudecareers/,,,,,,9167371481
591,Fossil Free California,California Nonprofit ,,,,,https://fossilfreeca.org/,info@fossilfreeca.org,,,https://www.linkedin.com/company/fossilfreecalifornia/,https://www.instagram.com/fossilfreeca,https://www.facebook.com/fossilfreeca/,,,https://bsky.app/profile/FossilFreeCA.org,
592,Foster Friends Rescue,California Nonprofit ,,Sacramento,,,http://fosterfriendsrescue.org/,,,,,,,,,,18584503223
593,FosterHope of Sacramento,California Nonprofit ,4144 Winding Way ,Riverside,CA,Sacramento County,http://fosterhopesac.org/,contact@example.com,foster@fosterhopesac.org,https://fosterhopesac.org/contact-us-2/ ,https://www.linkedin.com/company/fosterhope-sacramento/,https://www.instagram.com/fosterhopesac/,https://www.facebook.com/FosterHopeSac/,,,,
594,Fostering Army Animal Rescue,California Nonprofit ,6520 Magnolia Ave ,San Diego,CA,Riverside County,https://www.fosterarmy.org/,,,https://www.fosterarmy.org/about/contact/ ,,https://www.instagram.com/fosterarmy/,https://www.facebook.com/fosterarmy/,,,https://bsky.app/profile/fosterarmy.org,
595,Foundation for Animal Care & Education,California Nonprofit ,10505 Sorrento Valley Rd Suite 175 ,Sacramento,CA,San Diego County,https://face4pets.org/,info@face4pets.org,,https://face4pets.org/contact ,https://www.linkedin.com/company/face-foundation,https://www.instagram.com/face_foundation/,https://www.facebook.com/FACE4Pets,,,,6266288310
596,Foundation for California Community Colleges,California Nonprofit ,1102 Q Street Suite 4800 ,San Francisco,CA,Sacramento County,http://www.foundationccc.org/,,,,https://www.linkedin.com/company/foundationccc,https://www.instagram.com/foundationccc/,https://www.facebook.com/foundationccc,,,,
597,Foundation for Filipina Women's Network,California Nonprofit ,PO Box 192143 ,Pasadena,CA,San Francisco County,http://www.filipinawomensnetwork.org/,,"filipina@ffwn.org, filipina+web@ffwn.org",http://www.filipinawomensnetwork.org/contact ,,https://www.instagram.com/filipinawomen/,,,,,
598,Foundation for Living Beauty,California Nonprofit ,254 N. Lake Ave 23842 ,,CA,Los Angeles County,http://www.livingbeauty.org/,info@livingbeauty.org,,,https://www.linkedin.com/company/livingbeautyorg/,https://www.instagram.com/livingbeautyorg/,https://www.facebook.com/livingbeautyorg/,,,,18183489373
599,Fountain Theatre,California Nonprofit ,,Willits,,,https://www.fountaintheatre.com/,,,,,https://www.instagram.com/fountaintheatre/?hl=en,https://www.facebook.com/pages/Fountain-Theatre/186380236716,https://ci.ovationtix.com/34420/store/donations,,,8057081292
600,Frank R. Howard Foundation,California Nonprofit ,3 Marcela Drive Suite A ,Northridge,CA,Mendocino County,http://www.howardfoundation.org/,,amello@howardfoundation.org,https://www.howardfoundation.org/contact-us ,,,https://www.facebook.com/Frank-R-Howard-Foundation-445687538935480/,,,,
601,Free Speech Coalition,California Nonprofit ,19849 Nordhoff St ,Santa Barbara,CA,,http://www.freespeechcoalition.com/,info@freespeechcoalition.com,press@freespeechcoalition.com,http://www.freespeechcoalition.com/contact-us ,https://www.linkedin.com/company/free-speech-coalition/,https://www.instagram.com/freespeechcoalition/,,,,https://bsky.app/profile/fsc.bsky.social,
602,Freedom 4 Youth,California Nonprofit ,PO Box 2096 ,Oakland,CA,Santa Barbara County,https://freedom4youth.org/,info@freedom4youth.org,INFO@FREEDOM4YOUTH.ORG,https://freedom4youth.org/about-us/contact-us/ ,,https://www.instagram.com/freedom4youthorg/,https://www.facebook.com/freedom4youthorg/,,,,
603,Freedom Community Clinic,California Nonprofit ,3215 Telegraph Ave 23101 ,Sacramento,CA,Alameda County,https://www.freedomcommunityclinic.org/,,,https://www.freedomcommunityclinic.org/contact ,,https://www.instagram.com/p/DWreecsiceZ/,,,,,
604,Freedom Through Education,California Nonprofit ,PO Box 5072 ,San Jose,CA,Sacramento County,http://www.freedomthrougheducation.com/,,,http://www.freedomthrougheducation.com/contact-us ,,,,,,,
605,Fresh Lifelines for Youth,California Nonprofit ,1400 Parkmoor Ave. Suite 250 ,Fresno,CA,Santa Clara County,http://www.flyprogram.org/,,"mdew@flyprogram.org, narriaga@flyprogram.org, dross@flyprogram.org, katehiester@flyprogram.org",https://flyprogram.org/contact/ ,https://www.linkedin.com/company/fresh-lifelines-for-youth-fly-,https://www.instagram.com/flyprogram/,https://www.facebook.com/flyprogram,,,,
606,Fresno Arts Council,California Nonprofit ,1245 Van Ness Ave ,Fresno,CA,Fresno County,http://www.fresnoartscouncil.org/,,,http://www.fresnoartscouncil.org/contact-us ,,https://www.instagram.com/fresnoartscouncil/,https://www.facebook.com/fresnoartscouncil,https://www.dropbox.com/scl/fi/2dh4uhggcly6ba1b3kdif/FAC-Artwell-Spring-2024.pdf?rlkey=azbaffaudcm5snpk28sr3f2be&dl=0,,,9164433734
607,Fresno Coalition for Digital Inclusion,California Nonprofit ,1555 Van Ness Ave ,,CA,Fresno County,https://connectfresno.org/,,,https://connectfresno.org/contact/ ,,,,,,,
608,Friendly El Monte Charity 4 Kids,California Nonprofit ,,Sacramento,,,https://www.femc4kids.org/,,"anthonyxramirez@icloud.com, ilene@femc4kids.org, robertbravo88@gmail.com, jerryaguilar13@gmail.com, mnava@mtviewschools.net, cmike7910@gmail.com",,https://www.linkedin.com/company/friendly-el-monte-charity-4-kids/,https://www.instagram.com/femc4kids,,,,,
609,Friends Committee on Legislation of California,California Nonprofit ,2030 W. El Camino Avenue Suite 210 ,,CA,Sacramento County,http://www.fclca.org/,fcladmin@fclca.org,,,,,https://www.facebook.com/fclca.org/,https://www.x.com/FCLCA_,,,
610,Friends of Ability,California Nonprofit ,,San Rafael,,,,,,,,,,,,,
611,"Friends of China Camp, Inc.",California Nonprofit ,101 Peakcock Gap Trl ,Sacramento,CA,Marin County,https://friendsofchinacamp.org/,,,https://friendsofchinacamp.org/about-us/contact-us/ ,,https://www.instagram.com/friendsofchinacamp/,https://www.facebook.com/Friends-of-China-Camp-371395306219570,,,,
612,Friends of Front Street Shelter,California Nonprofit ,PO Box 22214 ,Hayward,CA,Sacramento County,https://friendsoffrontstreet.org/,contact@friendsoffrontstreet.org,,https://friendsoffrontstreet.org/contact/ ,https://www.linkedin.com/company/fofss?original_referer=https%3A%2F%2Fwww.google.com%2F,https://www.instagram.com/friendsoffrontstreet,https://www.facebook.com/FriendsofFrontStreetShelter/,,,,
613,Friends of Hayward Public Montessori,California Nonprofit ,951 Palisade St ,,CA,Alameda County,http://www.fohpm.org/,,,https://fohpm.org/contact-us/ ,,https://www.instagram.com/friendshaywardpublicmontessori/,https://www.facebook.com/profile.php?id=100090655161871,,,,
614,Friends of International Friendship Park,California Nonprofit ,,,,,http://internationalfriendshippark.org/,,"john@friendshippark.org, dan@friendshippark.org, visitus@friendshippark.org, comunidad@friendshippark.org, visitmx@friendshippark.org",https://internationalfriendshippark.org/contact/ ,,https://www.instagram.com/friendshipparkusmx/,https://www.facebook.com/FofPark,,,,
615,Friends of Mission Canyon,California Nonprofit ,,,,,http://www.friendsofmissioncanyon.org/,,,,,,,,,,
616,Friends of Orinda Nature Area,California Nonprofit ,,San Diego,,,,,,,,,,,,,
617,Friends of San Diego Public Library,California Nonprofit ,4193 Park Blvd ,San Francisco,CA,San Diego County,https://www.sandiego.gov/public-library/about-the-library/partners/friends,,,https://www.sandiego.gov/public-library/about-the-library/partners/friends/contact ,https://www.linkedin.com/company/cityofsandiego,https://www.instagram.com/cityofsandiego/,https://www.facebook.com/CityofSanDiego,,,,17074441397
618,Friends of Scrap,California Nonprofit ,801 Toland St. ,,CA,San Francisco County,http://www.scrap-sf.org/,,"kayci@scrap-sf.org, donate@scrap-sf.org, terry@scrap-sf.org, danielle@scrap-sf.org, scrap@scrap-sf.org, volunteer@scrap-sf.org",,,,,,,,
619,Friends of the 1883 Clarksburg Schoolhouse,California Nonprofit ,,Arcata,,,http://1883clarksburgschoolhouse.org/,,1883school@gmail.com,,,,,,,,7072346365
620,Friends of the Dunes,California Nonprofit ,PO Box 186 ,Bishop,CA,Humboldt County,http://friendsofthedunes.org/,"info@friendsofthedunes.orgsubject=Hi, info@friendsofthedunes.org",,https://www.friendsofthedunes.org/contactus ,,https://www.instagram.com/friendsofthedunes/?hl=en,https://www.facebook.com/friendsofthedunesnaturecenter,,,,
621,Friends of the Inyo,California Nonprofit ,621 W Line St Ste 201 ,Willits,CA,Inyo County,http://friendsoftheinyo.org/,info@friendsoftheinyo.org,,https://friendsoftheinyo.org/contactenos ,,https://www.instagram.com/friendsoftheinyo/,https://www.facebook.com/friendsoftheinyo/,,,,
622,Friends of the Mendocino County Museum,California Nonprofit ,PO Box 1384 ,Redondo Beach,CA,Mendocino County,https://mendocinocountymuseumfriends.org/,,fotmcm@yahoo.com,,,,https://www.facebook.com/557196867481002,,,,
623,Friends of the Redondo Beach Public Library,California Nonprofit ,303 N. Pch ,,CA,Los Angeles County,http://redondobeachlibraryfriends.com/,info@redondobeachlibraryfriends.com,,https://www.redondobeachlibraryfriends.com/contact ,,,https://www.facebook.com/Friends-of-the-Redondo-Beach-Public-Library-2373675832644247/?modal=admin_todo_tour,https://www.wix.com/stands-with-ukraine/,,,6267938171
624,Friends of the River Foundation,California Nonprofit ,,Oakland,,,https://www.friendsoftheriver.org/,info@friendsoftheriver.org,"matt@stoeckerecological.com, astroud@friendsoftheriver.org, janndorman@friendsoftheriver.org, greg@friendsoftheriver.org, gbobker@friendsoftheriver.org, keiko@friendsoftheriver.org, amy@friendsoftheriver.org, rstork@friendsoftheriver.org",https://www.friendsoftheriver.org/contact/ ,,,,,,,
625,Frontline Catalysts,California Nonprofit ,4100 Redwood Rd 2320A-417 ,,CA,Alameda County,http://www.frontlinecatalysts.org/,info@frontlinecatalysts.org,,https://www.frontlinecatalysts.org/contact ,https://www.linkedin.com/company/frontlinecatalysts/,https://www.instagram.com/frontlinecatalysts510/,https://www.facebook.com/FrontlineCatalysts/,,,,
626,Fulcrum Arts,California Nonprofit ,,Fullerton,,,http://www.fulcrumarts.org/,info@fulcrumarts.org,,,,https://www.instagram.com/fulcrumarts/,https://www.facebook.com/fulcrumarts/,,,https://bsky.app/profile/fulcrumarts.org,
627,Fullerton Museum Center,California Nonprofit ,301 NPomona Ave ,Santa Barbara,CA,Orange County,http://fullertonmuseum.com/,,,,,,,,,,
628,Fund for Santa Barbara,California Nonprofit ,1219 State Street ,Encinitas,CA,Santa Barbara County,http://www.fundforsantabarbara.org/,,,,,,,,,,
629,FundaMental Health,California Nonprofit ,571 Hygeia Ave Suite C ,,CA,San Diego County,http://fundamental.health/,hello@fundamental.health,,https://fundamental.health/contact-us/ ,,,,,,,
630,Future Leaders of America,California Nonprofit ,,,,,http://www.futureleadersnow.org/,,,https://futureleadersnow.org/contact-us ,,,,,,,
631,Futures Unwalled,California Nonprofit ,,San Diego,,,https://www.futuresunwalled.org/,,,,,,,,,,
632,Garden of Sincerity,California Nonprofit ,6255 Snowbond Street ,,CA,San Diego County,GardenOfSincerity.org (TBA),,,,,,,,,,
633,Gardens Foundation and Gardens of Compassion,California Nonprofit ,,Oakland,,,http://gardensfoundation.org/,,,http://gardensfoundation.org/contact ,,,,,,,
634,Garfield Foundation,California Nonprofit ,1111 Broadway Floor 3 ,San Rafael,CA,Alameda County,http://www.garfieldfoundation.org/,info@garfieldfoundation.org,,,,,,,,,
635,GATE Academy,California Nonprofit ,1 Saint Vincents Dr ,Santa Barbara,CA,Marin County,http://www.gateacademy.org/,admin@gateacademy.org,nbond@gateacademy.org,http://www.gateacademy.org/contact.html ,,,,,,,4157775455
636,Gateway Educational Services,California Nonprofit ,PO Box 6333 ,Santa Cruz,CA,Santa Barbara County,https://www.gatewayeducationalservices.org/,,,https://visitor.r20.constantcontact.com/d.jsp?llr=r9kz7tmab&p=oi&m=1113064254289&sit=shxnwfyhb&f=cd90a0ad-c85d-4fa7-9c8f-9a16782803d0 ,,,https://www.facebook.com/gatewayeducationalsb,,,,
637,Gateway School,California Nonprofit ,255 Swift St ,San Francisco,CA,Santa Cruz County,https://gatewaysc.org/,,admissions@gatewaysc.org,,,https://www.instagram.com/gatewayschoolsantacruz/,https://www.facebook.com/pages/Gateway-School-Santa-Cruz/129004470477104,,,,
638,Gay Lesbian Bisexual Transgender Historical Society,California Nonprofit ,989 Market Street Lower Level ,,CA,San Francisco County,http://www.glbthistory.org/,info@glbthistory.org,"reference@glbthistory.org, membership@glbthistory.org, press@glbthistory.org",,,https://www.instagram.com/glbt_history/,https://www.facebook.com/GLBTHistory,,,,
639,Geena Davis Institute on Gender in Media,California Nonprofit ,,Simi Valley,,,http://geenadavisinstitute.org/,,,,https://www.linkedin.com/company/geena-davis-institute-on-gender-in-media/,https://www.instagram.com/geenadavisorg/,https://www.facebook.com/GeenaDavisOrg,,,,
640,"GEIPE Cancer Treatment, Inc",California Nonprofit ,2466 Parade Ave. ,,CA,Ventura County,http://www.cancer-treatment.net/,,,http://www.cancer-treatment.net/contact-us.html ,https://www.linkedin.com/company/55235697,,https://www.facebook.com/Revolutionary-Cancer-Treatment-Effective-Non-toxic-104772764746867,,,,
641,GEMA Pathways,California Nonprofit ,,Lancaster,,,,,,,,,,,,,
642,Genesys Way inc,California Nonprofit ,45046 18Th St West ,Pleasanton,CA,Los Angeles County,https://genesysway.org/,,,,,https://www.instagram.com/genesyswayinc/,https://www.facebook.com/Genesyswayinc/,,,,
643,Geohazards International,California Nonprofit ,6701 Koll Center Pkwy Suite 250 ,San Jose,CA,Alameda County,https://www.geohaz.org/,info@geohaz.org,,,https://www.linkedin.com/company/geohazards-international,https://www.instagram.com/geohazards_international/,https://www.facebook.com/geohaz.org,,,,
644,"Germania Verein, Inc.",California Nonprofit ,261 N Second Street ,Redding,CA,Santa Clara County,http://germaniaverein.org/,info@germaniaverein.org,"secretary@germaniaverein.org, president@germaniaverein.org, germaniasjcboard@gmail.com, treasurer@germaniaverein.org, vicepresident@germaniaverein.org, sjgermaniachor@gmail.com",https://germaniaverein.org/contact/ ,,https://www.instagram.com/germaniaverein,https://www.facebook.com/germaniaverein/,,,,
645,Ghost Pine Native Plant Nursery,California Nonprofit ,15395 Prospect Drive ,Los Angeles,CA,Shasta County,http://shrb.blogspot.com/,,,,,,,https://berkeley.app.box.com/s/qf06n2mrzp508tlmlp0lhy4a4etu4usm,,,
646,Girls Club of Los Angeles,California Nonprofit ,2057 W Century Blvd ,Salinas,CA,Los Angeles County,http://www.girlsclubla.org/,info@girlsclubla.org,,http://www.girlsclubla.org//pages/contact-us ,,https://www.instagram.com/girlsclubla/,https://www.facebook.com/GirlsClubofLosAngeles,,,,
647,Girls Inc. of the Central Coast,California Nonprofit ,318 Cayuga St Ste 101A ,Highland,CA,Monterey County,http://www.girlsinccc.org/,,,https://girlsinccc.org/contact-us ,,https://www.instagram.com/girlsinccc/,https://www.facebook.com/girlsinccc/,,,,4158640780
648,Girls on the Run Inland Empire,California Nonprofit ,7231 Boulder Ave Pmb 540 ,,CA,San Bernardino County,https://www.gotrinlandempire.org/,,,,https://www.linkedin.com/company/89820291,https://www.instagram.com/gotr_inland_empire/,https://www.facebook.com/GOTRRiversideCounty,,,,
649,Girls on the Run Sierras,California Nonprofit ,100 California Ave 23210 Reno Nv,Oakland,CA,,https://www.girlsontherunsierras.org/,,,,,http://www.instagram.com/gotrsierras,https://www.facebook.com/gotrsierras,,,,
650,Girlventures,California Nonprofit ,119 Filbert Street ,San Francisco,CA,Alameda County,http://www.girlventures.org/,"info@girlventures.org, info@girlventures.org    <br />TAX ID 94-3319189",,http://www.girlventures.org/contact ,https://www.linkedin.com/company/girlventures,,https://www.facebook.com/profile.php?id=61587524323752,,,,
651,Give A Day Global,California Nonprofit ,1011 23Rd St Apt 12 ,,CA,San Francisco County,http://www.giveadayglobal.org/,,,,https://www.linkedin.com/company/3265609,,https://www.facebook.com/giveadayglobal,https://www.startx.com/,,,
652,Give Us The Floor,California Nonprofit ,,,,,https://giveusthefloor.org/,,groups@giveusthefloor.org,https://giveusthefloor.org/contact ,,,,,,,
653,Glendale Arts,California Nonprofit ,,Oceanside,,,https://glendalearts.org/,info@glendalearts.org,,https://glendalearts.org/about/contact/ ,,https://www.instagram.com/ace121gallery/,https://www.facebook.com/ace121gallery,,,,18056469792
654,Global Conservation Force,California Nonprofit ,PO Box 956 ,,CA,San Diego County,https://globalconservationforce.org/,info@globalconservationforce.org,,,,,https://www.facebook.com/RhinosGCF,,,,2024632080
655,Global Torques Organization,California Nonprofit ,,Ojai,,,http://www.globaltorques.org/,,,,,,,//www.wix.com/?utm_campaign=vir_error_page,,,
656,Global Village Intergalactic Educational Services,California Nonprofit ,Box 480 ,San Carlos,CA,Ventura County,http://www.globalvillageschool.org/, info@globalvillageschool.org, family-services@globalvillageschool.org,http://www.globalvillageschool.org/contact ,,https://www.instagram.com/globalvillageschool,https://www.facebook.com/globalvillageschool,,,,
657,GO2 for Lung Cancer,California Nonprofit ,1100 Industrial Rd Ste 1 ,Anaheim,CA,San Mateo County,https://go2.org/,info@go2.org,support@go2.org,https://go2.org//about-us/contact ,https://www.linkedin.com/company/go2forlungcancer/,https://www.instagram.com/go2forlungcancer/,https://www.facebook.com/GO2forLungCancer/,https://x.com/go2forlungcancr,,https://bsky.app/profile/go2forlungcancer.bsky.social,
658,"Goals- Growth Opportunities Athletics, Learning & Service",California Nonprofit ,1170 N La Palma Park Way ,,CA,Orange County,http://www.goals.org/,,,https://www.goals.org/contact ,,,,,,,
659,Goatlandia Farm Animal Sanctuary and Education Center,California Nonprofit ,,,,,http://goatlandia.org/,info@goatlandia.org,,http://goatlandia.org/contact ,https://www.linkedin.com/company/goatlandia,https://www.instagram.com/goatlandia_sanctuary/,https://www.facebook.com/GoatlandiaFarmAnimalSanctuary,,,https://bsky.app/profile/goatlandia.bsky.social,
660,God’s Ladies in Charge,California Nonprofit ,,,,,https://www.godsladiesincharge.org/,,"glicroni@gmail.com, glicjanice@gmail.com, glicjasmaign@gmail.com, glicdolores@gmail.com, glicqrose@gmail.com",,,,,,,,
661,GoFundMe.org,California Nonprofit ,,,,,http://www.gofundme.org/,Info@GoFundMe.org,,https://www.gofundme.org/contact/ ,https://www.linkedin.com/company/gofundme-org/,https://www.instagram.com/gofundmeorg/,https://www.facebook.com/gofundmedotorg,https://x.com/gofundmeorg,,,
662,Gold Country Food Hub,California Nonprofit ,,Grass Valley,,,http://www.goldcountryfoodhub.org/,,,,,https://www.instagram.com/wix/,https://www.facebook.com/WixStudio,,,,2095329781
663,Gold Country Senior Services,California Nonprofit ,PO Box 968 ,,CA,Nevada County,http://www.goldcountryservices.org/,contact@goldcountryservices.org,,https://www.goldcountryservices.org/contact-us/ ,,,,https://www.dropbox.com/sh/9y0dqe9os0mz0ep/AAComiA0CIg5Z6CezAEikD2ja?dl=0,,,5108432222
664,Gold Country Wildlife Rescue,California Nonprofit ,,Sonora,,,https://goldcountrywildliferescue.org/,contact@goldcountrywildliferescue.orgsubject=WebsiteInquiry,,,,https://www.instagram.com/gcwrescue,,,,https://bsky.app/profile/gcwrescue.bsky.social,
665,Gold Rush Charter School,California Nonprofit ,16331 Hidden Valley Road ,Berkeley,CA,Tuolumne County,http://www.goldrushcs.org/,,,,,,https://www.facebook.com/profile.php?id=61573053774278,,,,
666,Golden Gate Bird Alliance,California Nonprofit ,2150 Allston Way Suite 210 ,,CA,Alameda County,http://www.goldengatebirdalliance.org/,info@goldengatebirds.org,"volunteer@goldengatebirds.org, donations@goldengatebirds.org, president@goldengatebirds.org, jcarpinelli@goldengatebirds.org, fieldtrips@goldengatebirds.org, gphillips@goldengatebirds.org, travelprogram@goldengatebirds.org, classes@goldengatebirds.org, ahawkins@goldengatebirds.org, rnakano@goldengatebirds.org, canderson@goldengatebirds.org, membership@goldengatebirds.org, gmarschall@goldengatebirds.org, sjain@goldengatebirds.org, wgrover@goldengatebirds.org, mpearce@goldengatebirds.org",,,https://www.instagram.com/goldengatebirdalliance,https://www.facebook.com/GoldenGateBirdAlliance,,,,
667,Golden Gate National Parks Conservancy,California Nonprofit ,,Corona,,,https://www.parksconservancy.org/,,,,,,https://www.facebook.com/parksconservancy,,,,
668,Golden State Environmental Justice Alliance,California Nonprofit ,PO Box 79222 ,San Francisco,CA,Riverside County,http://www.goldenstateeja.com/,,,http://www.goldenstateeja.com/#contact ,,,,,,,
669,Golden State Opportunity,California Nonprofit ,345 California St Ste 600 ,Woodland Hills,CA,San Francisco County,http://www.goldenstateopportunity.org/,,,,,https://www.instagram.com/caleitc4me/?hl=en,https://www.facebook.com/GoldenStateOpportunity/,,,,
670,Golden West Humanitarian Foundation,California Nonprofit ,6355 Topanga Canyon Blvd. Ste 517 ,San Francisco,CA,,http://www.goldenwesthf.org/,,media@goldenwesthf.org,https://goldenwesthf.org/contact-us/ ,https://www.linkedin.com/company/golden-west-humanitarian-foundation/,,https://www.facebook.com/GoldenWestHF/,,,,
671,Goldman Environmental Foundation,California Nonprofit ,160 Pacific Ave Ste 200 ,,CA,San Francisco County,http://www.goldmanfund.org/,,,,,,,,,,
672,Goleta Valley Historical Society,California Nonprofit ,,,,,https://goletahistory.org/,info@goletahistory.org,,https://goletahistory.org/contact/ ,,https://www.instagram.com/stowhouse/,https://www.facebook.com/people/The-Stow-House-in-Goleta/100083445516121/,,,,18884GOODWILL
673,Gone But Not Forgotten Veterans Project,California Nonprofit ,,San Diego,,,,,,,,,,,,,
674,Good For Others Foundation,California Nonprofit ,3635 Princeton Ave ,,CA,San Diego County,https://www.goodforothers.org/,info@goodforothers.org,,https://www.goodforothers.org/contact ,https://www.linkedin.com/company/good-for-others-foundation,https://www.instagram.com/goodforothers,https://www.facebook.com/goodforothers,,,,
675,Goodwill Southern California,California Nonprofit ,,San Jose,,,https://powerofwork.goodwillsocal.org/,info@goodwillsocal.org,developmentdept@goodwillsocal.org,,https://www.linkedin.com/company/goodwill-southern-california/,,https://www.facebook.com/GoodwillSoCal,,,,
676,Grail Family Services,California Nonprofit ,2003 E San Antonio St ,Oakland,CA,Santa Clara County,http://www.gfsfamilyservices.org/,info@gfsfamilyservices.org,,,https://www.linkedin.com/company/grail-family-services,https://www.instagram.com/GrailFamilyServices,https://www.facebook.com/GrailFamilyServices,,,,15309384115
677,Grand Lake Montessori,California Nonprofit ,466 Chetwood St ,Downey,CA,Alameda County,http://www.grandlakemontessori.com/,info@grandlakemontessori.com,,https://www.grandlakemontessori.com/contact/ ,,,https://www.facebook.com/pages/Grand-Lake-Montessori/189737291061418,,,,
678,Grant Housing and Economic Development,California Nonprofit ,PO Box 2397 ,Weed,CA,Los Angeles County,,,,,,,,,,,3236444200
679,Great Northern Services,California Nonprofit ,310 Boles St ,,CA,Siskiyou County,http://www.gnservices.org/,info@gnservices.org,,,,https://www.instagram.com/greatnorthernservices/,https://www.facebook.com/GreatNorthernServices.GNS,,,,
680,Greater Inland Empire Black Nurses Association,California Nonprofit ,,Los Angeles,,,http://greaterinlandempirebna.org/,,Greaterinlandempirebna@gmail.comsubject=Join our cause ,https://www.greaterinlandempirebna.org/contact ,,https://www.instagram.com/greater_ie_bna/,https://www.facebook.com/GreaterIEBNA,,,,9162868600
681,Greater Los Angeles Zoo Association,California Nonprofit ,5333 Zoo Dr ,San Jose,CA,Los Angeles County,http://www.lazoo.org/,lazoo.info@lacity.org,"membership@zoo.lacity.org, lazoo.press@lacity.org",https://lazoo.org/about/contact/ ,,,https://www.facebook.com/lazoo,,,,
682,Greater Opportunities for the Developmentally Disabled,California Nonprofit ,2635 N. 1St Street Ste 201 ,,CA,Santa Clara County,http://www.greateropportunities.org/,info@greateropp.org,,https://greateropportunities.org/contact/ ,https://www.linkedin.com/company/greater-opportunities-for-the-developmentally-disabled,https://www.instagram.com/greater.opp/,https://www.facebook.com/people/Greater-Opportunities/61581423880775/,,,,15103508700
683,Greater Sacramento Urban League,California Nonprofit ,,Santa Clara,,,http://gsul.org/,info@gsul.org,,http://gsul.org/contact ,https://www.linkedin.com/company/greater-sacramento-urban-league/,https://www.instagram.com/greatersacul,https://www.facebook.com/GreaterSacUL,,,,
684,Greene Scholars,California Nonprofit ,PO Box 6393 ,Oakland,CA,Santa Clara County,http://www.greenescholars.org/,contact@greenescholars.org,,,https://www.linkedin.com/company/greene-scholars/,https://www.instagram.com/greenescholars/,https://www.facebook.com/greenescholar,,,,6504999387
685,GreenInfo Network,California Nonprofit ,2201 Broadway Suite M5 ,Los Angeles,CA,Alameda County,http://www.greeninfo.org/,gin@greeninfo.org,,https://greeninfo.org/contact/ ,https://www.linkedin.com/company/greeninfo-network,https://www.instagram.com/greeninfonetwork/,https://www.facebook.com/GreenInfo/,,,,
686,Griffith Observatory Foundation,California Nonprofit ,2800 East Observatory Road ,,CA,Los Angeles County,http://www.griffithobservatoryfoundation.org/,,inquiries@griffithmedia.org,https://griffithobservatory.lacity.gov/about/contact/ ,,https://www.instagram.com/griffithobservatory/,https://www.facebook.com/GriffithObservatory/,,,,
687,Gripspin Tennis,California Nonprofit ,,San Diego,,,http://www.gripspintennis.org/,"admin@gripspintennis.com, admin@gripspintennis.org",,,,https://www.instagram.com/gripspintennis/,,,,,18053432455
688,Groundswell Community Project,California Nonprofit ,1220 Rosecrans St.Po Box 118 ,Pleasant Hill,CA,San Diego County,http://www.groundswellcommunity.org/,,,http://www.groundswellcommunity.org/contact ,https://www.linkedin.com/company/groundswell-community-project/https://www.linkedin.com/company/groundswell-community-project/,https://www.instagram.com/p/DWPz8UemCkq/,https://www.facebook.com/groundswellsd/events,,,,4423903640
689,Growing Healthy Kids,California Nonprofit ,1945 Contra Costa Blvd Unit 2367 ,,CA,Contra Costa County,https://www.ghkids.org/,,,,,https://www.instagram.com/growinghealthykidsbayarea/,https://www.facebook.com/GrowingHealthyKidsBayArea,,,,
690,Guadalupe-Nipomo Dunes Center,California Nonprofit ,,,,,https://dunescenter.org/,,,https://dunescenter.org/contact-us/ ,,,https://www.facebook.com/pages/Guadalupe-Nipomo-Dunes-Center/111583288068,,,,
691,HAART-High Desert Animal Assisted Rescue and Therapy at Double Barrel Desert Ranch,California Nonprofit ,,,,,http://www.haartranch.org/,,HAART@haartranch.org,http://www.haartranch.org/contact-us ,,,,,,,
692,Habitat for Humanity Monterey Bay,California Nonprofit ,,Berkeley,,,http://www.habitatmontereybay.org/,,"donate@restoremb.orgsubject=Donation Question, development@habitatmontereybay.orgsubject=Development Question., volunteer@habitatmontereybay.orgsubject=Volunteer Contact Form, marife@habitatmontereybay.orgsubject=Family Services",https://www.habitatmontereybay.com/contactus ,https://www.linkedin.com/company/habitatmontereybay/,https://www.instagram.com/habitatmontereybay,https://www.facebook.com/HabitatMontereyBay/,,,https://bsky.app/profile/habitatmontereybay.bsky.social,
693,Hack Your Lives,California Nonprofit ,8 Hazel Road ,San Jose,CA,Alameda County,https://hackyourlives.org/,,,,,,,,,,
694,Happy Hollow Foundation,California Nonprofit ,1300 Senter Rd ,Santa Cruz,CA,Santa Clara County,https://happyhollow.org/,,,https://happyhollow.org/contact-us/ ,https://www.linkedin.com/company/happy-hollow-park-zoo,https://www.instagram.com/hhpzoo/,https://www.facebook.com/hhpzoo/,,,,
695,"Happy Valley Conference Center, Inc.",California Nonprofit ,2159 Branciforte Dr ,San Pedro,CA,Santa Cruz County,http://happyvalleycc.org/,,,,,,,,,,
696,Harbor Interfaith Services,California Nonprofit ,670 W 9Th St ,Los Angeles,CA,,http://www.harborinterfaith.org/,,,,https://www.linkedin.com/company/harbor-interfaith-services-inc.,https://www.instagram.com/?hl=en,https://www.facebook.com/harbor.interfaith,,,,2133754663
697,Harriett Buhai Center for Family Law,California Nonprofit ,3250 Wilshire Blvd Ste 710 ,,CA,Los Angeles County,http://www.hbcfl.org/,info@hbcfl.org,"century@hbcfl.org, probono@hbcfl.org, volunteer@hbcfl.org, publications@hbcfl.org, lawstudent@hbcfl.org",,https://www.linkedin.com/company/harriett-buhai-center-for-family-law/,https://www.instagram.com/harriettbuhaicenter,https://www.facebook.com/harriettbuhaicenter,,,,
698,Have A Ball Foundation Inc.,California Nonprofit ,,Los Angeles,,,http://www.haveaballgolf.com/,,haveaballgolf@gmail.com,,,,https://www.facebook.com/HaveABallGolf,,,,
699,Haven Neighborhood Services,California Nonprofit ,3655 S. Grand Ave ,Eastvale,CA,Los Angeles County,https://www.havenservices.org/,info@havenservices.org,,https://havenservices.org/contact-us/ ,https://www.linkedin.com/company/haven-neighborhood-services,https://www.instagram.com/havenservicesdotorg,https://www.facebook.com/havenservices.org,,,,
700,Hazel's Hands Inc.,California Nonprofit ,12672 Limonite Ave Ste 3E 23175 ,Citrus Heights,CA,Riverside County,http://www.hazelshands.com/,,hazelshandsinc@gmail.com,https://www.hazelshands.com/contact ,,,,,,,8182752227
701,Head Start California,California Nonprofit ,PO Box 268 ,Sausalito,CA,Sacramento County,http://headstartca.org/,info@headstartca.org,,http://headstartca.org/contact-us ,https://www.linkedin.com/company/headstartcalifornia,https://www.instagram.com/headstartca/,,https://x.com/caheadstart,,,
702,Headlands Center for the Arts,California Nonprofit ,944 Fort Barry ,Placentia,CA,Marin County,http://www.headlands.org/,info@headlands.org,comms@headlands.org,https://www.headlands.org/contact/ ,,https://www.instagram.com/HeadlandsArts/,https://www.facebook.com/HeadlandsArts,,,,
703,Healing To You,California Nonprofit ,1400 N. Kraemer Blvd 231506 ,Oakland,CA,Orange County,http://www.healingtoyou.org/,info@healingtoyou.org,,http://www.healingtoyou.org/contact-us ,https://www.linkedin.com/company/healing-to-you,https://www.instagram.com/healingtoyoumobile,https://www.facebook.com/100653789446583,,,,
704,Healing Together,California Nonprofit ,5111 Telegraph Avenue 23310 ,,CA,Alameda County,http://www.wearehealingtogether.org/,,,https://www.wearehealingtogether.org/contact ,https://www.linkedin.com/company/2705122/admin/,https://www.instagram.com/wearehealingtogether,https://www.facebook.com/wearehealingtogether,,,,9165563344
705,Health Access Foundation,California Nonprofit ,,Chula Vista,,,https://health-access.org/,info@health-access.org,,https://health-access.org/contact-us/ ,https://www.linkedin.com/company/healthaccesscalifornia,https://www.instagram.com/healthaccessca/,https://www.facebook.com/healthaccess,,,https://bsky.app/profile/healthaccess.bsky.social,
706,Health Care Integrated Services,California Nonprofit ,2220 Otay Lakes Rd 23502-121 ,Sacramento,CA,San Diego County,http://www.healthcareintegratedservices.org/,,,https://healthcareintegratedservices.org/contact-us/ ,https://www.linkedin.com/in/edna-miller-102a691b8/,https://www.instagram.com/lapublichealth/,https://www.facebook.com/Healthcare-Integrated-104854521388297,,,,
707,Health Education Council,California Nonprofit ,7617 Alma Vista Way Suite. C ,Oakland,CA,Sacramento County,http://www.healthedcouncil.org/,,,https://healthedcouncil.org/who-we-are/contact.html ,https://www.linkedin.com/company/health-education-council/mycompany/?viewAsMember=true,https://www.instagram.com/healthedcouncil/,https://www.facebook.com/HealthEdCouncil,,,,
708,Health in Partnership,California Nonprofit ,PO Box 3268 ,San Francisco,CA,Alameda County,https://humanimpact.org/,info@healthinpartnership.org,,https://humanimpact.org/contact ,https://www.linkedin.com/company/health-in-partnership/,https://www.instagram.com/healthinpartnership/,https://www.facebook.com/HealthInPartnership,https://www.news4jax.com/video/news/2025/05/29/some-florida-mobile-home-residents-are-paying-the-price-of-lower-cost-living-with-their-health/,,https://bsky.app/profile/hiporg.bsky.social,4085645114
709,Health Initiatives for Youth,California Nonprofit ,100 Bush St. Suite 210 ,Santa Cruz,CA,San Francisco County,https://hi4youth.org/,,,,,https://www.instagram.com/hi4_youth/,https://www.facebook.com/hi4youth/,,,,
710,Health Projects Center,California Nonprofit ,9000 Soquel Avenue Ste 103 ,San Jose,CA,Santa Cruz County,http://www.hpcn.org/,,HR@hpcn.org,https://www.hpcn.org/contact ,https://www.linkedin.com/company/health-projects-center/,https://www.instagram.com/healthprojectscenter,https://www.facebook.com/HealthProjectsCenter,,,,
711,Healthier Kids Foundation,California Nonprofit ,4040 Moorpark Ave Suite 100 ,Hemet,CA,Santa Clara County,https://hkidsf.org/,info@hkidsf.org,,https://hkidsf.org/contact-us/ ,,https://www.instagram.com/healthierkidsfoundation/?hl=en,https://www.facebook.com/HealthierKidsFoundation/,,,,
712,Healthy Valley Foundation,California Nonprofit ,3337 W Florida Ave 23244 ,Roseville,CA,Riverside County,http://www.healthyvalleyfoundation.org/,,healthyvalleyfoundation@gmail.com,http://www.healthyvalleyfoundation.org/contact ,https://www.linkedin.com/company/healthy-valley-foundation/,https://www.instagram.com/healthyvalleyfoundation,https://www.facebook.com/HealthyValleyFoundation,,,,
713,Heart Behind the Badge-Sac County,California Nonprofit ,1079 Sunrise Avenue Suite B-123 ,,CA,Placer County,https://www.heartbehindthebadge.org/,,,,,,,//www.wix.com/?utm_campaign=vir_error_page,,,8055703155
714,Heart in Home SpecialTIES,California Nonprofit ,,,,,https://heartinhomespecialties.org/,,vernita@heartinhomespecialties.org,https://heartinhomespecialties.org/#contact ,,,,,,,
715,Heart of El Rio,California Nonprofit ,,Goleta,,,http://www.heartofelrio.org/,info@heartofelrio.org,,https://www.heartofelrio.org/contact ,,https://www.instagram.com/heart_of_el_rio/,https://www.facebook.com/profile.php?id=61566536782068,,,,
716,Hearts Aligned Inc,California Nonprofit ,PO Box 901 ,San Francisco,CA,Santa Barbara County,http://heartsaligned.org/,info@heartsaligned.org,,https://heartsaligned.org/contact-us/ ,https://www.linkedin.com/company/hearts-aligned-inc,https://www.instagram.com/heartsalignedinc,https://www.facebook.com/HeartsAlignedInc,,,,
717,Hebrew Free Loan Association,California Nonprofit ,131 Steuart St Ste 520 ,,CA,San Francisco County,,,,,,,,,,,[PHONENUMBER]
718,Help Is Hope Foundation,California Nonprofit ,,,,,http://helpishope.org/,,,https://www.helpishope.org/contact ,https://www.linkedin.com/in/gerad-amore-478385383/,https://www.instagram.com/helpishopefoundation,https://www.facebook.com/helpishopefoundation/,https://x.com/HelpIsHopeFound,,,
719,Helping Establish Assistance Resource Team (HEART),California Nonprofit ,,,,,http://heart4victims.org/,,,https://heart4victims.org/contact/ ,,,,,,,
720,Helping Paws Foundation,California Nonprofit ,,Philo,,,https://helpingpawssandiego.org/,,kimberlydanker@helpingpawssandiego.org,https://helpingpawssandiego.org/contact-helping-paws-foundation-vista-ca/ ,,https://www.instagram.com/helpingpawsfoundation,https://www.facebook.com/helpingpawssandiego/,,,,5108451447
721,Hendy Woods Community,California Nonprofit ,PO Box 443 ,Glendora,CA,,http://www.hendywoods.org/,,,,,,https://www.facebook.com/pages/Hendy-Woods-Keep-It-OPEN/219941751405208,,,,7149879975
722,Hermanitos Unidos - Siblings United,California Nonprofit ,158 N.  Ave. 23G ,Oakland,CA,Los Angeles County,http://www.huffa.org/,,,,,,,,,,
723,Hesperian Health Guides,California Nonprofit ,2860 Telegraph Ave. ,Costa Mesa,CA,Alameda County,http://www.hesperian.org/,,"bookorders@hesperian.org, publicity@hesperian.org, hesperian@hesperian.org",,https://www.linkedin.com/company/hesperianhealthguides,https://www.instagram.com/hesperianhealthguides/,https://www.facebook.com/HesperianHealthGuides,,,https://bsky.app/profile/hesperian.org,15305874453
724,Hidden Truths Project,California Nonprofit ,1901 Newport Blvd Ste 350 ,Shaver Lake,CA,Orange County,https://hiddentruthsproject.com/,,,https://hiddentruthsproject.com/contact/ ,https://www.linkedin.com/company/hidden-truths-project/,https://www.instagram.com/hiddentruthsproject/,https://www.facebook.com/profile.php?id=100089104281744,https://x.com/EpilepsyArt,,,19184254357
725,High Country Construction,California Nonprofit ,65386 Hall Meadow Ln ,Truckee,CA,,,,,,,,,,,,
726,High Fives Foundation,California Nonprofit ,PO Box 3212 ,San Diego,CA,Nevada County,http://highfivesfoundation.org/,info@highfivesfoundation.com,,https://highfivesfoundation.org/contact/ ,,https://www.instagram.com/hi5sfoundation/,,,,,
727,Higher Esteem Non Profit Org Inc dba Higher Esteem Life Programs,California Nonprofit ,4690 Market Street Suite D19 ,,CA,San Diego County,http://www.higheresteem.org/,helpinfo@higheresteem.org,,,,,,,,,2136220606
728,Hills For Everyone,California Nonprofit ,,La Canada,,,https://www.hillsforeveryone.org/,info@HillsForEveryone.org,,https://www.hillsforeveryone.org/about-us/contact-us/ ,https://www.linkedin.com/company/hills-for-everyone/,https://www.instagram.com/hills4everyone/,https://www.facebook.com/Hills4Everyone,https://x.com/hills4everyone,,https://bsky.app/profile/hills4everyone.bsky.social,15624242220
729,Hillside School & Learning Center,California Nonprofit ,4331 Oak Grove Dr ,Los Angeles,CA,,http://www.hillsideforsuccess.org/,,woodelcik@hillsidelc.org,https://hillsideforsuccess.org/contact-us/ ,,https://www.instagram.com/hillsideschoollacanada/?hl=en,https://www.facebook.com/people/The-Hillside-School-and-Learning-Center/100057485293502/,,,,
730,Hispanas Organized for Political Equality (HOPE),California Nonprofit ,800 Wilshire Boulevard Suite 860 ,Long Beach,CA,Los Angeles County,http://www.latinas.org/,,latinas@latinas.org,https://www.latinas.org/contact-hope/ ,https://www.linkedin.com/company/hopelatinas,https://www.instagram.com/hopelatinas/,https://www.facebook.com/hopelatinas,,,,
731,Historical Society of Long Beach,California Nonprofit ,4260 Atlantic Ave ,,CA,Los Angeles County,http://www.hslb.org/,,"julieb@hslb.org, outreach@hslb.org, nickm@hslb.org, biancam@hslb.or",https://hslb.org/visit/contact-us/ ,,https://www.instagram.com/historicalsocietyoflongbeach/,https://www.facebook.com/hslb.LB/,,,,
732,Historical Society of Winters,California Nonprofit ,,San Jose,,,https://www.wintersmuseum.org/,,"historicalsocietyofwinters@gmail.com, wintersmuseum@gmail.com",,,,https://www.facebook.com/HistoricalSocietyofWinters/,,,,19252540199
733,History San Jose,California Nonprofit ,1650 Senter Rd ,Pleasanton,CA,Santa Clara County,http://www.historysanjose.org/,,,,,https://www.instagram.com/accounts/login/?next=/historysanjose/,https://www.facebook.com/historysanjose/,https://historysanjose.box.com/s/q3i5ibir9yshcnh093q7udeqzbx3j6pt,,,
734,Hively,California Nonprofit ,7901 Stoneridge Drive Suite 150 ,Orinda,CA,Alameda County,https://behively.org/,hello@behively.org,"communications@behively.org, providersupport@behively.org, counseling@behively.org, childcaresupport@behively.org, coveredca@behively.org",https://behively.org/contact/#locations ,https://www.linkedin.com/company/behively/about/,https://www.instagram.com/HivelyAlamedaCounty,https://www.facebook.com/HivelyAlameda,,,,9512908809
735,Holden High School,California Nonprofit ,10 Irwin Way ,Hollywood,CA,Contra Costa County,http://www.holdenhigh.org/,,admissions@holdenhigh.org,https://holdenhigh.org/contact-us/ ,,https://www.instagram.com/HoldenHighSchool,https://www.facebook.com/HoldenHighSchool,,,,
736,Hollywood United Methodist Church,California Nonprofit ,6817 Franklin Ave ,Murrieta,CA,,http://www.hollywoodumc.org/," info@hollywoodumc.org , info@hollywoodumc.org",,https://hollywoodumc.org/contact/ ,,,https://www.facebook.com/HollywoodUMC,,,,7072636222
737,Hoofbeats For Hope Inc,California Nonprofit ,42018 Calle Pino ,Monterey,CA,Riverside County,http://www.hoofbeatsforhope.org/,,,,,https://www.instagram.com/hoofbeats_for_hope,https://www.facebook.com/profile.php?id=61559592602946,,,,
738,Hospice Giving Foundation,California Nonprofit ,80 Garden Court Ste 201 ,Lakeport,CA,Monterey County,http://www.hospicegiving.org/,,,https://hospicegiving.org/contact/ ,,https://www.instagram.com/hospicegivingfoundation_/,https://www.facebook.com/HospiceGiving,,,,18779885559
739,Hospice Services of Lake County,California Nonprofit ,1862 Parallel Drive ,Santa Paula,CA,Lake County,https://www.lakecountyhospice.org/,,lhuntley@lakecountyhospice.org,https://www.lakecountyhospice.org/contact-us/ ,,https://www.instagram.com/hospicelakecountyca,https://www.facebook.com/HospiceServicesofLakeCounty,,,,
740,House Farm Workers,California Nonprofit ,PO Box 402 ,Claremont,CA,Ventura County,http://www.housefarmworkers.org/,info@housefarmworkers.org,,,https://www.linkedin.com/company/house-farm-workers/,https://www.instagram.com/housefarmworkers/,https://www.facebook.com/HouseFarmWorkers/,,,,
741,"House of Ruth, Inc.",California Nonprofit ,PO Box 459 ,Richmond,CA,Los Angeles County,http://www.houseofruthinc.org/,,,https://visitor.constantcontact.com/manage/optin?v=0018OepQbqXwM06GTl82Q4BtAx31Ju-eA0fECIEmRFuRTwGfoMV_iW9SUXlBbOAb0rXLMiFBS3ifPFHY_26WdNqEL4abicOztNn ,https://www.linkedin.com/company/house-of-ruth_2/,https://www.instagram.com/p/DWos_bkkor6/,https://www.facebook.com/HouseofRuthClaremont/?ref=page_internal,,,,
742,House Rabbit Society,California Nonprofit ,148 Broadway ,,CA,Contra Costa County,http://rabbit.org/,info@rabbit.org,,,,https://www.instagram.com/rabbitdotorg/,https://www.facebook.com/rabbitdotorgfoundation,,,,
743,"Housing Alternatives, Inc.",California Nonprofit ,,Sacramento,,,,,,,,,,,,,
744,Housing California,California Nonprofit ,1107 9Th St Ste 560 ,Los Angeles,CA,Sacramento County,http://www.housingca.org/,,"sdasilva@housingca.org, tsreekrishnan@housingca.org",https://housingca.org/contact/ ,https://www.linkedin.com/company/housing-california,https://www.instagram.com/housingca/,https://www.facebook.com/housingca,,,,
745,Housing Equality & Advocacy Resource Team,California Nonprofit ,3612 11Th Avenue ,Santa Cruz,CA,Los Angeles County,http://www.heartla.org/,info@heartla.org,,,,https://www.instagram.com/heartlosangeles/?hl=en,https://www.facebook.com/HEARTLosAngeles/,,,,7147847920
746,Housing Matters,California Nonprofit ,115B Coral Street ,Camarillo,CA,Santa Cruz County,https://housingmatterssc.org/,contact@housingmatterssc.org,"communications@housingmatterssc.org, veterans@housingmatterssc.org, families@housingmatterssc.org, outreach@housingmatterssc.org",https://housingmatterssc.org/about-us/contact/ ,,https://www.instagram.com/housingmatterssc/,https://www.facebook.com/HousingMattersSC,,,,%204156212929
747,Housing Trust Fund Ventura County,California Nonprofit ,360 Mobil Ave Ste 213A ,,CA,Ventura County,http://www.housingtrustfundvc.org/,,"crcomplaints@treasury.gov, linda@housingtrustfundvc.org",https://www.housingtrustfundvc.org/contact-us/ ,https://www.linkedin.com/company/housingtrustfundvc,https://www.instagram.com/housingtrustfundvc/,https://www.facebook.com/HousingTrustFundVC,,,,
748,"Hub for Integration, Reentry & Employment",California Nonprofit ,,San Francisco,,,http://www.hireoc.org/,info@hireoc.org,"nwoodworth@hireoc.org, recruitment@hireoc.org",,https://www.linkedin.com/company/hireoc/,https://www.instagram.com/hireoc/,https://www.facebook.com/hireorangecounty/,,,,18778543594
749,Huckleberry Youth Programs,California Nonprofit ,3450 Geary Blvd Suite 107 ,,CA,San Francisco County,http://www.huckleberryyouth.org/,info@huckleberryyouth.org,"hh@huckleberryyouth.org, hyp@huckleberryyouth.org",https://www.huckleberryyouth.org/contact-us/ ,https://www.linkedin.com/company/huckleberry-youth-programs/,https://www.instagram.com/huckleberryyouth/,https://www.facebook.com/huckleberryyouthprograms/,,,,15306232024
750,Human Energy,California Nonprofit ,,Irvine,,,https://www.humanenergy.io/,,,https://www.humanenergy.io/contact-us ,https://www.linkedin.com/company/humanenergy,https://www.instagram.com/humanenergyio/,https://www.facebook.com/HumanEnergyIO/,,,,
751,"Human Options, Inc.",California Nonprofit ,PO Box 53745 ,Weaverville,CA,Orange County,http://www.humanoptions.org/,info@humanoptions.org,,,https://www.linkedin.com/company/human-options-inc-,,https://www.facebook.com/humanoptions,,,,
752,Human Response Network,California Nonprofit ,PO Box 2370 ,Richmond,CA,,https://www.hrntrinity.org/,hrn@hrntrinity.orgsubject=Info,"rn@hrntrinity.org, hrn@hrntrinity.orgsubject=Question from website visitor",https://www.hrntrinity.org/contact ,,https://www.instagram.com/hrntrinity,https://www.facebook.com/humanresponsenetwork,,,,
753,Human Services Alliance of Contra Costa,California Nonprofit ,2500 Bissell Avenue 2500 Bissell Avenue ,Fresno,CA,Contra Costa County,http://www.humanservicesalliance.org/,,dan@humanservicesalliance.org,http://www.humanservicesalliance.org/contact-us ,,,,,,,
754,Humanics @ Fresno State,California Nonprofit ,5340 N Campus Drive ,Oakland,CA,Fresno County,,,,,,,,,,,8884005530
755,Humanistic Alternatives to Addiction Research dba HAART,California Nonprofit ,10850 Macarthur Blvd Ste 200 ,Redondo Beach,CA,Alameda County,http://www.haartoakland.org/,info@haart.org,,,,,,,,,
756,iACT,California Nonprofit ,1732 Aviation Blvd 23138 ,El Cajon,CA,Los Angeles County,http://www.iact.ngo/,,,https://www.iact.ngo/contact ,https://www.linkedin.com/company/i-act,https://www.instagram.com/iactivism/?hl=en,https://www.facebook.com/iactivism,,,,
757,Identity Theft Resource Center,California Nonprofit ,2514 Jamacha Rd Ste 502-525 ,,CA,San Diego County,https://www.idtheftcenter.org/,,,,https://www.linkedin.com/company/idtheftcenter,https://www.instagram.com/idtheftcenter/,https://www.facebook.com/IDTheftResourceCenter,https://www.news4jax.com/money/2025/09/04/how-to-protect-children-teens-from-identity-theft/,,,
758,IEHP Foundation,California Nonprofit ,,,,,http://iehpfoundation.org/,,,,,,,,,,
759,illuminAid,California Nonprofit ,,Los Angeles,,,https://www.illuminaid.org/,info@illuminaid.org,,https://www.illuminaid.org/contact-us ,https://www.linkedin.com/company/illuminaidorg,https://www.instagram.com/illuminaid_org/,https://www.facebook.com/illuminaid.org,https://x.com/illuminaid,,,
760,"imagine1day USA, Inc.",California Nonprofit ,2355 Westwood Blvd 231871 ,,CA,Los Angeles County,https://imagine1day.org/,info@imagine1day.org,usa@imagine1day.org,https://imagine1day.org/who-we-are/contact/ ,https://www.linkedin.com/company/imagine1day/,https://www.instagram.com/imagine1day/,https://www.facebook.com/imagine1day.org,,,,
761,Immigrants Rising,California Nonprofit ,,San Francisco,,,https://immigrantsrising.org/,,,,,,,,,,
762,Immigration Institute of the Bay Area,California Nonprofit ,58 2Nd Street 3Rd Floor ,Berkeley,CA,San Francisco County,https://iibayarea.org/,"sfinfo@iibayarea.org, napainfo@iibayarea.org","petaluma@iibayarea.org, oakphones@iibayarea.org, fremont@iibayarea.org, redwoodcity@iibayarea.org, brentwood@iibayarea.org, media@iibayarea.org",,,https://www.instagram.com/iiba1918/,https://www.facebook.com/IIBA1918,,,,
763,Impact Fund,California Nonprofit ,2080 Addison St Ste 5 ,,CA,Alameda County,http://www.impactfund.org/,,"fkorr@impactfund.org, communications@impactfund.org, noticeproject@impactfund.org, grants@impactfund.org, impactfund@impactfund.org",http://www.impactfund.org//aboutus/contact-2 ,https://www.linkedin.com/company/impactfund/,,https://www.facebook.com/USimpactfund/,,,https://bsky.app/profile/impactfund.bsky.social,7603700966
764,Imperial Regional Alliance,California Nonprofit ,,,,,,,,,,,,,,,17605924066
765,"Imperial Valley Equity and Justice, Inc.",California Nonprofit ,,Imperial,,,http://ivequityjustice.org/,info@ivequityjustice.org,,,https://www.linkedin.com/company/imperial-valley-equity-justice/,https://www.instagram.com/ivequityjustice,https://www.facebook.com/IVEquityJustice/,,,https://bsky.app/profile/iv-equity-justice.bsky.social,
766,Imperial Valley Food Bank,California Nonprofit ,486 W. Aten Rd ,,CA,Imperial County,http://www.ivfoodbank.org/,,,http://www.ivfoodbank.org//about/contact ,,https://www.instagram.com/ivfoodbank/,https://www.facebook.com/ivfoodbank,,,,
767,Imperial Valley LGBT Resource Center,California Nonprofit ,,La Mesa,,,https://ivlgbt.org/,info@ivlgbt.org,,,,https://www.instagram.com/ivlgbt/,https://www.facebook.com/ivlgbt/,https://x.com/ivlgbt,,,12078579001
768,Includ(Ed),California Nonprofit ,4444 Beverly Dr. ,Culver City,CA,San Diego County,https://www.includedsd.org/,info@includedsd.org,,,,https://www.instagram.com/included.sd/,https://www.facebook.com/profile.php?id=100090665000300,,,,
769,Independent School Alliance for Minority Affairs,California Nonprofit ,5813A Uplander Way ,Salinas,CA,Los Angeles County,http://www.independentschoolalliance.org/,info@independentschoolalliance.org,,http://www.independentschoolalliance.org/contact ,https://www.linkedin.com/in/independent-school-alliance-a56b371ab/,https://www.instagram.com/independentschoolalliance/,https://www.facebook.com/Independentschoolalliance/,,,,
770,Independent Transportation Network Monterey County,California Nonprofit ,236 Monterey St ,Redding,CA,Monterey County,http://www.itnmontereycounty.org/,,,https://www.itnmontereycounty.org/contact-us/ ,https://www.linkedin.com/company/itnamerica,https://www.instagram.com/itnmonterey/,https://www.facebook.com/235084483244257,https://x.com/ITNMC,,,2095330377
771,Indian Cultural Organization,California Nonprofit ,14840 Bear Mountain Rd ,San Francisco,CA,Shasta County,http://indiancultural.org/,,rebekah@winnemem.org,,,,,,,,
772,Indochinese Housing Development Corporation,California Nonprofit ,340 Eddy St Ste 100 ,Sonora,CA,San Francisco County,http://www.indochinese.org/,info@ihdcsf.org,,https://www.ihdcsf.org/contact ,,https://www.instagram.com/tag.ihdc,https://www.facebook.com/people/Indochinese-Housing-Development-Corporation-IHDC/100067354601781/,,,,
773,Infant Child Enrichment Services,California Nonprofit ,20993 Niagara River Dr ,Los Angeles,CA,Tuolumne County,http://www.icesagency.org/,info@icesagency.org,"ices@stl.net, ices@sti.net",https://icesagency.org/contact-mariposa/ ,,,https://www.facebook.com/ICESTuolumne/,,,,
774,Initiate Justice,California Nonprofit ,742 S. Hills Street Ste. 702 ,Eureka,CA,Los Angeles County,http://initiatejustice.org/," info@initiatejustice.org, info@initiatejustice.org",media@initiatejustice.org,,,,,,,,
775,Ink People,California Nonprofit ,627 3Rd Street ,San Bernardino,CA,Humboldt County,https://www.facebook.com/theinkpeople?fref=ts,,,,,https://l.facebook.com/l.php?u=https%3A%2F%2Fwww.instagram.com%2F_u%2Fnorthcoastcoop&h=AT5h6X9vRyzeUrzaGFl6JUKyOmjFrg9D7lfGFtQtBDj2VhP3a9f61BAyq07Lu-V_NP9mq_oZ3x2DfNafBCu7eujpRAb3sBVyK4HQOQuEFHI3bHbKD31URDJ7gCRXWjbmqIGwGoQ3cEh4MqZkMIyWoNloYB7qdNqfcAGlPVxTBA&__tn__=C%2CP-R&c[0]=AT4i1AGlsZBSl0L5IsK7clmxCebeJzFzRDC9k3csM7a4vMPpOLhItNYjm90XeqWCsQieRt2t70SHyV4lAlT8x-5GSxbhe0NgrfNOdZnjdbmV73Al9qryiAoIZmgC7Uzn5QSKarxVI4eUSYE43ou6H3Dq2jC1GQR8K2G2yQDGXNDD1IoLPKfq-M6BDHUL3MUkkxA8yURiDGchpmjR0K1OfT7Q7PrgUlEvq3RdAg,https://www.facebook.com/login/device-based/regular/login/?login_attempt=1&next=https%3A%2F%2Fwww.facebook.com%2Ftheinkpeople%3Ffref%3Dts,,,,9518003006
776,"Inland Empire Community Collaborative, Inc.",California Nonprofit ,1887 Business Center Dr. Suite 233 ,Riverside,CA,San Bernardino County,http://www.inlandempirecommunitycollaborative.org/,,,,,,,,,,
777,Inland Empire Community Foundation (IECF),California Nonprofit ,3700 6Th St Ste 200 ,Riverside,CA,Riverside County,http://www.thecommunityfoundation.net/,,,,,,,,,,
778,Inland Empire Immigrant Youth Collective,California Nonprofit ,3610 Central Ave Ste 204 ,Rancho Cucamonga,CA,Riverside County,https://www.theieiyc.org/,info@theieiyc.org,,https://www.theieiyc.org/contactus ,,https://www.instagram.com/ie_iyc,https://www.facebook.com/IEIYC,,,,
779,Inland SoCal Housing Collective,California Nonprofit ,9551 Pittsburgh Ave ,Santa Ana,CA,San Bernardino County,http://www.ischcollective.org/,,,,,,,,,,
780,Innovative Housing Opportunities,California Nonprofit ,501 N. Golden Circle Drive Ste 100 ,,CA,Orange County,http://www.ihocommunities.org/,,,,https://www.linkedin.com/company/innovative-housing-opportunities-inc-/,https://www.instagram.com/iho_inc/,https://www.facebook.com/ihoinc,,,,
781,Insignia,California Nonprofit ,,,,,http://insigniacoaching.com/,,,,,,,,,,
782,Inspiration's Edge,California Nonprofit ,,Oakland,,,https://www.inspirationsedge.org/,,,,,,,,,https://bsky.app/profile/inspirationsedge.bsky.social,
783,Institute for Research on Male Supremacism,California Nonprofit ,1721 Broadway Suite 201 ,Arcata,CA,Alameda County,http://malesupremacism.org/,contact@theirms.org,,http://malesupremacism.org/mailto:contact@theirms.org ,,,https://www.facebook.com/Institute-for-Research-on-Male-Supremacism-100703004613141,,,,
784,Institute for Wildlife Studies,California Nonprofit ,PO Box 1104 ,National City,CA,Humboldt County,http://www.iws.org/,,,http://www.iws.org/contact-us ,,,https://www.facebook.com/IWSEagles/,,,,
785,Integrity Charter School,California Nonprofit ,701  Blvd ,Grass Valley,CA,San Diego County,http://www.integritycharterschool.net/,,arivera@integritycharterschool.net,,,,,,,,
786,Interfaith Food Ministry of Nevada County,California Nonprofit ,440 Henderson St ,,CA,Nevada County,http://www.interfaithfoodministry.org/,,,,,,https://www.facebook.com/pages/Interfaith-Food-Ministry/155749367813411?ref=aymt_homepage_panel,,,,
787,International Ally Federation,California Nonprofit ,,Milpitas,,,http://allyfederation.org/en/home,,,,,,,,,,14155807982
788,International Children's Assistance Network (ICAN),California Nonprofit ,532 Valley Way ,,CA,Santa Clara County,http://www.ican2.org/,,,http://www.ican2.org/contact-us ,https://www.linkedin.com/company/ican2,https://www.instagram.com/ican_siliconvalley/?hl=en,https://www.facebook.com/ICANSiliconValley,,,,8554736744
789,International College of Neuroethics and Neuroscience,California Nonprofit ,,San Francisco,,,https://www.neuroethicscollege.org/,,Together@NeuroEthicsCollege.org,https://www.neuroethicscollege.org/contact ,https://www.linkedin.com/company/international-college-of-neuroethics-and-neuroscience/,https://www.instagram.com/iconn_neuroethics_college_/,https://www.facebook.com/profile.php?id=61575275098681,,,,
790,International Funders for Indigenous Peoples,California Nonprofit ,PO Box 29184 ,Roseville,CA,San Francisco County,https://internationalfunders.org/,,support@internationalfunders.org,,https://www.linkedin.com/company/international-funders-for-indigenous-peoples,https://www.instagram.com/ifip_philanthropic/,https://www.facebook.com/IFIPphilanthropy,,,,
791,International Pemphigus Pemphigoid Foundation,California Nonprofit ,915 HighlandPointe Drive Suite 250 ,,CA,Placer County,https://www.pemphigus.org/,info@pemphigus.org,,https://www.pemphigus.org/contact-us/ ,https://www.linkedin.com/company/international-pemphigus-pemphigoid-foundation,https://www.instagram.com/healourskin/,https://www.facebook.com/healourskin,,,,
792,"Interstate 5 Blues Association, Inc.",California Nonprofit ,,San Francisco,,,https://www.interstate5bluesassociation.org/,,,https://www.interstate5bluesassociation.org/contact/ ,,https://www.instagram.com/interstate5_blues_association_/,https://www.facebook.com/interstate.5.blues.association,,,,
793,Irish Immigration Pastoral Center of the Bay Area,California Nonprofit ,5340 Geary Boulevard Suite 206 ,,CA,San Francisco County,http://www.sfiipc.org/,info@sﬁipc.org,,,,,,,,,
794,ITP International,California Nonprofit ,,Los Angeles,,,http://www.itp-international.org/,,,http://www.itp-international.org//form/contact ,https://www.linkedin.com/company/itp-international/,https://www.instagram.com/itpinternational/,https://www.facebook.com/ITPInternational/,,,,
795,It's Bigger Than Us,California Nonprofit ,2006 W 76Th Street ,Burlingame,CA,Los Angeles County,http://itsbiggerthanusla.org/,,,,https://www.linkedin.com/company/it-s-bigger-than-us/,https://www.instagram.com/itsbiggerthanus_/,https://www.facebook.com/search/top?q=it%27s%20bigger%20than%20us-%20los%20angeles,,,,
796,Jack McGovern Coats' Disease Foundation,California Nonprofit ,20 Park Road Suite E ,,CA,San Mateo County,https://coatsdiseasefoundation.org/,contact@curecoats.org,skopac@curecoats.org,,https://www.linkedin.com/company/jack-mcgovern-coats-disease-foundation,https://www.instagram.com/p/CvFSwVPIhFV/,,,,,
797,Jacob's Heart Children's Cancer Support Services,California Nonprofit ,,Fresno,,,http://jacobsheart.org/,info@jacobsheart.org,,https://www.jacobsheart.org/contact ,,https://www.instagram.com/jacobsheartkids/,https://www.facebook.com/jacobsheart,,,,
798,Jakara Movement,California Nonprofit ,6089 N 1St St Ste 102 ,Newark,CA,Fresno County,http://www.jakara.org/,,,http://www.jakara.org/contact_us ,,,https://www.facebook.com/jakaramovement/,,,,
799,Jammers Strong Foundation,California Nonprofit ,37221 Olive Street ,Santa Cruz,CA,Alameda County,http://www.jammersstrong.com/,,,,https://www.linkedin.com/company/jammers-strong-foundation/,https://www.instagram.com/jammers_strong_foundation/,https://www.facebook.com/JammersStrong,https://x.com/Jammers_Strong,,https://bsky.app/profile/jammersstrong.bsky.social,
800,Janus of Santa Cruz,California Nonprofit ,200 7Th Ave Suite 150 ,San Francisco,CA,Santa Cruz County,http://www.janussc.org/,,,http://www.janussc.org/contact-us ,https://www.linkedin.com/company/janus-of-santa-cruz/,,https://www.facebook.com/janus.sc,,,,
801,Japan Exchange & Teaching Program Alumni Association of Northern California,California Nonprofit ,PO Box 2873 ,Watsonville,CA,San Francisco County,http://jetaanc.org/,,,https://www.jetaanc.org/contact ,http://www.linkedin.com/company/jet-alumni-association-of-northern-california-jetaanc-,https://www.instagram.com/jetaanc/,https://www.facebook.com/jetaanc,,,,
802,Japanese American Citizens League dba: Watsonville-Santa,California Nonprofit ,PO Box 163 ,,CA,Santa Cruz County,http://watsonvillesantacruzjacl.com/,,"wsc.jacl@gmail.com, wsc.jacl.seniors@gmail.com",https://watsonvillesantacruzjacl.com/contact-us/ ,,,https://www.facebook.com/Watsonville-Santa-Cruz-JACL-1690890217793542/,,,,
803,Japanese American Citizens League Pacific Southwest District,California Nonprofit ,,Santa Cruz,,,http://www.jaclpsw.org/,info@jaclpsw.org,,,,,,,,,
804,Japaneses American Memorial Pilgrimages,California Nonprofit ,PO Box 3344 ,,CA,Santa Cruz County,https://www.jampilgrimages.org/,,,https://www.jampilgrimages.org/contact ,,https://www.instagram.com/jampilgrimages/,https://www.facebook.com/JAMPilgrimages,https://x.com/JAMPilgrimages,,https://bsky.app/profile/jampilgrimages.bsky.social,
805,Dora Lopez,California Nonprofit ,,Pasadena,,,http://www.instagram.com/arcoiriscollectivelearning,,,,,,https://www.facebook.com/help/instagram/261704639352628,,https://www.threads.com/,,8586373210
806,Jericho Road Pasadena,California Nonprofit ,75 S Grand Ave ,Los Angeles,CA,Los Angeles County,http://www.jrpasadena.org/,,,https://jrpasadena.org/contact-us-3/ ,https://www.linkedin.com/company/jericho-road-pasadena/,https://www.instagram.com/jrpasadena,https://www.facebook.com/jerichoroadpasadena,,,,4085560600
807,Jewish Family Service LA,California Nonprofit ,330 N.Fairfax Ave. ,San Diego,CA,Los Angeles County,http://www.jfsla.org/,,"services@jfsla.org, development@jfsla.org, msidman@jfsla.org",,,https://www.instagram.com/jfslosangeles/?hl=en,https://www.facebook.com/JFSLA/,,,,
808,Jewish Family Service of San Diego,California Nonprofit ,8804 Balboa Ave ,Los Gatos,CA,San Diego County,http://www.jfssd.org/,,,https://secure.jfssd.org/site/SPageServer/?pagename=contact_jfs ,https://www.linkedin.com/company/jewish-family-service-of-san-diego/,https://www.instagram.com/jfs_sd/,,,,,16195002385
809,Jewish Family Services of Silicon Valley,California Nonprofit ,980 University Ave ,Los Angeles,CA,Santa Clara County,http://www.jfssv.org/,,"CACSintake@jfssv.org, jfs@jfssv.org",,,https://www.instagram.com/jfssiliconvalley/,https://www.facebook.com/jewishfamilyservicessv/,,,,
810,Jewish Public Affairs Committee of California,California Nonprofit ,1270 S Alfred St 2335282 ,,CA,Los Angeles County,https://jpac-cal.org/,info@jewishcal.org,cberg@govadv.com,,https://www.linkedin.com/company/JewishCalifornia/,https://www.instagram.com/jpaccalifornia,https://www.facebook.com/jewishcalifornia,https://x.com/JPACcalifornia,,,
811,JIREH Providers,California Nonprofit ,,,,,https://jirehhealthandwellness.org/,jirehteaminfo@gmail.com,,https://jirehhealthandwellness.org/contact-us/ ,,https://www.instagram.com/jirehproviders/,https://www.facebook.com/JIREHProviders1,,,,
812,"JMH-Anaheim Foundation, Inc.",California Nonprofit ,,,,,http://www.jmhanaheim.com/,,,,,,,,,,
813,Jmm Dance Co,California Nonprofit ,,San Francisco,,,https://www.jmmdanceco.org/,info@jmmdanceco.org,,,,,,,,,
814,John & Marcia Goldman Foundation,California Nonprofit ,182 Howard Street Suite 8 ,Long Beach,CA,San Francisco County,http://jmgoldmanfoundation.org/,,,,,,,,,,17603403220
815,Josephine S. Gumbiner Foundation,California Nonprofit ,333 W Broadway Ste 312 ,,CA,Los Angeles County,http://www.jsgf.org/,info@jsgf.org, julie@jsgf.org,,,,,,,,
816,Joshua Tree Creative Laboratory (JTLab),California Nonprofit ,,,,,https://www.jtlab.info/,,,,,,https://www.facebook.com/jtlab.info/,,,,
817,Joslyn Senior Center,California Nonprofit ,,Emeryville,,,http://joslyncenter.org/,,,,,https://www.instagram.com/thejoslyncenter/,https://www.facebook.com/JoslynCenter/,,,,
818,"J-Sei, Inc.",California Nonprofit ,1285 66Th St. ,,CA,Alameda County,https://j-sei.org/,,sianne@j-sei.org,,,https://www.instagram.com/jseicommunity/,https://www.facebook.com/jseicommunity/,,,,
819,JTM Academy,California Nonprofit ,,Morgan Hill,,,http://www.jtmacademy.org/,,"registration@jtmacademy.orgsubject=Thank yuou for your inquiry about JTM Academy!, registration@jtmacademy.org, registration@jtmacademy.orgsubject=Thank you for your inquiry about JTM Academy!, registration@jtmacademy.orgsubject=Hi",https://www.jtmacademy.org/contact ,,https://www.instagram.com/jtm_academy/,https://www.facebook.com/JTMAcademy/,,,,9254651070
820,Jubilee Bridge Church,California Nonprofit ,685 D Jarvis Dr. ,San Francisco,CA,Santa Clara County,https://www.facebook.com/jubileebridge,,,,,,https://www.facebook.com/login/device-based/regular/login/?login_attempt=1&next=https%3A%2F%2Fwww.facebook.com%2Fjubileebridge,,,,
821,Juma Ventures,California Nonprofit ,131 Steuart St Ste 202 ,Walnut Creek,CA,San Francisco County,http://www.juma.org/,devadmin@juma.org,"operations@juma.org, meganh@juma.org",https://juma.org/contact/ ,https://www.linkedin.com/company/juma-ventures,,https://www.facebook.com/jumaventures,,,,
822,Junior Achievement of Northern California,California Nonprofit ,3003 Oak Road Suite 130 ,,CA,Contra Costa County,https://norcal.ja.org/,,,,https://www.linkedin.com/company/junior-achievement-of-northern-california/,https://www.instagram.com/janorcal/,https://www.facebook.com/janorcal/,,,,5105695862
823,Just Who I Am,California Nonprofit ,,San Carlos,,,http://justwhoiam.org/,,,https://justwhoiam.org/contact-us/ ,,,,,,,
824,Justice At Last,California Nonprofit ,PO Box 566 ,Oakland,CA,San Mateo County,https://www.justiceatlast.org/,info@justiceatlast.org,,,https://www.linkedin.com/company/justiceatlastbayarea,,https://www.facebook.com/JusticeAtLastBayArea/,,,,16503215272
825,K to College dba SupplyBank.Org,California Nonprofit ,7730 Pardee Lane ,San Francisco,CA,Alameda County,https://supplybank.org/,info@supplybank.org,"communications@supplybank.org, procurement@supplybank.org, events@supplybank.org, programs@supplybank.org",https://supplybank.org/contact-us/ ,,https://www.instagram.com/supplybank/,https://www.facebook.com/SupplyBank/,,,,
826,Kai Ming Head Start,California Nonprofit ,934 Howard St ,Palo Alto,CA,San Francisco County,http://www.kaiming.org/,,,,,,,,,,
827,Kara,California Nonprofit ,457 Kingsley Ave ,Pacifica,CA,Santa Clara County,https://www.kara-grief.org/,,,https://kara-grief.org/services/when-you-contact-us/ ,https://www.linkedin.com/company/3666053,https://www.instagram.com/kara.grief/,https://www.facebook.com/KaraGrief,,,,
828,Kateri Tekakwitha Fund,California Nonprofit ,PO Box 906 ,Sn Luis Obisp,CA,San Mateo County,http://www.kateri-fund.org/,info@kateri-fund.org,,https://www.kateri-fund.org/contact-1 ,https://www.linkedin.com/company/the-kateri-fund-for-guatemalan-girls-education/,https://www.instagram.com/katerifund/,https://www.facebook.com/katerifund,https://x.com/Kateri_Fund,,,
829,"KCBX, Inc.",California Nonprofit ,4100 Vachell Ln ,,CA,,https://www.facebook.com/kcbxfm,,,,,https://l.facebook.com/l.php?u=https%3A%2F%2Fwww.instagram.com%2Fkcbxfm&h=AT5_WA-hikvo-u9v6LdtfGfAu2MQd4ejCILJ8QDoa0KxZp6fnwAMSCZZCp_vWZF_O2Q25_3WMGKd7w-y2Fxf148ZreRaBKskbrxncpcuw-aT7Fb4NWMWAJ-gRTndCegh-6ZxSTrEf2bLTHLEADVE-AAvslfjEaijSX3KAGAStQ,https://www.facebook.com/login/device-based/regular/login/?login_attempt=1&next=https%3A%2F%2Fwww.facebook.com%2Fkcbxfm,,,,
830,"KCRW Foundation, Inc.",California Nonprofit ,,,,,https://www.kcrw.com/,,,https://www.kcrw.com/contact ,,https://www.instagram.com/kcrw/,https://www.facebook.com/kcrw/,,,,
831,Keep Track Global Community Development Corporation,California Nonprofit ,,,,,http://ktglobalcdc.org/,,,https://ktglobalcdc.org/contact-us/ ,,,,,,,
832,Kelley House Museum,California Nonprofit ,,San Pablo,,,https://www.kelleyhousemuseum.org/,info@kelleyhousemuseum.org,,,,https://www.instagram.com/kelleyhousemuseum/,https://www.facebook.com/KelleyHouseMuseum,,,,
833,Kendra Alexander Foundation,California Nonprofit ,2334 20Th St ,Bakersfield,CA,Contra Costa County,http://www.kafoundation.org/,info@kafoundation.org,,,,,,,,,
834,Kern Community Tennis Association,California Nonprofit ,PO Box 11915Po Box 11915 ,Kernville,CA,Kern County,http://kerntennis.org/,admin@kerntennis.org,,,,https://www.instagram.com/kcta_tennis/,https://www.facebook.com/profile.php?id=61558991290848&mibextid=ZbWKwL,,,,
835,Kern River Conservancy,California Nonprofit ,PO Box 1042 ,Bakersfield,CA,,www.kernriverconservancy.org.  www.southernsierraconservancy.org,,,,,,,,,,
836,Kern River Fly Fishers,California Nonprofit ,8536 Kern Canyon Road Space 201 ,Lake Isabella,CA,Kern County,http://kernriverflyfishers.com/,,,,,,,,,,
837,Kern River Valley Senior Citizens Inc,California Nonprofit ,P.O Box 2664 ,,CA,,https://krvseniors.org/,,,,,,,,,,
838,Keys to Music Foundation,California Nonprofit ,,,,,http://keystomusicfoundation.org/,,,http://keystomusicfoundation.org/contact ,https://www.linkedin.com/company/107855701/,,https://www.facebook.com/profile.php?id=61578183973518,,,,
839,KIAMOR Project,California Nonprofit ,,Burbank,,,http://www.kiamor.org/,info@kiamor.org,,,,,,,,,
840,Kids' Community Clinic of Burbank,California Nonprofit ,400 W. Elmwood Ave. ,Apple Valley,CA,Los Angeles County,http://www.kidsclinic.org/,"info@kidsclinic.org, info@kidsclinic.orgsubject=I'd like to volunteer at KCDC",,,,https://www.instagram.com/kidscommunity.dentalclinic/,,,,,
841,Kids First Foundation,California Nonprofit ,22099 Us Highway 18 23411 ,Santa Ana,CA,San Bernardino County,http://www.kidsfirstfnd.org/,info@kidsfirstfnd.org,,https://www.kidsfirstfnd.org/contact ,,https://www.instagram.com/kidsfirstfoundation/,,,,,19097922111
842,KidSingers,California Nonprofit ,2321 East 4Th St C549 ,,CA,Orange County,http://www.kidsingers.org/,info@kidsingers.org,,,,https://www.instagram.com/officialkidsingers/,,,,,
843,Kilusan Wellness,California Nonprofit ,,Redlands,,,https://www.kilusanwellness.org/,info@kilusanwellness.org,,,,http://www.instagram.com/kilusanwellness,https://www.facebook.com/KilusanWellness/,,,,
844,Kimberly Crest House & Gardens,California Nonprofit ,1325 Prospect Drive ,Bellflower,CA,San Bernardino County,https://kimberlycrest.org/,info@kimberlycrest.org,,https://kimberlycrest.org/contact/volunteer/ ,,https://www.instagram.com/kimberlycrest/,https://www.facebook.com/KimberlyCrestHouseAndGardens/,,,,
845,Kingdom Causes Bellflower,California Nonprofit ,16429  Blvd. ,Hanford,CA,Los Angeles County,http://kcbellflower.org/,,,http://kcbellflower.org/contact ,,https://www.instagram.com/kcbellflower,https://www.facebook.com/kingdomcausesbellflower,,,,
846,Kings Community Action Organization,California Nonprofit ,1130 N 11Th Ave ,San Diego,CA,Kings County,http://www.kcao.org/,,,,,,,,,,2137389050
847,Kitchens for Good,California Nonprofit ,2799 Health Center Drive ,,CA,San Diego County,http://www.kitchensforgood.org/,info@kitchensforgood.org,"Shop@kitchensforgood.org, kitchens@kitchensforgood.org",https://kitchensforgood.org/contact/ ,https://www.linkedin.com/company/kitchens-for-good/,https://www.instagram.com/kitchensforgood/,https://www.facebook.com/kitchensforgood,,,,
848,Kiva,California Nonprofit ,,Los Angeles,,,http://www.kiva.org/,,,,,//www.instagram.com/kiva.org,,,,,
849,KIWA (Koreatown Immigrant Workers Alliance),California Nonprofit ,941 S. Vermont Ave Ste 101 ,,CA,Los Angeles County,https://www.kiwa.org/,info@kiwa.org,media@kiwa.org,https://www.kiwa.org/contact-1 ,,,,,,,13239373718
850,Knights of Care,California Nonprofit ,,,,,,,,,,,,,,,
851,Korean American Special Education Center,California Nonprofit ,,Los Angeles,,,http://www.kasecca.org/,,,,,https://www.instagram.com/kasec_ca/,https://www.facebook.com/kasec5629262040,,,,
852,Korean Resource Center,California Nonprofit ,900 Crenshaw Blvd ,Los Angeles,CA,Los Angeles County,http://www.krcla.org/,,,http://www.krcla.org/contact ,,https://www.instagram.com/krclaorg,https://www.facebook.com/krcla/,,,,8189556500
853,Koreatown Youth and Community Center,California Nonprofit ,3727 W 6Th St Ste 300 ,San Francisco,CA,Los Angeles County,http://www.kyccla.org/,,,https://www.kyccla.org/contact-us/ ,,https://www.instagram.com/kyccla/,https://www.facebook.com/KYCCLA,https://x.com/KYCCLA,,,4156638068
854,Kronos Performing Arts Association,California Nonprofit ,PO Box 225340 ,,CA,San Francisco County,http://www.kronosquartet.org/,,"alicia@mkiartists.com, john@mkiartists.com",https://kronosquartet.org/contact/ ,,,,,,,
855,Kurka Children's Health Fund,California Nonprofit ,,,,,http://kurkachildrenshealthfund.org/,contact@kurkachildrenshealthfund.org,,,,https://www.instagram.com/kurkachildrenshealthfund/,https://www.facebook.com/Kurka-Childrens-Health-Fund-111041007931054,,,,
856,"KWMR, West Marin Community Radio",California Nonprofit ,,,,,http://www.kwmr.org/,,,,,https://www.instagram.com/KWMRradio,https://www.facebook.com/kwmrradio,,,,
857,Kyle J. Taylor Foundation,California Nonprofit ,,Los Angeles,,,http://kylejtaylor.org/,Info@kylejtaylor.org,,,,https://www.instagram.com/kylejtaylorfoundation/,https://www.facebook.com/kylejtaylorfoundation/,,,,
858,L.A. Works,California Nonprofit ,570 W Ave. 26 Suite 400 ,San Francisco,CA,Los Angeles County,http://www.laworks.com/,,,,https://www.linkedin.com/company/la-works/mycompany/,https://www.instagram.com/laworksnow/,https://www.facebook.com/laworks,,,,8189824091
859,"La Cocina, Inc.",California Nonprofit ,2948 Folsom Street ,Los Angeles,CA,San Francisco County,http://lacocinasf.org/,,,,https://www.linkedin.com/company/la-cocina/,,https://www.facebook.com/lacocinasforg/,https://www.netflix.com/watch/81711986?trackId=255824129&tctx=0%2C0%2C2e03a191-6af5-4bfe-9809-9b641f1de7d3-18051157%2C2e03a191-6af5-4bfe-9809-9b641f1de7d3-18051157%7C2%2C%2C%2C%2C%2C81711982%2CVideo%3A81711986%2CdetailsPageEpisodePlayButton,,,
860,LA County High School for the Arts Foundation,California Nonprofit ,369 E. 1St Street 3Rd Fl Suite 3 ,,CA,Los Angeles County,http://www.artshigh.org/foundation,,,,,,,,,,18585344637
861,LA Family Housing,California Nonprofit ,,Los Angeles,,,http://www.lafh.org/,info@lafh.org,development@lafh.org,,https://www.linkedin.com/company/lafamilyhousing/,https://www.instagram.com/lafamilyhousing,,https://x.com/LAFamilyHousing,,,
862,LA Forward Institute,California Nonprofit ,PO Box 25386 ,La Jolla,CA,Los Angeles County,https://www.laforward.institute/,,,,,,,,,,
863,La Jolla Symphony & Chorus,California Nonprofit ,9500 Gilman Dr. Ucsd 0361 ,Santa Monica,CA,,http://www.lajollasymphony.com/,,boxoffice@ljsc.org,,https://www.linkedin.com/company/lajollasymphonychorus/,https://www.instagram.com/lajollasymphony/,https://www.facebook.com/LaJollaSymphony,https://ci.ovationtix.com/36939/store/packages,,,
864,La Senora Research Institute,California Nonprofit ,560 E. Channel Road ,Santa Rosa,CA,Los Angeles County,https://www.lasenora.org/,,,,,,,,,,
865,Laguna de Santa Rosa Foundation,California Nonprofit ,900 Sanford Road ,Laguna Beach,CA,Sonoma County,http://www.lagunafoundation.org/,,maggiehart@lagunafoundation.org,,,https://www.instagram.com/laguna_foundation/,https://www.facebook.com/LagunadeSantaRosaFoundation/,,,,15304123613
866,Laguna Ocean Foundation,California Nonprofit ,1278 Glenneyre St. Suite 133 ,Kelseyville,CA,Orange County,http://www.lagunaoceanfoundation.org/,,,,https://www.linkedin.com/company/laguna-ocean-foundation,https://www.instagram.com/lagunaoceanfoundation/,https://www.facebook.com/lagunaoceanfoundation,,,,
867,Lake Family Resource Center,California Nonprofit ,5350 Main St ,Truckee,CA,,http://www.lakefrc.org/,info@lakefrc.org,,,,,,,,,
868,Lake Tahoe Waterman Foundation,California Nonprofit ,PO Box 9414 ,Lakeside,CA,Nevada County,https://www.laketahoewaterman.org/,"info@email.com, admin@operationopenwater.org",,,,https://www.instagram.com/watermanfoundation,https://www.facebook.com/watermanfoundation,,,,7072523270
869,Lakeside's River Park Conservancy,California Nonprofit ,12108 Industry Rd ,,CA,,http://www.lakesideriverpark.org/,info@lakesideriverpark.org,,,,,,,,,
870,Lamps of Light,California Nonprofit ,,Napa,,,http://lampsoflight.org/,info@lampsoflight.org,,https://lampsoflight.org/contact-us/ ,https://www.linkedin.com/authwall?trk=bf&trkInfo=AQE2XBVnJOsR5gAAAY-9VTiw4sysS7NTSLBBpfItz98BvDgn_re8kXYxC6RMoj35Op_1ufwPIx1Z5R1oM29YEUZ9EpcXtvsn8Hspyh4AUMmnl59fX03xCs8JRhspFi-0tvi-6fI=&original_referer=&sessionRedirect=https%3A%2F%2Fwww.linkedin.com%2Fin%2Ftabari-zahir-acsw-radt-a265321b4,https://www.instagram.com/lampsoflightproject/,https://www.facebook.com/people/Lamps-of-Light-Project/100091953254431/,,,,
871,Land Trust of Napa County,California Nonprofit ,1700 Soscol Ave Ste 20 ,Morgan Hill,CA,Napa County,http://www.napalandtrust.org/,info@napalandtrust.org,,https://napalandtrust.org/contact/ ,,https://www.instagram.com/p/DWrKr_3lDCW/,,,,,4156424400
872,Land Trust of Santa Clara Valley,California Nonprofit ,605 Tennant Avenue Suite H ,Santa Cruz,CA,Santa Clara County,http://www.landtrustscv.org/,info@landtrustscv.org,,,https://www.linkedin.com/company/ltscv/?viewAsMember=true,,https://www.facebook.com/pages/category/Nonprofit-Organization/Land-Trust-of-Santa-Clara-Valley-158922128204375/,,,,
873,Land Trust of Santa Cruz County,California Nonprofit ,911 Center St ,,CA,Santa Cruz County,http://www.landtrustsantacruz.org/,info@landtrustsantacruz.org,,,,,,,,,
874,Ronald Munoz,California Nonprofit ,,Berkeley,,,http://www.carecensf.org/,,,https://carecensf.org/about-us/contact-us/ ,https://www.linkedin.com/company/carecen-sf,https://www.instagram.com/carecen_sf/?hl=en,https://www.facebook.com/CarecenSanFrancisco/,,,https://bsky.app/profile/carcensf.bsky.social,
875,Lark Traditional Arts,California Nonprofit ,1726 Carleton St ,Salinas,CA,Alameda County,http://larktraditionalarts.org/,,,,,,,,,,
876,Latin Advocacy Network,California Nonprofit ,25 San Juan Grade Road Suite 102 ,Los Angeles,CA,Monterey County,http://www.latinan.org/,,,,,,,,,,
877,Latino Resource Organization,California Nonprofit ,1645 Corinth Ave 23112 ,San Francisco,CA,Los Angeles County,http://www.latinoresource.org/,,,https://www.latinoresource.org/contact ,,https://www.instagram.com/nohosunvalleyfamilysource/,https://www.facebook.com/wlafamilysource/,,,,2134851422
878,Lavender Youth Recreation & Information Center (LYRIC),California Nonprofit ,127 Collingwood St ,Fresno,CA,San Francisco County,http://www.lyric.org/,,,,,,,,,,
879,Leadership Counsel for Justice and Accountability,California Nonprofit ,2210 San Joaquin St. ,Los Angeles,CA,Fresno County,http://www.leadershipcounsel.org/,,,https://leadershipcounsel.org/contact/ ,https://www.linkedin.com/company/leadership-counsel/,https://www.instagram.com/leadership_counsel/,https://www.facebook.com/lcjacalifornia,,,,
880,Leadership Education for Asian Pacifics Inc,California Nonprofit ,327 E. 2Nd Street Suite 226 ,Santa Barbara,CA,Los Angeles County,http://www.leap.org/,,leap@leap.org,http://www.leap.org/contact ,,https://www.instagram.com/leapuncaptalent/,https://www.facebook.com/LEAPUncapTalent,,,,
881,Leading From Within,California Nonprofit ,PO Box 806 ,Hesperia,CA,Santa Barbara County,https://leading-from-within.org/,,,https://leading-from-within.org/contact-us/ ,https://www.linkedin.com/company/leading-from-within/,,https://www.facebook.com/Leading-From-Within-601817216507485/,,,,
882,League of California Community Foundations,California Nonprofit ,PO Box 402275 ,Eureka,CA,San Bernardino County,http://www.lccf.org/,info@lccf.org,,https://lccf.org/contact/ ,,,https://www.facebook.com/LeagueCaCFs,,,,
883,League of Women Voters of Humboldt County,California Nonprofit ,P. O. Box 3219 ,San Diego,CA,Humboldt County,http://www.lwvhc.org/,,,,,,,,,,
884,Leah's Pantry,California Nonprofit ,2204 Garnet Ave Ste 304 ,Goleta,CA,San Diego County,http://leahspantry.org/,,,http://leahspantry.org/contact-us/ ,https://www.linkedin.com/company/leahspantry/,https://www.instagram.com/leahspantryorg/,https://www.facebook.com/LeahsPantryOrg,,,,
885,LEAP: Learn. Engage. Advocate. Partner.,California Nonprofit ,PO Box 1332 ,Lake Balboa,CA,Santa Barbara County,http://www.ivyp.org/,info@leapcentralcoast.org,,https://leapcentralcoast.org/contact-us/ ,https://www.linkedin.com/company/leapcentralcoast,https://www.instagram.com/leapcentralcoast/,https://www.facebook.com/leapcentralcoast,,,,2092502312
886,Learning Enrichment After-School Program,California Nonprofit ,15918 Wyandotte St Ste 203 ,Los Angeles,CA,,http://www.leapusa.org/,info@leapusa.org,"arainwater@leapusa.org, meals@leapusa.org, rtaylor@leapusa.org, eflores@leapusa.org",https://leapusa.org/contact-us/ ,,,,,,,
887,Learning Rights Law Center,California Nonprofit ,1625 W. Olympic Blve Ste 500 ,Turlock,CA,Los Angeles County,http://www.learningrights.org/,,,,,https://www.instagram.com/learningrightslawcenter/,https://www.facebook.com/LearningRights/,,,,14154920230
888,Legacy Health Endowment,California Nonprofit ,2881 Geer Road Suite A ,Berkeley,CA,Stanislaus County,http://legacyhealthendowment.org/,info@legacyhealthendowment.org,jeffrey@legacyhealthendowment.org,,https://www.linkedin.com/company/legacy-health-endowment,,https://www.facebook.com/LegacyHealthEndowment,,,,
889,Legal Aid Association of California,California Nonprofit ,1832 Second Street Suite 105 ,San Rafael,CA,Alameda County,http://www.laaconline.org/,info@laaconline.org,,,https://www.linkedin.com/company/legal-aid-association-of-california-laac-,https://www.instagram.com/laaconline/,https://www.facebook.com/LAAConline/,,,,
890,Legal Aid of Marin,California Nonprofit ,1401 Los Gamos Dr. Ste 101 ,Redwood City,CA,Marin County,http://www.legalaidmarin.org/,,,,https://www.linkedin.com/company/legal-aid-of-marin,https://www.instagram.com/legalaidofmarin/,https://www.facebook.com/legalaidmarin/,,,,
891,Legal Aid Society of San Mateo County,California Nonprofit ,330 Twin Dolphin Dr Ste 123 ,San Francisco,CA,San Mateo County,http://www.legalaidsmc.org/,,,http://www.legalaidsmc.org/contact ,https://www.linkedin.com/company/the-legal-aid-society-of-san-mateo-county,https://www.instagram.com/legalaidsocietysmc/,https://www.facebook.com/legalaidsmc/,,,,
892,Legal Services for Prisoners with Children (Network on Women in Prison),California Nonprofit ,1540 Market St Ste 490 ,Sacramento,CA,San Francisco County,http://www.prisonerswithchildren.org/,,john@prisonerswithchildren.org,https://prisonerswithchildren.org/contact-coalition-for-family-unity/ ,,,,,,,
893,Legal Services of Northern California,California Nonprofit ,517 12Th St ,Oakland,CA,Sacramento County,http://www.lsnc.net/,,,https://lsnc.net/how-contact-us ,,,,,,,
894,Lend A Hand Foundation,California Nonprofit ,8105 Capwell Drive ,Leona Valley,CA,Alameda County,http://www.lendahandfoundation.org/,,,,,,,,,,
895,Leona Valley Improvement Association,California Nonprofit ,PO Box 783 ,Los Angeles,CA,,https://myleonavalley.org/welcome,,treasurer@myleonavalley.org,,,,https://www.facebook.com/LVIA,,,,
896,Level Ground,California Nonprofit ,1920 Hillhurst Ave 23V939 ,Los Angeles,CA,Los Angeles County,http://levelground.co/,,,,,,,,,,
897,Levitt and Quinn Family Law Center,California Nonprofit ,1557 Beverly Blvd ,Santa Ana,CA,Los Angeles County,https://levittquinn.org/,,,https://levittquinn.org/contact-us/ ,,https://www.instagram.com/levittquinnfamilylawcenter/,https://www.facebook.com/LevittQuinn,,,,
898,LGBTQ Center Orange County,California Nonprofit ,1605 N Spurgeon St. ,Los Angeles,CA,Orange County,http://www.lgbtcenteroc.org/,,,,,,,,,,
899,Liberty Hill Foundation,California Nonprofit ,1001 Wilshire Blvd Pmb 2170 ,,CA,Los Angeles County,https://www.libertyhill.org/,,,https://www.libertyhill.org//who-we-are/contact/ ,https://www.linkedin.com/company/liberty-hill-foundation/,,https://www.facebook.com/libertyhill,,,,
900,Licensed Adult Residential Care Association (LARCA),California Nonprofit ,,Tiburon,,,http://www.larcala.org/,info@larcala.org,,https://www.larcala.org/contact ,https://www.linkedin.com/company/larcala,,https://www.facebook.com/larcamain/,https://x.com/LARCALosAngeles,,,
901,Life Balance Institute,California Nonprofit ,PO Box 725 ,Santa Cruz,CA,Marin County,https://www.lifebalance.org/,,,,,,,,,,
902,Life Lab Science Program,California Nonprofit ,1156 High St ,,CA,Santa Cruz County,http://www.lifelab.org/,admin@lifelab.org,"daniela@lifelab.org, kelsey@lifelab.org, regi@lifelab.org, vivian@lifelab.org",http://www.lifelab.org/contact ,,https://www.instagram.com/lifelabgarden/,https://www.facebook.com/LifeLabGarden/,https://x.com/lifelabgarden,,,
903,Liminal Works,California Nonprofit ,,Walnut Creek,,,https://www.liminal-works.org/,,,https://www.liminal-works.org/contact ,https://www.linkedin.com/company/liminal-works,https://www.instagram.com/for.collective.liberation,,,,,
904,Lindsay Wildlife Museum,California Nonprofit ,1931 1St Ave ,Soquel,CA,Contra Costa County,https://lindsaywildlife.org/,,hotline@lindsaywildlife.org,https://lindsaywildlife.org/contact/ ,,,https://www.facebook.com/LindsayWildlifeExperience,,,,2134733030
905,Listen Foundation,California Nonprofit ,5040 Wildberry Ln ,San Francisco,CA,,http://www.listenfoundation.com/,,,,,,,,,,8312166483
906,Little Brothers-Friends of the Elderly-San Francisco,California Nonprofit ,909 Hyde St Ste 628 ,Los Angeles,CA,San Francisco County,https://www.littlebrotherssf.org/,,,,https://www.linkedin.com/company/81547072,https://www.instagram.com/littlebrotherssf/,,,,,
907,Little Tokyo Service Center,California Nonprofit ,231 E. Third St. Suite G-106 ,Hollister,CA,Los Angeles County,http://www.ltsc.org/,,,https://www.ltsc.org/contact/ ,,https://www.instagram.com/ltsc.cdc/,https://www.facebook.com/LTSC.CDC,,,,19253736100
908,Live Like Geno Foundation Inc.,California Nonprofit ,35 Janets Court ,Livermore,CA,San Benito County,http://livelikegeno.org/,,together@livelikegeno.org,https://livelikegeno.org/contact/ ,https://www.linkedin.com/company/live-like-geno-foundation,,https://www.facebook.com/livelikegeno/,,,,
909,Livermore Lab Foundation,California Nonprofit ,7000 East Avenue B661 L-794 ,Livermore,CA,Alameda County,http://www.livermorelabfoundation.org/,info@livermorelabfoundation.org,,https://livermorelabfoundation.org/#contact ,https://www.linkedin.com/company/livermore-lab-foundation/,,https://www.facebook.com/LivermoreLabFoundation/,https://x.com/LivermoreLF,,,5108585313
910,Livermore Valley Performing Arts Center,California Nonprofit ,2400 1St St ,Los Altos,CA,Alameda County,http://www.livermoreperformingarts.org/,,boxoffice@bankheadtheater.org,,,https://www.instagram.com/thebankheadlva/,https://www.facebook.com/thebankheadlva,,,,
911,Living Classroom,California Nonprofit ,PO Box 4121 ,,CA,Santa Clara County,https://www.living-classroom.org/,info@living-classroom.org,"jessicam@living-classroom.org, oi-yanc@living-classroom.org, susanh@living-classroom.org, joiep@living-classroom.org, aprila@living-classroom.org, carolines@living-classroom.org, eileenb@living-classroom.org, pattib@living-classroom.org, sierrav@living-classroom.org, vickim@living-classroom.org, leannep@living-classroom.org, michelleb@living-classroom.org, matthewm@living-classroom.org",,,,,,,,
912,Living Jazz,California Nonprofit ,,Fremont,,,http://www.livingjazz.org/,info@livingjazz.org,,,https://www.linkedin.com/company/9025125/,,https://www.facebook.com/LivingJazzOrg,,,,8057363888
913,LocalHost Research,California Nonprofit ,39270 Paseo Padre Pkwy ,Lodi,CA,Alameda County,,,,,,,,,,,
914,Lodi House,California Nonprofit ,801 S Washington St ,,CA,San Joaquin County,http://www.lodihouse.org/,info@lodihouse.org,thriftstore@lodihouse.org,https://www.lodihouse.org/contact/ ,,https://www.instagram.com/lodihouse/,https://www.facebook.com/lodihouse.org,,,,
915,"Lompoc Museum Associates, Inc.",California Nonprofit ,,Long Beach,,,http://lompocmuseum.org/,,lompocmuseum@gmail.com,,,https://www.instagram.com/lompocmuseum,https://www.facebook.com/lompocmuseum1,,,,5624364800
916,Long Beach Beekeepers,California Nonprofit ,4470 Atlantic Ave. 2317953 ,Long Beach,CA,Los Angeles County,https://www.longbeachbeekeepers.org/,contact@longbeachbeekeepers.org,,https://www.longbeachbeekeepers.org/mailto:contact@longbeachbeekeepers.org ,,https://www.instagram.com/longbeachbeekeepers/,https://www.facebook.com/groups/774260022677419/,https://x.com/wildapricot,,,
917,Long Beach City College Foundation,California Nonprofit ,4901 East Carson Street Mail Code B12 ,Long Beach,CA,Los Angeles County,,,,,,,,,,,
918,Long Beach Forward Inc,California Nonprofit ,2217 E. 6Th Street ,Sn Luis Obisp,CA,Los Angeles County,https://www.lbforward.org/,hello@lbforward.org,,https://lbforward.org/contact/ ,https://www.linkedin.com/company/movelbforward,https://www.instagram.com/movelbforward/,https://www.facebook.com/movelbforward,,,https://bsky.app/profile/movelbforward.bsky.social,3236456000
919,Long Term Care Ombudsman Services of San Luis Obispo County,California Nonprofit ,3232 S Higuera St Ste 101-B ,Baldwin Park,CA,,http://ombudsmanslo.org/,,,http://ombudsmanslo.org/contact ,,,https://www.facebook.com/LTCOSLO,,,,
920,Looms for Lupus,California Nonprofit ,4230 Maine Ave 23906 ,,CA,Los Angeles County,http://www.looms4lupus.org/,info@looms4lupus.org,,,,https://www.instagram.com/looms4lupus,https://www.facebook.com/Looms4Lupus-154644781266812/,https://www.x.com/looms4lupus,,,
921,Lord's Instruments Ministries,California Nonprofit ,,Los Altos,,,https://liministries.org/,info@liministries.org,,https://liministries.org/#contact ,,,,,,,
922,Los Altos Mountain View Children's Corner,California Nonprofit ,1565 Oak Ave ,Los Altos,CA,Santa Clara County,http://www.lamvchildrenscorner.org/,,office@lamvchildrenscorner.org,,,,,,,,
923,Los Altos Property Owners Downtown Association,California Nonprofit ,301 Blue Oak Ln ,Pasadena,CA,Santa Clara County,http://propertyownersdowntownlosaltos.org/,,,http://propertyownersdowntownlosaltos.org/contact ,,,,,,,15629062676
924,Los Angeles Birders,California Nonprofit ,3839 Mohawk Street ,,CA,Los Angeles County,http://www.labirders.org/,,,http://www.labirders.org//about.html#main-contact-form ,,,,,,,2136232489
925,Los Angeles Center for Community Law and Action,California Nonprofit ,,,,,https://laccla.org/,,,https://laccla.org/contact-us/ ,,https://www.instagram.com/laccladefends,https://www.facebook.com/LACCLAdefends/,,,,
926,Los Angeles Centers for Alcohol and Drug Abuse (L.A. CADA),California Nonprofit ,,Los Angeles,,,http://lacada.com/,administration@lacada.com,,http://lacada.com/contact.php ,https://www.linkedin.com/in/l-a-cada-7765981b1/,https://www.instagram.com/lacada_social/,https://www.facebook.com/losangelescentersforalcoholanddrugabuse,,,,
927,Los Angeles Conservancy,California Nonprofit ,523 W 6Th St Ste 826 ,,CA,Los Angeles County,http://www.laconservancy.org/,info@laconservancy.org,,http://www.laconservancy.org/http://www.laconservancy.org/contact-us/ ,,https://www.instagram.com/laconservancy,https://www.facebook.com/laconservancy/,,,,
928,Los Angeles County Beekeepers Association,California Nonprofit ,,Santa Monica,,,http://losangelescountybeekeepersassociation.com/,,lacba.webmaster@gmail.com,,,https://www.instagram.com/lacbahive/,https://www.facebook.com/LACBAhive,,,,3107213296
929,Los Angeles Guild for Reproductive Health,California Nonprofit ,1223 Wilshire Blvd Suite 400 ,Los Angeles,CA,Los Angeles County,,,,,,,,,,,
930,Los Angeles Neighborhood Land Trust,California Nonprofit ,1689 Beverly Blvd ,Los Angeles,CA,Los Angeles County,http://www.lanlt.org/,,tkjer@lanlt.org,http://www.lanlt.org/contact ,https://www.linkedin.com/company/los-angeles-neighborhood-land-trust,https://www.instagram.com/neighborhoodlandtrust,https://www.facebook.com/NeighborhoodLandTrust,,,,
931,Los Angeles Nomadic Division Land,California Nonprofit ,2021 W Jefferson Blvd ,Los Angeles,CA,Los Angeles County,https://nomadicdivision.org/,info@nomadicdivision.org,,,,https://www.instagram.com/nomadicdivision,,,,,18056174610
932,Los Angeles Review of Books,California Nonprofit ,672 S La Fayette Park Place Ste 30 ,Los Angeles,CA,Los Angeles County,http://lareviewofbooks.org/,info@lareviewofbooks.org,"press@lareviewofbooks.org, shop@lareviewofbooks.org, editorial@lareviewofbooks.org, membership@lareviewofbooks.org, adsales@lareviewofbooks.org",http://lareviewofbooks.org//about/contact/ ,,,https://www.facebook.com/lareviewbooks/,,,,
933,Los Angeles River State Park Partners,California Nonprofit ,1799 Baker St ,Santa Barbara,CA,Los Angeles County,http://larsppartners.org/,,,,,,,,,,
934,Los Padres ForestWatch,California Nonprofit ,PO Box 831 ,San Francisco,CA,Santa Barbara County,http://forestwatch.org/,info@forestwatch.org,,,https://www.linkedin.com/company/los-padres-forestwatch,https://www.instagram.com/lpforestwatch/,https://www.facebook.com/lpfw.org/,,,https://bsky.app/profile/forestwatch.org,
935,Lotus Outreach,California Nonprofit ,510 48Th Avenue ,,CA,San Francisco County,http://www.lotusoutreach.org/,,,https://lotusoutreach.org/contact-us/ ,https://www.linkedin.com/company/lotus-outreach-international,https://www.instagram.com/lotusoutreachinternational/,https://www.facebook.com/LotusOutreach/,,,,8332
936,LOUD For Tomorrow,California Nonprofit ,,San Rafael,,,https://loudfor.org/,,,https://loudfor.org/contact/ ,,https://www.instagram.com/loud4tmrw/?hl=en,https://www.facebook.com/loud4tmrw,,,,
937,Love is the Answer (LITA),California Nonprofit ,4340 Redwood Highway Suite E-352 ,,CA,Marin County,http://www.litamarin.org/,,,http://www.litamarin.org/contact ,http://www.linkedin.com/in/lita-marin-b2aa9a13b,https://www.instagram.com/litaofmarin/,https://www.facebook.com/LitaOfMarin,,,,9258251060
938,Love Wild Horses Foundation,California Nonprofit ,,,,,http://lovewildhorses.org/,,,,,https://www.instagram.com/wildhorseprotectionact/,https://www.facebook.com/148137931880317,https://www.x.com/riseup4wldhorse?lang=en,,,
939,Lung Cancer Foundation of America,California Nonprofit ,,Concord,,,https://lcfamerica.org/,,"dmulligan@mandccommunications.com, LCFA@LCFAmerica.org",https://lcfamerica.org/contact-us/ ,https://www.linkedin.com/company/lung-cancer-foundation-of-america,https://www.instagram.com/LCFAmerica/,https://www.facebook.com/lungcancerfoundation,,,,
940,Lutheran Social Services of Northern California,California Nonprofit ,1465 Civic Court Building D Suite 810 ,San Marcos,CA,Contra Costa County,https://www.lssnorcal.org/,,,https://www.lssnorcal.org/contact-us.html ,,https://www.instagram.com/p/DKusHbJS980/?next=%2F,https://www.facebook.com/lssnortherncalifornia/,,,,
941,LVDI International,California Nonprofit ,941 Camino Del Arroyo ,Menlo Park,CA,San Diego County,http://lvdiinternational.org/,info@lvdiinternational.org,,,,,https://www.facebook.com/profile.php?id=100055766769387,,,,18888624874
942,M-A Foundation for the Future,California Nonprofit ,PO Box 1228 ,,CA,San Mateo County,https://www.mafoundation.org/,admin@mafoundation.org,,https://www.mafoundation.org/contact-us/ ,,,https://www.facebook.com/menloathertonfff/?fref=ts,,,,
943,Magic Cabinet,California Nonprofit ,4311 11Th Ave Ne Suite 500 Seattle Wa,Santa Clara,CA,,https://www.magiccabinet.org/,hello@magiccabinet.org,press@magiccabinet.org,https://www.magiccabinet.org/contactus/ ,https://www.linkedin.com/company/magic-cabinet/,https://www.instagram.com/magic.cabinet,https://www.facebook.com/MagicCabinet,,,,
944,Maitri,California Nonprofit ,P.O Box 697 ,San Francisco,CA,Santa Clara County,http://www.maitri.org/,,"maitri@maitri.org, webmaster@maitri.org",http://www.maitri.org/contact-us ,https://www.linkedin.com/company/maitribayarea/,https://www.instagram.com/maitribayarea/,https://www.facebook.com/maitribayarea/,,,,909%202451454
945,Maitri Compassionate Care,California Nonprofit ,401 Duboce Ave ,Sacramento,CA,San Francisco County,https://www.maitrisf.org/,,"molly.herzig@maitrisf.org, marmentrout@maitrisf.org, rbautista@maitrisf.org, tmoreno@maitrisf.org, amatsuda@maitrisf.org, monique.dupree@maitrisf.org, dvalentine@maitrisf.org",,,https://www.instagram.com/maitrisf/,https://www.facebook.com/MaitriSF/,,,,
946,Make-A-Wish Foundation of Northeastern & Central California and Norther Nevada,California Nonprofit ,2800 Club Center Drive ,San Bernardino,CA,Sacramento County,https://wish.org/ncc,,,https://wish.org/ncc/canv/our-chapter#contact-us-34846 ,https://www.linkedin.com/company/makeawishcanv,https://www.instagram.com/makeawishamerica,https://www.facebook.com/makeawish,https://x.com/MakeAWish,,,
947,Making Hope Happen Foundation,California Nonprofit ,341 W. 2Nd Street Suite 7 ,,CA,San Bernardino County,https://makinghope.org/,info@makinghope.org,,https://makinghope.org/contact/ ,,https://www.instagram.com/makinghopehappenfoundation/,https://www.facebook.com/MakingHopeHappenFoundation/,,,,
948,Mammoth Lakes Recreation,California Nonprofit ,,Berkeley,,,https://www.mammothlakesrecreation.org/,info@mammothlakesrecreation.org,,https://www.mammothlakesrecreation.org/contact ,,https://www.instagram.com/mammothlakesrecreation/,https://www.facebook.com/MammothLakesRecreation,,,,
949,MapLight,California Nonprofit ,2150 Allston Way Ste 320 ,,CA,Alameda County,http://www.maplight.org/,info@maplight.org,,https://www.maplight.org/contact-us ,,,,,,,
950,March to the Top - Africa,California Nonprofit ,,Marin City,,,http://www.marchtothetop.com/,,,,,https://www.instagram.com/marchtothetop/,https://www.facebook.com/March-to-the-Top-282270806842/,,,,14154573755
951,Marin City Community Development Corporation,California Nonprofit ,441 Drake Ave ,Sausalito,CA,,https://www.marincitycdc.org/,info@marincitycdc.org,,https://www.marincitycdc.org/contact-2 ,https://www.linkedin.com/company/marin-city-community-development-corporation,https://www.instagram.com/marincitycdc/,https://www.facebook.com/marincitycdc,,,,
952,Marin Open Studios,California Nonprofit ,PO Box 2786 ,San Rafael,CA,Marin County,https://marinopenstudios.org/,,,,,https://www.instagram.com/marinopenstudios,https://www.facebook.com/marinopenstudios/,,,,
953,Marin Treatment Center,California Nonprofit ,1466 Lincoln Ave ,,CA,Marin County,http://www.marintreatmentcenter.org/,contactus@dhcs.ca.gov,"CCSProgram@dhcs.ca.gov, civilrights@dhcs.ca.gov, epsdt@dhcs.ca.gov, mmcdombudsmanoffice@dhcs.ca.gov, HCPCFC@dhcs.ca.gov, dhcsnmt@dhcs.ca.gov, dhcshospitalpe@dhcs.ca.gov, FFDEstimates@dhcs.ca.gov, fraud@dhcs.ca.gov, hrdmailbox@dhcs.ca.gov, faxghpp@dhcs.ca.gov, duiproviders@dhcs.ca.gov, mhombudsman@dhcs.ca.gov, sb-dvbe.advocate@dhcs.ca.gov, drg@dhcs.ca.gov, fampact@dhcs.ca.gov, ghppeligibility@dhcs.ca.gov, haccp@maximus.com, subpoenadesk@dhcs.ca.gov, pe@dhcs.ca.gov, itservicedesk@dhcs.ca.gov, nhsp3@dhcs.ca.gov, dhcs-tplrd.general@dhcs.ca.gov, medi-cal.benefits@dhcs.ca.gov, dhcsmandatorysuspensionsdesk@dhcs.ca.gov, hipaateam@dhcs.ca.gov, medi-calnow@dhcs.ca.gov, privacyofficer2@dhcs.ca.gov",https://www.dhcs.ca.gov/Pages/dhcs_contact.aspx ,,,https://www.facebook.com/marintreatmentcenter,,,,7603474741
954,Mario Pedrozzi Scholarship Foundation,California Nonprofit ,,,,,https://pedrozzifoundation.org/,"info@pedrozzi.org, info@pedrozzifoundation.org",,https://pedrozzifoundation.org/contact/ ,https://www.linkedin.com/company/pedrozzi-foundation/,https://www.instagram.com/pedrozzifoundation/,https://www.facebook.com/PedrozziFoundation,https://x.com/PEDROZZI,,,5104343988
955,Mariposa Museum and History Center,California Nonprofit ,,,,,https://www.mariposamuseum.com/,info@mariposamuseum.com,,,,https://www.instagram.com/mariposamuseum,https://www.facebook.com/Mariposamuseum/,,,,
956,"Martha's Village and Kitchen, Inc.",California Nonprofit ,,Oakland,,,https://marthasvillage.org/,"info@marthasvillage.org, info@marthasvillage.com",,https://visitor.r20.constantcontact.com/manage/optin?v=001TaS_TGBRZa0iaI6f0m7gejz3IplOojAPeHAcjGe9cZNZgFPeUkXQfU9rzWQg0w5IcUp98SZwaJL_26DcoQzyj2Xr92Z20lzeKEuI1norY58%3D ,https://www.linkedin.com/company/marthasvillage/,https://www.instagram.com/marthasvillage/,https://www.facebook.com/MarthasVillage/,,,,
957,Martin Luther King Jr. Freedom Center,California Nonprofit ,333 E 8Th St ,Solvang,CA,Alameda County,http://www.mlkfreedomcenter.org/,,press@mlkfreedomcenter.org,https://mlkfreedomcenter.org/contact/ ,,https://www.instagram.com/mlkfreedomctr/,https://www.facebook.com/mlkfreedomcenter,,,,
958,Maternal Mental Health NOW,California Nonprofit ,2893 Stadium Drive ,Petrolia,CA,Santa Barbara County,https://www.maternalmentalhealthnow.org/,,,,https://www.linkedin.com/company/maternal-mental-health-now/,https://www.instagram.com/maternalmentalhealthnow/,https://www.facebook.com/MaternalMentalHealthNow/,,,,
959,Mattole Restoration Council,California Nonprofit ,PO Box 160 ,Petrolia,CA,,http://mattole.org/,,,https://mattole.org/contact/ ,,https://www.instagram.com/mattolerestorationcouncil/?hl=en,https://www.facebook.com/MattoleRestorationCouncil/,,,,
960,Mattole Salmon Group,California Nonprofit ,PO Box 188 ,,CA,,https://www.mattolesalmon.org/,,,https://www.mattolesalmon.org/contact/ ,,,,,,,
961,Mavericks Community Foundation,California Nonprofit ,,Berkeley,,,http://maverickscommunityfoundation.org/,,,https://www.maverickscommunityfoundation.org/copy-of-contact ,,https://www.instagram.com/coastsidegives,,,,,
962,MBIRA,California Nonprofit ,PO Box 7863 ,Ventura,CA,Alameda County,http://www.mbira.org/,info@mbira.org,,https://mbira.org/contact-us/ ,,https://www.instagram.com/mbirathenonprofit/,https://www.facebook.com/MBIRAthenonprofit/,,,,
963,McCune Foundation,California Nonprofit ,PO Box 24340 ,,CA,Ventura County,http://www.mccunefoundation.org/,,claudia@mccunefoundation.org,,,,,,,,16195244426
964,McKinley Children Center,California Nonprofit ,,Mckinleyville,,,http://www.mckinleycc.org/,,,https://www.mckinleycc.org/contact-us/ ,https://www.linkedin.com/company/mckinley-children's-center/,https://www.instagram.com/mckinleycc/,https://www.facebook.com/McKinleyChildrensCenter,,,,
965,McKinleyville Family Resource Center,California Nonprofit ,1615 Heartwood ,San Diego,CA,,https://mckfrc.org/,,,,,https://www.instagram.com/centeratmck/,https://www.facebook.com/McKinleyvilleFRC,,,,9162533341
966,MCRD Museum Foundation,California Nonprofit ,PO Box 400085 Building 26 ,Santa Clara,CA,San Diego County,https://www.mcrdmuseumfoundation.org/,,marketing@mcrdmhs.org,https://www.mcrdmuseumfoundation.org/about-the-museum/contact-us ,https://www.linkedin.com/company/mcrdmuseumfoundation/,https://www.instagram.com/mcrdmuseumfoundation/,https://www.facebook.com/MCRDmuseumfoundation,,,,
967,"Me & Korea, Inc.",California Nonprofit ,PO Box 492 ,,CA,Santa Clara County,http://www.meandkorea.org/,info@meandkorea.org,update.meandkorea@gmail.com,http://www.meandkorea.org/contact ,,,https://www.facebook.com/MeAndKorea/,,,,
968,Meadow View Learning,California Nonprofit ,,Freedom,,,https://www.meadowviewlearning.org/,info@meadowviewlearning.org,office@meadowviewlearning.org,https://www.meadowviewlearning.org/contact-us ,,https://www.instagram.com/meadowviewlearningoffical/,https://www.facebook.com/profile.php?id=61559436449618,,,,
969,Meadowridge Mutual Water Company,California Nonprofit ,PO Box 1481 ,,CA,,,,,,,,,,,,415.920.1111
970,"Meals on Wheels - Santa Maria Valley, Inc.",California Nonprofit ,,San Diego,,,https://mealsonwheelssmv.org/,info@mealsonwheelssmv.org,,https://mealsonwheelssmv.org/contact/ ,,https://www.instagram.com/mealsonwheelssantamariavalley/,,,,,18056831565
971,Meals on Wheels California,California Nonprofit ,9590 Chesapeake Drive ,San Francisco,CA,San Diego County,http://www.mowca.org/,,,,,,,,,,
972,Meals On Wheels San Francisco,California Nonprofit ,2142 Jerrold Ave. ,,CA,San Francisco County,http://www.mowsf.org/,info@mowsf.org,"meals@mowsf.org, jsweedler@mowsf.org, pduarte@mowsf.org, cburkett@mowsf.org, sbailey@mowsf.org, mfurlong@mowsf.org, jgoodwin@mowsf.org, hgrant@mowsf.org, joswald@mowsf.org, dmiranda@mowsf.org, dnight@mowsf.org, ngutierrez@mowsf.org, kmakarawicz@mowsf.org",https://www.mowsf.org/contact-us/ ,https://www.linkedin.com/company/meals-on-wheels-san-francisco,https://www.instagram.com/mowsf,https://www.facebook.com/MOWSF,,,,
973,Meals on Wheels Santa Barbara,California Nonprofit ,,Carmel,,,http://mealsonwheelssb.org/,,office@mealsonwheelssb.org,,,,,,,,
974,MEarth,California Nonprofit ,PO Box 223702 ,San Francisco,CA,,https://mearthcarmel.org/,info@mearthcarmel.org,,https://mearthcarmel.org/contact/ ,,https://www.instagram.com/mearthcarmel/,https://www.facebook.com/MEarthCarmel,,,,
975,MedCycle Network,California Nonprofit ,3145 Geary Blvd 23717 ,San Francisco,CA,San Francisco County,https://www.medcyclenetwork.org/,info@medcyclenetwork.org,,,https://www.linkedin.com/company/medcycle-network,,,,,,
976,Media Alliance,California Nonprofit ,2830 20Th Street 23201 ,Pacoima,CA,San Francisco County,https://media-alliance.org/,information@media-alliance.org,,https://media-alliance.org/contact/ ,,https://www.instagram.com/media.alliance/, https://www.facebook.com/mediaalliance.bayarea/,https://x.com/intent/tweet?text=Media%20Alliance%20At%20The%20Pacific%20Felt%20Factory&url=https%3A%2F%2Fmedia-alliance.org%2F,,https://bsky.app/profile/twrling.bsky.social,
977,Meet Each Need with Dignity (MEND),California Nonprofit ,10641 San Fernando Rd ,Fort Bragg,CA,,http://www.mendpoverty.org/,,,http://www.mendpoverty.org/contact-us ,,https://www.instagram.com/mendpoverty/,https://www.facebook.com/MENDPoverty,,,,7079620470
978,Mendocino Coast Healthcare Foundation,California Nonprofit ,PO Box 1286 ,Fort Bragg,CA,Mendocino County,http://www.mchfoundation.org/,info@mchfoundation.org,,https://www.mchfoundation.org/contact-us/ ,,,https://www.facebook.com/Mendocino-Coast-Healthcare-Foundation-175077242529875,,,,
979,Mendocino Food and Nutrition Program,California Nonprofit ,910 N. Franklin St. ,Fort Bragg,CA,Mendocino County,http://fortbraggfoodbank.org/,info@mendofood.org,,,,https://www.instagram.com/mendofoodnetwork,https://www.facebook.com/profile.php?id=61561108282141,,,,9253880892
980,Mendocino Land Trust,California Nonprofit ,PO Box 2058 ,Mendocino,CA,Mendocino County,http://www.mendocinolandtrust.org/,info@mendocinolandtrust.org,,https://www.mendocinolandtrust.org/about-mlt/contact-us/ ,,https://www.instagram.com/mendocinolandtrust/,https://www.facebook.com/MendocinoLandTrust,,,,12133892077
981,Mendocino Woodlands Camp Association,California Nonprofit ,PO Box 267 ,Lafayette,CA,,http://www.mendocinowoodlands.org/,,,http://www.mendocinowoodlands.org/contact-form ,,https://www.instagram.com/mendowoodlands/?hl=en,https://www.facebook.com/MendocinoWoodlands.org/,,,,8333174673
982,Mental Health & Autism Insurance Project,California Nonprofit ,3527 Mt Diablo Blvd Suite 260 ,Glendale,CA,Contra Costa County,http://www.mhautism.org/,info@mhautism.org,,https://mhautism.org/contact/ ,https://www.linkedin.com/company/autism-health-insurance-project/,https://www.instagram.com/mhautism/,https://www.facebook.com/MentalHealthAutismInsuranceProject/,,,,17072550966
983,"Mental Health Advocacy Services, Inc",California Nonprofit ,801 N Brand Blvd Suite 240 ,Sacramento,CA,Los Angeles County,http://mhas-la.org/,info@mhas-la.org,,http://mhas-la.org/contact-us ,,https://www.instagram.com/mhas_la/,,,,,4159362324
984,Mental Health America of California,California Nonprofit ,PO Box 567 ,Napa,CA,Sacramento County,https://www.mhac.org/,,,https://mhac.org/mission-leadership/contact-us/ ,https://www.linkedin.com/company/mha-ca/,https://www.instagram.com/mentalhealthamericaofca/ ,https://www.facebook.com/mhacalifornia/,,,,
985,Mentis,California Nonprofit ,1272 Hayes Street ,San Francisco,CA,Napa County,http://mentisnapa.org/,info@mentisnapa.org,,,,https://www.instagram.com/mentisnapa/,https://www.facebook.com/mentisnapa,,,,9516995455
986,Merola Opera Program,California Nonprofit ,601 Van Ness Ave Ste Q2Fr ,,CA,San Francisco County,https://merola.org/,info@merola.org,,,https://www.linkedin.com/company/merola-opera-program/,https://www.instagram.com/p/C4gNfQZMmpT/?utm_source=ig_web_copy_link&igsh=MzRlODBiNWFlZA==,https://www.facebook.com/MerolaOpera/,,,,
987,Mexican Heritage Center,California Nonprofit ,,Temecula,,,http://morenoinstitute.org/,info@morenoinstitute.org,hi@example.com,,,,,,,,
988,Michelle's Place Cancer Resource Center,California Nonprofit ,41669 Winchester Rd Ste 101 ,Fontana,CA,Riverside County,http://www.michellesplace.org/,info@michellesplace.org,,,,https://www.instagram.com/MichellesPlaceCRC,https://www.facebook.com/MichellesPlaceCRC,,,,4152969249
989,Microenterprise Collaborative of Inland Southern California,California Nonprofit ,14050 Cherry Avenue Ste R Pmb 1108 ,Salinas,CA,San Bernardino County,https://microbizinsocal.org/,,,https://microbizinsocal.org/contact/ ,https://www.linkedin.com/company/18549925/admin/,https://www.instagram.com/threelittlebluebyrds,https://www.facebook.com/microbizinsocal,,,,
990,MILPA,California Nonprofit ,339 Melody Ln ,San Francisco,CA,Monterey County,http://milpacollective.org/,"Montereyco.info@milpcollective.org, solanoco.info@milpacollective.org, info@milpacollective.org, yoloco.info@milpacollective.org, Santacruzco.info@milpacollective.org",,,https://www.linkedin.com/company/collective-milpa,https://www.instagram.com/milpacollective/,https://www.facebook.com/MILPACollective,,,,
991,Mimi and Peter Haas Fund,California Nonprofit ,201 Filbert St Ste 500 ,Porter Ranch,CA,San Francisco County,https://www.mphf.org/,,,https://mphf.org/contact ,,,,,,,
992,Minds Matter Los Angeles (dba Minds Matter Southern California),California Nonprofit ,19360 Rinaldi Street 23705Porter Ranch,,CA,,https://mindsmatterla.org/,,,,,,,,,,
993,Mission Motor Group,California Nonprofit ,,,,,http://www.wix.com/,,,,https://www.linkedin.com/company/wix-com?trk=biz-companies-cym,https://www.instagram.com/wix,https://www.facebook.com/wix,https://www.wix.com,,,
994,Mission StageWorks,California Nonprofit ,,Nipomo,,,http://www.missionstageworks.org/,,,,https://www.linkedin.com/company/m-sw,https://www.instagram.com/missionstageworks,https://www.facebook.com/profile.php?id=61576914329443,,,,
995,Missionary Support Network,California Nonprofit ,630 W Tefft St 231014 ,,CA,,https://www.missionarysupportnetwork.com/,info@missionarysupportnetwork.com,,https://missionarysupportnetwork.com/contact-us/ ,,,,,,,7072248971
996,Mockingbird Incubator,California Nonprofit ,,Sunnyvale,,,http://www.mockingbirdincubator.org/,"info@mockingbirdincubator.com, info@mockingbirdincubator.org",,http://www.mockingbirdincubator.org/contact-us ,https://www.linkedin.com/company/mockingbird-incubator/?viewAsMember=true,https://www.instagram.com/mockingbirdincubator/,,,,,8315824000
997,Moffett Park Business Group,California Nonprofit ,PO Box 60995 ,Napa,CA,Santa Clara County,http://www.mpbta.org/,,,,,,,,,,8316460910
998,Molly's Angels,California Nonprofit ,433 Soscol Ave Suite B151 ,Seaside,CA,Napa County,http://www.mollysangels.com/,,mollysangels@mollysangels.com,http://www.mollysangels.com/contact ,https://www.linkedin.com/company/molly-s-angels-of-napa-valley,https://www.instagram.com/mollysangels/,https://www.facebook.com/mollysangelsofnapavalley/,,,,
999,Monterey College of Law,California Nonprofit ,100 Col. Durham Street ,Monterey,CA,Monterey County,http://www.montereylaw.edu/,info@montereylaw.edu,,http://www.montereylaw.edu//alumni/updatecontact.html ,,https://www.instagram.com/sanluisobispocollegeoflaw/,https://www.facebook.com/empirecollegeoflaw,,,,
1000,Monterey County Film Commission,California Nonprofit ,PO Box 111 ,Carmel-By-The-Sea,CA,Monterey County,https://filmmonterey.org/,Info@FilmMonterey.org,,https://filmmonterey.org/contact/ ,https://www.linkedin.com/company/monterey-county-film-commission,,https://www.facebook.com/MontereyCountyFilmCommission,,,,
1001,Monterey County Symphony Association,California Nonprofit ,PO Box 7130 ,Monterey,CA,,http://www.montereysymphony.org/,,,,,,,,,,
1002,Monterey County Theatre Alliance,California Nonprofit ,PO Box 2531 ,,CA,Monterey County,http://theatremonterey.org/,,,,,,https://www.facebook.com/MCTheatreAlliance/,,,,
1003,Monterey Peninsula Volunteer Services,California Nonprofit ,,Palo Alto,,,http://mpvsbenefitshop.org/,info@mpvsbenefitshop.org,"marketing@mpvsbenefitshop.org, grants@mpvsbenefitshop.org, membership@mpvsbenefitshop.org, webmaster@mpvsbenefitshop.org",http://mpvsbenefitshop.org/contact-us.html ,,,https://www.facebook.com/MPVSBenefitShop/,,,,
1004,Montessori School of Los Altos,California Nonprofit ,303 Parkside Dr ,,CA,Santa Clara County,http://www.montessorischooloflosaltos.org/,"hello@losaltosmontessori.org, hello@losaltosmontessori.orgsubject=Schedule a tour",,,,,,,,,
1005,Moorpark Friends of the Library,California Nonprofit ,,Fresno,,,https://www.mfotl.com/,,mfotlibrary@gmail.com,https://www.mfotl.com/contact-us ,,https://www.instagram.com/mfotl/,https://www.facebook.com/Moorparkfriendsofthelibrary/,,,,
1006,Moreno Seeds Foundation,California Nonprofit ,1625 E Shaw Ave Suite 155 ,Saratoga,CA,Fresno County,https://morenoinstitute.org/,info@morenoinstitute.org,hi@example.com,,,,,,,,
1007,Mosaic America,California Nonprofit ,19143 Harleigh Drive ,Victorville,CA,Santa Clara County,https://mosaicamerica.org/,,,https://mosaicamerica.org/contact/ ,,https://www.instagram.com/mosaicamerica/,https://www.facebook.com/mosaicamerica,,,,5305826751
1008,Moses House Ministries,California Nonprofit ,PO Box 2033 ,Santa Barbara,CA,San Bernardino County,https://www.moseshouse.org/,"info@moseshouse.org, info@moseshouse.orgsubject=Request for Info",,https://www.moseshouse.org/contact ,,https://www.instagram.com/moseshouseministries/,https://www.facebook.com/MosesHouseMinistries/,https://x.com/MosesHouseHD,,,909%20336%203330
1009,Mothers' Helpers,California Nonprofit ,PO Box 30994 ,Truckee,CA,Santa Barbara County,http://www.mothershelpers.org/,info@mothershelpers.org,,,,https://www.instagram.com/mothershelpersorg/,https://www.facebook.com/MothersHelpers.SB,,,,
1010,Mountain Area Preservation Foundation,California Nonprofit ,PO Box 25 ,Crestline,CA,Nevada County,http://www.mountainareapreservation.org/,info@mapf.org,,http://www.mountainareapreservation.org/contact-us ,https://www.linkedin.com/company/mountain-area-preservation,https://www.instagram.com/mountainareapreservation/,https://www.facebook.com/MountainAreaPreservation/,,,,9097134099
1011,"Mountain Counseling & Training, Inc.",California Nonprofit ,340 Ca-138Po Box 6300 ,South Lake Tahoe,CA,,http://www.mountaincounseling.org/,info@mountaincounseling.org,,,,https://www.instagram.com/mountaincounselingandtraining/?fbclid=IwAR2GFuWK3LJznmkIfKSclO4N57ZOkZxwsE3_jQUNpyw7XnLwAuqRjupV0Y0,https://www.facebook.com/MountainCounselingandTraining,,,,9164422666
1012,Mountain High Recovery Center,California Nonprofit ,2494 Lake Tahoe Blvd. Suit B7 ,Cedarpines Park,CA,El Dorado County,http://mountainhighrecovery.org/,,,https://mountainhighrecovery.org/contact/ ,,https://www.instagram.com/mountainhighrecovery/,https://www.facebook.com/p/Mountain-High-Recovery-Center-100071614191849/,,,,
1013,Mountain Homeless Coalition,California Nonprofit ,P. O. Box 9226 ,Sacramento,CA,,http://www.mountainhomelesscoalition.com/,,wecare@mtnhomeless.com,https://www.mountainhomelesscoalition.com/contact ,,https://www.instagram.com/mountainhomelesscoalition/,https://www.facebook.com/MountainHomelessCoalition/,,,,
1014,Mountain Lion Foundation,California Nonprofit ,PO Box 1896 ,,CA,Sacramento County,https://mountainlion.org/,info@mountainlion.org,,https://mountainlion.org/contact-us/ ,,https://www.instagram.com/mountainlionfoundation/,https://www.facebook.com/MountainLionFoundation/,,,,
1015,Mountaintop Productions Inc,California Nonprofit ,,,,,http://mountaintopproductions.org/,,,https://mountaintopproductions.org/contact-us/ ,,,,,,,
1016,MOVE Mountain View,California Nonprofit ,,,,,https://www.movemv.org/,,movemvemail@gmail.com,https://www.movemv.org/contact-us ,https://www.linkedin.com/company/move-mountain-view,https://www.instagram.com/movemountainview/?hl=en,https://www.facebook.com/movemountainview,,,,
1017,Move Santa Barbara County,California Nonprofit ,,Berkeley,,,https://movesbcounty.org/,,,,https://www.linkedin.com/company/18668332,https://www.instagram.com/movesbcounty/,https://www.facebook.com/movesbcounty,,,,
1018,Movement Generation,California Nonprofit ,PO Box 102 ,Oakland,CA,Alameda County,http://movementgeneration.org/,,,,,,,,,,18187624328
1019,Movement Strategy Center,California Nonprofit ,1625 Clay Street 6Th Floor ,Santa Barbara,CA,Alameda County,https://movementstrategy.org/,,"advancement@movementstrategy.org, simone@movementstrategy.org",https://movementstrategy.org/contact-us/ ,https://www.linkedin.com/company/movement-strategy-center/,https://www.instagram.com/msconthemove/,https://www.facebook.com/MovementStrategyCenter/,,,,
1020,"MOXI, The Wolf Museum of Exploration + Innovation",California Nonprofit ,125 State St ,Burbank,CA,Santa Barbara County,http://moxi.org/,info@moxi.org,"members@moxi.org, marketing@moxi.org, development@moxi.org, events@moxi.org, sales@moxi.org",https://moxi.org/about-moxi/contact/ ,https://www.linkedin.com/company/moxi-the-wolf-museum-of-exploration-innovation/,https://www.instagram.com/moxisb/,https://www.facebook.com/MOXIsb,,,,
1021,Mr. Holland's Opus Foundation,California Nonprofit ,2550 N Hollywood Way 302 ,Chico,CA,Los Angeles County,https://www.mhopus.org/,,"applications@mhopus.org, support@mhopus.org",,,,https://www.facebook.com/fund/TheMrHollandsOpusFoundation,,,,
1022,Museum of Northern California Art,California Nonprofit ,900 Esplanade ,,CA,Butte County,http://www.monca.org/,,,,,,,,,,
1023,Music Connects Foundation,California Nonprofit ,,,,,https://www.musicconnectsfoundation.org/,,,,,https://www.instagram.com/musicconnectsfoundation/,,,,,14152724172
1024,Music Tech Foundation,California Nonprofit ,,,,,http://musictechfoundation.org/,,,http://musictechfoundation.org/#contact ,,,,,,,
1025,Mustang Speech and Debate Foundation,California Nonprofit ,,,,,,,,,,,,,,,6195431434
1026,Muttville,California Nonprofit ,,San Francisco,,,https://muttville.org/,info@muttville.org,"donations@muttville.org, adoptions@muttville.org, volunteer@muttville.org, courtesy-post@muttville.org, registration@muttville.org, events@muttville.org, humaneeducation@muttville.org, plannedgiving@muttville.org, foster@muttville.org, seniorsforseniors@muttville.org, guardian@muttville.org",https://muttville.org/contact_us ,,https://www.instagram.com/muttvillesf/,https://www.facebook.com/Muttville.Senior.Dog.Rescue,https://x.com/muttville,,,
1027,MyPath,California Nonprofit ,2430 Mission Street ,,CA,San Francisco County,https://mypathus.org/,,,,,,,,,,8669606264
1028,NAMI San Diego & Imperial Counties,California Nonprofit ,,,,,http://www.namisandiego.org/,,signatureprograms@namisd.org,https://namisandiego.org/contact/ ,https://www.linkedin.com/company/nami-san-diego/,https://www.instagram.com/NAMI.San.Diego/,https://www.facebook.com/namisandiego,,,,17072549565
1029,NAMI San Mateo County,California Nonprofit ,,Santa Rosa,,,https://namisanmateo.org/,,"nami@namisanmateo.org, helpline@nami.org, namismc@sbcglobal.net",https://namisanmateo.org/contact ,,https://www.instagram.com/nami_smc/,https://www.facebook.com/namismc/,,,,
1030,NAMI Sonoma County,California Nonprofit ,182 Farmers Lane Suite 202 ,Napa,CA,Sonoma County,http://www.namisoco.org/,info@namisoco.org,,https://namisonomacounty.org/contact/ ,,https://www.instagram.com/namisonoma,https://www.facebook.com/NAMIsoco,,,,
1031,Napa Valley Community Foundation,California Nonprofit ,3299 Claremont Way Ste 2 ,Napa,CA,Napa County,http://www.napavalleycf.org/,hello@napavalleycf.org,giving@napavalleycf.org,https://www.napavalleycf.org/contact-us/ ,,https://www.instagram.com/napavalleycf/,https://www.facebook.com/napavalleycommunityfoundation,,,,
1032,Napa Valley Community Organizations Active in Disaster (COAD),California Nonprofit ,3299 Clarement Way Suite 232 ,Napa,CA,Napa County,http://napavalleycoad.org/,,,,,,,,,,18002157308
1033,Napa Valley Vine Trail Coalition,California Nonprofit ,3299 Claremont Way Ste 5 ,,CA,Napa County,http://www.vinetrail.org/,info@3a7d41d023.nxcli.io,,,,https://www.instagram.com/nvvinetrail/?hl=en,https://www.facebook.com/NVVineTrail/,,,,18182081801
1034,"Nar-Anon Family Groups Headquarters, Inc",California Nonprofit ,,,,,http://nar-anon.org/,," newsletters@nar-anon.org,  outreach@nar-anon.org,  wso@nar-anon.org,  translations@nar-anon.org,  litcom@nar-anon.org,  webcommittee@nar-anon.org,  budgetandfinance@nar-anon.org, osm@nar-anon.org,  wccommittee@nar-anon.org,  wshrcommittee@nar-anon.org,  narateen@nar-anon.org,  pandgcommittee@nar-anon.org,  wscconference@nar-anon.org, ahou@nar-anon.org, events@nar-anon.org",,,,,,,,
1035,Narika,California Nonprofit ,,Manhattan Beach,,,http://www.narika.org/,,board@narika.org,http://www.narika.org/contact ,, https://www.instagram.com/narikabayarea/?hl=en  ,https://www.facebook.com/NarikaBayArea/,,,,
1036,National Alliance on Mental Illness South Bay (South Bay Alliance on Mental Illness),California Nonprofit ,1652 10Th Street ,,CA,Los Angeles County,http://www.namisouthbay.org/,,"hope@namiglac.org, helpline@nami.org, pstans5@aol.com",https://namisouthbay.org/contact/ ,https://www.linkedin.com/company/namisouthbay/,https://www.instagram.com/nami.southbay/,https://www.facebook.com/NamiSouthBay/,,,,
1037,National Asian Pacific American Families Allied for Substance Awareness and Harm Reduction,California Nonprofit ,,,,,https://napafasa.org/,,,,,,,,,,
1038,National Assistance League,California Nonprofit ,,,,,https://www.assistanceleague.org/,info@assistanceleague.org,,https://www.assistanceleague.org/contact/ ,https://www.linkedin.com/company/assistance-league-national-office/,https://www.instagram.com/assistanceleaguenational/,https://www.facebook.com/AssistanceLeague,,,,
1039,National Center for Employee Ownership,California Nonprofit ,,,,,https://www.nceo.org/,,customerservice@nceo.org,https://www.nceo.org/contact-us ,https://www.linkedin.com/company/the-national-center-for-employee-ownership-nceo-,,https://www.facebook.com/theNCEO/,,,,7072756327
1040,National Center for Youth Law,California Nonprofit ,,Pasadena,,,https://youthlaw.org/,info@youthlaw.org,wjacobson@youthlaw.org,https://youthlaw.org/contact-us/ ,,,,https://x.com/NCYLnews,,,
1041,National Day Laborer Organizing Network (NDLON),California Nonprofit ,1030 S. Arroyo Parkway Ste 106 ,Roseville,CA,Los Angeles County,https://ndlon.org/,,,,,,,,,,
1042,National Dental Advocacy Program,California Nonprofit ,1420 E  Parkway Suite 140-Pmv 163 ,,CA,Placer County,http://nationaldentaladvocacy.org/,"info@nationaldentaladvocacy.org,  info@nationaldentaladvocacy.org",,http://nationaldentaladvocacy.org/contact ,https://www.linkedin.com/company/national-dental-advocacy,https://www.instagram.com/nationaldentaladvocacy/,https://www.facebook.com/profile.php?id=61569344315169,,,,3106124971
1043,National Eczema Association,California Nonprofit ,,San Francisco,,,http://www.nationaleczema.org/,,,,,,,,,,
1044,National Film Preservation Foundation,California Nonprofit ,145 Ninth Street Suite 260 ,Manhattan Beach,CA,San Francisco County,http://www.filmpreservation.org/,,,,,,,,,,
1045,National High School Career Day Network,California Nonprofit ,45 Sausalito Circle West ,San Francisco,CA,Los Angeles County,http://hscareerdaynetwork.com/,info@hscareerdaynetwork.com,,https://hscareerdaynetwork.com/contact-info-high-school-career-day/ ,,,,,,,
1046,National Housing Law Project,California Nonprofit ,90 New Montgomery Street Suite 1015 ,Pasadena,CA,San Francisco County,http://www.nhlp.org/,,"NHLP@NHLP.org, press@nhlp.org",https://www.nhlp.org/about/contact/ ,https://www.linkedin.com/company/national-housing-law-project/?viewAsMember=true,,https://www.facebook.com/nationalhlp,,,https://bsky.app/profile/nhlp.bsky.social,9163464277
1047,National Organization of Gay and Lesbian Scientists & Technical Professionals,California Nonprofit ,PO Box 91803 ,Banning,CA,Los Angeles County,https://outtoinnovate.org/,,,https://outtoinnovate.org/contact ,https://www.linkedin.com/company/out-to-innovate,https://www.instagram.com/outtoinnovate/,https://www.facebook.com/OuttoInnovate/,,,https://bsky.app/profile/outtoinnovate.bsky.social,
1048,Native American Land Conservancy,California Nonprofit ,300 S Highland Springs Ave Ste 6C 23279 ,Woodland,CA,Riverside County,http://nativeamericanland.org/,info@nativeamericanland.org,,https://www.nativeamericanland.org/contact ,,https://www.instagram.com/nalcorg/?hl=en,https://www.facebook.com/NALCorg/,,,,
1049,Native Dads Network,California Nonprofit ,280 W. Court Street 238 ,Salinas,CA,Yolo County,http://www.nativedadsnetwork.org/,info@nativedadsnetwork.org,,http://www.nativedadsnetwork.org/contact.html ,https://www.linkedin.com/in/mike-duncan-90347573/,https://www.instagram.com/wailaki.md/,https://www.facebook.com/NativeDadsNetwork,,,,
1050,Natividad Medical Foundation,California Nonprofit ,PO Box 4427 ,Irvine,CA,Monterey County,http://www.nativadad.com/,,,,,,,,,,
1051,Natural Communities Coalition,California Nonprofit ,13042 Old Myford Road ,La Jolla,CA,Orange County,https://occonservation.org/,info@occonservation.org,,,,,,,,,14083607379
1052,Natural High,California Nonprofit ,7881-A Drury Lane ,Paso Robles,CA,,http://www.naturalhigh.org/,info@naturalhigh.org,,,,https://www.instagram.com/naturalhighlive/,https://www.facebook.com/livenaturallyhigh/,,,,
1053,"NCI Affiliates, Inc.",California Nonprofit ,1434 Chestnut St 496 Linne Road ,San Jose,CA,San Luis Obispo County,https://www.nciaffiliates.org/,,,https://www.nciaffiliates.org//pages/contact-us ,,https://www.instagram.com/nciaffiliates/,https://www.facebook.com/NCIAHI/,,,,
1054,NCN Organization,California Nonprofit ,1126 Doralee Way ,Santa Cruz,CA,Santa Clara County,https://thencngroup.org/," info@thencngroup.org , info@thencngroup.org",,https://thencngroup.org/contact/ ,https://www.linkedin.com/in/ncnorganization/,https://www.instagram.com/thencngroup/,,,,,
1055,Nell Newman Foundation,California Nonprofit ,PO Box 3263 ,,CA,Santa Cruz County,https://nellnewmanfoundation.org/,,,,,,,,,,8667728491
1056,Nevada County Jewish Community Center,California Nonprofit ,,Santa Barbara,,,http://ncjcc.org/,,,,,,,,,,
1057,New Beginnings Counseling Center,California Nonprofit ,530 E. Montecito St. Ste 101 ,Berkeley,CA,Santa Barbara County,https://sbnbcc.org/,,safeparking@sbnbcc.org,https://sbnbcc.org/contact/ ,https://www.linkedin.com/company/santa-barbara-new-beginnings-counseling-center/,https://www.instagram.com/newbeginnings_nonprofit/?utm_source=ig_embed&utm_campaign=loading,https://www.facebook.com/NewBeginningsCounselingCenter,,,,
1058,New Bridge Foundation,California Nonprofit ,2323 Hearst Ave ,Los Angeles,CA,Alameda County,http://www.newbridgefoundation.org/,,,https://www.newbridgefoundation.org/contact-new-bridge-foundation/ ,https://www.linkedin.com/company/new-bridge-foundation-inc-/,,https://www.facebook.com/New-Bridge-Foundation-158355630862374/,,,,4083542646
1059,New Horizon School Westside,California Nonprofit ,1819 Sawtelle Blvd ,Oakland,CA,Los Angeles County,https://newhorizonwestside.org/,,,,,,,,,,17072556397
1060,New Literary Project,California Nonprofit ,4100 Redwood Road Suite 20A2F424 ,Los Gatos,CA,Alameda County,http://www.simpsonliteraryproject.org/,,diane@newliteraryproject.org,,https://www.linkedin.com/company/new-literary-project,https://www.instagram.com/newliteraryproject/,https://www.facebook.com/NewLiteraryProject,,,,
1061,New Museum Los Gatos (Los Gatos Museum Association),California Nonprofit ,106 E. Main Street ,Napa,CA,Santa Clara County,https://www.numulosgatos.org/,,,,https://www.linkedin.com/company/newmuseumlosgatos,,https://www.facebook.com/NewMuseumLosGatos/,,,https://bsky.app/profile/newmuseumlosgatos.bsky.social,
1062,NEWS,California Nonprofit ,1141 Pear Tree Ln Ste 220 ,San Jose,CA,Napa County,http://www.napanews.org/,,,https://www.napanews.org/contact-us/ ,,https://www.instagram.com/news4peace/,https://www.facebook.com/NEWS4Peace,https://x.com/NapaDVSA,,,
1063,Next Door Solutions To Domestic Violence,California Nonprofit ,234 E Gish Rd Ste 200 ,Oakland,CA,Santa Clara County,https://www.nextdoorsolutions.org/,info@nextdoor.org,"development@nextdoor.org, volunteer@nextdoor.org",https://www.nextdoorsolutions.org/contact/ ,https://www.linkedin.com/company/965966,https://www.instagram.com/next_door_solutions/,https://www.facebook.com/NextDoorSolutions/,,,,
1064,Next River,California Nonprofit ,818 59Th Street ,San Diego,CA,Alameda County,https://www.nextriver.org/,,,,https://www.linkedin.com/company/nextriver/,,,,,,
1065,Nile Sisters Development Initiative,California Nonprofit ,4265 Fairmount Avenue Suite 130 ,,CA,San Diego County,http://www.nilesisters.org/,info@nilesisters.org,,https://nilesisters.org/contact/ ,,,,,,,
1066,No Res Gourmet,California Nonprofit ,,San Jose,,,http://noresgourmet.org/,,,https://www.noresgourmet.org/contact ,,,,,,,
1067,No Time To Waste,California Nonprofit ,2237 Cheryl Way ,Pacific Grove,CA,Santa Clara County,http://www.notimetowaste.live/,,notime2waste.food@gmail.com,http://www.notimetowaste.live/contact ,https://www.linkedin.com/in/paul-dimarco-284004b7/,https://www.instagram.com/notimetowaste_food/,https://www.facebook.com/NTTWfood/,,,,
1068,Nonprofit Alliance of Monterey County,California Nonprofit ,PO Box 602 ,Soquel,CA,Monterey County,http://www.alliancemonterey.org/,,,http://www.alliancemonterey.org/contact ,,https://www.instagram.com/teepublic/,https://www.facebook.com/TeePubliccom-865099700332025,,,,
1069,Nonprofit Connection Santa Cruz County,California Nonprofit ,PO Box 1894 ,San Francisco,CA,,http://www.npconnectscc.org/,,,,https://www.linkedin.com/company/nonprofit-connection-santa-cruz-county/,https://www.instagram.com/npconnectscc?igsh=MzRlODBiNWFlZA==,https://www.facebook.com/NPConnectSCC,,,,
1070,Non-Profit Housing Association of Northern Califor,California Nonprofit ,49 Stevenson Street Suite 500 ,,CA,San Francisco County,http://www.nonprofithousing.org/,,,http://www.nonprofithousing.org/contact-us/ ,https://www.linkedin.com/company/nonprofithousing,,https://www.facebook.com/nonprofithousing/,,,,
1071,Nonprofit Incubator of Southern Marin,California Nonprofit ,,Sacramento,,,http://www.npimarin.org/,,kristen@npimarin.org,,,,,,,,
1072,Nonprofit Law and Leadership Inc.,California Nonprofit ,1401 21St Street Ste 7395 ,Santa Cruz,CA,Sacramento County,http://www.nonprofitlawandleadership.org/,,,,,,https://www.facebook.com/share.php?u=https%3A//nonprofitlawandleadership.org&title=Nonprofit%20Law%20and%20Leadership%20Inc.,,,,2137459961
1073,Nonprofits Insurance Alliance of California (NIAC),California Nonprofit ,PO Box 8507 ,Menlo Park,CA,Santa Cruz County,https://insurancefornonprofits.org/calnonprofits/,info@insurancefornonprofits.org,,https://insurancefornonprofits.org/contact/ ,http://www.linkedin.com/company/nonprofits-insurance-alliance,https://www.instagram.com/nonprofitsinsurance/,https://www.facebook.com/insurancefornonprofits,,,,
1074,Norcal Golden Retriever Rescue,California Nonprofit ,405 El Camino Real Suite 420 ,Los Angeles,CA,San Mateo County,https://ngrr.org/,info@ngrr.org,donations@ngrr.org,,,https://www.instagram.com/norcalgoldenretriever_rescue,https://www.facebook.com/ncgrr/,,,,
1075,Norma Ibarra,California Nonprofit ,152 W 32Nd St ,Arcata,CA,Los Angeles County,http://www.saje.net/,info@saje.net,,https://www.saje.net/contact/ ,,https://www.instagram.com/saje_southla/,https://www.facebook.com/strategicactions,,,,
1076,North Coast Growers Association,California Nonprofit ,5720 West End Road Building 2 ,Ukiah,CA,Humboldt County,https://www.northcoastgrowersassociation.org/,info@northcoastgrowersassociation.org,,https://www.northcoastgrowersassociation.org/contact-us.html ,,,,,,,
1077,"North Coast Opportunities, Inc.",California Nonprofit ,413 North State Street ,Arcata,CA,Mendocino County,http://www.ncoinc.org/,info@ncoinc.org,,http://www.ncoinc.org//about-us/contact-us/ ,https://www.linkedin.com/company/north-coast-opportunities-inc/,,https://www.facebook.com/wearenco,,,,
1078,North Coast Rape Crisis Team,California Nonprofit ,425 I Street ,Santa Rosa,CA,Humboldt County,http://www.ncrct.org/,,,,,,,,,,415.888.2868
1079,North Coast Resource Conservation & Development Council,California Nonprofit ,PO Box 6417 ,Lompoc,CA,Sonoma County,http://www.conservationworksnc.org/,,,http://www.conservationworksnc.org/contact-us ,,https://www.instagram.com/conservation_works/,https://www.facebook.com/NCRCDC,,,,
1080,North County Rape Crisis and Child Protection Center,California Nonprofit ,PO Box 148 ,San Francisco,CA,Santa Barbara County,http://www.sbcountyrapecrisis.org/,,,https://sbcountyrapecrisis.org/contact/ ,,https://www.instagram.com/ncrccpc/,https://www.facebook.com/ncrccpc/,,,,
1081,North East Exchange Team SF,California Nonprofit ,PO Box 330278 ,,CA,San Francisco County,http://nextvillagesf.org/,info@nextvillagesf.org,,https://nextvillagesf.org/contact-us/ ,,,https://www.facebook.com/pg/NEXTVillageSF/community/?mt_nav=0&msite_tab_async=0,,,,
1082,North Star ALS Inc.,California Nonprofit ,,Chico,,,https://www.northstarals.org/,,,,https://www.linkedin.com/company/north-star-als/,https://www.instagram.com/northstaralsorg/,https://www.facebook.com/profile.php?id=61580040404926,,,,
1083,North Valley Animal Disaster Group,California Nonprofit ,PO Box 441 ,,CA,Butte County,http://www.nvadg.org/,info@nvadg.org,"treasurer@nvadg.org, volunteer@nvadg.org, webmaster@nvadg.org, president@nvadg.org, owcn@nvadg.org",https://www.nvadg.org/contact/ ,,https://www.instagram.com/nvadg_chico/,https://www.facebook.com/nvadg,,,,
1084,Northcoast Regional Land Trust,California Nonprofit ,,Mill Valley,,,http://ncrlt.org/,"info@ncrlt.org, Info@ncrlt.org",,https://ncrlt.org/contact-us/ ,,https://www.instagram.com/northcoastregionallandtrust/,https://www.facebook.com/northcoastregionallandtrust,,,,
1085,Northern California Chapter of The Explorers Club,California Nonprofit ,26 Egret Way ,San Jose,CA,Marin County,http://explorersnorca.org/,,,,,https://www.instagram.com/explorersclub_norcal/?hl=en,,,,,
1086,Northern California Chapter Sister Cities International,California Nonprofit ,3277 S White Road 6990 ,Sacramento,CA,Santa Clara County,https://norcalsistercities.org/,,,https://norcalsistercities.org/contact-2/ ,,,,,,,
1087,Northern California School of the Arts/ Nu Art Education,California Nonprofit ,803 Vallejo Way ,,CA,Sacramento County,http://www.norcalsota.org/,info@norcalsota.org,,http://www.norcalsota.org/contact ,https://www.linkedin.com/company/norcalsota/posts/?feedView=all,https://www.instagram.com/norcalsota/#,https://www.facebook.com/norcalsota/,https://norcalarts.thundertix.com/events/259369,,,
1088,Northern Santa Barbara County United Way Inc,California Nonprofit ,,Long Beach,,,https://unitedwaylife.org/,,,,https://www.linkedin.com/company/nsbcuw/?viewAsMember=true,https://www.instagram.com/nsbcunitedway/,https://www.facebook.com/462546470274980,https://www.x.com/nsbc_unitedway,,,4158971164
1089,Nourish Madagascar,California Nonprofit ,346 Redondo Ave. ,San Francisco,CA,Los Angeles County,http://www.nourishmada.org/,,paul@nourishmada.orgsubject=Partnership,,,,,,,,
1090,NOVA12SF,California Nonprofit ,140 Farnum St ,Novato,CA,San Francisco County,http://www.nova-12-sf-org/,,,,,,,,,,7606749992
1091,Novato Chamber of Commerce,California Nonprofit ,807 De Long Ave ,Fort Bragg,CA,Marin County,http://www.novatochamber.com/,,"kimstahley@novatochamber.com, christina@novatochamber.com, kim@novatochamber.com",,https://www.linkedin.com/in/novatochamber/,https://www.instagram.com/novatochamber/,https://www.facebook.com/NovatoChamber,https://www.ultragenyx.com,,,
1092,Noyo Center for Marine Science,California Nonprofit ,PO Box 1321 ,,CA,Mendocino County,http://www.noyocenter.org/,info@noyocenter.org,,http://www.noyocenter.org/contact ,,https://www.instagram.com/noyocenter/,https://www.facebook.com/noyocenter,,,,9165733553
1093,NPO Centric,California Nonprofit ,,Los Angeles,,,http://npocentric.org/,info@npocentric.org,,,https://www.linkedin.com/company/npo-centric?kuid=f5873e2c-df8e-417b-bd90-f8d531cdead8-1775282352&kref=https%3A%2F%2Fwww.npocentric.org%2F,https://www.instagram.com/NPOCentric?kuid=f5873e2c-df8e-417b-bd90-f8d531cdead8-1775282352&kref=https%3A%2F%2Fwww.npocentric.org%2F,https://www.facebook.com/NPOCentric?kuid=f5873e2c-df8e-417b-bd90-f8d531cdead8-1775282352&kref=https%3A%2F%2Fwww.npocentric.org%2F,,,,15108394361
1094,Nxt Art Foundation INC,California Nonprofit ,106 12F2 Judge John Aiso St. 23314 ,Sacramento,CA,Los Angeles County,https://nowartpublic.com/,"info@nowartpublic.com, info@nowartla.org","press@nowartpublic.com, murals@nowartpublic.com",https://nowartpublic.com/contact/ ,https://www.linkedin.com/company/nowartla,https://www.instagram.com/nowart_la/,https://www.facebook.com/nowartla,,,,
1095,"Oak Park Preschool, Inc",California Nonprofit ,PO Box 5511 ,Oakland,CA,Sacramento County,http://www.oakparkpreschoolinc.org/,,oakparkpreschoolin@att.net,,,,,,,,
1096,Oakland Interfaith Gospel Choir,California Nonprofit ,1212 Preservation Park Way Ste 200 ,,CA,Alameda County,https://www.oigc.org/,admin@oigc.org,,https://www.oigc.org/contact ,https://www.linkedin.com/company/oaklandinterfaith,,,,,,7128328300
1097,Oakland Leaf Foundation,California Nonprofit ,,Oakland,,,http://www.oaklandleaf.org/,admin@oaklandleaf.org,,http://www.oaklandleaf.org/contact-us/ ,https://www.linkedin.com/company/oakland-leaf-foundation,https://www.instagram.com/oaklandleaf/,https://www.facebook.com/OaklandLeaf/,,,,
1098,Oakland Public Education Fund,California Nonprofit ,PO Box 71005 ,Oakland,CA,Alameda County,http://www.oaklandedfund.org/,info@oaklandedfund.org,,https://www.oaklandedfund.org/contact/ ,,https://www.instagram.com/oaklandedfund/,https://www.facebook.com/oakedfund,,,,3103798117
1099,Oakland St. John Missionary Baptist Church,California Nonprofit ,1909 Market St ,Oakville,CA,Alameda County,http://www.stjohnoakland.org/,,,,,,https://www.facebook.com/GSJMBCHURCH/,,,,
1100,Oakville Winegrowers,California Nonprofit ,PO Box 101 ,Manhattan Beach,CA,,http://www.oakvillewinegrowers.com/,,,,,,,,,,
1101,"Oceanographic Teaching Stations, Inc.",California Nonprofit ,PO Box 1 ,Carson,CA,Los Angeles County,http://www.roundhouseaquarium.org/,,,https://roundhouseaquarium.org/contact/ ,,https://www.instagram.com/roundhouseaquarium/,https://www.facebook.com/RoundhouseAquarium,,,,
1102,"Office of Samoan Affairs of California, Inc.",California Nonprofit ,454 E.  Plaza Drive Suite 109 ,,CA,Los Angeles County,https://officeofsamoanaffairs.org/,,,https://officeofsamoanaffairs.org/contact-us-2/ ,,,,,,,7607771444
1103,Ojai Playwrights Conference,California Nonprofit ,,,,,https://www.ojaiplays.org/,info@ojaiplays.org,,https://www.ojaiplays.org/contact-us ,,https://www.instagram.com/ojaiplays,https://www.facebook.com/OjaiPlays/,,,,
1104,Old English Sheepdog Rescue of Southern California,California Nonprofit ,,,,,http://www.oesrescue.com/,,oesr@earthlink.net,https://oesrescue.com/contact-old-english-sheepdog-rescue-non-profit-los-angeles/ ,,,https://www.facebook.com/profile.php?id=61561005821044,,,,
1105,Old Town Artisan Studios,California Nonprofit ,,Newhall,,,http://www.oldtownartisanstudios.org/,"admin@oldtownartisanstudios.org, info@oldtownartisanstudios.org","roccie@oldtownartisanstudios.org, Andy@oldtownartisanstudios.org, kennan@oldtownartisanstudios.org, wendy@oldtownartisanstudios.org, Peggy@oldtownartisanstudios.org, aprudencio@oldtownartisanstudios.org, Colby@oldtownartisanstudios.org, angel@oldtownartisanstudios.org",https://oldtownartisanstudios.org/contact/ ,,https://www.instagram.com/oldtownartisanstudios/,https://www.facebook.com/OldTownArtisanStudio,,,,
1106,Old Town Newhall Association,California Nonprofit ,24301 Main St. ,San Francisco,CA,,http://otna.org/,info@otna.org,,https://otna.org/contact/ ,,,,,,,
1107,Older Wiser Lawyer Mentors,California Nonprofit ,182 Howard Street 23113 ,Sylmar,CA,San Francisco County,https://www.owlmentors.org/,,,,,,,,,,
1108,Olive View - UCLA Education & Research Institute,California Nonprofit ,14445 Olive View Dr Research Admin Office ,,CA,,http://www.ovuclaeri.com/,,,,,,,,,,
1109,One ATTA Time,California Nonprofit ,,Martinez,,,https://oneattatime.org/,info@oneattatime.org,,https://oneattatime.org/contact/ ,,https://www.instagram.com/oneattatime/,https://www.facebook.com/oneattatime,,,,
1110,One Living Sanctuary,California Nonprofit ,2785 Franklin Canyon Road ,San Francisco,CA,Contra Costa County,https://onelivingsanctuary.org/,contact@onelivingsanctuary.org,,https://onelivingsanctuary.org/contact ,,,https://www.facebook.com/onelivingsanctuary/,,,,
1111,One Treasure Island,California Nonprofit ,1 Avenue Of The Palms Ave Ste 166 ,Oakland,CA,San Francisco County,http://www.onetreasureisland.org/,,,http://www.onetreasureisland.org/contactus ,https://www.linkedin.com/company/one-treasure-island/,https://www.instagram.com/onetreasureisland_sf/  ,https://www.facebook.com/One-Treasure-Island-253180514806068,https://x.com/onetreasureisla,,,
1112,OneDegree,California Nonprofit ,360 Grand Ave. Unit 190 ,Santa Cruz,CA,Alameda County,http://www.socialinterest.org/,,,,,,,,,,
1113,O'Neill Sea Odyssey,California Nonprofit ,2222 East Cliff Drive Suite 222 ,Santa Ana,CA,Santa Cruz County,http://www.oneillseaodyssey.org/,info@oneillseaodyssey.org,,,,https://www.instagram.com/oneillseaodyssey/,https://www.facebook.com/oneillseaodyssey,,,,
1114,OneOC,California Nonprofit ,1901 East 4Th St Suite 100 ,Palo Alto,CA,Orange County,http://www.oneoc.org/,,,,https://www.linkedin.com/company/oneoc,https://www.instagram.com/weareoneoc/,https://www.facebook.com/OneOC.org,,,,
1115,OneReef Worldwide Stewardship,California Nonprofit ,2625 Middlefield Rd Suite 252 ,Sacramento,CA,Santa Clara County,https://onereef.org/,,,,https://www.linkedin.com/company/onereef/,https://www.instagram.com/Onereefworldwide/,https://www.facebook.com/OneReefWorldWide,,,,
1116,Open California,California Nonprofit ,2617 K St 23275 ,Agoura Hills,CA,Sacramento County,http://www.capitolweekly.net/,,,,,,,,,,
1117,Open Medicine Foundation,California Nonprofit ,29302 Laro Drive ,Culver City,CA,Los Angeles County,http://www.omf.ngo/,info@omf.ngo,,,https://www.linkedin.com/company/open-medicine-foundation/,https://www.instagram.com/openmedf/,https://www.facebook.com/OpenMedicineFoundation,,,,18056330849
1118,Open Paths Counseling Center,California Nonprofit ,301 N. Prairie Ave. Suite 510 ,Eureka,CA,Los Angeles County,http://www.openpaths.org/,,inquiry@openpaths.org,,,https://www.instagram.com/openpathsla/,https://www.facebook.com/OpenPathsLA,,,,
1119,OpenArt,California Nonprofit ,2940 Summer St ,Santa Barbara,CA,Humboldt County,https://www.openartgroup.org/#/,,,,,,,,,,
1120,OpenMinds Mental Health Services,California Nonprofit ,1919 State St ,San Francisco,CA,Santa Barbara County,https://www.openminds.clinic/,"info@takeroottherapy.com, info@openminds.clinic",,,,,,,,,
1121,Operation Shanti,California Nonprofit ,125 Gilbert St Apt 3 ,Los Angeles,CA,San Francisco County,http://www.operation-shanti.org/,,,http://www.operation-shanti.org/contact ,,,https://www.facebook.com/ operationshantikids/,,,,17144801925
1122,OPICA Adult Day Care Center,California Nonprofit ,11759 Missouri Ave ,San Diego,CA,Los Angeles County,http://www.opica.org/,,"sara@opica.org, diane@opica.org, saira@opica.org, cheryl@opica.org,  lisa@opica.org, pam@opica.org, mary@opica.org",https://www.opica.org/contact-us/ ,,,,,,,
1123,Optimist Club of Point Loma,California Nonprofit ,4376 Piedmont Dr. ,Santa Ana,CA,San Diego County,http://www.pointlomaoptimist.com/,,,,,,https://www.facebook.com/PointLomaOptimistClub,,,,
1124,Orange County Bar Foundation DBA Project Youth OC,California Nonprofit ,1605 E. 17Th Street ,Costa Mesa,CA,Orange County,https://projectyouthocbf.org/,info@pyoc.org,,https://projectyouthocbf.org/contact-us/ ,https://www.linkedin.com/company/4007248/admin/feed/posts/,https://www.instagram.com/projectyouthoc/,https://www.facebook.com/ProjectYouthOC/,,,,15306436574
1125,Orange County Model Engineers,California Nonprofit ,PO Box 3216 ,Anaheim,CA,Orange County,http://ocmetrains.org/,info@ocmetrains.org,,https://ocmetrains.org/contact-us/ ,,,https://www.facebook.com/OrangeCountyModelEngineers,,,,805%204180382
1126,Orange County Sports Commission,California Nonprofit ,2099 S. State College Blvd Ste 600 ,,CA,Orange County,http://www.ocsportscommission.org/,,,https://www.ocsportscommission.org/contact-us/ ,https://www.linkedin.com/company/orange-county-sports-commission/,https://www.instagram.com/ocsportscom/,https://www.facebook.com/ocsportscom/,,,,
1127,Ore-Cal Resource Conservation and Development Area Council,California Nonprofit ,,,,,https://www.orecalrcdc.org/,,orecalrcanddc@gmail.com,https://www.orecalrcdc.org/contact/ ,,,https://www.facebook.com/OreCal.R.C.and.D/,,,,
1128,"Orenda Veterans Project, Inc.",California Nonprofit ,,West Hills,,,https://orendavets.org/,info@orendavets.org,"ramonaev@orendavets.org, aweinke@orendavets.org",https://orendavets.org/contact/ ,https://www.linkedin.com/company/73006824/admin/,,https://www.facebook.com/OrendaVets,,,,
1129,Organization for Social Media Safety,California Nonprofit ,6442 Platt Ave 231914 ,,CA,,http://www.socialmediasafety.org/,contact@ofsms.org,,https://www.socialmediasafety.org/about/contact-us/ ,https://www.linkedin.com/company/ofsms,https://www.instagram.com/orgforsocialmediasafety/,https://www.facebook.com/ofsms,,,,
1130,OTB: thinking,California Nonprofit ,,San Jose,,,,,,,,,,,,,4159811960
1131,Our City Forest,California Nonprofit ,1195 Clark Street ,,CA,Santa Clara County,http://www.ourcityforest.org/,,"outreach@ourcityforest.org, treenursery@ourcityforest.org, treecare@ourcityforest.org",http://www.ourcityforest.org/contact ,,https://www.instagram.com/ourcityforest,,,,,
1132,Our Clean Oceans,California Nonprofit ,,San Francisco,,,http://www.ourcleanoceans.org/,,,,https://www.linkedin.com/company/our-clean-oceans-oco/,https://www.instagram.com/ourcleanoceans.oco?igsh=NTc4MTIwNjQ2YQ%3D%3D&utm_source=qr,https://www.facebook.com/share/16ttVWsaR1/?mibextid=wwXIfr,https://x.com/_ourcleanoceans?s=21,,,
1133,Our Family Coalition,California Nonprofit ,1385 Mission St Ste 330 ,Santa Rosa,CA,San Francisco County,https://ourfamily.org/,info@ourfamily.org,education@ourfamily.org,https://ourfamily.org/contact-us/ ,,https://www.instagram.com/ofcoalition/,https://www.facebook.com/ourfamilycoalition,,,,
1134,Our Village Closet,California Nonprofit ,905 Mendocino Ave ,Long Beach,CA,Sonoma County,http://www.ourvillagecloset.org/,,,,,https://www.instagram.com/our.village.closet/,https://www.facebook.com/ourvillagecloset/,,,,
1135,P2P Community Development Inc,California Nonprofit ,1112 E Artesia Blvd ,,CA,Los Angeles County,https://www.p2pcommunitydevelopmentinc.org/,,,,,,,//www.wix.com/?utm_campaign=vir_error_page,,,18314797785
1136,Pacific Beach Coalition,California Nonprofit ,,Costa Mesa,,,http://www.pacificbeachcoalition.org/,,,https://www.pacificbeachcoalition.org/contact-us/ ,https://www.linkedin.com/company/pacific-beach-coalition/,https://www.instagram.com/pacificbeachcoalition/,https://www.facebook.com/PacificBeachCoalition/,,,,
1137,Pacific Chorale,California Nonprofit ,3303 Harbor Blvd Suite E5 ,Santa Cruz,CA,Orange County,http://www.pacificchorale.org/,,,http://www.pacificchorale.org/contact-us ,,https://www.instagram.com/pacific_chorale/,https://www.facebook.com/PacificChorale/,https://www.artdynamix.com,,,
1138,Pacific Collegiate Charter School,California Nonprofit ,3004 Mission Street ,Oakland,CA,Santa Cruz County,http://www.pacificcollegiate.com/,,pcs@pcsed.org,,,,,,,,3108228392
1139,Pacific Institute,California Nonprofit ,654 13Th St. ,Milpitas,CA,Alameda County,http://www.pacinst.org/,info@pacinst.org,,https://pacinst.org/contact/ ,https://www.linkedin.com/company/pacific-institute/,,https://www.facebook.com/pacificinstitute/,,,,
1140,Pacific Links Foundation,California Nonprofit ,860 Hillview Ct Ste 346 ,Venice,CA,Santa Clara County,http://www.pacificlinks.org/,,,https://pacificlinks.org/contact/ ,,https://www.instagram.com/pacificlinksfoundation/,https://www.facebook.com/PacificLinks/fundraisers,,,,
1141,Pacific Resident Theatre Ensemble,California Nonprofit ,PO Box 568 ,Emeryville,CA,,https://pacificresidenttheatre.org/,,,,,,,,,,
1142,PACT And Adoption Alliance,California Nonprofit ,5515 Doyle St Ste 231 ,Monrovia,CA,Alameda County,http://www.pactadopt.org/,info@pactadopt.org,,https://pactadopt.org/contact/ ,,https://www.instagram.com/pactadopt/,https://www.facebook.com/pactadopt,,,,
1143,Pain News Network,California Nonprofit ,PO Box 525 ,Watsonville,CA,Los Angeles County,https://www.painnewsnetwork.org/,,,https://www.painnewsnetwork.org/contact-us ,https://www.linkedin.com/company/6386270/,,https://www.facebook.com/groups/CPPNewsSource,,,,
1144,Pajaro Valley Prevention & Student Assistance,California Nonprofit ,335 E Lake Ave ,Watsonville,CA,Santa Cruz County,http://www.pvpsa.org/,admin@pvpsa.org,,https://www.pvpsa.org/contact ,,https://www.instagram.com/pajaro.valley.prevention/,https://www.facebook.com/pajaro.valley.prevention/,,,,
1145,Pajaro Valley Shelter Services,California Nonprofit ,115 Brennan St ,Palo Alto,CA,Santa Cruz County,http://www.pvshelter.org/,,give@pvshelter.org,https://www.pvshelter.org/contact ,,https://www.instagram.com/pvshelter,https://www.facebook.com/195108613901211?ref=embed_page,,,,
1146,Palo Alto Humane,California Nonprofit ,PO Box 60715 ,Palo Alto,CA,Santa Clara County,http://www.paloaltohumane.org/,,pahs@paloaltohumane.org,https://www.paloaltohumane.org/contact-us/ ,,,https://www.facebook.com/paloaltohumane,,,,7607412660
1147,Palo Alto Partners in Education,California Nonprofit ,PO Box 1557 ,Palo Alto,CA,Santa Clara County,https://papie.org/,info@papie.org,"webmaster@papie.org, volunteer@papie.org, donations@papie.org",https://papie.org/contact/ ,,https://www.instagram.com/palo.alto.pie/,https://www.facebook.com/paloaltopie,,,,7609414319
1148,Palo Alto Players Peninsula Center Stage,California Nonprofit ,1305 Middlefield Road ,Escondido,CA,Santa Clara County,http://www.paplayers.org/,info@paplayers.org,,https://paplayers.org/contact/ ,,,https://www.facebook.com/PaloAltoPlayers,,,,3105417613
1149,"Palomar Family Counseling Service, Inc.",California Nonprofit ,1002 E Grand Ave ,Vista,CA,San Diego County,https://palomarfamilycounseling.com/,,pfcs@pfcs.agency,,https://www.linkedin.com/company/palomar-family-counseling-service/,https://www.instagram.com/palomar_family_counseling/,https://www.facebook.com/palomarfamilycounseling,,,,
1150,Palomar Unitarian Universalist Fellowship,California Nonprofit ,1600 Buena  Drive ,Pls Vrds Pnsl,CA,San Diego County,http://www.palomaruu.org/,,"programs@palomaruu.org, auction@vistauu.org, webmaster@palomaruu.org, building-grounds@vistauu.org, Minister@palomaruu.org, Kathleenmoscato@gmail.com, office@palomaruu.org, da.smith@sbcglobal.net, puufsundayservices@googlegroups.com, bookkeeper@vistauu.org, puuf-board@googlegroups.com",https://palomaruu.org/contact-us/ ,,,https://www.facebook.com/vistaUU,,,,5597932527
1151,Palos Verdes Peninsula Land Conservancy,California Nonprofit ,PO Box 3427 ,Burlingame,CA,,http://www.pvplc.org/,,,,,https://www.instagram.com/pvplc/,https://www.facebook.com/pvplc.org,,,,
1152,PARCA,California Nonprofit ,800 Airport Blvd Ste 320 ,Visalia,CA,San Mateo County,http://www.parca.org/,,parca@parca.org,http://www.parca.org/contact ,https://www.linkedin.com/company/30660128/admin/feed/posts/,https://www.instagram.com/PARCAorg/,https://www.facebook.com/PARCA.org/,,,,
1153,Parenting Network Inc,California Nonprofit ,330 N. Johnson St. ,Santa Cruz,CA,Tulare County,https://parentingnetwork.org/,,"referral@parentingnetwork.org,  referral@parentingnetwork.org",https://parentingnetwork.org/contact/ ,,,,,,,
1154,Parents Center,California Nonprofit ,530 Soquel Ave ,,CA,Santa Cruz County,,,,,,,,,,,8058031584
1155,Parks California,California Nonprofit ,,Riverside,,,https://parkscalifornia.org/,Info@ParksCalifornia.org,,https://parkscalifornia.org/parks-california/contact/ ,https://www.linkedin.com/company/parkscalifornia,https://www.instagram.com/parkscalifornia/,https://www.facebook.com/ParksCalifornia/,,,,5108304200
1156,Parkview Legacy Foundation,California Nonprofit ,3890 Orange Street 23111 ,Santa Maria,CA,Riverside County,https://parkviewlegacy.org/,info@parkviewlegacy.org,,,,https://www.instagram.com/parkviewlegacyfoundation,https://www.facebook.com/ParkviewLegacyFoundation,https://wix.com/?utm_campaign=vir_created_with,,,6267962097
1157,Partners in Housing Solutions,California Nonprofit ,2605 South Miller Street 103 ,Sacramento,CA,Santa Barbara County,http://www.partnersinhousingsolutions.org/,info@partnersinhousingsolutions.org,,https://partnersinhousingsolutions.org/contact/ ,,https://www.instagram.com/partners.in.housing.solutions/,https://www.facebook.com/profile.php?id=100087454096794,,,,
1158,Partnership for Children & Youth,California Nonprofit ,1121 L St Suite 205 ,Pasadena,CA,Sacramento County,https://www.partnerforchildren.org/,info@partnerforchildren.org,,,,https://www.instagram.com/partner4children/,https://www.facebook.com/PartnerForChildren/,,,,
1159,Pasadena Community Foundation,California Nonprofit ,301 E. Colorado Blvd. ,Pasadena,CA,Los Angeles County,https://pasadenacf.org/,,,https://pasadenacf.org/contact/ ,https://www.linkedin.com/company/pasadena-community-foundation/,https://www.instagram.com/pasadenacommunityfoundation/,https://www.facebook.com/pasadenacf,,,,
1160,Pasadena Conservatory of Music,California Nonprofit ,100 N Hill Ave ,Pasadena,CA,Los Angeles County,http://www.pasadenaconservatory.org/,,music@pasadenaconservatory.org,https://pasadenaconservatory.org/contact/ ,,https://www.instagram.com/pasadenaconservatoryofmusic/,https://www.facebook.com/PasadenaConservatoryMusic/,,,,
1161,"Pasadena Meals on Wheels, Inc.",California Nonprofit ,500 E Colorado Blvd ,Pasadena,CA,Los Angeles County,https://www.pasadenamealsonwheels.org/?fbclid=IwAR1ikSzwOm5fsGOZk-BbAtdkyo-cbNzWWLeTgJE08WzlV6ONVrrcmffgpDs,,"pasadenamealsonwheels@gmail.comsubject=Volunteer for Meals on Wheels, pasadenamealsonwheels@gmail.comsubject=Volunteering for Meals on Wheels, pasadenamealsonwheels@gmail.comsubject=PMOW Meal Request, pasadenamealsonwheels@gmail.comsubject=POW Website Inquiry",,,,,,,,
1162,PASADENA SOCIETY OF ARTISTS,California Nonprofit ,PO Box 90074 ,Pasadena,CA,Los Angeles County,http://www.pasadenasocietyofartists.org/,info@PasadenaSocietyofArtists.org,"VicePresident@PasadenaSocietyofArtists.org, MemberNews@PasadenaSocietyofArtists.org, newsletter@PasadenaSocietyofArtists.org, MembersAtLarge@PasadenaSocietyofArtists.org, Newsletter@PasadenaSocietyofArtists.org, Historian@PasadenaSocietyofArtists.org, MemberNews@pasadenasocietyofartists.org, News@PasadenaSocietyofArtists.org, secretary@PasadenaSocietyofArtists.org, hospitality@PasadenaSocietyofArtists.org, Grants@PasadenaSocietyofArtists.org, Fundraising@PasadenaSocietyofArtists.org, corresponding@PasadenaSocietyofArtists.org, PastPresident@PasadenaSocietyofArtists.org, Secretary@PasadenaSocietyofArtists.org, news@PasadenaSocietyofArtists.org, membership@PasadenaSocietyofArtists.org, President@PasadenaSocietyofArtists.org, fundraising@PasadenaSocietyofArtists.org, grants@PasadenaSocietyofArtists.org, Corresponding@PasadenaSocietyofArtists.org, Socialmedia@pasadenasocietyofartists.org, Exhibitions@PasadenaSocietyofArtists.org, programs@pasadenasocietyofartists.org, exhibitions@PasadenaSocietyofArtists.org, Programs@PasadenaSocietyofArtists.org, historian@PasadenaSocietyofArtists.org, MembersAtLarge@pasadenasocietyofartists.org, WebManager@PasadenaSocietyofArtists.org, Membership@PasadenaSocietyofArtists.org, Hospitality@PasadenaSocietyofArtists.org, Admin@PasadenaSocietyofArtists.org",https://www.pasadenasocietyofartists.org/about/contact_us.html ,,https://www.instagram.com/pasadenasocietyofartists/,https://www.facebook.com/PasadenaSocietyofArtists/,,,,805.966.3310
1163,Pasadena Village,California Nonprofit ,236 W Mountain St 23113 ,,CA,Los Angeles County,http://www.pasadenavillage.org/,info@pasadenavillage.org,,https://pasadena.helpfulvillage.com/contact ,,https://www.instagram.com/pasadenavillage,https://www.facebook.com/ThePasadenaVillage,,,,
1164,PathLight International,California Nonprofit ,,Santa Barbara,,,http://pathlight.org/,,,https://pathlight.org/contact/ ,https://www.linkedin.com/company/pathlight-international/,https://www.instagram.com/pathlightintl/,https://www.facebook.com/PathLightIntl,,,,
1165,PathPoint,California Nonprofit ,901 Olive Street ,Los Alamitos,CA,Santa Barbara County,https://www.pathpoint.org/,info@pathpoint.org,rebecca.bogdanovic@pathpoint.org,https://www.pathpoint.org/contact/ ,,,https://www.facebook.com/pages/PathPoint/153430117423,,,,
1166,Pathways to Independence,California Nonprofit ,PO Box 43 ,Blue Lake,CA,Orange County,https://pathwaystoindependence.org/,,,,,,,,,,
1167,Patricia D. and William B. Smullin Foundation,California Nonprofit ,PO Box 88 ,,CA,Humboldt County,http://www.fdnweb.org/smullin,,,http://www.fdnweb.org/smullin/contact/ ,https://www.linkedin.com/company/candiddotorg/,https://www.instagram.com/CandidDotOrg/,https://www.facebook.com/CandidDotOrg,,,,
1168,Patriot Farms CA,California Nonprofit ,,Thousand Oaks,,,,,,,,,,,,,
1169,Paws For Life K9 Rescue,California Nonprofit ,100-190 Rancho Road 23365 ,Oakland,CA,Ventura County,http://www.pawsforlifek9.org/,,,https://pawsforlifek9.org/contact-us/ ,,https://www.instagram.com/pawsforlifek9/,https://www.facebook.com/PawsForLifeK9,,,,
1170,Peers Envisioning and Engaging in Recovery Services,California Nonprofit ,8393 Capwell Dr. Ste 240 ,San Mateo,CA,Alameda County,https://www.peersnet.org/,,,,https://www.linkedin.com/company/peersorg,https://www.instagram.com/peersorg/,https://www.facebook.com/PEERSCommunity/,,,,4089988001
1171,Peninsula Family Service,California Nonprofit ,24 2Nd Avenue ,Palo Alto,CA,San Mateo County,https://www.pfso.org/,info@pfso.org,,https://www.pfso.org/contact-us/ ,https://www.linkedin.com/company/peninsula-family-service,https://www.instagram.com/peninsulafamilyserviceofficial/,https://www.facebook.com/PeninsulaFamilyService,,,,
1172,Peninsula Open Space Trust,California Nonprofit ,222 High St ,San Jose,CA,Santa Clara County,http://www.openspacetrust.org/,,,,,,,,,,14154590270
1173,People Acting in Community Together (PACT),California Nonprofit ,1100 Shasta Ave Ste 210 ,San Diego,CA,Santa Clara County,http://www.pactsj.org/,,pactsj@pactsj.org,,,https://www.instagram.com/pact_people_acting/?hl=en,https://www.facebook.com/PACTSJ/,,,,8183488890
1174,People Assisting the Homeless (PATH),California Nonprofit ,1250 Sixth Avenue ,San Rafael,CA,San Diego County,http://www.epath.org/,,"Media@epath.org, pathsandiego@epath.org, pathvolunteers@epath.org, pathsantaclara@epath.org, pathlosangeles@epath.org, giving@epath.org, path@epath.org, pathoc@epath.org",https://epath.org/contact/ ,https://www.linkedin.com/company/people-assisting-the-homeless-path/,https://www.instagram.com/pathpartners/,https://www.facebook.com/path.inCA,,,,
1175,People with Disabilities Succeeding,California Nonprofit ,1512 5Th Ave ,Northridge,CA,Marin County,http://www.pdsmarin.org/,,daniel@pdsmarin.org,https://www.pdsmarin.org/contact-us ,,,https://www.facebook.com/PDSMarin/,,,,
1176,Performer Availability Screening Service Inc,California Nonprofit ,19849 Nordhoff St ,San Francisco,CA,,http://passcertified.org/,,,,,,,,,,
1177,Performing Arts Workshop,California Nonprofit ,2301 San Jose Ave ,,CA,San Francisco County,http://performingartsworkshop.org/,,,,,,,,,,
1178,Pesticide Action Network North America,California Nonprofit ,,Los Angeles,,,http://www.panna.org/,,,http://www.panna.org/about-us/contact-us/ ,,https://www.instagram.com/pesticideaction/,https://www.facebook.com/pesticideactionnetwork/,,,,
1179,Pets Are Wonderful Support/Los Angeles,California Nonprofit ,150 W. 24H Street ,San Francisco,CA,Los Angeles County,http://www.pawsla.org/,info@pawsla.org,"zreyes@pawsla.org, SGALLEGOS@PAWSLA.ORG, emunguia@pawsla.org, wgutierres@pawsla.org, rhilary@pawsla.org, mmoya@pawsla.org",http://www.pawsla.org/contact.html ,,https://www.instagram.com/paws_la/,https://www.facebook.com/PAWSLA/,https://x.com/PAWSLA,,,
1180,Philharmonia Baroque Orchestra,California Nonprofit ,414 Mason St Ste 400 ,,CA,San Francisco County,http://www.philharmonia.org/,info@philharmonia.org,,https://philharmonia.org/contact/ ,,https://www.instagram.com/philharmoniabaroqueorchestra,https://www.facebook.com/philharmoniabaroque/,,,,5106531816
1181,Physicians for a Healthy California,California Nonprofit ,,Los Angeles,,,http://phcdocs.org/,,phc@phcdocs.org,,,https://www.instagram.com/phcdocs/,https://www.facebook.com/phcdocs,,,,
1182,Physicians for Social Responsibility - Los Angeles,California Nonprofit ,617 S Olive St Ste 1100 ,Piedmont,CA,Los Angeles County,http://www.psr-la.org/,info@psr-la.org,"mhernandez@psr-la.org, membership@psr-la.org",http://www.psr-la.org/contact ,https://www.linkedin.com/company/psrla,https://www.instagram.com/psr_la/,https://www.facebook.com/psrla,,,,
1183,Piedmont Education Foundation,California Nonprofit ,401 Highland Ave ,Daly City,CA,Alameda County,https://www.piedmontedfoundation.org/,info@piedmontedfoundation.org,,,,,https://www.facebook.com/piedmontedfoundation,,,,
1184,Pilipino Bayanihan Resource Center,California Nonprofit ,200 Northgate Ave 235 ,Los Angeles,CA,San Mateo County,https://www.pilipinobayanihanresourcecenter.com/,"info@pbrcsmc.com, info@mysite.com",,https://www.pilipinobayanihanresourcecenter.com/copy-of-contact ,,,,,,,
1185,Pilipino Workers Center of Southern California,California Nonprofit ,153 Glendale Blvd ,Auburn,CA,Los Angeles County,http://www.pwcsc.org/,,,,,,,,,,
1186,Placer Community Foundation,California Nonprofit ,PO Box 9207 ,,CA,Placer County,http://www.placercf.org/,info@placercf.org,,https://www.placercf.org/contact ,https://www.linkedin.com/in/PlacerCommunityFoundation/,https://www.instagram.com/placercf/,https://www.facebook.com/placercommunityfoundation,,,,
1187,Placer Justice Foundation,California Nonprofit ,,Auburn,,,https://placerjusticefoundation.org/,,,https://placerjusticefoundation.org/contact-us/ ,,https://www.instagram.com/placerjusticefoundation/,https://www.facebook.com/PlacerJusticeFoundation/,,,,
1188,Placer Land Trust,California Nonprofit ,PO Box 9222 ,Thousand Oaks,CA,Placer County,https://placerlandtrust.org/,info@placerlandtrust.org,"heather.harden@placerlandtrust.org, gary.wells@placerlandtrust.org, christy.claes@placerlandtrust.org, eden.rock@placerlandtrust.org, jward@placerlandtrust.org, elias.grant@placerlandtrust.org, elia.rivas@placerlandtrust.org, brandy.waters@placerlandtrust.org, janet.voris@placerlandtrust.org, juliabharper@placerlandtrust.org, bellamy.wooten@placerlandtrust.org, jeffd@placerlandtrust.org, joe.sims@placerlandtrust.org, kara.walker@placerlandtrust.org",https://placerlandtrust.org/contact/ ,,,,,,,
1189,Play Conejo,California Nonprofit ,403 W Hillcrest Dr ,Campbell,CA,Ventura County,http://https//www.playconejo.org/,,,,,,,,,,8188304140
1190,Playful People Productions,California Nonprofit ,500 W Hamilton Ave 23110549 ,Union City,CA,Santa Clara County,https://playfulpeople.org/,, office@playfulpeople.org,https://playfulpeople.org/contact-us/ ,,https://www.instagram.com/playfulpeopleproductions/,https://www.facebook.com/playfulpeopleproductions,,,,
1191,Playlab Education Inc.,California Nonprofit ,PO Box 3048 ,Mission Hills,CA,Alameda County,https://www.playlab.ai/,,,,,,,,,,5302835675
1192,Plaza Comunitaria Sinaloa,California Nonprofit ,15012 Harvest St ,Santa Clarita,CA,,https://plazasinaloa.org/,info@plazasinaloa.org,,https://plazasinaloa.org/contact/ ,https://www.linkedin.com/company/plaza-comunitaria-sinaloa/,https://www.instagram.com/plazacomunitariasinaloa,https://www.facebook.com/plazacomunitariasinaloa,,,,
1193,"Pleasantview Industries, Inc.",California Nonprofit ,27921 Urbandale Avenue ,Quincy,CA,Los Angeles County,http://pleasantviewindustries.org/,,ed@pleasantviewindustries.org,https://www.pleasantviewindustries.org/contact-us ,http://www.linkedin.com/company/pleasantview-industries-inc-fka-pleasantview-achievement-ctr,https://www.instagram.com/pleasantviewindustries/,https://www.facebook.com/pleasantviewind,,,,
1194,Plumas Rural Services,California Nonprofit ,711 E Main St ,Los Angeles,CA,,http://www.plumasruralservices.org/,,dvs@plumasruralservices.org,http://www.plumasruralservices.org/contact-us ,https://www.linkedin.com/company/plumas-rural-svc,https://www.instagram.com/plumasruralservices_inc/,https://www.facebook.com/prs.social,https://x.com/PRS_Inc,,,
1195,PLUS ME Project,California Nonprofit ,6957 N Figueroa St ,Mountain View,CA,Los Angeles County,http://www.theplusmeproject.org/,,,http://www.theplusmeproject.org/contact ,https://www.linkedin.com/company/6404294?trk=tyah&trkInfo=clickedVertical%3Acompany%2CclickedEntityId%3A6404294%2Cidx%3A2-1-2%2CtarId%3A1482346791570%2Ctas%3Aplus%20me%20project,,,,,,
1196,"Pocket Security, Inc.",California Nonprofit ,809 Cuesta Dr. Suite B Pmb 5027 ,San Diego,CA,Santa Clara County,https://www.pocketsecurity.org/,hello@pocketsecurity.org,,https://www.pocketsecurity.org/contact-us ,https://www.linkedin.com/company/pocket-security-inc,,https://www.facebook.com/Pocket-Security-Inc-103782041834682,https://www.x.com/pocket_security/,,,
1197,Poetic Justice,California Nonprofit ,PO Box 3997 ,Mendocino,CA,San Diego County,https://www.poeticjustice.org/california,,,,,https://www.instagram.com/poeticjusticeok/,https://www.facebook.com/poeticjusticeok,,,,
1198,Point Cabrillo Lightkeepers Association,California Nonprofit ,PO Box 641 ,Carmel,CA,,http://www.pointcabrillo.org/,info@pointcabrillo.org,"pclk.webmaster@jhfrey.com, giftshop@pointcabrillo.org",https://pointcabrillo.org/about-us/contact-us/ ,,https://www.instagram.com/pointcabrillo/,https://www.facebook.com/PointCabrilloLight,,,,3237879252
1199,Point Lobos Foundation,California Nonprofit ,PO Box 221789 ,,CA,,http://www.pointlobos.org/,,"ashley.wemp@parks.ca.gov, Fleccia.Wilson@parks.ca.gov, tracy@pointlobos.org, samantha.shackelton@parks.ca.gov, accountspayable@pointlobos.org, steffanie@pointlobos.org, regwriter43@gmail.com",https://www.pointlobos.org/contact/ ,,,,,,,
1200,Poli-Lit,California Nonprofit ,,Lawndale,,,http://polilit.org/,,,,,https://www.instagram.com/polilit.inc?igsh=NTc4MTIwNjQ2YQ%3D%3D&utm_source=qr,,,,,
1201,Positive Results Center,California Nonprofit ,15342 Hawthorne Blvd. Suite 402 ,,CA,Los Angeles County,http://prc123.org/,info@prc123.org,"chinarain.prc123@gmail.com, kandeele@prc123.org, kelli.prc123@gmail.com, crystal.prc123@gmail.com, daisy.prc123@gmail.com, gabriela.prc123@gmail.com, kala.prc123@gmail.com, samatha.prc123@gmail.com",https://prc123.org/contact/ ,https://www.linkedin.com/in/kandeelewisceo/,https://www.instagram.com/thepositiveresults/,https://www.facebook.com/PRC123,,,,13146498636
1202,Prebys Foundation,California Nonprofit ,,Oakland,,,https://www.prebysfdn.org/,,,,https://www.linkedin.com/company/the-conrad-prebys-foundation/,https://www.instagram.com/prebysfound/,https://www.facebook.com/prebysfoundation,,,,
1203,Prevention Institute,California Nonprofit ,221 Oak St Ste A ,,CA,Alameda County,http://www.preventioninstitute.org/,,sana@preventioninstitute.org,,https://www.linkedin.com/company/prevention-institute,https://www.instagram.com/prevention_institute/,https://www.facebook.com/PreventionInstitute.org/,,,,
1204,Primates Peru DBA Field Projects International,California Nonprofit ,,San Rafael,,,http://fieldprojects.org/,,,https://fieldprojects.org/contactus/ ,,https://www.instagram.com/fieldprojectsorg/,https://www.facebook.com/fpi.primatesperu/,,,,
1205,"Prison University Project, Inc dba Mount Tamalpais College",California Nonprofit ,2165 Francisco Blvd. E Suite A ,Sacramento,CA,Marin County,http://www.mttamcollege.org/,,"swaterstone@mttamcollege.edu, development@mttamcollege.edu",https://www.mttamcollege.edu/about/contact-us/ ,https://www.linkedin.com/company/mt-tam-college,https://www.instagram.com/mttamcollege/,https://www.facebook.com/Mt.Tam.College,,,,
1206,PRO Youth & Families,California Nonprofit ,3841 N. Freeway Blvd. Suite 210 ,Citrus Heights,CA,Sacramento County,https://proyouthandfamilies.org/,info@proyouthandfamilies.org,,https://proyouthandfamilies.org/contact-us/ ,https://www.linkedin.com/company/proyouthandfamilies,https://www.instagram.com/proyouthandfamilies/,https://www.facebook.com/PROYouthandFamilies/,,,,
1207,Progressive Employment Concepts,California Nonprofit ,6060 Sunrise Vista Dr Ste 1875 ,Berkeley,CA,Sacramento County,http://progressiveemployment.org/,info@progressiveemployment.org,,https://progressiveemployment.org/contact-us/ ,,,https://www.facebook.com/progressiveemployment,,,,
1208,Progressive MBC of Berkeley,California Nonprofit ,3301 King St ,,CA,Alameda County,http://www.progressive4life.org/,,,,,,https://www.facebook.com/Progressive-MBC-of-Berkeley-234669350005260/,,,,
1209,Project Alive,California Nonprofit ,,,,,http://www.projectalive.org/,,give@projectalive.org,http://www.projectalive.org/contact ,https://www.linkedin.com/company/projectalive,https://www.instagram.com/projectalive/,https://www.facebook.com/projectalive/,,,,
1210,Project Artaud,California Nonprofit ,,,,,http://projectartaud.org/,,,,,,,,,,
1211,"Project GO, Inc.",California Nonprofit ,,Los Angeles,,,https://projectgoinc.org/index.html,,,,,,,,,,
1212,Project Miracle,California Nonprofit ,5870 W Olympic Blvd ,Los Angeles,CA,Los Angeles County,http://www.themiracleproject.org/,,,,,,,,,,
1213,Project Restore,California Nonprofit ,200 N Spring St Ste 1633 ,,CA,Los Angeles County,http://www.projectrestore.org/,,,,,,,,,,
1214,Project Ropa,California Nonprofit ,,Ukiah,,,https://www.projectropa.org/,,,https://www.projectropa.org/contact-us/ ,https://www.linkedin.com/company/project-ropa,https://www.instagram.com/p/DVyvd-gEsvK/,https://www.facebook.com/ProjectRopa/,https://x.com/projectropa,,,
1215,Project Sanctuary,California Nonprofit ,PO Box 450 ,Los Angeles,CA,Mendocino County,http://www.projectsanctuary.org/,info@projectsanctuary.org,,,,https://www.instagram.com/p_sanctuary/,https://www.facebook.com/projectsanctuaryinc/?ref=embed_page,,,,
1216,ProjectQ,California Nonprofit ,PO Box 26421 ,Grass Valley,CA,Los Angeles County,https://www.projectq.me/,admin@projectq.me,,,,,,,,,
1217,ProRep Coalition,California Nonprofit ,PO Box 3577 ,Oakland,CA,Nevada County,https://www.prorepcoalition.org/,,Admin@prorepcoalition.org,,https://www.linkedin.com/company/prorep-coalition,https://www.instagram.com/prorepcoalition/,,https://wix.com/?utm_campaign=vir_created_with,,,
1218,Prospera Community Development,California Nonprofit ,3686 38Th Avenue ,San Francisco,CA,Alameda County,http://prosperacoops.org/,,,,,https://www.instagram.com/prosperacoops/,https://www.facebook.com/pages/Prospera/305935942935496,,,,
1219,Prosperity Initiative,California Nonprofit ,1663 Mission Street Suite 310 ,,CA,San Francisco County,https://www.sfspwg.org/,info@sfspwg.org,,,https://www.linkedin.com/company/sfspwg/,https://www.instagram.com/sfspwg/,,,,,
1220,PSE Healthy Energy,California Nonprofit ,,San Francisco,,,http://www.psehealthyenergy.org/,info@psehealthyenergy.org,,https://www.psehealthyenergy.org/contact-us/ ,https://www.linkedin.com/legal/privacy-policy,,https://www.facebook.com/PSEHealthyEnergy,,,,
1221,Public Advocates Inc.,California Nonprofit ,131 Steuart St Ste 300 ,La Quinta,CA,San Francisco County,http://www.publicadvocates.org/,,,,https://www.linkedin.com/company/public-advocates/,https://www.instagram.com/publicadvocates/,https://www.facebook.com/publicadvocates/,https://x.com/publicadvocates,,,
1222,Public Interest Patent Law Institute,California Nonprofit ,79405 Hwy 111 Ste 9-414 ,,CA,Riverside County,http://www.piplius.org/,info@piplius.org,,http://www.piplius.org/contact ,,,,,,,
1223,Public Programs Foundation,California Nonprofit ,,Los Angeles,,,,,,,,,,,,,
1224,"Public Works Improvisational Theatre Foundation, Inc",California Nonprofit ,3724 Marcia Drive ,Long Beach,CA,Los Angeles County,,,,,,,,,,,
1225,Purpose Centered Coaching and Consulting,California Nonprofit ,539 Daisy Ave. ,Los Angeles,CA,Los Angeles County,http://www.silissa.com/,,,,,,,//www.wix.com/?utm_campaign=vir_error_page,,,
1226,PV Jobs/ Playa Vista Job Opportunities,California Nonprofit ,4112 South Main Street ,San Francisco,CA,Los Angeles County,http://www.caphysiciansalliance.org/,,,,,,,,,,
1227,Q Foundation,California Nonprofit ,584 Castro Street Unit 716 ,Nice,CA,San Francisco County,https://theqfoundation.org/,,,,,,,https://x.com/intent/tweet?text=Our%20Story&url=https%3A%2F%2Ftheqfoundation.org%2F,,,
1228,Quadruple Threats,California Nonprofit ,3470 Beach Street ,San Francisco,CA,,http://quadruplethreats.org/,,,,,,,,,,
1229,Queer Cultural Center,California Nonprofit ,934 Brannan St. ,San Francisco,CA,San Francisco County,https://queerculturalcenter.org/,,,,https://www.linkedin.com/company/queer-cultural-center,https://www.instagram.com/qcc_sf/,https://www.facebook.com/QCCSF/,,,,
1230,Queer Women of Color Media Arts Project,California Nonprofit ,1014 Torney Avenue Suite 111 ,San Diego,CA,San Francisco County,http://www.qwocmap.org/,info@qwocmap.org,"training@qwocmap.org, distribution@qwocmap.org, festival@qwocmap.org, board@qwocmap.org, events@qwocmap.org, communications@qwocmap.org",https://qwocmap.org/engage/contact/ ,,https://www.instagram.com/qwocmap/,https://www.facebook.com/QWOCMAP/,,,,
1231,Rancho Bernardo Historical Society Inc,California Nonprofit ,PO Box 27314 ,,CA,San Diego County,http://rbhistory.org/,,rbhistory1@gmail.com,https://rbhistory.org/contact-us/ ,,,https://www.facebook.com/rbvinesandvittles/,,,,
1232,Randi Aho,California Nonprofit ,,Menlo Park,,,https://www.calstatela.edu/patbrowninstitute,,,,https://www.linkedin.com/school/california-state-university-los-angeles,https://www.instagram.com/pat_brown_institute/,https://www.facebook.com/CalStateLA,,,,
1233,Ravenswood Education Foundation,California Nonprofit ,PO Box 396 ,,CA,San Mateo County,http://www.ravenswoodef.org/,,,http://www.ravenswoodef.org/contact-us ,https://www.linkedin.com/company/ravenswood-education-foundation/,https://www.instagram.com/ravenswoodeduc1/,https://www.facebook.com/ravenswoodef,,,,
1234,Reach Foundation,California Nonprofit ,,Commerce,,,https://reach4pylusd.org/,,,https://reach4pylusd.org/contact-us ,,https://www.instagram.com/reach4pylusd/,https://www.facebook.com/REACHFoundation,,,,
1235,"Reading Is Fundamental of Southern California, Inc.",California Nonprofit ,7250 Bandini Blvd Ste 209 ,,CA,Los Angeles County,http://www.rifsocal.org/,,"raymon.gonis@rifsocal.org, oscar.cux@rifsocal.org, carol.henault@rifsocal.org",https://www.rifsocal.org/contact-us ,,https://www.instagram.com/rifsocal/,,,,,
1236,Ready to Succeed,California Nonprofit ,,Alameda,,,https://www.readytosucceedla.org/,,,,https://www.linkedin.com/company/ready-to-succeed-la/,https://www.instagram.com/readytosucceedla/,https://www.facebook.com/readytosucceedla/,,,,
1237,REAP Center,California Nonprofit ,909 Marina Villlage Pkwy 23234 ,Sacramento,CA,Alameda County,http://reapcenter.org/,,,,https://www.linkedin.com/company/reapclimatecenter/,https://www.instagram.com/reapclimatecenter/,https://www.facebook.com/REAPClimateCenter,,,,
1238,Rebuilding Together Sacramento,California Nonprofit ,8231 Alpine Ave Suite 3 ,San Francisco,CA,Sacramento County,http://rebuildingtogethersacramento.org/,,"bpatterson@rebuildingtogethersacramento.org, rts@rebuildingtogethersacramento.org",,https://www.linkedin.com/company/rebuilding-together-sacramento,,,,,,
1239,Rebuilding Together San Francisco,California Nonprofit ,PO Box 882823 ,Pasadena,CA,San Francisco County,http://www.rebuildingtogethersf.org/,,,,https://www.linkedin.com/company/rebuilding-together-san-francisco,https://www.instagram.com/rebuildingtogethersf/,https://www.facebook.com/rebuildingtogethersanfrancisco/,,,,
1240,Red Hen Press,California Nonprofit ,1540 Lincoln Ave ,Mendocino,CA,Los Angeles County,http://www.redhen.org/,,"marketing@redhen.org, media@redhen.org, kamyar.jarah@redhen.org, production@redhen.org, accounting@redhen.org, development@redhen.org, editorial@redhen.org, marketingassoc@redhen.org",https://redhen.org/contact/ ,,https://www.instagram.com/redhenpress/?hl=en,https://www.facebook.com/redhenpress,,,,
1241,"Redwood Forest Foundation, Inc.",California Nonprofit ,PO Box 12 ,Oakland,CA,,https://www.rffi.org/,,,,,,,,,,
1242,Reel Medicine Media,California Nonprofit ,490 Lake Park Ave 2310456 ,,CA,Alameda County,http://reelmedicinemedia.org/,,,http://reelmedicinemedia.org/contact ,https://www.linkedin.com/in/jessicazitter/,https://www.instagram.com/jessicazitter/,https://www.facebook.com/JessicaZitter/,,,,5555555555
1243,Regional Task Force on the Homeless,California Nonprofit ,,Berkeley,,,http://rtfhsd.org/,,"support@rtfhsd.org, tony@manolatospa.com",https://www.rtfhsd.org/contact/ ,https://www.linkedin.com/company/regional-task-force-on-homelessness,https://www.instagram.com/rtfhsd,https://www.facebook.com/RTFHSD,,,,
1244,Reproductive Technologies-Sperm Bank of CA,California Nonprofit ,2115 Milvia St Ste 201 ,San Francisco,CA,Alameda County,http://www.thespermbankofca.org/,,,,,,,,,,
1245,ReScape California,California Nonprofit ,1008 General Kennedy Ave Suite 210 ,San Diego,CA,San Francisco County,https://www.rescapeca.org/,,,,,https://www.instagram.com/rescape_ca,,,,,15592212330
1246,Resounding Joy,California Nonprofit ,11300 Sorrento Valley Rd Ste. 104 ,,CA,San Diego County,http://www.resoundingjoyinc.org/,info@resoundingjoyinc.org,,https://resoundingjoyinc.org/contact/ ,https://www.linkedin.com/company/resounding-joy-inc.,http://www.instagram.com/resounding_joy,https://www.facebook.com/ResoundingJoyInc,,,,
1247,Resource Center for Nonviolence,California Nonprofit ,,Fresno,,,https://rcnv.org/,contact@rcnv.org,,https://rcnv.org/about/contact/ ,,https://www.instagram.com/rcnv_sc/,https://www.facebook.com/rcnvsc,,,,
1248,Resources for Independence Central Valley,California Nonprofit ,3636 N. First Street Suite 101 ,Redding,CA,Fresno County,http://www.ricv.org/,info@ricv.org,,https://ricv.org/contact/ ,https://www.linkedin.com/company/r-i-c-v/,https://www.instagram.com/resources_for_independence_cv/,https://www.facebook.com/resourcesforindependence,,,,
1249,"Resources for Rural Community Development, Inc. - Access Home",California Nonprofit ,715 Parkview Ave 231 ,,CA,Shasta County,http://www.accesshome.org/,info@accesshome.org,,https://accesshome.org/contact/ ,,,https://www.facebook.com/RRCDdbaAccessHome,,,,
1250,Resources Legacy Fund,California Nonprofit ,,Compton,,,https://resourceslegacyfund.org/,,,,https://www.linkedin.com/company/resources-legacy-fund/,,,,,,
1251,Restoration Diversion Services,California Nonprofit ,208 N Long Beach Blvd ,,CA,Los Angeles County,http://restorationdiversionservices.com/,,"Restorationdiverson@yahoo.com, Restorationdiversion@yahoo.com",http://restorationdiversionservices.com/contact-us/ ,,https://www.instagram.com/rdsdropin_208/,https://www.facebook.com/restoration.diversion,,,,
1252,Restorative Justice Resource Center,California Nonprofit ,,Hanford,,,http://www.restorativejustice.info/,,,,,,,,,,5102341200
1253,Restore 180,California Nonprofit ,240 N. 12Th Ave Suite 109 Pmb 350 ,,CA,Kings County,https://www.restore180.org/,,,https://www.restore180.org/contact ,,,,,,,
1254,Rhythms and Goals Together,California Nonprofit ,,Richmond,,,http://rgunatomas.com/,,,,,,,,,,5102357387
1255,Richmond Community Foundation,California Nonprofit ,3260 Blume Drive 23110 ,San Francisco,CA,Contra Costa County,http://www.rcfconnects.org/,info@richmondcf.org,,https://rcfconnects.org/about-us/contact-us/ ,https://www.linkedin.com/company/richmond-community-foundation/,https://www.instagram.com/richmondcf/,https://www.facebook.com/RichmondCF,,,,
1256,"Richmond District Neighborhood Center, Inc.",California Nonprofit ,741 30Th Ave ,Richmond,CA,San Francisco County,https://richmondsf.org/,,,,,,,,,,
1257,Richmond Museum Association,California Nonprofit ,PO Box 1267 ,Hawthorne,CA,Contra Costa County,http://richmondmuseum.org/,,,https://richmondmuseum.org/contact/ ,,https://www.instagram.com/richmondcamuseum/,https://www.facebook.com/RichmondMuseumCA/,https://www.mapbox.com/,,,
1258,"Richstone Center, Inc",California Nonprofit ,13634 Cordary Ave ,Fallbrook,CA,Los Angeles County,http://www.richstonefamily.org/,,,https://www.richstonefamily.org/contact-us/ ,https://www.linkedin.com/company/richstone-family-center,https://www.instagram.com/richstonefamily/,https://www.facebook.com/richstonefamily/,,,,
1259,Right Hand Angels,California Nonprofit ,3677 Lake Park Road ,Manteca,CA,,http://www.righthandangels.org/,,,http://www.righthandangels.org/contact ,,https://www.instagram.com/right_hand_angels_/,,,,,
1260,Right to Protect,California Nonprofit ,1256 W Lathrop Rd 23210 ,San Carlos,CA,San Joaquin County,http://www.rtp501c3.org/,,,,https://www.linkedin.com/company/right-to-protect,https://www.instagram.com/rtp501c3,https://www.facebook.com/rtp501c3,,,,
1261,Rimon Club Inc. dba Club Z,California Nonprofit ,1055 Riverton Dr ,,CA,San Mateo County,https://clubz.org/,info@clubz.org,donate@clubz.org,https://clubz.org/contact-us/ ,https://www.linkedin.com/company/club-z,https://www.instagram.com/zionismforteens/,https://www.facebook.com/clubzteens/,,,,15106651501
1262,Rise Up Against Racism,California Nonprofit ,,Poway,,,http://ruar.org/,,,http://ruar.org/contact ,https://www.linkedin.com/company/rise-up-against-racism/,https://www.instagram.com/riseupagainstracism/,https://www.facebook.com/riseupnonprofit/,,,,
1263,Risen Church,California Nonprofit ,PO Box 402Poway,Oakland,CA,San Diego County,https://www.risensd.com/,info@risensd.com,,,,,https://www.facebook.com/risensd,,,,
1264,Rising Sun Center for Opportunity,California Nonprofit ,1116 36Th Street ,Petaluma,CA,Alameda County,http://www.risingsunopp.org/,info@risingsunopp.org,,https://risingsunopp.org/contact/ ,https://www.linkedin.com/company/rising-sun-opp/,https://www.instagram.com/risingsunopp/,https://www.facebook.com/risingsunopp,,,https://bsky.app/profile/risingsunopp.org,
1265,River Montessori Charter School,California Nonprofit ,3880 Cypress Dr ,Guerneville,CA,Sonoma County,http://www.rivermontessoricharter.org/,,,,,,,,,,
1266,River to Coast Children's Services,California Nonprofit ,PO Box 16 ,Santa Cruz,CA,,,,,,,,,,,,
1267,"RiverPsykhe, Inc",California Nonprofit ,849 Almar Ave ,Riverside,CA,Santa Cruz County,http://www.riverstyxfoundation.org/,info@riverstyxfoundation.org,,https://www.riverstyxfoundation.org/contact ,,,,,,,
1268,Riverside Medical Clinic (RMC) Charitable Foundation,California Nonprofit ,7177 Brockton Ave Ste 220 ,,CA,Riverside County,https://www.rmccharity.org/,,,,,,,,,,
1269,Riverside Unified School District Foundation,California Nonprofit ,,Encinitas,,,,,,,,,,,,,
1270,Rock n' Roll Camp for Girls San Diego,California Nonprofit ,PO Box 232342 ,Redding,CA,San Diego County,https://www.rockcampforgirlssd.org/,,rockcampforgirlsSD@gmail.com,,,https://www.instagram.com/rockcampforgirlssd/,https://www.facebook.com/rocknrollcampforgirlsSD?ref=bookmarks,,,,
1271,Rocky Point Charter School,California Nonprofit ,3500 Tamarack Dr ,Oakland,CA,Shasta County,http://www.rockypointcharter.com/,,,,,,,,,,
1272,Rose Foundation for Communities and the Environment,California Nonprofit ,201 4Th Street Suite 102 ,,CA,Alameda County,http://www.rosefdn.org/,,,http://www.rosefdn.org/contact/ ,https://www.linkedin.com/company/the-rose-foundation/posts/?feedView=all,https://www.instagram.com/rosefdn/?hl=en,https://www.facebook.com/RoseEnvironment/,,,,
1273,RotaCare Bay Area Inc.,California Nonprofit ,,Long Beach,,,https://www.rotacarebayarea.org/,,"WestCC@rotacarebayarea.org, licensecheck@mbc.ca.gov, concordclinic@rotacarebayarea.org, coastsideclinic@rotacarebayarea.org, richmondclinic@rotacarebayarea.org, pittsburg@rotacarebayarea.org, santacruzclinic@rotacarebayarea.org, dcclinic@rotacarebayarea.org, montereyclinic@rotacarebayarea.org, sjclinic@rotacarebayarea.org, srclinic@rotacarebayarea.org",,,https://www.instagram.com/rotacarebayareainc/,,,,,9164472854
1274,Rudolph J & Daphne A Munzer Foundation,California Nonprofit ,3450 E. Spring Street Suite 216 ,Mount Shasta,CA,Los Angeles County,http://www.munzerfdn.org/,,,https://munzerfdn.org/contact/ ,,,https://www.facebook.com/TheMunzerFoundation/,,,,
1275,Rural Advancement Partners,California Nonprofit ,726 Cedar St ,West Sacramento,CA,Siskiyou County,http://advancerural.org/,,,http://advancerural.org/contact ,https://www.linkedin.com/company/rural-advancement-partners,,,,,,714%202139919
1276,Rural Community Assistance Corporation,California Nonprofit ,3120 Freeboard Drive Suite 201 ,,CA,Yolo County,http://www.rcac.org/,,registration@rcac.org,https://www.rcac.org/about-rcac/contact-us/ ,http://www.linkedin.com/company/rcac,,https://www.facebook.com/pages/RCAC/116784531730718,,,,415.397.0285
1277,Russian Riverkeeper,California Nonprofit ,,,,,https://russianriverkeeper.org/,info@russianriverkeeper.org,"trash@russianriverkeeper.org, volunteer@russianriverkeeper.org, giving@russianriverkeeper.org, education@russianriverkeeper.org, advoacy@russianriverkeeper.org",https://russianriverkeeper.org/contact/ ,https://www.linkedin.com/company/russian-riverkeeper/,https://www.instagram.com/rriverkeeper/,https://www.facebook.com/RussianRiverkeeper/,,,https://bsky.app/profile/rriverkeeper.bsky.social,
1278,RYTMO,California Nonprofit ,,San Francisco,,,https://rytmo.org/,contact@rytmo.org,,https://rytmo.org/contact-us/ ,https://www.linkedin.com/company/rytmo-reaching-youth-through-music-opportunities/,https://www.instagram.com/rytmo_music/?hl=en,https://www.facebook.com/RYTMOMusicSchool,,,,9169001717
1279,S.H. Cowell Foundation,California Nonprofit ,425 California Street Suite 2025 ,Los Angeles,CA,San Francisco County,http://www.shcowell.org/,,,,,,,,,,831.459.0170
1280,"S.L.A.A. Los Angeles, Inc.",California Nonprofit ,PO Box 480379 ,Sacramento,CA,Los Angeles County,https://www.slaalosangeles.org/,,,,,,,,,,9169201006
1281,Sac-EJC,California Nonprofit ,1017 L Street Pmb23 291 Sac-Ejc.Org ,San Francisco,CA,Sacramento County,http://www.sac-ejc.org/,,Sacejc2021@gmail.com,https://sac-ejc.org/contact/ ,,https://www.instagram.com/sacejc/,https://www.facebook.com/sacejc,,,,9164554900
1282,SACNAS Society for Advancement of Chicanos/Hispanics & Native Americans in Science,California Nonprofit ,2261 Market Street Ste 22195 ,,CA,San Francisco County,http://www.sacnas.org/,info@sacnas.org,"members@sacnas.org, reg@sacnas.org, chapters@sacnas.org",https://www.sacnas.org/contact-us ,https://www.linkedin.com/company/sacnas/,https://www.instagram.com/sacnas/,https://www.facebook.com/SACNAS,,,,
1283,Sacramento Educational Cable Consortium,California Nonprofit ,,Sacramento,,,http://www.secctv.org/,,secc@secctv.org,http://www.secctv.org//about#contact ,https://www.linkedin.com/company/sacramento-educational-cable-consortium/,https://www.instagram.com/secceducationaltv/,https://www.facebook.com/pages/Sacramento-Educational-Cable-Consortium-SECC/155464387854393?ref=hl,,,,
1284,Sacramento Housing Alliance,California Nonprofit ,PO Box 1708 ,Red Bluff,CA,Sacramento County,http://www.sachousingalliance.org/,,"sha@sachousingalliance.org, events@sachousingalliance.org",https://sachousingalliance.org/contact/ ,,,https://www.facebook.com/sachousingalliance,https://x.com/SacHsngAlliance,,,
1285,Sacramento River Discovery Center,California Nonprofit ,1000 Sale Lane ,,CA,Tehama County,https://www.fs.usda.gov/recarea/mendocino/recarea/?recid=25236,,,https://www.fs.usda.gov/recarea/mendocino/recarea/?recid=25236/r05/mendocino/contact-us ,,https://www.instagram.com/u.s.forestservice,https://www.facebook.com/MendocinoNF/,https://www.x.com/MendocinoNF,,,
1286,Sacred Life Recovery Services,California Nonprofit ,,Temecula,,,,,,,,,,,,,3232103375
1287,SAFE Family Justice Centers,California Nonprofit ,28910 Pujol St ,Coronado,CA,Riverside County,http://www.safefjc.org/,,,,,,,,,,
1288,Safe Harbor Coronado,California Nonprofit ,1009 C Ave ,Ca 90006,CA,San Diego County,https://safeharborcoronado.org/,info@safeharborcoronado.org,,,,https://www.instagram.com/safeharborcoronado,https://www.facebook.com/safeharborcoronado,,,,
1289,Safe Parking LA,California Nonprofit ,PO Box 17157 Los Angeles ,,CA,,https://safeparkingla.org/,info@safeparkingla.org,"volunteers@safeparkingla.org, warmline@safeparkingla.org, carmelac@safeparkingla.org",,https://www.linkedin.com/company/safe-parking-la/,https://www.instagram.com/p/DV_dQSxjL0f/,https://www.facebook.com/SafeParkingLA/,https://x.com/safeparkingla,,,9093013002
1290,Safety Town of Santa Barbara County,California Nonprofit ,,Santa Barbara,,,https://www.sbsafetytown.org/,,"Anne@sbsafetytown.org, Registration@sbsafetytown.org",https://www.sbsafetytown.org//temporary-contact-us/ ,,,,,,,%20916%204531482
1291,SAGE Trail Alliance,California Nonprofit ,PO Box 4003 ,San Bernardino,CA,Santa Barbara County,http://www.sagetrail.org/,,,https://sagetrail.org/contact-us/ ,,https://www.instagram.com/sagetrailalliance/,,,,,
1292,Sahaba Initiative,California Nonprofit ,1887 Business Center Dr. Ste 3A ,Sacramento,CA,San Bernardino County,https://www.sahabainitiative.org/,"info@sahabainitiative.org, info@thecentercv.org",,https://www.sahabainitiative.org/contact-us/ ,https://www.linkedin.com/company/sahaba-initiative/,https://www.instagram.com/sahabainitiative/,https://www.facebook.com/sahabainitiative,,,,8317574333
1293,Saint John's Program for Real Change,California Nonprofit ,2443 Fair Oaks Blvd 23369 ,,CA,Sacramento County,https://saintjohnsprogram.org/,,,https://saintjohnsprogram.org/contact-us/ ,,https://www.instagram.com/saintjohnsprogram/,https://www.facebook.com/SaintJohnsPRC,,,,
1294,Salinas Police Activities League,California Nonprofit ,,Salinas,,,https://salinaspal.org/,,,,,https://www.instagram.com/salinas_pal/,https://www.facebook.com/salinaspal,,,,
1295,Salinas Valley Health Foundation,California Nonprofit ,PO Box 4760 ,Highland,CA,Monterey County,http://www.svmhfoundation.org/,,,http://www.svmhfoundation.org//salinas-valley-health-foundation/foundation-contact-us/ ,https://www.linkedin.com/company/salinas-valley-health-foundation/,https://www.instagram.com/SalinasValleyHealthFoundation/,https://www.facebook.com/salinasvalleyhealthfoundation,,,,6505905983
1296,San Bernardino Fatherhood,California Nonprofit ,PO Box 557 ,San Bruno,CA,San Bernardino County,http://www.sbfatherhood.com/,,,,,https://www.instagram.com/sbfatherhood/,https://www.facebook.com/sanbernardinofatherhood,https://x.com/sbfatherhood,,,
1297,San Bruno Community Foundation,California Nonprofit ,901 Sneath Lane Suite 209 ,San Carlos,CA,San Mateo County,http://www.sbcf.org/,info@sbcf.org,,https://www.sbcf.org/contact ,,https://www.instagram.com/sanbrunocommunityfoundation/,https://www.facebook.com/sanbrunocommunityfoundation/,,,,16195001055
1298,San Carlos Educational Foundation,California Nonprofit ,PO Box 1214 ,,CA,San Mateo County,http://www.scefkids.org/,info@scefkids.org,,,,https://www.instagram.com/scefkids/,https://www.facebook.com/SCEFkids/,,,,6192396693
1299,San Diego Food System Alliance,California Nonprofit ,,San Diego,,,https://sdfsa.org/,info@sdfsa.org,,,https://www.linkedin.com/company/san-diego-food-system-alliance/,https://www.instagram.com/sdfoodsys/p/DG6E2K-PZsu/?img_index=4,https://www.facebook.com/sdfoodsys,,,,
1300,San Diego Harbor Police Foundation,California Nonprofit ,3380 N Harbor Dr. ,San Diego,CA,San Diego County,https://www.sdharborpolicefoundation.org/,,,,https://www.linkedin.com/company/san-diego-harbor-police-foundation/,https://www.instagram.com/sdhp.foundation/,https://www.facebook.com/profile.php?id=100069152253219,,,,
1301,San Diego Housing Federation,California Nonprofit ,3939 Iowa Street Suite 1 ,San Diego,CA,San Diego County,http://www.housingsandiego.org/,sdhfadmin@housingsandiego.org,"sarah@housingsandiego.org, sdhfcomms@housingsandiego.org, events@housingsandiego.org, marissa@housingsandiego.org",http://www.housingsandiego.org/contact ,https://www.linkedin.com/company/sdhf,,,,,,18588666956
1302,San Diego Junior Golf Association Inc,California Nonprofit ,3914 Murphy Canyon Rd A170 ,San Diego,CA,San Diego County,http://www.sdjga.org/,,,,,,,,,,
1303,San Diego Master Chorale,California Nonprofit ,2111 Camino Del Rio S ,San Diego,CA,San Diego County,http://sdmasterchorale.org/,,,https://www.sdmasterchorale.org/contact/ ,,https://www.instagram.com/sandiegomasterchorale/,https://www.facebook.com/SanDiegoMasterChorale/,,,,
1304,San Dieguito River Valley Conservancy,California Nonprofit ,3030 Bunker Hill St Suite 309-1 ,San Francisco,CA,San Diego County,http://www.sdrvc.org/,,sdrvc@sdrvc.org,https://www.sdrvc.org/contact ,,https://www.instagram.com/sdrvc,https://www.facebook.com/sdrvc,,,,5107359700
1305,San Francisco - Ho Chi Minh City Sister City Committee,California Nonprofit ,490Post Street Suite 1607 ,Milpitas,CA,San Francisco County,https://www.sfhcmc.org/,,,,,,,,,,4158617464
1306,San Francisco Bay Bird Observatory,California Nonprofit ,524 Valley Way ,Oakland,CA,Santa Clara County,http://www.sfbbo.org/,,outreach@sfbbo.org,http://www.sfbbo.org/contact-us.html ,,https://www.instagram.com/sfbbo/,https://www.facebook.com/birdsSF/,,,,
1307,San Francisco Baykeeper,California Nonprofit ,1736 Franklin St Ste 800 ,San Francisco,CA,Alameda County,http://www.baykeeper.org/,info@baykeeper.org,,http://www.baykeeper.org/contact ,https://www.linkedin.com/company/sfbaykeeper/,https://www.instagram.com/sfbaykeeper/,https://www.facebook.com/sanfranciscobaykeeper/,,,https://bsky.app/profile/sfbaykeeper.bsky.social,
1308,San Francisco Boys Chorus,California Nonprofit ,333 Hayes St Ste 116 ,San Francisco,CA,San Francisco County,https://sfbc.org/,contact@sfbc.org,,https://sfbc.org/contact/ ,,https://www.instagram.com/sfbc_official/,https://www.facebook.com/sanfranciscoboyschorus,,,,
1309,San Francisco Center for the Book,California Nonprofit ,375 Rhode Island St ,San Francisco,CA,San Francisco County,http://www.sfcb.org/,,,,,https://www.instagram.com/sanfranciscocenterforthebook/,https://www.facebook.com/sfcenterforthebook/,,,,
1310,San Francisco Girls Chorus,California Nonprofit ,44 Page Street Ste 200 ,San Francisco,CA,San Francisco County,https://www.sfgirlschorus.org/,info@sfgirlschorus.org,"achandler@sfgirlschorus.org, awyllie@sfgirlschorus.org, kennethk@sfgirlschorus.org",https://www.sfgirlschorus.org/contact-1 ,,,https://www.facebook.com/sfgirlschorus,,,,
1311,San Francisco Housing Action Coalition,California Nonprofit ,555 Montgomery St Suite 720 ,San Francisco,CA,San Francisco County,https://www.sfhac.org/,,,,,,,,,,
1312,San Francisco Motorcycle Club,California Nonprofit ,2194 Folsom St ,San Francisco,CA,San Francisco County,http://sf-mc.org/,,,,,,,,,,
1313,San Francisco Performances,California Nonprofit ,500 Sutter St Ste 710 ,San Francisco,CA,San Francisco County,http://www.sfperformances.org/,info@sfperformances.org,,http://www.sfperformances.org//aboutus/contactinfo.html ,,https://www.instagram.com/sfperformances/,https://www.facebook.com/sfperformances?ref=ts,,,,2094758461
1314,San Francisco Study Center,California Nonprofit ,1663 Mission St Suite 310 ,San Francisco,CA,San Francisco County,http://www.studycenter.org/,,"geoff@studycenter.org, marjorie@studycenter.org",https://studycenter.org/contact-us/ ,,,,,,,
1315,San Francisco Women's Cancer Network,California Nonprofit ,2912 Diamond Street Box 375 ,Stockton,CA,San Francisco County,http://www.sfwcn.org/,,,,,,,,,,
1316,San Joaquin Pride Center,California Nonprofit ,937 N Yosemite St ,San Lorenzo,CA,San Joaquin County,http://sjpridecenter.com/,,,,,,,,,,
1317,San Lorenzo Village Homes Association,California Nonprofit ,377 Paseo Grande ,South San Francisco,CA,,http://www.slvha.com/,info@slvha.com,ccr@slvha.com,https://slvha.com/contact-us/ ,,,,,,,
1318,San Mateo Rail Corridor TMA,California Nonprofit ,400 OysterPoint Blvd. Suite 409 ,San Clemente,CA,San Mateo County,,,,,,,,,,,
1319,San Onofre Parks Foundation,California Nonprofit ,3030 Avenida Del Presidente ,San Pedro,CA,Orange County,,,,,,,,,,,
1320,San Pedro Meals on Wheels,California Nonprofit ,731 S Averill Avenue ,Pacifica,CA,,http://www.sanpedromealsonwheels.org/about-us-index,,,,,https://www.instagram.com/spmealsonwheels/,https://www.facebook.com/sanpedromealsonwheels/,,,,8056824726
1321,Sanchez Art Center,California Nonprofit ,1220-B Linda Mar Boulevard ,Los Angeles,CA,San Mateo County,http://www.sanchezartcenter.org/,info@sanchezartcenter.org,,,,,https://www.facebook.com/sanchezartcenter,,,,
1322,Sanctuary of Hope,California Nonprofit ,PO Box 431038 ,Santa Barbara,CA,Los Angeles County,http://www.thesoh.org/,,,https://thesoh.org/contact/ ,,,,,,,
1323,Santa Barbara Botanic Garden,California Nonprofit ,1212 Mission Canyon Drive ,Santa Barbara,CA,Santa Barbara County,http://www.sbbg.org/,,,https://sbbotanicgarden.org/contact/ ,https://www.linkedin.com/company/santa-barbara-botanic-garden/,,https://www.facebook.com/sbbotanicgarden/,,,,
1324,Santa Barbara Bucket Brigade,California Nonprofit ,PO Box 50640 ,,CA,Santa Barbara County,http://www.sbbucketbrigade.org/,contactus@sbbucketbrigade.org,,https://sbbucketbrigade.org/contact-us/ ,,https://www.instagram.com/santabarbarabucketbrigade,https://www.facebook.com/SantaBarbaraBucketBrigade,,,,
1325,Santa Barbara Channelkeeper,California Nonprofit ,,Santa Barbara,,,http://www.sbck.org/,info@sbck.org,,https://www.sbck.org/contact-us/ ,,https://www.instagram.com/sbchannelkeeper/,https://www.facebook.com/SBChannelkeeper/,,,,
1326,Santa Barbara City College Foundation,California Nonprofit ,721 Cliff Dr ,Santa Barbara,CA,Santa Barbara County,http://sbccfoundation.org/,info@sbccfoundation.org,,,https://www.linkedin.com/company/sbcc-foundation?trk=nmp_rec_act_company_photo,https://www.instagram.com/sbccfoundation/,https://www.facebook.com/SantaBarbaraCityCollegeFoundation/,,,,
1327,Santa Barbara Community Housing Corporation,California Nonprofit ,11 East Haley Street ,Santa Barbara,CA,Santa Barbara County,http://www.chcsb.com/,,frontdesk@chcsb.com,,,,,,,,8059631873
1328,Santa Barbara County Food Action Network,California Nonprofit ,133 East De La Guerra 23268 ,,CA,Santa Barbara County,https://www.sbcfoodaction.org/,,,,,,,,,,
1329,Santa Barbara County Immigrant Legal Defense Center,California Nonprofit ,,Santa Barbara,,,https://www.sbimmigrantdefense.org/,info@sbimmigrantdefense.org,,,,https://www.instagram.com/immigrantlegaldefensecenter/,https://www.facebook.com/SBILDC/,http://www.wix.com/?utm_campaign=vir_created_with,,,
1330,Santa Barbara Foundation,California Nonprofit ,1111 Chapala Street ,,CA,Santa Barbara County,https://www.sbfoundation.org/,"info@sbfoundation.org, info@SBFoundation.org",,https://sbfoundation.org/contact/ ,https://www.linkedin.com/company/santa-barbara-foundation/, https://www.instagram.com/santabarbarafoundation/,https://www.facebook.com/sbfoundation,,,,
1331,SANTA BARBARA MISSION ARCHIVE-LIBRARY,California Nonprofit ,,,,,https://www.sbmal.org/,,research@sbmal.org,,https://www.linkedin.com/company/sbmal,https://www.instagram.com/sbmissionarchive/,,,,,
1332,Santa Barbara Police Activities League,California Nonprofit ,,,,,https://www.sbpal.org/,info@sbpal.org,,,,https://www.instagram.com/sbpal/,https://www.facebook.com/SantaBarbaraPAL/,,,,18058989386
1333,Santa Barbara Public Library Foundation,California Nonprofit ,,Isla Vista,,,https://sblibraryfoundation.org/,info@SBLibraryFoundation.org,,,,https://www.instagram.com/sblibraryfoundation/,https://www.facebook.com/Santa-Barbara-Public-Library-Foundation-582589148530880/,,,,
1334,Santa Barbara Student Housing Cooperative,California Nonprofit ,777 Camino Pescadero ,Santa Barbara,CA,,http://www.sbcoop.org/,,,,,https://www.instagram.com/sbstudenthousingcoop/,https://www.facebook.com/sbcoop/,,,,
1335,Santa Barbara Symphony Orchestra Foundation,California Nonprofit ,1330 State Street Ste 102 ,,CA,Santa Barbara County,http://www.thesymphony.org/,info@thesymphony.org,,https://thesymphony.org/about/contact/ ,,https://www.instagram.com/sbsymphony/,https://www.facebook.com/SantaBarbaraSymphony/,,,,
1336,Santa Barbara Vintners Foundation,California Nonprofit ,,Cupertino,,,https://www.sbvintnersfoundation.org/,,emily@sbcountywines.com,https://www.sbvintnersfoundation.org/contact ,,https://www.instagram.com/santabarbaravintnersfoundation/,https://www.facebook.com/santabarbara.vintnersfoundation/,,,,
1337,Santa Clara Valley Bird Alliance,California Nonprofit ,22221 Mcclellan Rd ,,CA,Santa Clara County,http://scvbirdalliance.org/,director@scvBirdAlliance.org,"programs@scvBirdAlliance.org, office@scvBirdAlliance.org, scvasbirdathon@gmail.com, scvas@scvbirdalliance.org, advocate@scvBirdAlliance.org",,,https://www.instagram.com/scvbirdalliance/,https://www.facebook.com/scvbirdalliance,,,,8312915137
1338,Santa Clarita Symphony Orchestra,California Nonprofit ,,Santa Cruz,,,https://www.santaclaritasymphonyorchestra.org/,info@santaclaritasymphonyorchestra.org,,https://www.santaclaritasymphonyorchestra.org/contact ,,https://www.instagram.com/scsorchestra/,https://www.facebook.com/SCSOrchestra/,,,,8314206115
1339,Santa Cruz County Veterans Memorial Building,California Nonprofit ,846 Front St. ,Santa Cruz,CA,Santa Cruz County,http://vetshall.org/,director@vetshall.org,,https://www.veteranshall.org/contact-us/ ,,http://www.instagram.com/vetshall,,,,,
1340,Santa Cruz Mountains Trail Stewardship,California Nonprofit ,719 Swift St Suite 7 ,Santa Cruz,CA,Santa Cruz County,http://www.santacruztrails.org/,info@santacruztrails.org,,,,https://www.instagram.com/tomswellservice/,https://www.facebook.com/dialog/feed?app_id=1116957488814936&&link=https%3A%2F%2Fact.santacruztrails.org%2Ftake-action%2Fsign-up,,,,
1341,Santa Cruz Museum of Natural History,California Nonprofit ,1305 E Cliff Dr ,,CA,Santa Cruz County,http://www.santacruzmuseum.org/,info@santacruzmuseum.org,"retail@santacruzmuseum.org, volunteer@santacruzmuseum.org, camp@santacruzmuseum.org, education@santacruzmuseum.org, events@santacruzmuseum.org, collections@santacruzmuseum.org, development@santacruzmuseum.org",https://santacruzmuseum.org/about/contact-us/ ,,https://www.instagram.com/santacruzmuseum/,https://www.facebook.com/SantaCruzMuseumOfNaturalHistory,,,,
1342,Santa Cruz Symphony,California Nonprofit ,,Santa Monica,,,https://santacruzsymphony.org/,info@santacruzsymphony.org,"marketing@santacruzsymphony.org, personnelmanager@santacruzsymphony.org, office@santacruzsymphony.org, development@santacruzsymphony.org",,,,,,,,
1343,Santa Monica Conservancy,California Nonprofit ,PO Box 653 ,Santa Monica,CA,Los Angeles County,http://www.smconservancy.org/,info@smconservancy.org,,https://smconservancy.org/our-work/contact-us ,,https://www.instagram.com/smconservancy/,,,,,
1344,Santa Monica Group Theatre,California Nonprofit ,1211 4Th Street Suite 201 ,Solvang,CA,Los Angeles County,http://www.santamonicaplayhouse.com/,,theatre@santamonicaplayhouse.com,,,,,,,,
1345,Santa Ynez Valley People Helping People,California Nonprofit ,545 N Alisal Rd ,,CA,Santa Barbara County,http://www.syvphp.org/,,"jessicac@syvphp.org, php@syvphp.org, mayrat@syvphp.org, arcelia@syvphp.org, johnc@syvphp.org, kate@syvphp.org, adrianar@syvphp.org, selenes@syvphp.org, thriftology@syvphp.org, jenniferg@syvphp.org, rena@syvphp.org, valeriek@syvphp.org, luz@syvphp.org",https://www.syvphp.org/contact/ ,,https://www.instagram.com/syvpeoplehelpingpeople/,https://www.facebook.com/SYVpeoplehelpingpeople/,,,,
1346,Sapolu Destined Academy Foundation,California Nonprofit ,,,,,http://sdaorators.com/sda-foundation,info@sapoluacademy.org,,,,https://www.instagram.com/sapoludestinedacademy,https://www.facebook.com/sapoludestinedacademy,https://x.com/sda_orators,,,9259473535
1347,Sarate Design,California Nonprofit ,,Los Angeles,,,http://sarate.org/,,,,,,,,,,
1348,Save Elephant Hill,California Nonprofit ,4627 Harriman Ave ,Walnut Creek,CA,Los Angeles County,https://www.facebook.com/saveelephanthill90032/,,,,,,https://www.facebook.com/login/device-based/regular/login/?login_attempt=1&next=https%3A%2F%2Fwww.facebook.com%2Fsaveelephanthill90032%2F,,,,
1349,Save Mount Diablo,California Nonprofit ,201 North Civic Drive Ste 190 ,Oakland,CA,Contra Costa County,http://www.savemountdiablo.org/,smdinfo@savemountdiablo.org,,https://visitor.r20.constantcontact.com/manage/optin?v=001kGlTg99yfXU_CwEJN0HzOR8t25OrhjvLcnMP-1_htqGC6maDaXHNf3vyrWhc_p5-WLEJEGTiNjXZcOSh7YZPYg%3D%3D ,https://www.linkedin.com/company/save-mount-diablo,https://www.instagram.com/savemountdiablo/,https://www.facebook.com/SaveMountDiablo,,,https://web-cdn.bsky.app/profile/savemountdiablo.bsky.social,
1350,Save The Bay,California Nonprofit ,560 14Th Street Ste 400 ,San Francisco,CA,Alameda County,http://www.savesfbay.org/,,"mlucking@savesfbay.org, mcalzada@savesfbay.org, aanderson@savesfbay.org, allison@savesfbay.org, hlim@savesfbay.org, jolson@savesfbay.org, enordby@savesfbay.org, gonorati@savesfbay.org, lcheng@savesfbay.org, abriseno@savesfbay.org, msettelmayer@savesfbay.org, rlievers@savesfbay.org, mgutkin@savesfbay.org, epang@savesfbay.org, hkantmann@savesfbay.org, jquigley@savesfbay.org, jmckeen-scott@savesfbay.org, lwalsh@savesfbay.org, gtornatore@savesfbay.org, rerickson@savesfbay.org, awillis@savesfbay.org, astoddard@savesfbay.org, gdatuin@savesfbay.org, hcurrier@savesfbay.org, dperezgarcia@savesfbay.org, dlowe@savesfbay.org, hhoffman@savesfbay.org",https://savesfbay.org/contact-us/ ,https://www.linkedin.com/company/savesfbay,https://www.instagram.com/savesfbay/,https://www.facebook.com/saveSFbay/,,,,
1351,Scandinavian School,California Nonprofit ,20 Woodside Ave ,San Francisco,CA,San Francisco County,http://www.scandinavianschool.org/,,"ppersson@scandinavianschool.org, culturalcenter@scandinavianschool.org, periksson@scandinavianschool.org, mskoglund@scandinavianschool.org",http://www.scandinavianschool.org/contact ,https://www.linkedin.com/company/scandinavian-school-in-san-francisco,https://www.instagram.com/scandinavianschool,https://www.facebook.com/thescandinavianschool,,,,
1352,ScholarMatch,California Nonprofit ,849 Valencia Street ,,CA,San Francisco County,https://scholarmatch.org/,,,,https://www.linkedin.com/company/scholarmatch,https://www.instagram.com/scholarmatch_hq/,https://www.facebook.com/ScholarMatch,,,,
1353,ScholarTrail,California Nonprofit ,,Ventura,,,https://scholartrail.com/,,,https://scholartrail.com/contact-us ,https://www.linkedin.com/company/scholartrail-nonprofit,https://www.instagram.com/scholartrail/,https://www.facebook.com/people/ScholarTrail/61582882951606/,,,,
1354,"School on Wheels, Inc.",California Nonprofit ,PO Box 23371 ,Larkspur,CA,Ventura County,http://www.schoolonwheels.org/,,,,https://www.linkedin.com/company/schoolonwheelsinc/,,https://www.facebook.com/SchoolonWheelsinc,,,,4155315288
1355,Schurig Center for Brain Injury Recovery,California Nonprofit ,1132 Magnolia Ave ,,CA,Marin County,https://schurigcenter.org/,info@schurigcenter.org,,https://schurigcenter.org/contact/ ,https://www.linkedin.com/company/schurig-center-for-brain-injury-recovery,https://www.instagram.com/schurigcenter/,https://www.facebook.com/Schurig-Center-for-Brain-Injury-Recovery-102592033116235/,,,,13237897920
1356,Science Fiction & Fantasy Writers of America,California Nonprofit ,,Oakland,,,http://www.sfwa.org/,,,,,https://www.instagram.com/sfwa_inc/,https://www.facebook.com/SFWA.org,,,https://bsky.app/profile/sfwa.bsky.social,
1357,Scientific Adventures for Girls,California Nonprofit ,PO Box 11123 ,,CA,Alameda County,http://www.scientificadventures.org/,"info@scientificadventures.org, info@scientificadventures.org﻿﻿",,http://www.scientificadventures.org/contact ,https://www.linkedin.com/company/scientific-adventures-for-girls,https://www.instagram.com/scientificadventuresforgirls/,https://www.facebook.com/scientificadventuresforgirls,,,,
1358,SCOPE,California Nonprofit ,,,,,http://scopela.org/,info@scopela.org,,https://scopela.org/about-us/contact-us/ ,,,https://www.facebook.com/scopelosangeles,,,,
1359,Scott Legacy Financial Literacy Program,California Nonprofit ,,Etna,,,,,,,,,,,,,
1360,Scott River Watershed Council,California Nonprofit ,514 N Hwy 3 ,Beverly Hills,CA,Siskiyou County,https://www.scottriver.org/,,srwc@scottriver.org,https://scottriver.org/contact/ ,,https://www.instagram.com/scottriverwatershed/,https://www.facebook.com/ScottRiverWatershedCouncil,,,,
1361,Screamfest Horror Film Festival,California Nonprofit ,8840 Wilshire Blvd. ,,CA,Los Angeles County,http://screamfestla.com/,,,http://screamfestla.com/contact-us ,,https://www.instagram.com/screamfestla/,https://www.facebook.com/Screamfest/,https://x.com/screamfest,,,
1362,Sea Pink Foundation,California Nonprofit ,,Berkeley,,,,,,,,,,,,,
1363,Seacology,California Nonprofit ,1623 Solano Ave ,Sebastopol,CA,Alameda County,http://www.seacology.org/,,islands@seacology.org,https://www.seacology.org/contact-us/ ,,https://www.instagram.com/seacology_org/,https://www.facebook.com/Seacology/,,,,8316620991
1364,Sebastopol Area Senior Center,California Nonprofit ,167 N High Street ,,CA,Sonoma County,https://www.sebastopolseniorcenter.org/,info@sebastopolseniorcenter.org,,,,,,,,,2092392091
1365,Second Families,California Nonprofit ,,Watsonville,,,http://secondfamiliessd.org/,, secondfamilies@hotmail.com,,,,,,,,
1366,Second Harvest Food Bank Santa Cruz County,California Nonprofit ,800 Ohlone Parkway ,Manteca,CA,Santa Cruz County,https://www.thefoodbank.org/,,"Tina@thefoodbank.org, foodhotline@thefoodbank.org",https://www.thefoodbank.org/aboutus/contact-us/ ,https://www.linkedin.com/company/second-harvest-food-bank-santa-cruz-county/,https://www.instagram.com/secondharvestsantacruz/,https://www.facebook.com/SecondHarvestSantaCruz,,,,
1367,Second Harvest of the Greater Valley,California Nonprofit ,1220 Vanderbilt Circle ,Albany,CA,San Joaquin County,http://www.localfoodbank.org/,"infosjstan@feedingamerica.org, infosjstan@secondharvest.org",,https://visitor.r20.constantcontact.com/manage/optin?v=001nqtu8Sw3n_534q8g8AlBy40UtOaqRK3D6-cPei_ct9qhzk3NOW9fXEeR1Et82wQKS4J_gqwKezxi0cmAruni0wU5tFzQsYK4RWGJCUX4qSRFPpZWREpDf9pvg8lq84j22J15Bf5Dfj07XEkPxcbDU6FnF88sq24Th6fb_SsiMQOlTfTQyDgZ0O66BykZiI8x ,,https://www.instagram.com/p/B1rlg0aH_zD/,https://www.facebook.com/localfoodbank,,,,
1368,Seismological Society of America,California Nonprofit ,400 Evelyn Ave Ste 201 ,Ventura,CA,Alameda County,http://www.seismosoc.org/,,,,,,https://www.facebook.com/pages/Seismological-Society-of-America/125495123520,,,,
1369,SEL4CA - Social Emotional Learning Alliance for California,California Nonprofit ,PO Box 2177 ,Santa Cruz,CA,Ventura County,http://sel4ca.org/,,,,,,,,,,9166853160
1370,Senderos,California Nonprofit ,840 N. Branciforte Avenue ,Modesto,CA,Santa Cruz County,https://scsenderos.org/,,,,https://www.linkedin.com/company/scsenderos,,https://www.facebook.com/scsenderos/,,,,16507269056
1371,Senior Advocacy Network,California Nonprofit ,82113Th St Ste A ,Elk Grove,CA,Stanislaus County,https://senioradvocacynetwork.org/,,,,,,,,,,
1372,Senior Center of Elk Grove,California Nonprofit ,8230 Civic Center Drive Suite 140 ,Half Moon Bay,CA,Sacramento County,https://thesceg.com/,,,,,,https://www.facebook.com/355916284486845,,,,18316880400
1373,Senior Coastsiders,California Nonprofit ,925 Main Street ,Carlsbad,CA,San Mateo County,https://www.seniorcoastsiders.org/about,info@seniorcoastsiders.org,,,,,https://www.facebook.com/SeniorCoastsiders/,,,,5595654256|Adventures:5595654251
1374,Senior Housing Relief for Elders,California Nonprofit ,2333 State Street Suite 300 ,Watsonville,CA,San Diego County,https://seniorhousingrelief.org/,,jennifer.prado@shre.org,https://seniorhousingrelief.org/contact-2/ ,https://www.linkedin.com/company/senior-housing-relief-for-elders/?viewAsMember=true,https://www.instagram.com/seniorhousingrelief/,https://www.facebook.com/profile.php?id=61551865622901&mibextid=LQQJ4d,,,,
1375,Seniors Council of Santa Cruz and San Benito Counties,California Nonprofit ,175 Westridge Dr ,,CA,Santa Cruz County,http://www.seniorscouncil.org/,,,https://seniorscouncil.org/contact-elected-officials/ ,,https://www.instagram.com/seniorscouncil831/,https://www.facebook.com/theseniorscouncil/,,,,
1376,Sequoia Parks Conservancy,California Nonprofit ,,Visalia,,,https://sequoiaparksconservancy.org/,info@sequoiaparks.org,,https://sequoiaparksconservancy.org/contact-us ,https://www.linkedin.com/company/sequoia-parks-conservancy,,https://www.facebook.com/SequoiaParksConservancy/,,,,
1377,Sequoia Riverlands Trust,California Nonprofit ,427 S Garden St ,Vista,CA,Tulare County,http://www.sequoiariverlands.org/,,thomas.ja.wise@gmail.com,https://sequoiariverlands.org/about/contact/ ,https://www.linkedin.com/company/sequoia-riverlands-trust,https://www.instagram.com/sequoiariverlands,https://www.facebook.com/sequoiariverlands,,,,
1378,ServareGMP,California Nonprofit ,1396Poinsettia Ave ,San Leandro,CA,San Diego County,https://www.servaregmp.com/,info@servarebiologics.com,,,,,,,,,
1379,Service Opportunity for Seniors / SOS Meals on Wheels,California Nonprofit ,2235Polvorosa Ave Suite 260 ,San Jose,CA,Alameda County,http://www.sosmow.org/,,,,https://www.linkedin.com/company/sos-meals-on-wheels/,https://www.instagram.com/sos_mealsonwheels/,,,,,
1380,"Services, Immigrant Rights & Education Network (SIREN)",California Nonprofit ,1769 Park Avenue Suite 200 ,Los Angeles,CA,Santa Clara County,http://sirenimmigrantrights.org/,,,,,https://www.instagram.com/siren_immigrantrights/?hl=en,https://www.facebook.com/sirenimmigrantrights/,https://x.com/SIRENImmiRights,,https://bsky.app/profile/sillysiren.bsky.social,
1381,Serving Underserved,California Nonprofit ,PO Box 31805 ,,CA,Los Angeles County,http://www.servingunderserved.org/,admin@servingunderserved.org,macknetwork@servingunderserved.org,https://servingunderserved.org/contact-us/ ,,,,,,,
1382,Sexuality Education and Awareness,California Nonprofit ,,,,,http://sexualityeducationandawareness.org/,,Kimberly@sexualityeducationandawareness.org,https://sexualityeducationandawareness.org/contact-us/ ,,https://www.instagram.com/sexualityeducationandawareness?igsh=ZTZwcnIzOWoyeGt0&utm_source=qr,https://www.facebook.com/profile.php?id=61581257433728,,,,
1383,SF Students First,California Nonprofit ,,San Francisco,,,,,,,,,,,,,18052073358
1384,SFArtsED,California Nonprofit ,135 Van Ness Ave Norse Auditorium ,San Francisco,CA,San Francisco County,http://www.sfartsed.org/,info@SFArtsED.org,"susantramontana@gmail.com, pete.b@sfartsed.org, laura.b@SFArtsED.org, kathryn.a@SFArtsED.org, tiersa.n@SFArtsED.org, emily.k@SFArtsED.org, mia.w@sfartsed.org, chad.j@SFArtsED.org",https://www.sfartsed.org/contact/ ,,https://www.instagram.com/SFArtsED/,https://www.facebook.com/SFArtsED/,,,,
1385,SFFILM,California Nonprofit ,455 9Th St ,Oak View,CA,San Francisco County,http://www.sffilm.org/,info@sffilm.org," tl@tommylau.net, gga@sffilm.org, development@sffilm.org, jhebron@sffilm.org, ADA@sffilm.org, grants@sffilm.org, sffilmprogramming@sffilm.org, members@sffilm.org, partnerships@sffilm.org, education@sffilm.org",,,,https://www.facebook.com/sffilm,https://www.dropbox.com/scl/fo/8yvo22o5azs3b29fwn92l/AA52YDRVAlGBmqhHMfmzZl8?rlkey=pltszeq5kelhm1nto21oe4zjv&st=ho2b9v1r&dl=0,,,7074923198
1386,"Shangri-La Transitions, Inc",California Nonprofit ,483 Burnham Rd ,San Francisco,CA,,https://shangrilatransitions.com/,info@shangrilatransitions.com,,,,,https://www.facebook.com/profile.php?id=61555114470311,,,,
1387,Shanti Project,California Nonprofit ,3170 23Rd Street ,Napa,CA,San Francisco County,https://www.shanti.org/,info@shanti.org,"volunteerservices@shanti.org, development@shanti.org",https://www.shanti.org/about-us/contact-us/ ,,https://www.instagram.com/shantiprojectsf/,https://www.facebook.com/ShantiProjectSF/,,,,
1388,Share the Care Napa Valley,California Nonprofit ,162 S. Coombs Street ,Redding,CA,Napa County,https://www.sharethecarenv.org/,info@sharethecarenv.org,,https://sharethecarenv.org/contact/ ,,https://www.instagram.com/sharethecarenv/,https://www.facebook.com/sharethecarenv,,,,
1389,Shasta Land Trust,California Nonprofit ,PO Box 992026 ,,CA,Shasta County,http://www.shastalandtrust.org/, info@shastalandtrust.org,,,,,https://www.facebook.com/shastalandtrust/,,,,
1390,Shasta Trinity Ashram,California Nonprofit ,,,,,https://trinityashram.org/,,,,,,,,,,6692262663
1391,"Shelter From The Storm, Inc. (SFTS)",California Nonprofit ,,,,,http://www.shelterfromthestorm.com/,info@shelterfromthestorm.com,,https://shelterfromthestorm.com/who-we-are/contact/ ,,https://www.instagram.com/sftscoachellavalley/,https://www.facebook.com/shelterfromthestormnow/,,,,
1392,"SHIELDS for Families, Inc.",California Nonprofit ,,San Jose,,,https://www.shieldsforfamilies.org/,,,https://www.shieldsforfamilies.org/contact-us/ ,https://www.linkedin.com/company/shieldsforfamilies,https://www.instagram.com/shieldsforfamilies,https://www.facebook.com/shieldsforfamilies,,,,
1393,Shop with a Cop Foundation of Silicon Valley,California Nonprofit ,1168 Dean Ave ,,CA,Santa Clara County,http://www.shopwithacopsv.org/,info@shopwithacopsv.com,groppe@charitycamp.com,,,,https://www.facebook.com/shopwithacopsv,,,,
1394,Shumei America,California Nonprofit ,,San Jose,,,http://www.shumei.us/,,,,,,,,,,
1395,Sickle Cell 101,California Nonprofit ,760 Newhall Dr. Suite 1085 ,Truckee,CA,Santa Clara County,https://www.sc101.org/,hello@sc101.org,ask@sc101.org,https://www.sc101.org//about#contact ,,https://www.instagram.com/sicklecell101/,https://www.facebook.com/SickleCell101/,https://beamtx.com/,,,
1396,Sierra Business Council,California Nonprofit ,P. O. Box 2428 ,Quincy,CA,Nevada County,http://sierrabusiness.org/,,,,https://www.linkedin.com/company/657554/admin/,https://www.instagram.com/sierra_business_council/?hl=en,https://www.facebook.com/SierraBusinessCouncil/,,,,
1397,Sierra Cascade Family Opportunities,California Nonprofit ,424 N. Mill Creek Road ,Mariposa,CA,,http://www.headstart4u.org/,,bedholm@headstart4u.org,http://www.headstart4u.org/contact ,,,https://www.facebook.com/headstart4u.org,,,,
1398,Sierra Foothill Conservancy,California Nonprofit ,PO Box 691 ,Sacramento,CA,,http://sierrafoothill.org/,,,,,,https://www.facebook.com/Sierra-Foothill-Conservancy-107160822392/,,,,15304706037
1399,Sierra Health Foundation,California Nonprofit ,1321 Garden Highway ,South Lake Tahoe,CA,Sacramento County,http://www.sierrahealth.org/,info@sierrahealth.org,"impact@shfcenter.org, conference@sierrahealth.org",,https://www.linkedin.com/company/sierra-health-foundation/,,,,,,
1400,Sierra Nevada Alliance,California Nonprofit ,PO Box 7989 ,,CA,El Dorado County,https://sierranevadaalliance.org/,info@sierranevadaalliance.org,,https://sierranevadaalliance.org/contact-us/ ,,https://www.instagram.com/sierranevadaalliance/,https://www.facebook.com/SierraNevadaAlliance/,,,,1234567890
1401,Sierra Streams Institute,California Nonprofit ,,Mountain View,,,https://sierrastreamsinstitute.org/,,,https://sierrastreamsinstitute.org/contact-us/ ,,,,,,,
1402,Silicon Valley Community Foundation,California Nonprofit ,444 Castro St. Ste 140 ,San Jose,CA,Santa Clara County,http://www.svcf.org/,grantsadmin@siliconvalleycf.org,"humanresources@siliconvalleycf.org, media@siliconvalleycf.org, help@siliconvalleycf.org, scholarships@siliconvalleycf.org, applysvcfgrants@siliconvalleycf.org, donate@svcf.org",,https://www.linkedin.com/company/silicon-valley-community-foundation,https://www.instagram.com/siliconvalleycf/,https://www.facebook.com/siliconvalleycf/,,,,
1403,Silicon Valley Council of Nonprofits,California Nonprofit ,1400 Parkmoor Ave Ste 130 ,San Jose,CA,Santa Clara County,https://www.svcn.org/,admin@svcn.org,,,https://www.linkedin.com/company/silicon-valley-council-of-nonprofits,,https://www.facebook.com/SiliconValleyCouncilofNonprofits/,,,,
1404,Silicon Valley Urban Debate League,California Nonprofit ,1400 Parkmoor Ave. Ste. 240A ,Los Angeles,CA,Santa Clara County,http://svudl.org/,,,http://svudl.org/contact-us ,https://www.linkedin.com/company/silicon-valley-urban-debate-league,https://www.instagram.com/svudl.official/,https://www.facebook.com/SVUDL/,http://x.com/svudl,,,
1405,Silverlake Conservatory of Music,California Nonprofit ,4652 Hollywood Blvd. ,,CA,Los Angeles County,http://silverlakeconservatory.org/,,reception.SCM@outlook.com,https://silverlakeconservatory.org/contact-us/ ,,https://www.instagram.com/silverlake_conservatory/,https://www.facebook.com/silverlake.conservatory/,,,,
1406,Simi Valley Community Council,California Nonprofit ,,Weed,,,http://www.svcommunitycouncil.org/,,"simivalleycommunitycouncil@gmail.com, SDeVillers@vitalant.org",https://svcommunitycouncil.org/contact/ ,,,,,,,
1407,Siskiyou Child Care Council,California Nonprofit ,PO Box 500 ,Mt. Shasta,CA,Siskiyou County,http://www.siskiyouchildcare.org/,,ctapia@siskiyouchildcare.org,,,,,http://wix.com,,,13232910191
1408,Siskiyou Land Trust,California Nonprofit ,522 E. Alma St. ,,CA,,http://www.siskiyoulandtrust.org/,,,,,,,,,,
1409,Siskiyou Opportunity Center,California Nonprofit ,,,,,https://www.siskiyouoc.org/,,,,,,,,,,
1410,SISTAHFRIENDS,California Nonprofit ,,,,,https://sistahfriends.org/,"contact@sistahfriends.org, info@sistahfriends.org",,https://sistahfriends.org/contact/ ,,https://www.instagram.com/sistahfriends/,,,,,
1411,"Sister to Sister 2, Inc dba Serenity House",California Nonprofit ,,Capitola,,,https://www.serenityhouseoakland.org/,,"melissa@serenityhouseoakland.org, serenityhouseoakland@gmail.com, Erika@serenityhouseoakland.org",https://www.serenityhouseoakland.org/contactus ,https://www.linkedin.com/company/serenity-house-oakland/,https://www.instagram.com/serenityhouseoak/,https://www.facebook.com/SerenityHouseOakland,,,,
1412,Skills of Life Cafe,California Nonprofit ,2217 42Nd Ave ,Crescent City,CA,Santa Cruz County,https://www.facebook.com/Skillsoflifecafe,,,,,https://l.facebook.com/l.php?u=https%3A%2F%2Fwww.instagram.com%2Fsol_skillsoflife&h=AT6JngL_7cc0K15m9IHNa_iULZuAj23OWcaIGVI6bWB-1ac7deAtuKtTaoNQeUFHsgv-nHtPTKHNVdkY8YgDc5NLqmVbB1-2DKnq_y7Kw43l5T7O6QqHBc2nx29fbM5LqfOzamEjnO_z86bhCk3rmCBcIG3TPQ_Rki8ztTyyWQ,https://www.facebook.com/login/device-based/regular/login/?login_attempt=1&next=https%3A%2F%2Fwww.facebook.com%2FSkillsoflifecafe,,,,
1413,Smith River Alliance,California Nonprofit ,145 Cable Lane ,Oceanside,CA,Del Norte County,https://smithriveralliance.org/,info@smithriveralliance.org,grant@smithriveralliance.org,https://smithriveralliance.org/contact/ ,,https://www.instagram.com/smithriveralliance/,https://www.facebook.com/Smith-River-Alliance-210223045655445/,,,,
1414,Smokefree Air For Everyone,California Nonprofit ,5152 Frazee Rd ,Santa Monica,CA,San Diego County,http://smokefreeairforeveryone.com/,,,,,,,,,,
1415,Social & Emotional Wellness Initiative,California Nonprofit ,1853 Lincoln Blvd ,Los Angeles,CA,Los Angeles County,http://www.sewi.org/,info@sewi.org,,https://www.sewi.org/contact ,https://www.linkedin.com/company/social-emotional-wellness-initiative,,https://www.facebook.com/SEWInitiative,,,,
1416,Social Impact Fund,California Nonprofit ,750 W 7Th StreetPo Box 811026 ,Los Angeles,CA,Los Angeles County,https://www.socialimpactfund.org/,,,,,,,,,,
1417,Social Innovatus,California Nonprofit ,630-12F2 North Genesee Avenue ,,CA,Los Angeles County,,,,,,,,,,,
1418,Social Justice Fund for Ventura County,California Nonprofit ,,Los Angeles,,,https://socialjusticefundvc.org/,info@socialjusticefundvc.org,,https://socialjusticefundvc.org/contact/ ,,https://www.instagram.com/socialjusticefundvc/,https://www.facebook.com/SJFVC,,,,
1419,Social Justice Partners Los Angeles,California Nonprofit ,360 E 2Nd St Ste 800 ,San Jose,CA,Los Angeles County,http://www.sjpla.org/,info@sjpla.org,,,https://www.linkedin.com/company/sjplosangeles,https://www.instagram.com/sjplosangeles/,https://www.facebook.com/SJPLosAngeles,,,,
1420,Social Thinking - Stevens Creek,California Nonprofit ,3550 Stevens Creek Blvd Ste 200 ,,CA,Santa Clara County,http://www.socialthinking.com/,"info@socialthinkingboston.com, info@socialthinking.com, clinicinfo@socialthinkingsc.com, clinicinfo@socialthinking.com","conferences@socialthinking.com, ehelp@socialthinking.com, sales@socialthinking.com, sttsc@socialthinking.com",http://www.socialthinking.com/contact ,http://www.linkedin.com/company/socialthinking,https://www.instagram.com/socialthinking/,,https://x.com/share?url=https://www.socialthinking.com/&text=Social Thinking Connects Academic Learning to Social Learning,,,4159571849
1421,Society for the Preservation of Carter Railroad Resources,California Nonprofit ,,,,,https://spcrr.org/,info@spcrr.org,,https://spcrr.org/contact_us ,,https://www.instagram.com/spcrr_museum,https://www.facebook.com/spcrrmuseum,,,,
1422,Society for the Study of Marine Bioinvasions,California Nonprofit ,,San Francisco,,,http://marinebioinvasions.info/,icmb@marinebioinvasions.info,,http://marinebioinvasions.info/contact ,https://www.linkedin.com/in/international-conference-marine-bioinvasions,https://www.instagram.com/marinebioinvasions,,https://x.com/MarBioinvasions,,https://bsky.app/profile/marinebioinvasions.bsky.social,
1423,Society of California Pioneers,California Nonprofit ,300 4Th Street ,Pittsburg,CA,San Francisco County,http://www.californiapioneers.org/,"info@californiapioneers.org,  info@californiapioneers.org","mmdevine@californiapioneers.org, natasha@californiapioneers.org, hailee@californiapioneers.org",,,https://www.instagram.com/calpioneers/,https://www.facebook.com/SCPMuseum,,,,3019411255
1424,SocioEnvironmental and Education Network,California Nonprofit ,4429 Valle Vista ,Fairfield,CA,Contra Costa County,http://seen.team/,director@seen.team,,,,https://www.instagram.com/4.venir/,https://www.facebook.com/4Venir/,,,,
1425,Solano Community Foundation,California Nonprofit ,744 Empire Street Suite 240 ,Rancho Mirage,CA,Solano County,http://www.solanocf.org/,,,,,https://www.instagram.com/solanocf/,https://www.facebook.com/solanocommunityfoundation/,,,,213.955.9090
1426,Somos Amigos Medical Missions,California Nonprofit ,4741 E Palm Canyon Drive Ste C Pmb 1013 ,San Jose,CA,Riverside County,http://www.somosamigos.org/,info@somosamigos.org,,https://somosamigos.org/about-us/contact-us/ ,https://www.linkedin.com/company/somosamigosmedical/,https://www.instagram.com/somosamigosmedical/,https://www.facebook.com/somosamigosmedical,,,,
1427,Somos Mayfair,California Nonprofit ,1695 Alum Rock Ave Suite 10 ,Los Angeles,CA,Santa Clara County,http://www.somosmayfair.org/,,,http://www.somosmayfair.org/contact-us ,,,https://www.facebook.com/SomosMayfair/?ref=aymt_homepage_panel,,,,
1428,Peace Over Violence,California Nonprofit ,1541 Wilshire Blvd Ste 300 ,San Diego,CA,Los Angeles County,http://www.peaceoverviolence.org/,info@peaceoverviolence.org,,http://www.peaceoverviolence.org/contact ,,https://www.instagram.com/peaceovrviolnce/,https://www.facebook.com/PeaceOverViolence,,,,
1429,Sound Future,California Nonprofit ,PO Box 152562 ,,CA,San Diego County,http://soundfuture.org/,,,,,,,//www.wix.com/?utm_campaign=vir_error_page,,,
1430,South Central Prevention Coalition,California Nonprofit ,,Gilroy,,,https://southcentralpreventioncoalition.org/,,"media.scpc@gmail.com, email@email.com",https://southcentralpreventioncoalition.org/contact ,,https://www.instagram.com/southcentralprevention/,,,,,
1431,South County Community Services,California Nonprofit ,7950 Church Street Suite A ,,CA,Santa Clara County,https://www.thecompassioncenter.org/,,,,,https://www.instagram.com/sccommunityservices,https://www.facebook.com/profile.php?id=61578047669746,,,,2136808866
1432,South Pasadena Educational Foundation,California Nonprofit ,,Encinitas,,,http://www.spef4kids.org/,,,https://spef4kids.org/contact-spef/ ,,,,https://nexusplex.com,,,
1433,Southern CA Plumeria Society,California Nonprofit ,261 Fairlee Lane ,Los Angeles,CA,San Diego County,https://southerncaliforniaplumeriasociety.com/,,,https://southerncaliforniaplumeriasociety.com/contact-us/ ,,,https://www.facebook.com/plumerias,,,,
1434,Southern California Grantmakers,California Nonprofit ,1000 N Alameda St 23230 ,Los Angeles,CA,Los Angeles County,http://www.socalgrantmakers.org/, info@socalgrantmakers.org,,http://www.socalgrantmakers.org//about/contact-us ,https://www.linkedin.com/company/southern-california-grantmakers,https://www.instagram.com/socalgrantmaker/,,,,,
1435,Southern California Library,California Nonprofit ,6120 S Vermont Ave ,South El Monte,CA,Los Angeles County,http://www.socallib.org/,,,,,,,,,,8313732631
1436,Southern California Municipal Athletic Federation,California Nonprofit ,PO Box 3605 ,Riverside,CA,Los Angeles County,http://www.scmaf.org/,,,,,https://www.instagram.com/scmaf/,https://www.facebook.com/SCMAFHeadquarters,,,,831.372.2730
1437,Southwest Resource Management Association,California Nonprofit ,4500 Glenwood Drive ,Monterey,CA,Riverside County,http://www.srma-ca.org/,,,,,,,,,,
1438,SPCA of Monterey County,California Nonprofit ,PO Box 3058 ,Salinas,CA,Monterey County,http://www.spcamc.org/,info@spcamc.org,,https://www.spcamc.org/programs-resources/wildlife-rescue-rehabilitation/emergency-wildlife-contacts.html ,,http://www.instagram.com/spcamc,https://www.facebook.com/SPCAmc,,,,18187623855
1439,Special Kids Connect,California Nonprofit ,334 Main Street ,Los Angeles,CA,Monterey County,http://www.specialkidsconnect.org/,,,https://visitor.r20.constantcontact.com/manage/optin/ea?v=001nInsvTYVCuDSOa7VQXSHCLucc7ZVikMUmoquIo2xbOIICDvCNDX302AdXqKy8nRiVpH5c01lnnkTDIIX08LyWkYlvoYQJoTYB3QpVFcy6fM%3D ,,https://www.instagram.com/specialkidsconnect/,https://www.facebook.com/specialkidsconnect,,,,
1440,Special Service for Groups,California Nonprofit ,905 E 8Th St ,North Hollywood,CA,Los Angeles County,http://www.ssg.org/,,,https://www.ssg.org/contact-us/ ,,,,,,,
1441,Specialized Health Services Inc,California Nonprofit ,6350 Laurel Canyon Suite 307 ,,CA,,http://shsvistas.org/,,shs@shsvistas.org,https://shsvistas.org/contact-us/ ,https://www.linkedin.com/company/shsvistas/,https://www.instagram.com/shsvistas/,https://www.facebook.com/shsvistas,,,,
1442,"Spectrum Community Services, Inc.",California Nonprofit ,,Marina Dl Rey,,,https://www.spectrumcs.org/,,,https://www.spectrumcs.org/contact-us ,https://www.linkedin.com/company/spectrum-community-services-inc-,https://www.instagram.com/spectrum_cs/,https://www.facebook.com/pages/Spectrum-Community-Services-Inc/103355653106867,,,,5629037000
1443,Spirit Awakening Foundation,California Nonprofit ,PO Box 11643 ,Mission Viejo,CA,,http://www.spiritawakening.org/,info@spiritawakening.org,,http://www.spiritawakening.org/contact-us ,https://www.linkedin.com/company/spirit-awakening-foundation,https://www.instagram.com/thespiritawakening/,https://www.facebook.com/SpiritAwakeningFoundation/,,,,
1444,Spirit League,California Nonprofit ,27201 Puerta Real Suite 300 ,Whittier,CA,Orange County,http://spiritleague.org/,info@spiritleague.org,,,"https://www.linkedin.com/company/6592701?trk=tyah&trkInfo=clickedVertical:company,clickedEntityId:6592701,idx:1-1-1,tarId:1440528839587,tas:spirit%20league",https://www.instagram.com/p/DSIicxqk1us/,https://www.facebook.com/spiritleague,,,,
1445,SPIRITT Family Services,California Nonprofit ,8000 Painter Avenue ,San Luis Obispo,CA,Los Angeles County,http://www.spiritt.org/,info@spiritt.org,,https://www.spiritt.org/contact/ ,https://www.linkedin.com/company/spiritt-family-services,https://www.instagram.com/spirittfamilyservices/,,,,,
1446,Spokes,California Nonprofit ,PO Box 5122 ,Encino,CA,San Luis Obispo County,http://www.spokesfornonprofits.org/,info@spokesfornonprofits.org,,https://www.spokesfornonprofits.org/contact-us/ ,,,,,,,
1447,Spondylitis Association of America,California Nonprofit ,16430 Ventura Blvd Ste 300 ,Carpinteria,CA,,https://www.spondylitis.org/,"info@spondylitis.org, info@spondylitis.org ",jason.blackwell@spondylitis.org,https://spondylitis.org/contact-us/ ,,https://www.instagram.com/spondylitis/,https://www.facebook.com/spondylitis,,,,
1448,St. Francis Foundation of Santa Barbara,California Nonprofit ,PO Box 1171 ,Gilroy,CA,Santa Barbara County,http://www.stfrancisfoundationsb.org/,,tina@stfrancisfoundationsb.org,http://www.stfrancisfoundationsb.org/contact-us ,,,https://www.facebook.com/St-Francis-Foundation-of-Santa-Barbara-180653305316621/,,,,
1449,St. Joseph's Family Center,California Nonprofit ,7950 Church St Ste A ,San Jose,CA,Santa Clara County,http://www.sccommunityservices.org/,,,http://www.sccommunityservices.org/contact-us ,,https://www.instagram.com/sccommunityservices,https://www.facebook.com/profile.php?id=61578047669746,,,,8059636832
1450,Stakeholders + Neighborhoods Initiative,California Nonprofit ,PO Box 611435 ,Concord,CA,Santa Clara County,http://www.thesni.org/,,,,,,,,,,
1451,STAND! For Families Free of Violence,California Nonprofit ,1410 Danzig Plz Suite 100 ,Santa Barbara,CA,Contra Costa County,http://www.standffov.org/,info@standffov.org,"resume@standffov.org, donate@standffov.org, events@standffov.org, volunteer@standffov.org, rhondaj@standffov.org, crisisline@standffov.org",https://www.standffov.org/contact/ ,,https://www.instagram.com/standffov/,https://www.facebook.com/STANDFFOV/,,,,
1452,Standing Together to End Sexual Assault,California Nonprofit ,433 E. Canon Perdido St. ,Modesto,CA,Santa Barbara County,http://www.stesa@sbstesa.org/,,stesa@sbstesa.org,,,https://www.instagram.com/sbstesa/,https://www.facebook.com/SBSTESA/,,,,
1453,Stanislaus County Police Activities League,California Nonprofit ,1325 Beverly Drive ,Modesto,CA,Stanislaus County,https://www.stancopal.org/,info@stancopal.org,,https://www.stancopal.org/contact ,,https://www.instagram.com/stanislauspal,https://www.facebook.com/stanislauscountypal,,,,
1454,Stanislaus Family Justice Center,California Nonprofit ,1418 J Street ,,CA,Stanislaus County,https://www.stanislausfamilyjustice.org/,,,,,,,,,,
1455,Starlight Universal Church,California Nonprofit ,,Penn Valley,,,,,,,,,,,,,
1456,State Humane Association of California,California Nonprofit ,PO Box 249 ,North Hollywood,CA,,http://www.calanimals.org/,info@calanimals.org,,https://www.calanimals.org/contact ,https://www.linkedin.com/company/calanimals-california-animal-welfare-association/,,https://www.facebook.com/CalAnimals.org,,,,5105279021
1457,Statewide California Electronic Library Consortium,California Nonprofit ,5161 Lankershim Blvd. Suite 250 ,Los Angeles,CA,,http://scelc.org/,,support@scelc.org,http://scelc.org/contact-us ,https://www.linkedin.com/company/scelc-consortia,,,,,,
1458,STEM to the Future,California Nonprofit ,1510 W. 36Th St. 231 ,Berkeley,CA,Los Angeles County,https://www.stemtothefuture.org/,,,https://www.stemtothefuture.org/contact-us ,https://www.linkedin.com/company/stem-to-the-future/,https://www.instagram.com/innersparklab/#,https://www.facebook.com/innersparklab,,,,17078699177
1459,Step One Nursery School,California Nonprofit ,499 Spruce St ,Santa Cruz,CA,Alameda County,http://www.steponeschool.org/,info@steponeschool.org,angie@steponeschool.org,,,,https://www.facebook.com/steponeschool1981,,,,
1460,Stepping Up Santa Cruz,California Nonprofit ,PO Box 7841 ,Duncans Mills,CA,Santa Cruz County,http://recoverycafesc.org/,,,,https://www.linkedin.com/company/recovery-cafe-santa-cruz,https://www.instagram.com/recoverycafesantacruz,https://www.facebook.com/RecoveryCafeSantaCruz,,,,
1461,Stewards of the Coast & Redwoods,California Nonprofit ,PO Box 2 ,Berkeley,CA,,https://stewardscr.org/,,"devon@stewardscr.org, carlos@stewardscr.org, bette@stewardscr.org, alyse@stewardscr.org, amelia.schall@parks.ca.gov, dave@stewardscr.org, leslie@stewardscr.org, stewards@stewardscr.org, lisa@stewardscr.org, annie@stewardscr.org, ashley@stewardscr.org, andy@stewardscr.org, bill.maslach@parks.ca.gov, nik@stewardscr.org",https://stewardscr.org/contact-us/ ,,https://www.instagram.com/stewardsofcr/,https://www.facebook.com/stewardsofcr,,,,
1462,Stiles Hall,California Nonprofit ,2400 Bancroft Way ,,CA,Alameda County,http://www.stileshall.org/,,jonathan@stileshall.org,,,https://www.instagram.com/stiles_hall/?hl=en,https://www.facebook.com/Stiles-Hall-1428971690673675,,,,8188860453
1463,Storyteller,California Nonprofit ,,Apple Valley,,,http://wearestoryteller.org/,hello@storytellercenter.org,,http://wearestoryteller.org/contact ,https://www.linkedin.com/company/storyteller-childrens-center-inc/mycompany,https://www.instagram.com/wearestoryteller,https://www.facebook.com/StorytellerCenter/,,,,
1464,"STREAMS IN THE DESERT FOUNDATION, INC. dba High Desert Community Foundation",California Nonprofit ,PO Box 2028 ,Van Nuys,CA,San Bernardino County,http://www.hdcfoundation.org/,,,,,,,,,,
1465,StrengthUnited,California Nonprofit ,14651 Oxnard St. ,Costa Mesa,CA,,https://www.csun.edu/eisner-education/strength-united,,internship@strengthunited.org,,https://www.linkedin.com/school/california-state-university-northridge/,https://www.instagram.com/csun_edu/,https://www.facebook.com/calstatenorthridge,https://mycsun.account.box.com/login,,,
1466,Success Stories Program,California Nonprofit ,1175 E. Baker St E19 ,Ramona,CA,Orange County,https://www.successstoriesprogram.org/,info@mysite.com,"Chris@successstoriesprogram.org, Graham@successstoriesprogram.org, Chantal@successstoriesprogram.org",,,https://www.instagram.com/prisonfeminism/,https://www.facebook.com/SuccessStoriesPrgm,,,,
1467,Surprise Farm Retreat Center,California Nonprofit ,18892 Old Julian Trail ,Benicia,CA,,https://www.surpriseretreatcenter.net/,,surprisefarmretreatcenter@gmail.com,,,https://www.instagram.com/surprisefarmretreatcenter/,https://www.facebook.com/surprisefarmretreatcenter/,,,,15305871776
1468,Sustainable Solano Inc,California Nonprofit ,PO Box 1215 ,Los Gatos,CA,Solano County,https://sustainablesolano.org/,info@sustainablesolano.org,,https://sustainablesolano.org/contact/ ,,,https://www.facebook.com/sustainablesolano/,,,,
1469,Synopsys Silicon Valley Science & Technology Outreach Foundation,California Nonprofit ,PO Box 1341 ,Truckee,CA,Santa Clara County,https://outreach-foundation.org/,,,https://outreach-foundation.org/about-us/contact-us/ ,https://www.linkedin.com/company/synopsys-silicon-valley-science-&-technology-outreach-foundation,https://www.instagram.com/synopsysoutreachfoundation/,https://www.facebook.com/SynopsysOutreachFoundation/,,,,
1470,Tahoe Truckee Community Foundation,California Nonprofit ,PO Box 366 ,South Lake Tahoe,CA,Nevada County,http://www.ttcf.net/,info@ttcf.net,,,https://www.linkedin.com/company/tahoe-truckee-community-foundation/,https://www.instagram.com/ttcfgives,,,,,
1471,Tahoe Youth and Family Services,California Nonprofit ,1021 Fremont Ave ,San Rafael,CA,El Dorado County,https://www.tahoeyouth.org/,,,https://www.tahoeyouth.org/contact/ ,,https://www.instagram.com/tahoeyouthandfamilyservices/,https://www.facebook.com/tahoeyouthandfamilyservices,,,,
1472,Tamalpa Institute,California Nonprofit ,734 A St ,,CA,Marin County,https://www.tamalpa.org/,,"TI-workshops@tamalpa.org, office@tamalpa.org",https://tamalpa.org/about-us/contact/ ,,,https://www.facebook.com/TamalpaInstitute/,,,,
1473,Tarjimly,California Nonprofit ,,San Mateo,,,http://tarjimly.org/,,team@tarjim.ly,,https://www.linkedin.com/company/tarjimly/,,,,,,
1474,Taulama for Tongans,California Nonprofit ,1650 South Amphlett Boulevard Suite 105 ,Los Angeles,CA,San Mateo County,https://www.taulama.org/,,"taulamafortongans@gmail.com, TaulamaforTongans@gmail.com",https://www.taulama.org/contact ,,,,,,,323%202334118
1475,Tee Divas and Tee Dudes Golf Club Foundation DBA: TDTD Foundation,California Nonprofit ,1696 W. Bruin St ,Aptos,CA,Los Angeles County,,,,,,,,,,,
1476,Temple Beth El JCC,California Nonprofit ,3055Porter Gulch Road ,Los Angeles,CA,,http://www.tbeaptos.org/,,,,,,,,,,
1477,Tenemos Que Reclamar Y Unidos Salvar LA Tierra South LA,California Nonprofit ,4331 S Main St ,Beverly Hills,CA,Los Angeles County,http://www.trustsouthla.org/,info@trustsouthla.org,,https://trustsouthla.org/contact/ ,https://www.linkedin.com/company/t.r.u.s.t-south-la/?viewAsMember=true,https://www.instagram.com/trust_south_la/,https://www.facebook.com/trustsouthla,,,,9512755344
1478,The Ahmanson Foundation,California Nonprofit ,9215 Wilshire Boulevard ,Sutter Creek,CA,Los Angeles County,http://www.theahmansonfoundation.org/,info@theahmansonfoundation.org,,,,,,,,,
1479,The Arc of Amador and Calaveras,California Nonprofit ,75 Academy Dr ,Riverside,CA,Amador County,http://www.arcofamador.com/,,,,,,,,,,
1480,The Arc of Riverside County,California Nonprofit ,2190 Market St. Ste A ,,CA,Riverside County,https://arcriverside.org/,,,https://arcriverside.org/who-we-are/contact.html ,,,,,,,
1481,The Art Center of Redwood City DBA Art Bias,California Nonprofit ,,San Pedro,,,https://www.artbias.org/,,,https://www.artbias.org/contact ,,https://www.instagram.com/p/DWsBQwIAWpi/,https://www.facebook.com/theartctr/,,,,
1482,The Beacon House Association of San Pedro,California Nonprofit ,PO Box 328 ,,CA,,http://www.thebeaconhouse.org/,contact@thebeaconhouse.org,,https://www.thebeaconhouse.org/about/contact/ ,https://www.linkedin.com/company/the-beacon-house-association-of-san-pedro/,https://www.instagram.com/beaconhouseasp/,https://www.facebook.com/beaconhouseasp/,,,,
1483,The Belonging Lab,California Nonprofit ,,Berkeley,,,https://www.thebelonginglabsd.org/,,,https://www.thebelonginglabsd.org/contact-us ,,https://www.instagram.com/p/DVeV4ftEkIs/,,,,,
1484,The Berkeley Food Network,California Nonprofit ,1569 Solano Avenue Box 243 ,Laguna Woods,CA,Alameda County,http://www.berkeleyfoodnetwork.org/,,,https://www.berkeleyfoodnetwork.org/who-we-are/contact/ ,https://www.linkedin.com/company/berkeley-food-network/,https://www.instagram.com/berkeleyfoodnetwork/,https://www.facebook.com/berkeleyfoodnetwork/,,,,
1485,The Birren Center for Autobiographical Studies,California Nonprofit ,3371 2A ,Berkeley,CA,Orange County,http://thebirrencenter.org/,,,http://thebirrencenter.org/contact-us ,https://www.linkedin.com/company/birren-center/,,https://www.facebook.com/GabGuidedAutobiography/,,,,14157718055
1486,The Body Positive,California Nonprofit ,PO Box 7801 ,Berkeley,CA,Alameda County,http://thebodypositive.org/,info@thebodypositive.org,,https://thebodypositive.org/contact/ ,,https://www.instagram.com/thebodypositive/,https://www.facebook.com/thebodypositive,,,,
1487,The Bread Project,California Nonprofit ,1615 University Ave ,San Francisco,CA,Alameda County,https://breadproject.org/,,program@breadproject.org,https://breadproject.org/contact/ ,https://www.linkedin.com/company/bread-project/,https://www.instagram.com/the_breadproject,https://www.facebook.com/thebreadproject/,,,,0000000000
1488,The C.G. Jung Institute of San Francisco,California Nonprofit ,2610 Mission Street ,Sacramento,CA,San Francisco County,http://www.sfjung.org/,,jungmail@sfjung.org,http://www.sfjung.org//about/contact-us/ ,,,,,,,14154542568
1489,The California Center for Civic Participation,California Nonprofit ,3810 Broadway Avenue ,Mountain View,CA,Sacramento County,http://www.californiacenter.org/,info@californiacenter.org,,https://www.californiacenter.org/contact ,,https://www.instagram.com/calcenter_official/,https://www.facebook.com/CalCenter/,https://x.com/calcenter,,,19493629279
1490,The Campaign for Legal Services,California Nonprofit ,PO Box 391471 ,Ross,CA,Santa Clara County,http://www.thecampaignsv.org/,,thecampaignsv@gmail.com,https://thecampaignsv.com/contact-us/ ,,,,,,,3233783225
1491,The Cedars of Marin,California Nonprofit ,PO Box 947 ,,CA,Marin County,http://www.cedarslife.org/,info@cedarslife.org,"yasmin@cedarslife.org, rob@cedarslife.org, nicolef@cedarslife.org, natasha@cedarslife.org, lauren@cedarslife.org, katiel@cedarslife.org, cheryl@cedarslife.org, chuck@cedarslife.org",https://www.cedarslife.org/contact ,,https://www.instagram.com/cedars__life/,https://www.facebook.com/cedarslife,,,,
1492,The Center for Music and Wellness Inc.,California Nonprofit ,,Los Angeles,,,http://www.musicandwellness.org/,info@musicandwellness.org,,,,https://www.instagram.com/centerformusicandwellness/,https://www.facebook.com/people/Center-for-Music-and-Wellness/61565175036961/,,,,12138066300
1493,The Center in Hollywood,California Nonprofit ,6636 Selma Ave ,Del Mar,CA,Los Angeles County,https://thecenterinhollywood.org/,,"Hello@thecenterinhollywood.org, Volunteer@thecenterinhollywood.org, Hello@Thecenterinhollywood.org, Development@thecenterinhollywood.org",https://thecenterinhollywood.org/contact-us ,https://www.linkedin.com/company/thecenterinhollywood,https://www.instagram.com/centerinhollywood/,,,,,17472132770
1494,The Children's Project,California Nonprofit ,469 Zuni Drive ,Los Angeles,CA,San Diego County,http://www.emotionallyhealthychildren.org/,info@emotionallyhealthychildren.org,,https://emotionallyhealthychildren.org/contact-2/ ,,,https://www.facebook.com/EmotionallyHealthyChildren%20,,,,
1495,The Chrysalis Center,California Nonprofit ,522 S Main Street ,,CA,Los Angeles County,https://www.changelives.org/,,"John.Sonego@ChangeLives.org, Hire@ChangeLives.org, Mallory.Loring@ChangeLives.org, CS@changelives.org",https://www.changelives.org/contact-us/ ,https://www.linkedin.com/company/chrysalis-socal/,https://www.instagram.com/ChrysalisSoCal,https://www.facebook.com/ChrysalisSoCal,,,,9097404461
1496,The Climate Corps Initiative,California Nonprofit ,,Berkeley,,,http://www.thecci.org/,info@thecci.org,,https://thecci.org/contact-us/ ,,https://www.instagram.com/t_c_c_i/,https://www.facebook.com/profile.php?id=61577179631874,,,,
1497,"The Colorwave Project, Inc.",California Nonprofit ,2400 C Bancroft Way ,Rancho Cucamonga,CA,Alameda County,http://www.thecolorwave.org/,,,,https://www.linkedin.com/company/thecolorwave,,,,,,18006957975
1498,The Defeating Epilepsy Foundation,California Nonprofit ,8887 Hamilton Street ,,CA,San Bernardino County,http://www.defeatingepilepsy.org/,,,,https://www.linkedin.com/company/the-defeating-epilepsy-foundation/,https://www.instagram.com/defeatepilepsy/?hl=en,,,,,
1499,The Delores A. Threatt Foundation,California Nonprofit ,,,,,http://deloresthreattfoundation.org/,,,,,,,,,,
1500,The Dibble Institute,California Nonprofit ,,Los Angeles,,,https://dibbleinstitute.org/,,,,https://www.linkedin.com/company/dibble-institute/,https://www.instagram.com/meandmyemotions_official/,https://www.facebook.com/TheDibbleInstitute,,,,
1501,The Durfee Foundation,California Nonprofit ,700 South Flower Street Suite 560 ,Santa Maria,CA,Los Angeles County,http://twitter.com/durfeeLA,,,,,,,,,,18312776477
1502,The Easter Island Foundation,California Nonprofit ,1516 Corsica Dr ,,CA,Santa Barbara County,http://www.easterislandfoundation.org/,info@mysite.com,iorana@easterislandfoundation.org,https://www.easterislandfoundation.org/contact ,,,https://www.facebook.com/EasterIslandMoai,,,,
1503,The Eli Home Inc.,California Nonprofit ,,Marina,,,http://elihome.org/,,ELIHOME@ELIHOME.ORG,,https://www.linkedin.com/in/the-eli-home-inc-967157278/,https://www.instagram.com/theelihome/,https://www.facebook.com/elihome,,,,6267933334
1504,The Friends of the Marina Library,California Nonprofit ,PO Box 493 ,,CA,Monterey County,https://friendsofthemarinalibrary.org/,,"friendsofthemarinalibrary@gmail.com, friendscommunitybookstore@gmail.com",https://friendsofthemarinalibrary.org/contact/ ,,https://www.instagram.com/friendsofthemarinalibrary/,https://www.facebook.com/friendsofthemarinalibrary/,,,,
1505,The Friends of the Nevada County Libraries,California Nonprofit ,,Pasadena,,,http://ncfol.org/,,friends@ncfol.org,,,,https://www.facebook.com/profile.php?id=61559047132811,,,,
1506,The Gamble House Conservancy,California Nonprofit ,4 Westmoreland Place ,,CA,Los Angeles County,http://www.gamblehouse.org/,info@gamblehouse.org,"jenniferm@gamblehouse.org, kelly@gamblehouse.org, joseph@gamblehouse.org, bookstore@gamblehouse.org, heather@gamblehouse.org, sara@gamblehouse.org, trotoux@gamblehouse.org, alex@gamblehouse.org, asalinas@gamblehouse.org, sheryl@gamblehouse.org",https://gamblehouse.org/contact/ ,,https://www.instagram.com/gamblehouse/,https://www.facebook.com/thegamblehouse,,,,
1507,The Ghost Road Company,California Nonprofit ,,Ventura,,,http://ghostroad.org/,,,https://ghostroad.org/contact/ ,,,https://www.facebook.com/GhostRoadCompany,,,,
1508,The Greenberg Foundation,California Nonprofit ,PO Box 1208 ,Redondo Beach,CA,Ventura County,,,,,,,,,,,
1509,The Guild of Carillonneurs in North America,California Nonprofit ,1607 Blossom Ln. 232 ,Lake Elsinore,CA,Los Angeles County,https://www.gcna.org/,info@gcna.org,"vp@gcna.org, rec.sec@gcna.org, treasurer@gcna.org, copyright@gcna.org, president@gcna.org, corr.sec@gcna.org, board-list@gcna.org",https://www.gcna.org/contact ,,https://www.instagram.com/the_gcna,https://www.facebook.com/thegcna,https://x.com/wildapricot,,,
1510,The Happier Life Project,California Nonprofit ,506 W Graham Ave Ste 105 ,Jacumba,CA,Riverside County,http://happierlifeproject.org/,,,,,,,,,,
1511,The Highland Senior Citizens Group Jacumba CA,California Nonprofit ,PO Box 175 ,Palo Alto,CA,,https://jacumbacc.org/,,,,,https://www.instagram.com/jacumbacc,https://www.facebook.com/profile.php?id=61556129741935,,,,4156848576
1512,The Institute for Poetic Medicine,California Nonprofit ,PO Box 60189 ,Los Angeles,CA,Santa Clara County,http://www.poeticmedicine.org/,info@poeticmedicine.org,,https://www.poeticmedicine.org/contact ,,https://www.instagram.com/instituteforpoeticmedicine/,https://www.facebook.com/InstituteForPoeticMedicine,,,,
1513,"The Ivy Heritage Foundation, Inc.",California Nonprofit ,PO Box 452658 ,Berkeley,CA,Los Angeles County,http://www.theivyheritagefoundation.org/,info@mysite.com,TIHF@theivyheritagefoundation.org,https://www.theivyheritagefoundation.org/copy-of-contact ,,,,,,,
1514,The John Paul Stevens Foundation,California Nonprofit ,127 University Avenue ,,CA,Alameda County,https://jpstevensfoundation.org/,info@jpstevensfoundation.org,,,https://www.linkedin.com/company/john-paul-stevens-fellowship-foundation/,,,,,,
1515,"The Junior League of San Francisco, Inc.",California Nonprofit ,,Venice,,,,,,,,,,,,,
1516,The Learning Garden,California Nonprofit ,2454 Louella Ave ,Santa Rosa,CA,,http://www.thelearninggarden.org/,,,,,,,,,,
1517,The LIME Foundation,California Nonprofit ,1400 Petaluma Hill Road ,,CA,Sonoma County,http://www.thelimefoundation.org/,,Letitia@thelimefoundation.org,https://thelimefoundation.org/contact-us/ ,,,,,,,
1518,The Living New Deal Project,California Nonprofit ,,Santa Rosa,,,http://www.livingnewdeal.org/,info@livingnewdeal.org,webmaster@livingnewdeal.org,https://livingnewdeal.org/contact/ ,,https://www.instagram.com/livingnewdealproject/,https://www.facebook.com/livingnewdeal,,,https://bsky.app/intent/compose?text=Welcome+to+the+Living+New+Deal https%3A%2F%2Flivingnewdeal.org%2F,
1519,The Living Room Center,California Nonprofit ,1207 Cleveland Avenue ,,CA,Sonoma County,http://www.thelivingroomsc.org/,,,,,,,,,,6263581708
1520,The Lodge: A Museum of Fraternal Orders and Secret Societies,California Nonprofit ,,Los Angeles,,,http://www.thelodgemuseum.org/,,,,,,,,,,
1521,The Lorraine Jackson Foundation,California Nonprofit ,1901 Avenue Of The Stars Suite 200 ,Monrovia,CA,Los Angeles County,http://www.pearlsofhope.com/,,,https://pearlsofhope.com/contact-poh/ ,,,,,,,
1522,THE MJO HOPE FOUNDATION,California Nonprofit ,710 S Myrtle Ave. 23284 ,Big Bear Lake,CA,Los Angeles County,http://www.mjohopefoundation.org/,,,,,,https://www.facebook.com/1429348297372593,https://www.x.com/mjohope8,,,
1523,The Mom & Dad Project,California Nonprofit ,41820 Garstin Drive ,La Mesa,CA,San Bernardino County,http://momanddadproject.com/,,,http://momanddadproject.com/contact ,,https://www.instagram.com/momdadproject/,https://www.facebook.com/TheMomAndDadProject/,,,,3108017043
1524,The Nancy Neffson and Wetmore Family Foundation,California Nonprofit ,4940 Rosehedge Drive ,Concord,CA,San Diego County,,,,,,,,,,,
1525,The Network of Care,California Nonprofit ,PO Box 5163 ,,CA,Contra Costa County,http://www.thenetworkofcare.org/,,,https://thenetworkofcare.org/contact/ ,,,https://www.facebook.com/thenetworkofcare,,,,15628886530
1526,The New Black Freedom Movement INC.,California Nonprofit ,,,,,http://tnbfm.com/,,,,,https://www.instagram.com/Thenewblackfreedommovement,,,,,
1527,The Nonprofit Institute,California Nonprofit ,,Long Beach,,,http://www.sandiego.edu/soles/centers-and-institutes/nonprofit-institute,,nonprofit@sandiego.edu,,https://www.linkedin.com/company/usdnonprofit/,https://www.instagram.com/usdnonprofit,https://www.facebook.com/USDNPInstitute,,,,
1528,The Nonprofit Partnership,California Nonprofit ,4900 E Conant St Building 0-2 Ste 225 ,Occidental,CA,Los Angeles County,http://www.tnpsocal.org/,info@tnpsocal.org,,https://tnpsocal.org/contact/ ,https://www.linkedin.com/company/long-beach-nonprofit-partnership,https://www.instagram.com/thenonprofitpartnership/,https://www.facebook.com/TheNonprofitPartnershipLB,https://thenonprofitpartnership.secure.nonprofitsoapbox.com/events-by-term-cal,,,
1529,The Occidental Arts and Ecology Center,California Nonprofit ,15290 Coleman Valley Rd ,Davis,CA,,http://oaec.org/,,,https://oaec.org/who-we-are/contact-directions/ ,,https://www.instagram.com/the_oaec/,https://www.facebook.com/theOAEC,,,,18447278672
1530,The Pamela Trokanski Dance Theatre,California Nonprofit ,2720 Del Rio Place ,Venice,CA,Yolo County,http://www.trokanski.org/,,office@trokanski.com,,,https://www.instagram.com/PTDanceTheatre,https://www.facebook.com/PamelaTrokanskiDanceTheatre,,,,
1531,The Paradise Project,California Nonprofit ,2201 Ocean Front Walk ,Alameda,CA,,http://www.theparadiseproject.org/,info@theparadiseproject.org,,https://theparadiseproject.org/contact/ ,,,https://www.facebook.com/pantheism.community/,,,,6263594330
1532,The Pastoral Center,California Nonprofit ,1212 Versailles Ave ,Long Beach,CA,Alameda County,http://pastoral.center/,,support@pastoral.center,https://pastoral.center/contact-us/ ,,,,,,,
1533,"The Pearl Foundation, Inc.",California Nonprofit ,PO Box 7073 ,Monrovia,CA,Los Angeles County,http://www.thepearlfoundation.net/,,,,,,,,,,
1534,The Place Within- Southern California,California Nonprofit ,211 S. Primrose Ave ,Berkeley,CA,Los Angeles County,http://www.theplacewithin.org/,,NatashaMorisawa@theplacewithin.org,,,,,,,,
1535,The Potters' Studio,California Nonprofit ,1221 8Th Street ,San Diego,CA,Alameda County,http://www.berkeleypottersstudio.org/,,,http://www.berkeleypottersstudio.org/contact-mentor ,,,https://www.facebook.com/ThePottersStudio,,,,
1536,The Program Labs,California Nonprofit ,3164 Juniper St ,,CA,San Diego County,https://www.theprogramlabs.org/,,,,,,,,,,1234567890
1537,The Provider's Coach Project,California Nonprofit ,,,,,http://providerscoachproject.org/,info@providerscoachproject.org,,http://providerscoachproject.org/contact ,https://www.linkedin.com/company/providerscoachproject/,,,,,,
1538,The Riekes Center,California Nonprofit ,,,,,http://www.riekes.org/,,,,,,,,,,
1539,The RIS Foundation,California Nonprofit ,,San Diego,,,https://risfoundation.org/,,Frontdesk@risfoundation.org,https://risfoundation.org/#contact/ ,,,,,,,
1540,The San Diego River Park Foundation,California Nonprofit ,4891 Pacific Hwy Ste 114 ,,CA,San Diego County,http://www.sandiegoriver.org/,info@sandiegoriver.org,volunteer@sandiegoriver.org,https://sandiegoriver.org/contact/ ,https://www.linkedin.com/company/san-diego-river-park-foundation,https://www.instagram.com/sandiegoriver,https://www.facebook.com/SanDiegoRiver,https://x.com/SanDiegoRiver,,,
1541,The SanJeliK Foundation,California Nonprofit ,,,,,http://sanjelik.org/,info@sanjelik.org,,,,https://www.instagram.com/sanjelikfoundation,,,,,
1542,"The Servants Ministries ""Legal Aid Firm""",California Nonprofit ,,Visalia,,,http://www.tsmla.org/,,,,,,,,,,9513104944
1543,The Source LGBT+ Center,California Nonprofit ,109 Nw 2Nd Ave ,,CA,Tulare County,http://thesourcelgbt.org/,,,,,,,,,,
1544,The Starfish Connection,California Nonprofit ,,Corona,,,http://www.thestarfishconnection.org/,hello@thestarfishconnection.org,,,,https://www.instagram.com/thestarfishconnection/,https://www.facebook.com/profile.php?id=61554375276752,,,,
1545,The Stephan Center,California Nonprofit ,PO Box 77813 ,,CA,Riverside County,http://thestephancenter.org/,,"thestephancenter@gmail.com, thestephancenter@juno.com",https://www.thestephancenter.org/contact-us/ ,,,https://www.facebook.com/lifelosses,,,,
1546,The Supported Life Institute,California Nonprofit ,,Santa Barbara,,,http://supportedlife.org/,,,,,,https://www.facebook.com/groups/collegestudentsandprofessionalswithdisabilities/about/,,,,
1547,The Towbes Foundation,California Nonprofit ,33 East Carillo St. Suite 201 ,Pacifica,CA,Santa Barbara County,https://towbesfoundation.org/,,"acole@towbesfoundation.org, ksullivan@towbesfoundation.org",,,,,,,,
1548,The Trust Project,California Nonprofit ,446 Old County Rd Suite 100225 ,Los Angeles,CA,San Mateo County,https://thetrustproject.org/,,,https://thetrustproject.org/contact/ ,https://www.linkedin.com/company/thetrustproject/,https://www.instagram.com/_trustproject/,https://www.facebook.com/TheTrustProject.org/,,,https://bsky.app/profile/thetrustproject.bsky.social,16194396795
1549,The Wall Las Memorias Project,California Nonprofit ,800 W. 6Th St. Suite 750 ,,CA,Los Angeles County,http://thewalllasmemorias.org/,,,,,https://www.instagram.com/the_wall_las_memorias/?hl=en,https://www.facebook.com/thewalllasmemorias/,https://greelogix.com,,,
1550,The Wehrmann Foundation dba Teagan's Heart,California Nonprofit ,,,,,http://www.thewehrmannfoundation.org/,,,,https://www.linkedin.com/company/the-wehrmann-foundation/?viewAsMember=true,https://www.instagram.com/janettewehrmann/,https://www.facebook.com/teagansheart,,,,14154311180
1551,The Well Community for Women,California Nonprofit ,,,,,http://www.thewellsd.org/,info@thewellsd.org,,http://www.thewellsd.org/contact ,,https://www.instagram.com/p/DWmXMpFmaz5/,,,,,
1552,The Westlund Center,California Nonprofit ,,,,,http://www.thewestlundcenter.org/,admin@thewestlundcenter.org,"darlene.woo@csun.edu, wgetz@whidbey.com",http://www.thewestlundcenter.org/contact-us ,,,,,,,15308775760
1553,The Women's Building,California Nonprofit ,,,,,https://womensbuilding.org/,,,,https://www.linkedin.com/company/thewomensbuilding,https://www.instagram.com/reel/DPNTUvbkeAK/?utm_source=ig_web_copy_link,https://www.facebook.com/WomensBuilding,,,,415%204301140
1554,The Women's List,California Nonprofit ,,Paradise,,,http://thewomenslist.org/,,,http://thewomenslist.org/contact ,,,,,,,
1555,Theater on the Ridge,California Nonprofit ,PO Box 13 ,San Francisco,CA,Butte County,https://www.totr.org/,,theatreridge@gmail.com,,,https://www.instagram.com/theatreontheridge/,https://www.facebook.com/TheatreOnTheRidge/,https://theatreontheridge.csstix.com/,,,
1556,Theatre Bay Area,California Nonprofit ,499 Alabama St. Suite 450 ,Los Angeles,CA,San Francisco County,https://www.theatrebayarea.org/,,tba@theatrebayarea.org,https://members.theatrebayarea.org/contact-us ,,https://www.instagram.com/theatrebayareasf/,https://www.facebook.com/theatrebayarea,,,,
1557,theatre dybbuk,California Nonprofit ,PO Box 292576 ,,CA,Los Angeles County,http://theatredybbuk.org/,,,https://www.theatredybbuk.org/contact ,https://www.linkedin.com/company/theatre-dybbuk,https://www.instagram.com/theatredybbuk/,,,,,
1558,Theatre Producers of Southern California,California Nonprofit ,,,,,http://tpsca.org/,info@tpsca.org,,https://tpsca.org/contact-us/ ,,,,,,,
1559,Therapy Dogs of America,California Nonprofit ,,Sylmar,,,https://therapydogsamerica.org/,,,https://therapydogsamerica.org/contact-us/ ,,,,,,,
1560,Tia Chucha's Centro Cultural,California Nonprofit ,12677 Glenoaks Blvd. ,,CA,,http://www.tiachucha.org/,info@tiachucha.org,,,,,,,,,9098862994
1561,Tichenor Clinic for Children,California Nonprofit ,,Imperial Beach,,,http://tichenorclinic.org/,,,https://tichenorclinic.org/contact/ ,,https://www.instagram.com/tichenorclinic/?hl=en,https://www.facebook.com/TichenorClinic,,,,4153481240
1562,Tijuana Estuary Foundation,California Nonprofit ,PO Box 575 ,San Bernardino,CA,San Diego County,https://southwestwetlands.org/,,,https://tijuanaestuary.org/contact/ ,,https://www.instagram.com/tijuanaestuary/,,,,,
1563,Time for Change Foundation,California Nonprofit ,PO Box 25040 ,,CA,San Bernardino County,http://www.timeforchangefoundation.org/,info@timeforchangefoundation.org,,https://www.timeforchangefoundation.org/about/contact/ ,https://www.linkedin.com/company/time-for-change-foundation/,https://www.instagram.com/timeforchangefoundation/,https://www.facebook.com/timeforchangefoundation,,,,
1564,Tipping Point Community,California Nonprofit ,,Thousand Oaks,,,http://tippingpoint.org/,info@tippingpoint.org,,https://tippingpoint.org/contact-visitor-information/ ,https://www.linkedin.com/company/tipping-point-community,,,,,,
1565,TOArts,California Nonprofit ,2100  Blvd ,Apple Valley,CA,Ventura County,http://www.toarts.org/,artsinfo@toarts.org,,,,https://www.instagram.com/thousandoaksarts/,https://www.facebook.com/ThousandOaksArts/,,,,
1566,Today's Woman Foundation,California Nonprofit ,19111 Town Center Drive ,Perris,CA,San Bernardino County,http://todayswomanfoundation.org/,,,https://todayswomanfoundation.org/contact-us-2/ ,,https://www.instagram.com/todayswomanfoundation/,https://www.facebook.com/TodaysWomanFoundation,,,,
1567,TODEC Legal Center Perris,California Nonprofit ,PO Box 1733 ,Berkeley,CA,Riverside County,http://www.todec.org/,,,,,,,,,,
1568,TOGETHER Bay Area,California Nonprofit ,1442A Walnut Street 23421 ,San Francisco,CA,Alameda County,https://togetherbayarea.org/,,,,https://www.linkedin.com/company/togetherbayarea,https://www.instagram.com/togetherbayarea/?hl=en,,,,,
1569,Tompkins Conservation,California Nonprofit ,PO Box 29209 ,Pasadena,CA,San Francisco County,https://tompkinsconservation.org/,info@tompkinsconservation.org,,,https://www.linkedin.com/company/tompkins-conservation/,https://www.instagram.com/tompkins_conservation/,https://www.facebook.com/tompkinsconservation/,,,,3109726970
1570,Tools for Peace,California Nonprofit ,55 S Grand Ave ,San Francisco,CA,Los Angeles County,http://www.toolsforpeace.org/,info@toolsforpeace.org,,,https://www.linkedin.com/company/tools-for-peace/,https://www.instagram.com/toolsforpeace/,https://www.facebook.com/toolsforpeace/,,,,
1571,Toolworks,California Nonprofit ,22 Battery Ste 300 ,Torrance,CA,San Francisco County,http://www.toolworks.org/,info@toolworks.org,,,http://www.linkedin.com/company/toolworks,,https://www.facebook.com/sfToolworks,,,,
1572,Torrance Education Foundation,California Nonprofit ,20695 S Western Ave Ste 136 ,,CA,Los Angeles County,http://www.tef4kids.org/,admin@TEF4Kids.org,,https://www.tef4kids.org/contact/ ,https://www.linkedin.com/company/torrance-education-foundation/,https://www.instagram.com/torranceeducationfoundation/,https://www.facebook.com/TorranceEdFoundation,,,,
1573,Townspeople,California Nonprofit ,,Los Angeles,,,https://townspeople.org/,,emergencyhousing@townspeople.org,https://townspeople.org/contact-us/ ,https://www.linkedin.com/company/townspeople-sd,,https://www.facebook.com/Townspeople-San-Diego-103131848856134,,,,5107403150
1574,Transcanwork,California Nonprofit ,1001 N. Martel Ave ,San Diego,CA,Los Angeles County,http://www.transcanwork.org/,,,http://www.transcanwork.org/contact ,https://www.linkedin.com/company/18065248/,https://www.instagram.com/trans_can_work,https://www.facebook.com/TransCanWork/,,,,
1575,TransFamily Support Services,California Nonprofit ,12463 Rancho Bernardo Rd. 23 218 ,Oakland,CA,San Diego County,http://www.transfamilysos.org/,info@transfamilysos.org,,,https://www.linkedin.com/company/trans-family-support-services/,https://www.instagram.com/transfamilysos/,https://www.facebook.com/TransFamilySOS/,,,,8059669668
1576,Transform,California Nonprofit ,560 14Th Street Ste 400 ,,CA,Alameda County,http://www.transformca.org/,info@transformca.org,,,https://www.linkedin.com/company/transformca,https://www.instagram.com/transform_ca/,https://www.facebook.com/TransFormCA,,,https://bsky.app/profile/transformca.bsky.social,8007830607
1577,"Transforming Lives Together, Inc.",California Nonprofit ,,Santa Barbara,,,http://www.transforminglivestogether.net/,,,,,,,,,,
1578,Transition House,California Nonprofit ,425 E Cota St ,Sn Luis Obisp,CA,Santa Barbara County,http://www.transitionhouse.com/,,,https://transitionhouse.com/contact-transition-house/ ,,https://www.instagram.com/transitionhousesb/,https://www.facebook.com/transitionhousesb/,,,,
1579,Transitions-Mental Health Association,California Nonprofit ,PO Box 15408 ,San Diego,CA,,http://www.t-mha.org/,info@t-mha.org,,http://www.t-mha.org/contact.php ,https://www.linkedin.com/company/1017591?trk=tyah&trkInfo=clickedVertical%3Acompany%2CclickedEntityId%3A1017591%2Cidx%3A2-1-2%2CtarId%3A1481928861267%2Ctas%3Atransitions%20mental,https://www.instagram.com/tmha_slo/,https://www.facebook.com/TransitionsMentalHealthAssociation?ref=ts,,,,
1580,Traveler's Aid Society of San Diego,California Nonprofit ,2615 Camino Del Rio S Ste 103 ,Sebastopol,CA,San Diego County,http://travelersaidsandiego.org/,,Admin@travelersaidsandiego.org,https://travelersaidsandiego.org/contact/ ,https://www.linkedin.com/company/travelers-aid-society-of-san-diego-inc/,https://www.instagram.com/travelersaidsandiego/,https://www.facebook.com/TravelersAidSocietyofSanDiego/,,,,
1581,Tree House Hollow Preschool,California Nonprofit ,700 Watertrough Rd. ,San Diego,CA,Sonoma County,http://www.treehousehollow.org/,info@TreeHouseHollow.org,,,,,,,,,
1582,Tree of Hope Foundation,California Nonprofit ,8950 Villa La Jolla Drive C117 ,Santa Barbara,CA,San Diego County,http://www.treeofhope.healthcare/,,,,,https://www.instagram.com,https://www.facebook.com,,,,
1583,Tribal Trust Foundation,California Nonprofit ,No Physical AddressPobox 5687 ,,CA,Santa Barbara County,http://tribaltrustfoundation.org/,,,https://tribaltrustfoundation.org/contact/ ,,https://www.instagram.com/p/DWMNXd4FNPU/,https://www.facebook.com/tribaltrustfoundation,,,,
1584,Trinity Center,California Nonprofit ,,Livermore,,,https://www.trinitycenterwc.org/,,,,https://www.linkedin.com/company/trinitycenterwalnutcreek,https://www.instagram.com/trinitycenterwc/,https://www.facebook.com/p/Creek-Kids-Care-100064632041669/,,,,
1585,Tri-Valley Communities Against a Radioactive Environment,California Nonprofit ,4049 First St. Suite 243 ,Livermore,CA,Alameda County,https://trivalleycares.org/,info@defusenuclearwar.org,"scott@trivalleycares.orgeType=ActivityDefinitionInstance&eId=cb274bb9-9d4b-4725-8df4-48308e7373e7, ben@scelp.org, scott@trivalleycares.org, jay@nukewatch.org, tomclements329@cs.com, GullGeeCo@aol.com, tanvi@trivalleycares.org, ianzabarte@gmail.com, webmaster@sec.senate.gov",https://www.senate.gov/general/contacting.htm ,,https://www.instagram.com/reel/DTdgPtEiHyT/?igsh=NTc4MTIwNjQ2YQ==,https://www.facebook.com/groups/trivalleycares,,,,
1586,Tri-Valley Conservancy,California Nonprofit ,1457 First Street ,Livermore,CA,Alameda County,http://www.trivalleyconservancy.org/,,,,https://www.linkedin.com/company/tri-valley-conservancy/,https://www.instagram.com/trivalleyconservancy/,https://www.facebook.com/trivalleyconservancy.org/,,,,
1587,Tri-Valley Nonprofit Alliance,California Nonprofit ,164 North L Street ,,CA,Alameda County,https://tvnpa.org/,info@tvnpa.org,,,https://www.linkedin.com/company/tri-valley-nonprofit-alliance/,https://www.instagram.com/trivalleynonprofitalliance,https://www.facebook.com/TriValleyNonprofitAlliance,,,,
1588,Tuleyome,California Nonprofit ,,,,,https://www.tuleyome.org/,,,,,,,,,,
1589,Tuolumne River Trust,California Nonprofit ,,Tustin,,,https://www.tuolumne.org/,,,,,,,,,,
1590,Tustin Community Foundation,California Nonprofit ,PO Box 362 ,Los Angeles,CA,Orange County,http://www.tustincommunityfoundation.org/,,,,,,,,,,
1591,U.R. Love Inc,California Nonprofit ,626 W 108Th St ,,CA,Los Angeles County,https://www.urloveinc.org/,infor@urloveinc.org,u.r.loveinc@outlook.com,,,https://www.instagram.com/urloveinc/,https://www.facebook.com/URLOVEINC.ORG,,,,5102710310
1592,UAW Center for Manufacturing a Green Economy (CMGE),California Nonprofit ,,Sacramento,,,http://uawcmge.org/,,,https://uawcmge.org/contact/ ,https://www.linkedin.com/company/uawcmge/,,,,,,
1593,Umoja Community Education Foundation,California Nonprofit ,1540 River Park Dr Ste 121 ,Oakland,CA,Sacramento County,https://umojacommunity.org/,info@umojacommunity.org,,https://umojacommunity.org/contact ,https://www.linkedin.com/company/umoja-community-education-foundation-inc,http://www.instagram.com/umojaedu,,,,,
1594,UnCommon  Law,California Nonprofit ,318 Harrison St 103 ,Compton,CA,Alameda County,https://www.uncommonlaw.org/,info@uncommonlaw.org,,https://www.uncommonlaw.org/contact-us ,https://www.linkedin.com/company/uncommon-law,https://www.instagram.com/uncommonlawyer/,,,,https://bsky.app/profile/uncommonlaw.bsky.social,4154794131
1595,Unearth and Empower Communities,California Nonprofit ,1317 N Pearl Ave ,Valley Village,CA,Los Angeles County,https://www.unearthandempower.org/,info@unearthandempower.org,,,https://www.linkedin.com/company/unearth-and-empower-communities,https://www.instagram.com/unearthandempower/,https://www.facebook.com/UnearthAndEmpower/,,,,
1596,Uniquely Abled Project,California Nonprofit ,4804 Laurel Canyon Blvd. Suite 804 ,San Rafael,CA,,http://uniquelyabledproject.org/,info@uniquelyabledproject.org,,https://uniquelyabledproject.org/contact-us/ ,https://www.linkedin.com/company/the-uniquely-abled-project/,https://www.instagram.com/theuniquelyabledproject/,https://www.facebook.com/theuniquelyabledproject,,,,
1597,Unitarian Universalist Congregation of Marin,California Nonprofit ,240 Channing Way ,Vista,CA,Marin County,http://www.uumarin.org/,,"webmaster@uumarin.org, office@uumarin.org",,,https://www.instagram.com/uumarin/,https://www.facebook.com/uuchurchmarin,,,,9512691119
1598,Unitarian Universalist Refugee and Immigrant Services and Education,California Nonprofit ,1600 Buena  Dr ,Pittsburg,CA,San Diego County,http://uurise.org/,,,,,https://www.instagram.com/uurise/,https://www.facebook.com/UURISE,,,,
1599,United Latino Voices of Contra Costa County,California Nonprofit ,3012 Railroad Avenue ,March Air Reserve Base,CA,Contra Costa County,https://ulvccc.org/,,,,,,,,,,
1600,United States Veterans Initiative - Inland Empire,California Nonprofit ,15305 6Th Street ,,CA,,https://usvets.org/locations/inland-empire/,,"kbush@usvets.org, istokes@usvets.org, usvets@usvets.org, psachs@usvets.org",,https://www.linkedin.com/company/usvets/?viewAsMember=true,https://www.instagram.com/usvetsinland,https://www.facebook.com/usvetsinland,,,,5592445710
1601,United Swiss Societies of Northern California,California Nonprofit ,,,,,http://www.ussnc.org/,,,http://www.ussnc.org/contact ,,,,,,,
1602,United UpStanders Inc.,California Nonprofit ,,Fresno,,,https://www.unitedupstanders.com/,,,https://www.unitedupstanders.com/contact ,,https://www.instagram.com/wix,,,,,
1603,United Way Fresno and Madera Counties,California Nonprofit ,4949 East Kings Canyon Rd ,Stockton,CA,Fresno County,http://www.uwfm.org/,info@uwfm.org,,,https://www.linkedin.com/company/uwfmc,https://www.instagram.com/uw_fmc/,https://www.facebook.com/uwfmc,,,,
1604,United Way of San Joaquin County,California Nonprofit ,777 N. Pershing Avenue Suite 2B ,Capitola,CA,San Joaquin County,http://www.unitedwaysjc.org/,,,,,https://www.instagram.com/unitedwaysanjoaquin/,https://www.facebook.com/UnitedWaySJ,,,,18773558922
1605,United Way of Santa Cruz County,California Nonprofit ,4450  Rd Ste 106 ,Modesto,CA,Santa Cruz County,http://www.unitedwaysc.org/,,,http://www.unitedwaysc.org/contact-us ,https://www.linkedin.com/company/united-way-of-santa-cruz-county,https://www.instagram.com/unitedwaysantacruz,https://www.facebook.com/unitedwayofsantacruzcounty,,,,
1606,United Way of Stanislaus County,California Nonprofit ,422 Mchenry Avenue ,South Pasadena,CA,Stanislaus County,https://uwaystan.org/,,cbaily@uwaystan.org,https://uwaystan.org/contact-us ,,https://www.instagram.com/unitedwaystan/,https://www.facebook.com/UnitedWayStan/,,,,
1607,United Ways of California,California Nonprofit ,1107 Fair Oaks Ave 2312 ,Oakland,CA,Los Angeles County,http://www.unitedwaysca.org/,,,https://unitedwaysca.org/contact-us/ ,https://www.linkedin.com/company/unitedwaysca/,,https://www.facebook.com/UnitedWaysCA,,,,17079655010
1608,Unity Schools,California Nonprofit ,410 7Th St Unit 204B ,Culver City,CA,Alameda County,http://www.unityschools.net/,,boardmembers@unityschools.net,,,,,https://www.box.com/s/az7n2399s5436g4mgk0a,,,
1609,UniverSOUL Hip Hop,California Nonprofit ,10736 Jefferson Blvd 23385 ,Saint Helena,CA,Los Angeles County,https://www.universoulhiphop.com/,,,,,https://www.instagram.com/universoulhiphop/,https://www.facebook.com/universoulhiphop,,,,
1610,UpValley Family Centers of Napa County,California Nonprofit ,1440 Spring St ,Monterey,CA,,http://www.upvalleyfamilycenters.org/,info@upvalleyfamilycenters.org,,https://upvalleyfamilycenters.org/contact/ ,https://www.linkedin.com/company/upvalley-family-centers,https://www.instagram.com/upvalleyfamilycenters/,https://www.facebook.com/upvalleyfamilycenters,,,,
1611,Upwell Turtles,California Nonprofit ,99 Pacific Street Suite 375-E ,,CA,Monterey County,http://www.upwell.org/,,turtles@upwell.org,http://www.upwell.org/contact ,https://www.linkedin.com/company/upwell-turtles,,https://www.facebook.com/UpwellTurtles,https://x.com/UpwellTurtles,,,
1612,Urban Ecology Conservatory,California Nonprofit ,,Oakland,,,http://www.urbanecologyconservatory.org/,,mm@urbanecologyconservatory.org,,,https://www.instagram.com/urbanecologyconservatory?igsh=NTc4MTIwNjQ2YQ==,,,,,
1613,Urban Habitat,California Nonprofit ,2000 Franklin St ,Oakland,CA,Alameda County,http://www.urbanhabitat.org/,,ewu@urbanhabitat.org,https://urbanhabitat.org/media-contacts/ ,https://www.linkedin.com/company/urban-habitat,,https://www.facebook.com/UrbanHabitat.org,,,,15108438223
1614,Urban Peace Movement Oakland,California Nonprofit ,414 13Th Street ,Alameda,CA,Alameda County,https://urbanpeacemovement.org/,,,,,,,,,,8005314001
1615,Urgent Action Fund,California Nonprofit ,2601 Blanding Ave Suite C ,Sacramento,CA,Alameda County,http://www.urgentactionfund.org/,info@urgentactionfund.org,"whistleblower@urgentactionfund.org, press@urgentactionfund.org, donate@urgentactionfund.org, proposal@urgentactionfund.org",https://urgentactionfund.org/contact/ ,https://www.linkedin.com/company/urgent-action-fund,https://www.instagram.com/urgentactionfund/,https://www.facebook.com/urgentactionfund/,,,,
1616,Vaad of Northern California/Sunrise Kosher,California Nonprofit ,3316 Mayfair Drive ,,CA,Sacramento County,http://www.sunrisekosher.org/,,,,,,,,,,19254268656
1617,Vajrapani Institute for Wisdom Culture,California Nonprofit ,1125 South Frontage Road Suite 1 Hastings Mn,Fresno,CA,,http://www.vajrapani.org/,,office@vajrapani.org,https://vajrapani.org/contact/ ,,,https://www.facebook.com/Vajrapani/,,,,
1618,Valley Forward,California Nonprofit ,2721 Ventura Ave Suite 108 ,,CA,Fresno County,http://www.valleyfwd.org/,,manager@valleyfwd.org,,,https://www.instagram.com/valleyforward/,https://www.facebook.com/ValleyForward/,,,,
1619,"Valley Humane Society, Inc.",California Nonprofit ,,Hemet,,,http://valleyhumane.org/,,,,https://www.linkedin.com/company/1439454/admin/feed/posts/,https://www.instagram.com/valleyhumanesociety/?hl=en,https://www.facebook.com/valleyhumanesociety,,,,
1620,Valley Restart Shelter Inc,California Nonprofit ,Valley Restart Shelter 200 E. Menlo Ave ,,CA,Riverside County,http://www.valleyrestart.org/,,,,,,,,,,
1621,Valley Village Retirement Community,California Nonprofit ,,San Jose,,,http://www.valleyvillageretirement.com/,,,,,,,,,,
1622,Veggielution,California Nonprofit ,647 S. King Rd. ,Camarillo,CA,Santa Clara County,http://www.veggielution.org/,info@veggielution.org,,,,https://www.instagram.com/veggielution/,https://www.facebook.com/Veggielution/,,,,
1623,Ventura County Farm to School,California Nonprofit ,74 La Suen Dr ,,CA,Ventura County,https://www.vcfarmtoschool.org/,,,https://www.vcfarmtoschool.org/contact-us ,,https://www.instagram.com/vcfarm2school/,https://www.facebook.com/vcfarmtoschool.org,,,,
1624,Ventura Regional Fire Safe Council,California Nonprofit ,,,,,http://www.venturafiresafe.org/,info@venturafiresafe.org,,https://venturafiresafe.org/contact/ ,,https://www.instagram.com/venturaregionalfsc/,https://www.facebook.com/pypf01/?locale=es_LA,,,,
1625,Ventures,California Nonprofit ,,Sacramento,,,http://www.sccvonline.org/,,,http://www.sccvonline.org/contact.html ,https://www.linkedin.com/company/santa-cruz-community-ventures,,,,,,
1626,Verge Center for the Arts,California Nonprofit ,625 S St ,San Francisco,CA,Sacramento County,,,,,,,,,,,
1627,Vesper Society,California Nonprofit ,220 Montgomery St Ste 496 ,Riverside,CA,San Francisco County,https://vesper.org/,info@vesper.org,,https://vesper.org/about-us/contact-us/ ,,,,,,,
1628,Victoria Avenue Forever,California Nonprofit ,PO Box 4152 ,Oakland,CA,Riverside County,,,,,,,,,,,
1629,Victorian Preservation Center of Oakland,California Nonprofit ,1440 29Th Ave ,Jackson,CA,Alameda County,http://www.cohenbrayhouse.org/,info@cohenbrayhouse.org,,,,,https://www.facebook.com/CohenBrayhouse/,,,,
1630,Victory Village Inc,California Nonprofit ,12408 Kennedy Flat Rd ,Fountain Valley,CA,Amador County,http://www.vvvets.org/,info@vvvets.org,,,,,https://www.facebook.com/VVVETERANS,,,,
1631,Vietnamese American Cancer Foundation,California Nonprofit ,17150 Newhope St Ste 203 ,San Jose,CA,Orange County,https://www.vacf.org/,info@vacf.org,,,,https://www.instagram.com/vacfsocal/#,https://www.facebook.com/VACFSocal,,,,
1632,Vietnamese American Roundtable,California Nonprofit ,2006 Bikini Ave ,,CA,Santa Clara County,https://varoundtable.org/,hello@varoundtable.org,,,https://www.linkedin.com/company/varoundtable/,,https://www.facebook.com/VARoundtable/,,,,
1633,Villages of San Mateo County,California Nonprofit ,,Davis,,,https://www.villagesofsmc.org/,"info@villageofthecoastside.org, info@villagesofsmc.org",,,,,https://www.facebook.com/villageofthecoastside,,,,
1634,VIN Foundation,California Nonprofit ,413 F Street ,San Lorenzo,CA,Yolo County,http://vinfoundation.org/,jordan@vinfoundation.org,,https://vinfoundation.org/contact/ ,https://www.linkedin.com/company/vinfoundation/,https://www.instagram.com/vinfoundation/,https://www.facebook.com/VINFoundation/,,,,
1635,Vision Y Compromiso,California Nonprofit ,15808 Hesperian Blvd Unit 708 ,,CA,,https://visionycompromiso.org/,,,https://visionycompromiso.org/get-involved/contact/ ,,,https://www.facebook.com/visionycompromiso,,,,
1636,Visit Tri-Valley,California Nonprofit ,,Martinez,,,https://visittrivalley.com/,,,https://visittrivalley.com//about-tri-valley/contact-tri-valley/ ,,https://www.instagram.com/visittrivalley/,https://www.facebook.com/visittrivalley,,,,
1637,VistAbility,California Nonprofit ,1340 Arnold Dr. Ste. 127 ,Berkeley,CA,Contra Costa County,http://www.vistability.org/,,,https://www.vistability.net/contact-us ,https://www.linkedin.com/company/vistability/,https://www.instagram.com/vistability/,https://www.facebook.com/VistAbility,,,,3102127997
1638,Vital Arts,California Nonprofit ,1831 Solano Ave 237612 ,Santa Cruz,CA,Alameda County,https://www.vitalarts.org/,,maryela@vitalarts.org,,,https://www.instagram.com/vitalartsorg/,https://www.facebook.com/vitalartsorg/,,,,6194404591
1639,Volunteer Center Of Santa Cruz County,California Nonprofit ,1740 17Th Ave ,,CA,Santa Cruz County,http://www.scvolunteercenter.org/,"info@scvolunteercenter.org, info@ccsantacruz.org","askus@scvolunteercenter.org, cityserve@cityofsantacruz.com, VIP@scvolunteercenter.org",https://scvolunteercenter.org/contact/ ,https://www.linkedin.com/company/volunteer-center-of-santa-cruz-county,https://www.instagram.com/volunteercentersc/,https://www.facebook.com/pages/Volunteer-Center-of-Santa-Cruz-County/106058516081610?ref=hl,,,,8182383340
1640,Volunteer Center South Bay Harbor Long Beach,California Nonprofit ,,El Cajon,,,http://volcenter.org/,,,,,https://www.instagram.com/thevolunteercenter/,https://www.facebook.com/TheVolunteerCenterSouthBayHarborLongBeach/,,,,
1641,"Volunteers in Medicine - San Diego, Inc.",California Nonprofit ,1457 East Madison Avenue ,Burbank,CA,San Diego County,http://www.vim-sandiego.org/,,patientservices@vim-sandiego.org,http://www.vim-sandiego.org/contact ,,,,,,,
1642,Volunteers of the Burbank Animal Shelter,California Nonprofit ,1150 N Victory Pl ,San Francisco,CA,Los Angeles County,https://www.burbankca.gov/web/parks-recreation/burbank-animal-shelter-homepage,,websitefeedback@burbankca.gov,,,https://www.instagram.com/burbank_animalshelter/,https://www.facebook.com/burbankanimalshelter/,,,,2132861031
1643,Wah Mei School,California Nonprofit ,1400 Judah St ,Berkeley,CA,San Francisco County,http://www.wahmei.org/,info@wahmei.org,,http://www.wahmei.org/contact-us ,https://www.linkedin.com/company/wah-mei-school/,https://www.instagram.com/wahmeischool/?hl=en,https://www.facebook.com/WahMeiOrg/,,,,18662692559
1644,Walden Foundation Inc,California Nonprofit ,2446 Mckinley Ave ,,CA,Alameda County,https://waldencenterschool.org/,info@waldencenterschool.org,"alumni@waldencenterschool.org, edc@waldencenterschool.org, waldensummercamp@gmail.com, it@waldencenterschool.org, websitemanager@waldencenterschool.org, news@waldencenterschool.org, admissions@waldencenterschool.org",https://waldencenterschool.org/about/contact/ ,,https://www.instagram.com/waldencenterschool/,https://www.facebook.com/waldencenterschool,,,,
1645,Walk Intuit,California Nonprofit ,,Santa Cruz,,,http://walkintuit.org/,info@walkintuit.com,,http://walkintuit.org/contact ,https://www.linkedin.com/company/walkintuit/,,https://www.facebook.com/walkintuit,,,,
1646,Walnut Avenue Family & Women's Center,California Nonprofit ,303 Walnut Ave ,San Francisco,CA,Santa Cruz County,http://www.wafwc.org/,info@wafwc.org,,,,https://www.instagram.com/walnutavenue_center/,https://www.facebook.com/WalnutAvenueWomensCenter/,,,,
1647,Walter and Elise Haas Fund,California Nonprofit ,1 Lombard Street Suite 305 ,Napa,CA,San Francisco County,http://www.haassr.org/,,,https://haassr.org/contact-us/ ,https://www.linkedin.com/company/walter-&-elise-haas-fund/,https://www.instagram.com/haassrfund/,,,,,8317222845
1648,Walter H Everett Foundation,California Nonprofit ,3744 Jomar Dr ,Ontario,CA,Napa County,http://walterheverett.com/,,,,,https://www.instagram.com/walterheverett/,https://www.facebook.com/Walter-H-Everett,,,,
1649,Warehouse Worker Resource Center,California Nonprofit ,521 N Euclid ,Watsonville,CA,San Bernardino County,http://www.warehouseworkers.org/,,,http://www.warehouseworkers.org/contact ,,https://www.instagram.com/warehouseworkers/,https://www.facebook.com/WarehouseWorkerResourceCenter,,,,
1650,Watsonville Law Center,California Nonprofit ,315 Main St Ste 207 ,Freedom,CA,Santa Cruz County,http://www.watsonvillelawcenter.org/,,,https://www.watsonvillelawcenter.org/contact/ ,https://www.linkedin.com/company/watsonville-law-ctr/,https://www.instagram.com/wlc315/,,,,,7144806570
1651,Watsonville Wetlands Watch,California Nonprofit ,PO Box 1239 ,,CA,,http://www.watsonvillewetlandswatch.org/,info@watsonvillewetlandswatch.org,"jose@watsonvillewetlandswatch.org, Brooke@watsonvillewetlandswatch.org, yesenia@watsonvillewetlandswatch.org, reyna@watsonvillewetlandswatch.org, juliette@watsonvillewetlandswatch.org, anastasia@watsonvillewetlandswatch.org, dan@watsonvillewetlandswatch.org, arianna@watsonvillewetlandswatch.org, sam@watsonvillewetlandswatch.org, stephanie@watsonvillewetlandswatch.org, miranda@watsonvillewetlandswatch.org, valerie@watsonvillewetlandswatch.org, Amanda@watsonvillewetlandswatch.org, jonathan@watsonvillewetlandswatch.org, ornella@watsonvillewetlandswatch.org",http://www.watsonvillewetlandswatch.org/contact ,,https://www.instagram.com/watsonvillewetlands/,https://www.facebook.com/watsonvillewetlands/?rc=p,,,,15107660206
1652,Watts of Power Foundation,California Nonprofit ,,Santa Ana,,,http://www.wattsofpowerfoundation.org/,admin@wattsofpowerfoundation.org,,http://www.wattsofpowerfoundation.org/contact ,,https://www.instagram.com/watts_ofpower/?hl=en,https://www.facebook.com/The-Watts-of-Power-Foundation-110595021474503,,,,9513355770
1653,We Are Groundswell,California Nonprofit ,1801 E. Edinger Ave Ste 115 ,Berkeley,CA,Orange County,https://www.wearegroundswell.org/,info@wearegroundswell.org,,https://wearegroundswell.org/about/contact-us/ ,https://www.linkedin.com/company/we-are-groundswell,https://www.instagram.com/wearegroundswellorg/,https://www.facebook.com/wearegroundswell,https://rising-together-fund.causevox.com/,,,
1654,We Care Solar,California Nonprofit ,2550 Ninth Street Suite 113A ,Huntington Beach,CA,Alameda County,https://wecaresolar.org/,,,https://wecaresolar.org/get-involved/contact-us/ ,,https://www.instagram.com/WeCareSolar/,https://www.facebook.com/WeCareSolar/,,,,
1655,Weber Foundation Animal Network,California Nonprofit ,6381 Evening Star Circle ,Los Angeles,CA,Orange County,https://www.wfan.net/,,rechecanyon@wfan.net,,,,,,,,
1656,Weingart Foundation,California Nonprofit ,700 South Flower St Ste 1900 ,Sacramento,CA,Los Angeles County,http://www.weingartfnd.org/,info@weingartfnd.org,,https://weingartfnd.org/contact-us/ ,https://www.linkedin.com/company/weingart-foundation/,https://www.instagram.com/weingartfoundation,https://www.facebook.com/weingartfoundation/,,,,
1657,Welcome Home Housing,California Nonprofit ,PO Box 161526 ,San Bruno,CA,Sacramento County,http://www.welcomehomehousing.org/,,dcoughlin@welcomehomehousing.org,,,,https://www.facebook.com/WelcomeHomeHousing/,,,,
1658,West Coast Conference,California Nonprofit ,851 Traeger Avenue Suite 330 (West Coast Conference) ,Richmond,CA,San Mateo County,http://www.wccsports.com/,,,,,https://www.instagram.com/wccsports/,,,,,
1659,West Contra Costa Public Education Fund,California Nonprofit ,1400 Marina Way S ,Fresno,CA,Contra Costa County,http://www.edfundwest.org/,info@edfundwest.org,,https://www.edfundwest.org/who-we-are/contact/ ,https://www.linkedin.com/company/edfundwest,https://www.instagram.com/westcontracostaedfund/,https://www.facebook.com/edfundwest,,,,
1660,West Fresno Health Care Coalition (dba: West Fresno Family Resource Center),California Nonprofit ,700 Van Ness Ave Suite 201 ,,CA,Fresno County,http://www.wfresnofrc.org/,,,,,,,,,,
1661,Western Association of Educational Opportunity Personnel,California Nonprofit ,Arizona Western College 2020 S Avenue 8E Yuma Az,Los Angeles,CA,,http://www.westop.org/,,,,,https://www.instagram.com/westopworks/,https://www.facebook.com/westopregion,,,https://bsky.app/profile/#,9498551556
1662,Western Center on Law & Poverty,California Nonprofit ,3701 Wilshire Blvd Ste 208 ,,CA,Los Angeles County,http://www.wclp.org/,,,,https://www.linkedin.com/company/western-center-on-law-and-poverty/,https://www.instagram.com/western_center/,https://www.facebook.com/westerncenter,,,,
1663,Western Neuropathy Association,California Nonprofit ,,Laguna Hills,,,https://www.pnhelp.org/,info@pnhelp.org,"klstenzel@hotmail.com, jeff_creech@msn.com",https://www.pnhelp.org/contact-us ,,https://www.instagram.com/pnhelpwna/,https://www.facebook.com/PNHelpWNA,,,,3239382531
1664,Western Youth Services,California Nonprofit ,23461 SouthPointe Drive Suite 220 ,Santa Monica,CA,Orange County,http://www.westernyouthservices.org/,info@westernyouthservices.org,,,https://www.linkedin.com/authwall?trk=bf&trkInfo=AQEacfdvUM5M3QAAAYfrrGbIRFLrakxn-i-CWM5-ECZ_stsfAjaN9T1NGrH2RBRm6mL7CjUe0S5aO78OXcE6R-KoKO2LIH89JCGc3x639kC4ZgygE8rrQIFRaTMOdKffd7W2Qhk=&original_referer=&sessionRedirect=https%3A%2F%2Fwww.linkedin.com%2Fcompany%2Fwestern-youth-services,https://www.instagram.com/WesternYouthOC/,https://www.facebook.com/WesternYouthOC/,https://www.resettoolbox.com/,,,
1665,Westside Food Bank,California Nonprofit ,1710 22Nd St ,Los Angeles,CA,Los Angeles County,http://www.westsidefoodbankca.org/,,"development@wsfb.org, media@wsfb.org",https://www.wsfb.org/about-us/contact-us/ ,,https://www.instagram.com/westsidefoodbank/,https://www.facebook.com/westsidefoodbank,,,,
1666,Westside Jewish Community Center Inc,California Nonprofit ,5870 W. Olympic Blvd ,Pls Vrds Pnsl,CA,Los Angeles County,http://www.westsidejcc.org/,info@thejla.org,,,https://www.linkedin.com/company/thejlosangeles,https://www.instagram.com/thejlosangeles/,,,,,
1667,"Wexford, Inc.",California Nonprofit ,PO Box 4089 ,Mammoth Lakes,CA,,http://www.wexford.org/,info@wexford.org,,https://www.wexford.org/contact ,,,,,,,18778737384
1668,Whitebark Institute,California Nonprofit ,3999 Main St Ste W-5 ,Watsonville,CA,Mono County,https://www.whitebarkinstitute.org/,administrator@whitebarkinstitute.org,,https://whitebarkinstitute.org/contact/ ,,https://www.instagram.com/whitebarkinstitute/,https://www.facebook.com/WhitebarkInstitute/,,,,
1669,Wild Farm Alliance,California Nonprofit ,PO Box 2570 ,,CA,Santa Cruz County,http://www.wildfarmalliance.org/,,,http://www.wildfarmalliance.org/contact ,https://www.linkedin.com/company/wild-farm-alliance/?viewAsMember=true,https://www.instagram.com/wildfarmalliance/,,,,https://bsky.app/profile/wildfarmalliance.bsky.social,
1670,Wild Iris Family Counseling & Crisis Center,California Nonprofit ,,San Francisco,,,https://www.wild-iris.org/,,,,,https://www.instagram.com/wildiriscrisiscenter/,https://www.facebook.com/wildiriscrisiscenter,http://wix.com/?utm_campaign=vir_created_with,,,
1671,Wildlife Conservation Network,California Nonprofit ,209 Mississippi St ,San Diego,CA,San Francisco County,http://www.wildnet.org/,info@wildnet.org,press@wildnet.org,https://wildnet.org/contact-us/ ,https://www.linkedin.com/company/wildnetorg/,https://www.instagram.com/wildnetorg/,,,,https://bsky.app/profile/wildnetorg.bsky.social,
1672,Wildlife Madagascar,California Nonprofit ,2907 Shelter Island Dr Ste 105 - 1024 ,Solvang,CA,San Diego County,http://wildlifemadagascar.org/,info@wildlifemadagascar.org,,https://wildlifemadagascar.org/contact ,https://www.linkedin.com/company/wildlife-madagascar/,https://www.instagram.com/wildlifemadagascar/,https://www.facebook.com/WildlifeMadagascar,,,,13236882500
1673,Wildling Museum of Art and Nature,California Nonprofit ,1511 Mission Dr. Suite B ,,CA,Santa Barbara County,http://www.wildlingmuseum.org/,info@calnatureartmuseum.org,,,,https://www.instagram.com/calnatureartmuseum/,,,,,
1674,Wildwood Watchers Fire Safe Council,California Nonprofit ,,Burbank,,,,,,,,,,,,,9514159756
1675,Will Rogers Institute,California Nonprofit ,2233 N Ontario St Ste 300 ,Santa Barbara,CA,Los Angeles County,http://www.willrogersmotionpicture.org/,,,https://wrpioneers.org/contact/ ,,https://www.instagram.com/wrpioneers/,https://www.facebook.com/wrpioneers,,,,
1676,"Willbridge of Santa Barbara, Inc.",California Nonprofit ,2904 State St Apt A ,,CA,Santa Barbara County,https://www.willbridgesb.org/,,,,,,,,,,
1677,William H. Douglas Foundation,California Nonprofit ,,Santa Cruz,,,https://www.whdfoundation.org/,,,https://www.whdfoundation.org/contact-us ,,https://www.instagram.com/whdouglasfoun,https://www.facebook.com/thewhdfoundation,,,,
1678,William James Association,California Nonprofit ,PO Box 1632 ,Yountville,CA,Santa Cruz County,http://williamjamesassociation.org/,,,,,https://www.instagram.com/prisonartsproject/,https://www.facebook.com/PrisonArtsProject/,,,,
1679,Wine Market Council,California Nonprofit ,PO Box 2955 ,,CA,Napa County,https://winemarketcouncil.com/,,,https://winemarketcouncil.com/contact-us/ ,https://www.linkedin.com/company/wine-market-council/,https://www.instagram.com/winemarketcouncil/,https://www.facebook.com/people/Wine-Market-Council/61552707205158/,https://x.com/WineMktCouncil,,,320529512
1680,"Winter Nights Family Shelter, Inc.",California Nonprofit ,,,,,https://cccwinternights.org/,info@cccwinternights.org,,https://cccwinternights.org/contact/ ,,,https://www.facebook.com/Winter-Nights-Family-Shelter-in-Contra-Costa-County-406752703268083/,,,,
1681,Women Donors Network Action,California Nonprofit ,,,,,http://www.wdnaction.org/,info@wdnaction.org,,https://womendonorsaction.org/contact-us/ ,https://www.linkedin.com/company/women-donors-network,https://www.instagram.com/womendonors,,,,https://bsky.app/profile/womendonors.bsky.social,
1682,Women Helping Other Women (WHOW),California Nonprofit ,,Sunnyvale,,,http://whowlivelovelearn.org/,,whowboard@gmail.com,,,,https://www.facebook.com/groups/womanwithadream,,,,5108090203
1683,Women in Localization,California Nonprofit ,1046 Rangpur Ct ,,CA,Santa Clara County,http://www.womeninlocalization.com/,contact@womeninlocalization.com,,,https://www.linkedin.com/company/womeninlocalization/mycompany/,https://www.instagram.com/womeninlocalization/,https://www.facebook.com/WomenInL10N,https://x.com/WomenInL10N,,,
1684,Women Winemakers & Culinarians Foundation,California Nonprofit ,,Berkeley,,,https://sbwomenwinemakers.com/,,"restaurants@stilettomarketing.com, karen@seagrapewinecompany.com",,,https://www.instagram.com/womenwinemakersandculinarians/,https://www.facebook.com/WomenWinemakersCulinariansFoundation/,,,,
1685,Women's Cancer Resource Center,California Nonprofit ,2908 Ellsworth St. ,Oakland,CA,Alameda County,http://wcrc.org/,,"wcrc@wcrc.org, development@wcrc.org, wcrc@wcrc.org;",https://www.wcrc.org/contact-us/ ,https://www.linkedin.com/company/women's-cancer-resource-center/,https://www.instagram.com/wcrcinberkeley/,https://www.facebook.com/WCRCEastBay,,,,
1686,Women's Foundation California,California Nonprofit ,1301 Clay St 2371719 ,Santa Clarita,CA,Alameda County,http://womensfoundca.org/,,,https://womensfoundca.org/who-we-are/contact-womens-foundation/ ,https://www.linkedin.com/company/the-women's-foundation-of-california,https://www.instagram.com/womensfoundca/,https://www.facebook.com/WomensFoundationofCalifornia/,,,,
1687,Women's Intercultural Network,California Nonprofit ,24820 Orchard Village Rd Ste A. 23205 ,,CA,Los Angeles County,http://winaction.org/,,WIN@winaction.org,https://winaction.org/#contact ,,https://www.instagram.com/womensinterculturalnetwork/,https://www.facebook.com/people/Womens-Intercultural-Network-WIN/100064739434572/,,,,
1688,Women's Survivors Network,California Nonprofit ,,Folsom,,,,,,,,,,,,,
1689,Women's Theatre Collective,California Nonprofit ,148 Tomlinson Dr ,Oakland,CA,Sacramento County,http://www.womenstheatrecollective.org/,,,https://www.womenstheatrecollective.org/contact ,,https://www.instagram.com/womenstheatrecollective/,https://www.facebook.com/WomensTheatreCollective,,,,
1690,Words In The Wild,California Nonprofit ,2939 Summit Street Suite 201 ,Santa Ana,CA,Alameda County,http://wordsinthewild.org/,,,http://wordsinthewild.org/contact-us ,https://www.linkedin.com/company/words-in-the-wild/?viewAsMember=true,https://www.instagram.com/wordsinthewildlab/,https://www.facebook.com/WordsintheWild/,,,https://bsky.app/profile/wordsinthewild.bsky.social,
1691,Working Wardrobes for a New Start,California Nonprofit ,2000 E Mcfadden Ave Suite 100 ,Los Angeles,CA,Orange County,http://www.workingwardrobes.org/,"info@workingwardrobes.org, info@workingwardrobes.kinsta.cloud",,https://www.workingwardrobes.org/contact-us/ ,https://www.linkedin.com/company/397726,https://www.instagram.com/WorkingWardrobes/,https://www.facebook.com/WorkingWardrobes/,,,,
1692,Worksite Wellness Los Angeles,California Nonprofit ,5955 S Western Ave ,Los Angeles,CA,Los Angeles County,http://www.worksitewellnessla.org/,info@worksitewellnessla.org,,,,https://www.instagram.com/worksitewellnessla5/,https://www.facebook.com/Worksite.Wellness.LA,,,,
1693,Wright Institute Los Angeles (WILA),California Nonprofit ,11845 W Olympic Blvd Ste 505W ,Hoopa,CA,Los Angeles County,http://wila.org/,,,http://wila.org/contact/#wilacall ,https://www.linkedin.com/company/wright-institute-los-angeles,https://www.instagram.com/wrightinstitutela/,https://www.facebook.com/WrightInstituteLA,,,,
1694,"Xinewh-Ding, Inc.",California Nonprofit ,PO Box 1165 ,,CA,,https://www.facebook.com/xontehLtawhupa,,,,,https://l.facebook.com/l.php?u=https%3A%2F%2Fwww.instagram.com%2Fhupalanguageimmersionnest&h=AT5weS6gIjvF5tGjNTb9EAfur80RE4agryI4yv5Ul1lpdENzIRRDS2CQ5-JOaH4h6kenENhoqUqZwVqPyZl8lg7pDXn1votF4tMPG-WHwOQn82Uqlfkj12f1Ca3OazE8Y-T_KhM0pGkiYrYEicmfYokso50AL2bc0M16lP110g,https://www.facebook.com/login/device-based/regular/login/?login_attempt=1&next=https%3A%2F%2Fwww.facebook.com%2FxontehLtawhupa,,,,
1695,Y&H Soda Foundation,California Nonprofit ,,Glendale,,,https://www.yhsodafoundation.org/,,,https://www.yhsodafoundation.org/contact-us ,,,,,,,5303120593
1696,YMCA of Glendale,California Nonprofit ,140 N Louise St ,Encinitas,CA,Los Angeles County,http://www.glendaleymca.org/,,,http://www.glendaleymca.org/contact.html ,,https://www.instagram.com/glendaleymca/,https://www.facebook.com/glendaleymca,,,,
1697,Yogananda Seva,California Nonprofit ,1139 2Nd St. ,Woodland,CA,San Diego County,https://yoganandaseva.org/,,support@yoganandaseva.org,https://yoganandaseva.org/contact/ ,,,,,,,5307575558
1698,Yolo Community Foundation,California Nonprofit ,PO Box 1264 ,Woodland,CA,Yolo County,http://www.yolocf.org/,,,,,,,,,,
1699,Yolo County CASA,California Nonprofit ,724 Main Street Ste 101 ,Davis,CA,Yolo County,https://www.yolocasa.org/,info@yolocasa.org,,https://www.yolocasa.org/contact/ ,https://www.linkedin.com/company/yolo-county-casa,https://www.instagram.com/yolocasa_/,https://www.facebook.com/Yolo-County-CASA-151079878286741/,,,,
1700,Yolo County Children's Alliance,California Nonprofit ,600 A St Ste Y ,,CA,Yolo County,http://yolokids.org/,,,https://www.yolokids.org/about-us/contact-page/ ,https://www.linkedin.com/company/yolo-county-children-s-alliance,https://www.instagram.com/yccaforthekids/,https://www.facebook.com/YoloCountyChildrensAlliance,,,,
1701,Young STEAMers,California Nonprofit ,,Los Angeles,,,https://www.youngsteamers.org/,info@youngsteamers.org,,https://www.youngsteamers.org/contact ,https://www.linkedin.com/company/young-steamers,,https://www.facebook.com/YoungSTEAMers,,,,
1702,Young Storytellers,California Nonprofit ,923 E 3Rd St Ste 307 ,Walnut Creek,CA,Los Angeles County,http://www.youngstorytellers.com/,,,http://www.youngstorytellers.com/contact ,,https://www.instagram.com/youngstorytellers/,https://www.facebook.com/youngstorytellers/,,,,
1703,Yours Humanly,California Nonprofit ,PO Box 5501 ,Bakersfield,CA,Contra Costa County,http://www.yourshumanly.org/,info@yourshumanly.org,"media@yourshumanly.org, volunteer@yourshumanly.org",https://yourshumanly.org/get-involved/contact-us/ ,https://www.linkedin.com/company/yours-humanly,https://www.instagram.com/yourshumanly/,https://www.facebook.com/yourshumanly,,,,
1704,Youth 2 Leaders Education Foundation,California Nonprofit ,1701 Westwind Dr. Ste 116 ,San Bernardino,CA,Kern County,http://www.y2lef.org/,,,,,,,,,,
1705,Youth Action Project,California Nonprofit ,696 South Tippecanoe Avenue ,Hollister,CA,San Bernardino County,http://www.youthactionproject.org/,,,,https://www.linkedin.com/company/youth-action-project-incorporated,https://www.instagram.com/youthactproject/?hl=en,https://www.facebook.com/yapinc/,,,,
1706,Youth Alliance,California Nonprofit ,310 Fourth Street Suite 101 ,Berkeley,CA,San Benito County,http://www.site.youthall.org/,,,,,,,,,,9259332627
1707,Youth for Environmental Sanity (YES),California Nonprofit ,3240 King Street ,Sacramento,CA,Alameda County,http://www.yesworld.org/, info@yesworld.org,,https://yesworld.org/contact/ ,https://www.linkedin.com/company/65483020/,,https://www.facebook.com/yescommunity,,,,
1708,Youth Forward,California Nonprofit ,2411 15Th St Suite A ,,CA,Sacramento County,https://www.youth-forward.org/,info@youth-forward.org,,https://www.youth-forward.org/contact ,,,https://www.facebook.com/Youth-Forward-1937631979790176/,,,,
1709,"Youth Homes, Inc.",California Nonprofit ,,,,,https://youthhomes.org/,,recordsrelease@youthhomes.org,https://youthhomes.org/contact ,https://www.linkedin.com/company/youth-homes-inc/,https://www.instagram.com/yhthriftshop/,https://www.facebook.com/YouthHomesThriftShop/,,,,
1710,Youth Making A Difference dba Hands4Hope - Youth Making A Difference,California Nonprofit ,,Los Angeles,,,http://hands4hopeyouth.org/,info@hands4hopeyouth.org,,https://www.hands4hopeyouth.org/contact ,,https://www.instagram.com/hands4hope/,https://www.facebook.com/hands4hopeymd,,,,18313130882
1711,Youth Mentoring Connection,California Nonprofit ,8407 S Vermont Ave ,Los Angeles,CA,Los Angeles County,http://www.youthmentoring.org/,,,,,,,,,,
1712,Youth Organize California,California Nonprofit ,530 South Boyle Ave ,Hollister Ca,CA,Los Angeles County,https://yocalifornia.org/,info@yocalifornia.org,,,,https://www.instagram.com/youthorganizeca/?hl=en,,,,,14087040440
1713,Youth Recovery Connections,California Nonprofit ,721 Monterey St ,,CA,,https://www.youthrecoveryconnections.org/,,msalinas@yrconnections.org,https://www.youthrecoveryconnections.org/contact ,,,,,,,5109220060
1714,Youth Transforming Justice,California Nonprofit ,,Campbell,,,https://www.ytjustice.org/,,"moviedo@ytjustice.org, dcarney@ytjustice.org, worrego@ytjustice.org, azavala@ytjustice.org, jchi@ytjustice.org",,,https://www.instagram.com/youthtransformingjustice/?hl=en,https://www.facebook.com/youthtransformingjustice/,http://wix.com/?utm_campaign=vir_created_with,,,
1715,Youth Utilizing Power and Praise Organization,California Nonprofit ,320 West Sunnyoaks Avenue ,,CA,Santa Clara County,http://www.yupporg.com/,info@yupporg.com,,https://yupporg.com/contact-us/ ,,https://www.instagram.com/yupporg/,https://www.facebook.com/yupporg,,,,
1716,YOUTHBEAT,California Nonprofit ,,,,,http://youthbeat.org/,,youthbeatmedia@gmail.com,http://youthbeat.org/contact ,,https://www.instagram.com/youthbeatmedia/?hl=en,https://www.facebook.com/YouthBeatMedia/,,,,18889997511
1717,YouthWell,California Nonprofit ,,Berkeley,,,http://youthwell.org/,directory@youthwell.org,calendar@youthwell.org,https://youthwell.org/contact/ ,https://www.linkedin.com/company/youthwell/,https://www.instagram.com/youthwell/,https://www.facebook.com/youthwell,,,,
1718,YWCA Berkeley/Oakland,California Nonprofit ,2600 Bancroft Way ,Glendale,CA,Alameda County,http://www.ywca-berkeley.org/,,,,https://www.linkedin.com/ywca-berkeley-oakland,,https://www.facebook.com/ywcaberkeley/,,,,6262149465
1719,YWCA Glendale and Pasadena,California Nonprofit ,735 E. Lexington Dr. ,Martinez,CA,Los Angeles County,https://ywcagp.org/,,,,,https://www.instagram.com/ywcagp,https://www.facebook.com/YWCAGP,,,https://bsky.app/profile/ywcagp.bsky.social ,
1720,YWCA of Contra Costa/Sacramento,California Nonprofit ,1320 Arnold Dr Ste 170 ,,CA,Contra Costa County,http://ywcaccc.org/,,,,,,,,,,
1721,YWCA San Gabriel Valley,California Nonprofit ,,,,,https://www.ywcasgv.org/,info@ywcasgv.org,,https://www.ywcasgv.org/contact/ ,https://www.linkedin.com/company/ywca-of-san-gabriel-valley/,https://www.instagram.com/ywcasgv/,https://www.facebook.com/ywcasgv,,,,
1722,Zaca Center Preschool,California Nonprofit ,,,,,https://www.zacacenterpreschool.org/,,zacacenter@verizon.net,https://www.zacacenterpreschool.org/contact-us ,,,,https://wix.com/?utm_campaign=vir_created_with,,,
