,Names,Websites,NaN,LinkedIn,Contact Forms,Facebook,Instagram,X,Threads,BlueSky
0,NGO-ISAC,https://www.ngoisac.org/,,https://www.linkedin.com/company/ngoisac,https://www.ngoisac.org/contact,,,,,
1,2020 Mom,http://www.2020mom.org/,,https://www.linkedin.com/company/policycentermmh/,https://policycentermmh.org/contact/,,,,,
2,211 San Diego,http://www.211sandiego.org/,,https://www.linkedin.com/company/211sandiego,https://211sandiego.org/contacts/,https://www.facebook.com/211sandiego/,https://www.instagram.com/211sd,,,
3,3C Capital Fund Inc,http://www.3ccf.org/,,,https://3ccf.org/contact/,,,,,
4,40 Acres Fire Safe Council,,4pawsoffice@gmail.com,,,,,,,
5,4Paws,http://www.4pawscenter.org/,,,,https://www.facebook.com/caninesocialtherapy/,,,,
6,4th Second,https://www.4thsecond.org/,hello@4thtri.org,https://www.linkedin.com/company/4th-second/about/,https://www.4thsecond.org/contact/,,https://www.instagram.com/4thsecondyep/,,,
7,4th Trimester,http://4thtri.org/,info@5elevenhoops.com,https://www.linkedin.com/company/4thtrimester,https://4thtri.org/contact/,,https://www.instagram.com/4thtrimester_org,,,
8,5-Eleven Hoops,https://5elevenhoops.org/,https://805undocufund.org/contact/info@805undocufund.org,,,https://www.facebook.com/545461015608630,https://www.instagram.com/5elevenhoops/,,,
9,805 UndocuFund,https://www.805undocufund.org/,"info@acuriae.org, info@acuriae.com, ",https://www.linkedin.com/company/19128208/admin/dashboard/,https://www.805undocufund.org/contact-us.html,https://www.facebook.com/805undocufund,https://www.instagram.com/the805undocufund/,,,
10,A Curiae,http://www.acuriae.org/,,https://www.linkedin.com/company/acuriae/,https://www.acuriae.org/contactz,https://www.facebook.com/sharer/sharer.php?u=https://www.acuriae.org/events-1/mark-your-calendars-2026-anniversary-event&quote=Check%20out%20this%20event.%20Hope%20to%20see%20you%20there!,,,,
11,A Greater Hope,https://aghope.org/,info@anbcenter.org,,https://aghope.org/contact-us,,,,,
12,A New Beginning Resource Center,https://www.anbcenter.org/,,,,,https://www.instagram.com/p/DWhQdtdj2CM/,,,
13,A New Way of Life,http://www.anewwayoflife.org/,info@aapiequityalliance.org,https://www.linkedin.com/company/a-new-way-of-life-reentry-project,https://anewwayoflife.org/contact-us/,https://www.facebook.com/ANewWayofLifeReentryProject,https://www.instagram.com/anewwayoflifela/,,,
14,AAPI Equity Alliance,https://aapiequityalliance.org/,,https://www.linkedin.com/company/aapi-equity-alliance,https://aapiequityalliance.org/contact/,https://www.facebook.com/AAPIEquityAlliance,https://www.instagram.com/aapiequityalliance/,,,
15,ABE Clinics Foundation,http://abeclinics.com/,,,https://www.abeclinics.com/contact-us/,https://www.facebook.com/abeclinics.usa,https://www.instagram.com/abe_clinics_foundation,,,
16,"Abilities Community Alliance, Inc.",http://abilitiescafe.org/,marketdev@abilitynowba.org,,https://abilitiescafe.org/contact-us,,,,,
17,Ability Now Bay Area,https://abilitynowbayarea.org/,info@abled.org,https://www.linkedin.com/company/abilitynowba/,https://abilitynowbayarea.org/contact/,https://www.facebook.com/abilitynowba,https://www.instagram.com/abilitynowba,,,
18,ABLED,http://abled.org/,,https://www.linkedin.com/company/goabled/,,https://www.facebook.com/goabled/,https://www.instagram.com/go_abled,,,
19,Abode Services,https://abode.org/,,,https://abode.org/contact-us,https://www.facebook.com/AbodeOrg,https://www.instagram.com/abodeorg/,,https://www.threads.com/@abodeorg,https://bsky.app/profile/abodeorg.bsky.social
20,About My Father's Business Homeless Outreach Ministry,https://www.amfb.org/,,,,https://www.facebook.com/AMFB.SFV,https://www.instagram.com/about_my_father/,,,
21,About-Face,http://about-face.org/,,,,,,,,
22,Abrazos Y Suspiros Inc.,,admin@academygo.com,,,,,,,
23,Academy for Grassroots Organizations,http://www.academygo.com/,,,https://members.academygo.com/contact,https://www.facebook.com/AcademyGOIE,https://www.instagram.com/academygoie/,,,
24,Access Central Coast,http://www.accesscentralcoast.org/,info@accesshumboldt.net,,http://www.accesscentralcoast.org/../about/contact-us.php,,,,,
25,Access Humboldt,http://www.accesshumboldt.net/,,,http://www.accesshumboldt.net//home/contact,,https://www.google.com/url?q=https%3A%2F%2Fwww.instagram.com%2Faccesshumboldt%2F&sa=D&sntz=1&usg=AOvVaw3gMYn-xyBXbB3OFlUZf9PB,,,
26,Access Sacramento,https://www.accesssacramento.org/,dogsfromheaven@aol.com,https://www.linkedin.com/company/access-sacramento/,https://www.accesssacramento.org/contact/,https://www.facebook.com/AccessSac/,https://www.instagram.com/access.sac/,,,
27,Ace of Hearts Dog Rescue,https://acesangels.org/,,,https://www.acesangels.org/contact,https://www.facebook.com/Aceofheartsdogs/,https://www.instagram.com/aceofheartsdogrescue/,,,
28,ACM West,http://acmwest.org/,,,https://acmwest.org/about-us/contact/,,,,,
29,AcroSports,http://acrosports.org/,,,https://acrosports.org/contact-us/,https://www.facebook.com/AcroSports,https://www.instagram.com/acrosports/,,,
30,Acta Non Verba,https://twitter.com/anv_youth_farm,,,,,,,,
31,AdGood Foundation,https://www.adgood.org/,,,https://www.adgood.org/contact,,,,,
32,Adjoin,https://adjoin.org/,,https://www.linkedin.com/company/adjoinorg/?viewAsMember=true,https://adjoin.org/contact,https://www.facebook.com/Adjoinorgnonprofit/,https://www.instagram.com/adjoinorg/,,,
33,Advance Peace,https://www.advancepeace.org/,"advent@adventgm.org?subject=Reaching%20Out, advent@adventgm.org, ",https://www.linkedin.com/in/advance-peace-485b67135/,https://advancepeace.org/contact-us/,https://www.facebook.com/advancepeace,https://www.instagram.com/advancepeace/,,,
34,Advent Group Ministries Inc.,http://adventgm.org/,,https://www.linkedin.com/company/advent-group-ministries/,https://www.adventgm.org/contact,https://www.facebook.com/sharer/sharer.php?u=https://www.adventgm.org/event-details/spring-open-house-series-2026-04-15-18-00&quote=Check%20out%20this%20event.%20Hope%20to%20see%20you%20there!,https://www.instagram.com/advent.gm,,,
35,Adventure Risk Challenge,https://adventureriskchallenge.org/,,https://www.linkedin.com/company/adventure-risk-challenge/,https://adventureriskchallenge.org/contact-us-now/,https://www.facebook.com/AdventureRiskChallenge,https://www.instagram.com/adventureriskchallenge/,,,
36,"Advocacy, Inc.",http://www.advocacy-inc.org/,,,https://advocacy-inc.org/contact-us/,,,,,
37,Advocates for Indigenous California Language Survival,http://www.aicls.org/,,,,https://www.facebook.com/Advocates-for-Indigenous-California-Language-Survival-268790494349,https://www.instagram.com/aicls/,,,
38,Advocates for the Environment,https://www.aenv.org/,"advocate@michaeln624.sg-host.com, helpline@advokids.org, ",,,,,,,
39,Advokids,http://www.advokids.org/,ahha.humco@gmail.com,https://www.linkedin.com/company/advokids/,https://advokids.org/contact-us-2/,https://www.facebook.com/Advokids/,https://www.instagram.com/advokids/?hl=en,,,
40,Affordable Homeless Housing Alternatives,http://www.ahha-humco.org/,"info@afghancoalition.org, %20info@afghancoalition.org, ",,http://www.ahha-humco.org/contact-county-and-city-officials,https://www.facebook.com/AHHA-Affordable-Homeless-Housing-Alternatives-546655568823719,https://www.instagram.com/ahhahumco/,,,
41,Afghan Coalition,http://www.afghancoalition.org/,"milan.balinton@sjaacsa.org, booking@sjaacsa.org?subject=Booking%20AACSA%20%E2%80%A2%20, lavere.foster@sjaacsa.org, info@sjaacsa.org?subject=AACSA%20%5BWebsite%20Outreach%5D%3A%20, info@sjaacsa.org?subject=AACSA%20Site%20%7C%20Contact%20Request, ",https://www.linkedin.com/company/afghancoalition/?viewAsMember=true,https://afghancoalition.org/contact-us/,https://www.facebook.com/Afghancoalition?mibextid=LQQJ4d,https://www.instagram.com/afghan_coalition/?locale=uken1&hl=am-et,,,
42,African American Community Service Agency,http://www.sjaacsa.org/,,https://www.linkedin.com/in/milan-balinton-6635a117/,http://www.sjaacsa.org/contact-us,https://www.facebook.com/CityofSanJose/,https://www.instagram.com/sj_aacsa/,,,
43,"African American Network of Kern County, Inc",http://aankc.org/,,,https://digitalspace.net/contact.html,,,,,
44,Ag Land Trust,https://www.aglandtrust.org/,,https://www.linkedin.com/company/ag-land-trust/,https://www.aglandtrust.org/contact-us/,https://www.facebook.com/aglandtrust,https://www.instagram.com/aglandtrust,,,
45,AHA! Attitude. Harmony. Achievement.,https://ahasb.org/,,https://www.linkedin.com/company/aha-attitude-harmony-achievement,https://ahasb.org/contact-us/,https://www.facebook.com/ahasb.org,https://www.instagram.com/aha_sb/,,,
46,AIDS Services Foundation OC dba Radiant Health Centers,http://radianthealthcenters.org/,info@airmidinstitute.org,https://www.linkedin.com/company/556115/,https://www.radianthealthcenters.org/contact-us,https://www.facebook.com/RadiantHealthOC,https://www.instagram.com/RadiantHealthOC,,,
47,Airmid Institute,http://www.airmidinstitute.org/,information@alamedahealthconsortium.org,https://www.linkedin.com/company/airmid-institute/,https://airmidinstitute.org/contact-us/,https://www.facebook.com/airmidinstitute/,https://www.instagram.com/airmid_institute/,,,
48,Alameda Health Consortium/ Community Health Center Network,http://www.alamedahealthconsortium.org/,,https://www.linkedin.com/company/alameda-health-consortium/,https://www.alamedahealthconsortium.org/about/contact-us/,https://www.facebook.com/alamedahealthconsortium/,https://www.instagram.com/alamedahealthconsortium/,,,
49,Alameda Post Inc.,https://alamedapost.com/,,,https://alamedapost.com/contact/,https://www.facebook.com/AlamedaPost/,https://www.instagram.com/alameda.post/,,,https://bsky.app/profile/alamedapost.com
50,Alano Club of Santa Barbara,https://www.alanoclubsantabarbara.org/,info@albieaware.org,,https://www.alanoclubsantabarbara.org/contact/,https://www.facebook.com/AlanoClubofSantaBarbara/,,,,
51,Albie Aware Breast Cancer Foundation,http://www.albieaware.org/,info@alchemistcdc.org,https://www.linkedin.com/company/albie-aware-inc./,https://albieaware.org/about/contact-2/,https://www.facebook.com/albieawareinc/,https://www.instagram.com/explore/locations/1015907757/albie-aware-inc?hl=en,,,
52,Alchemist CDC,http://www.alchemistcdc.org/,advocacy@alcoholjustice.org,https://www.linkedin.com/company/9746579/,https://alchemistcdc.org/contact-us/,https://www.facebook.com/AlchemistCDC/,https://www.instagram.com/alchemistcdc/,,,https://bsky.app/profile/alchemistcdc.org
53,Alcohol Justice,https://alcoholjustice.org/,,https://www.linkedin.com/company/alcohol-justice/,https://alcoholjustice.org/contact-us/,https://www.facebook.com/alcoholwatchdog,https://www.instagram.com/alcohol_justice/,,,
54,Alexandria House,https://www.alexandriahouse.org/,office@aacm.org,,,https://www.facebook.com/AlexandriaHouseLA/,https://www.instagram.com/alexandriahousela/?hl=en,,,
55,Ali Akbar College of Music,http://www.aacm.org/,info@alianzacv.org,,https://aacm.org/contact-the-ali-akbar-college-of-music/,https://www.facebook.com/pg/AliAkbarCollegeofMusic/,https://www.instagram.com/aliakbarcollegeofmusic/,,,
56,Alianza Coachella Valley,http://alianzacv.org/,,https://www.linkedin.com/company/alianza-coachella-valley/,https://www.alianzacv.org/contact-us/,https://www.facebook.com/AlianzaCoachellaValley,https://www.instagram.com/alianzacv/,,,
57,Alice Carroll Foundation,https://www.alicecarrollfoundation.org/,,,https://www.alicecarrollfoundation.org/contacts/,,,,,
58,Alisa Ann Ruch Burn Foundation,http://www.aarbf.org/,,,http://www.aarbf.org//donation-contact-us/,https://www.facebook.com/AlisaAnnRuchBurnFoundation/,https://www.instagram.com/aarbf/?hl=en,,,
59,All-American Boys Chorus,http://www.taabc.org/,,,https://taabc.org/who-we-are/taabc-contact/,https://www.facebook.com/TheBoysChorus/,https://www.instagram.com/theboyschorus/,,,
60,Alleluia,,info@afabc.org,,,,,,,
61,Alliance for a Better Community,https://afabc.org/,,https://www.linkedin.com/company/alliance-for-a-better-community/,https://afabc.org/contact/,https://www.facebook.com/afabcla/,https://www.instagram.com/afabc_la/,,,
62,Alliance for HOPE International,http://www.nfjca.org/,,,,,,,,
63,Alliance for Justice,http://www.afj.org/,,https://www.linkedin.com/company/alliance-for-justice/,https://afj.org/contact/,https://www.facebook.com/AllianceforJustice,,,,
64,Alliance Francaise de Pasadena,http://afdepasadena.org/,,,https://www.afdepasadena.org/contacts/,https://www.facebook.com/pages/Alliance-Francaise-de-Pasadena/67928118517,https://www.instagram.com/alliancefrancaisedepasadena/,,,
65,Alliance in Mentorship,https://www.mimentor.org/,,https://www.linkedin.com/company/mimentor/,,https://www.facebook.com/allianceinmentorship/,https://www.instagram.com/mimentor/,,,
66,Allmed of Los Angeles Inc,http://www.allmedla.org/,,,,,,,,
67,Almaden Valley Counseling Service,http://www.avcounseling.org/,,,https://avcounseling.org/contact/,,,,,
68,Alpha Connection Youth & Family Services,https://alphaconnection.org/,,,https://alphaconnection.org/contact/,https://www.facebook.com/alphaconnection.org,https://www.instagram.com/,,,
69,Alpha Plus Corporation,,support@altheacanines.org,,,,,,,
70,Althea Canines,http://altheacanines.org/,,,,,,,,
71,Amache Alliance,http://amachealliance.org/,"info@americansportsinstitute.org, , ",,https://www.amachealliance.org/contact,,,,,
72,American Sports Institute,http://www.americansportsinstitute.org/,,,https://americansportsinstitute.org/contact/email-subscription/,https://www.facebook.com/AmericanSportsInstitute,,,,
73,"American Volunteer Reserve, Inc.",http://www.americanvolunteerreserve.org/,,,,,,,,
74,America's Homeless Veterans,https://www.ahvets.org/,"social@thomasp60.sg-host.com, info@amikas.org, ",,https://www.ahvets.org/MailTo:contact@ahvets.org,https://www.facebook.com/americanhomelessveterans/,https://www.instagram.com/americashomelessveterans/,,,
75,Amikas,http://www.amikas.org/,mail@amity.org,,https://www.amikas.org/contact-us/,https://www.facebook.com/AmikasBridgeHousing,https://www.instagram.com/amikas108/,,,
76,Amity Institute,http://www.amity.org/,contacto@amoporteco.org,http://www.linkedin.com/company/amity-institute2019,https://amity.org/contact/,https://www.facebook.com/Amity-Institute-1131261956986435/,https://www.instagram.com/amityinstitute/,,,
77,Amor por Teco Foundation,http://amorporteco.org/,info@amplified.org,,http://amorporteco.org/contacto.html,https://www.facebook.com/groups/1203406433202591/,,,,
78,Amplified Impact Partners,http://www.amplified.org/,"anacapa@anacapaschool.org, admissions@anacapaschool.org?subject=Information%20&body=I%20would%20like%20more%20information%20about%20Anacapa%20Schoool., ",https://www.linkedin.com/company/amplifiedimpactpartners,,https://www.facebook.com/amplifiedimpactpartners/,https://www.instagram.com/amplifiedimpactpartners/,,,
79,Anacapa School,https://www.anacapaschool.org/,,,,https://www.facebook.com/theanacapaschool,https://www.instagram.com/theanacapaschool/,,,
80,ANCHOR Community Caregiver Academy,,kimberly@ancientforestsociety.org?subject=Newsletter%20subscriber&cc=Trees%40ancientforestsociety.org&body=I%20would%20like%20to%20be%20added%20to%20your%20mailing%20list.%20,,,,,,,
81,Ancient Forest Society,https://ancientforestsociety.org/,info@aiisf.org,,https://ancientforestsociety.org/contact-us,https://www.facebook.com/ancientforestsociety.org,https://www.instagram.com/ancient_forest_society/,,,
82,Angel Island Immigration Station Foundation,https://www.aiisf.org/,,,https://lp.constantcontactpages.com/sl/gTThtik,https://www.facebook.com/AIISForg,https://www.instagram.com/AIISForg,,,
83,Angels Gate Cultural Center,https://angelsgateart.org/,info@animalplace.org,,https://angelsgateart.org//about/#contact,https://www.facebook.com/angelsgateculturalcenter/,https://www.instagram.com/angelsgateart/,,,
84,Animal Place,http://www.animalplace.org/,,https://www.linkedin.com/company/animal-place/,https://animalplace.org/contact-us/,https://www.facebook.com/animalplace,https://www.instagram.com/_animalplace/,,,
85,Animal Spay & Neuter Clinic,http://animalspayneuter.com/,,,https://animalspayneuter.com/contact-us/,https://www.facebook.com/Animal-Spay-and-Neuter-Auburn-1087138704637727/,,,,
86,Antioch Community Foundation,https://acfcommunityimpact.org/,,,https://acfcommunityimpact.org/contact/,,,,,
87,Anti-Recidivism Coalition,https://antirecidivism.org/,"?subject=Anza-Borrego%20under%20the%20Stars%3A%20Clark%20Dry%20Lake&body=https%3A%2F%2Ftheabf.org%2Fevents%2Fanza-borrego-under-the-stars-clark-dry-lake%2F, info@theabf.org, ?subject=California%20Naturalist%20in%20Anza-Borrego%20%E2%80%93%20Spring%202026&body=https%3A%2F%2Ftheabf.org%2Fevents%2Fcalifornia-naturalist-in-the-desert-spring-2026%2F, ?subject=Community%20Weekly%20Weeding&body=https%3A%2F%2Ftheabf.org%2Fevents%2Fcommunity-weekly-weeding%2F, ",,https://antirecidivism.org/contact/,,https://www.instagram.com/antirecidivismcoalition/,,,
88,Anza-Borrego Foundation,http://www.theabf.org/,,,https://theabf.org/about/contact/,https://www.facebook.com/sharer/sharer.php?u=https%3A%2F%2Ftheabf.org%2Fevents%2Fcalifornia-naturalist-in-the-desert-spring-2026%2F,https://www.instagram.com/anzaborrego/,,,
89,April Parker Foundation,https://aprilparker.org/,info@aqualliance.net,,https://aprilparker.org/contact/,,,,,
90,AquAlliance,http://www.aqualliance.net/,,,https://aqualliance.net/contact/,https://www.facebook.com/AquAlliance-205755452812182/,,,,
91,Aram & Lailani Foundation,,,,,,,,,
92,Arbor Bay School,https://www.arborbayschool.org/,"info@arcatahouse.org, annex@arcatahouse.org, volunteer@arcatahouse.org, ",,https://www.arborbayschool.org/contact-us/,https://www.facebook.com/pages/Arbor-Bay-School/112268426813?ref=ts,https://www.instagram.com/arborbayschool/,,,
93,Arcata House Partnership,https://www.arcatahouse.org/,,https://www.linkedin.com/company/arcatahousepartnership/,https://www.arcatahouse.org/contact,https://www.facebook.com/ArcataHousePartnership/,https://www.instagram.com/arcatahouse/,,,
94,Area 1 Agency on Aging,http://www.a1aa.org/,contact@aricaresalliance.com,,https://a1aa.org/contact/,,,,,
95,Aricares Alliance,http://www.aricaresalliance.com/,info@mysite.com,https://www.linkedin.com/company/aricares-alliance/,https://www.aricaresalliance.com/contact-8,https://www.facebook.com/profile.php?id=61581183601150,https://www.instagram.com/aricaresalliance/,,,
96,Arielle's Light,https://www.arielleslight.org/,,,,https://www.facebook.com/profile.php?id=61571182157128,https://www.instagram.com/arielleslight/,,,
97,Arlene and Michael Rosen Foundation,http://amrf.org/,,,https://amrf.org/contact/,,,,,
98,Arlington Garden in Pasadena,http://arlingtongardenpasadena.org/,volunteer@atasite.org,,https://www.arlingtongardenpasadena.org/contact/,https://www.facebook.com/arlingtongarden/,https://www.instagram.com/arlingtonpasadena/,,,
99,Artists Television Access,http://www.atasite.org/,,,,,,,,https://bsky.app/profile/ataconnect.bsky.social
100,ARTogether,http://www.artogether.org/,info@artsandhealinginitiative.org,https://www.linkedin.com/company/artogether,https://www.artogether.org/contact-us/,https://www.facebook.com/ProjectARTogether/,https://www.instagram.com/artogether__/,,,
101,Arts and Healing Initiative,http://artsandhealinginitiative.org/,,,http://artsandhealinginitiative.org//pages/contact,https://www.facebook.com/artshealinginitiative,https://www.instagram.com/artshealinginitiative,,,
102,Arts Council for Long Beach,https://artslb.org/,info@artscouncilnv.org,,,,,,,
103,Arts Council Napa Valley,https://www.artscouncilnapavalley.org/,info@artscouncilsc.org,,https://www.artscouncilnapavalley.org/contact-us/,https://www.facebook.com/artscouncilnv,https://www.instagram.com/artscouncilnv/,,,
104,Arts Council of Santa Cruz County,https://artscouncilsc.org/,info@artsforla.org,https://www.linkedin.com/company/arts-council-santa-cruz-county,,https://www.facebook.com/artscouncilsc,https://www.instagram.com/artscouncilsc,,,
105,Arts for LA,http://www.artsforla.org/,info@artsoc.org,,https://www.artsforla.org/contact-us/,https://www.facebook.com/ArtsforLA,https://www.instagram.com/arts4la/,,,
106,Arts Orange County,http://artsoc.org/,info@AsbestosDiseaseAwareness.org,,http://artsoc.org/http://visitor.r20.constantcontact.com/manage/optin/ea?v=0018aaLHdu4GfQ0tVdLNP_J3A%3D%3D,,https://www.instagram.com/artsorangecountyca/,,,
107,Asbestos Disease Awareness Organization,http://www.adao.us/,,https://www.linkedin.com/grps/Asbestos-Disease-Awareness-Organization-ADAO-2489148?trk=myg_ugrp_ovr,https://www.asbestosdiseaseawareness.org/about-adao/contact-us/,https://www.facebook.com/ADAOAsbestos,,,,
108,Ascend Wilderness Experience,https://ascendwilderness.org/,info@ashbyvillage.org,,https://ascendwilderness.org/contact/,,,,,
109,Ashby Village,http://www.ashbyvillage.org/,info-at-asamnews.com,https://www.linkedin.com/company/ashby-village,,https://www.facebook.com/ashbyvillage/,,,,
110,Asian American Media Inc,https://asamnews.com/,,,,https://www.facebook.com/AsAmNews,https://www.instagram.com/asamnews/,,,https://bsky.app/profile/asamnews.bsky.social
111,Asian Law Caucus,http://www.asianlawcaucus.org/,admin@apali.org,,,https://www.facebook.com/asianlawcaucus/,https://www.instagram.com/asianlawcaucus/,,,
112,Asian Pacific American Leadership Institute,http://apali.org/,general@apcf.org,,https://lp.constantcontactpages.com/sl/s16cDDf,,,,,
113,Asian Pacific Community Fund,http://www.apcf.org/,,https://www.linkedin.com/company/1934839/,,https://www.facebook.com/apcfla/,https://www.instagram.com/asianpaccommfund/,,,
114,Asian Pacific Institute on Gender-Based Violence,https://www.api-gbv.org/,,,https://api-gbv.org/contact-us/,,,,,
115,Asian Women's Shelter,http://www.sfaws.org/,,,http://www.sfaws.org/contact,https://www.facebook.com/sfaws/,https://www.instagram.com/sf_aws,,,
116,Association for Environmental and Outdoor Education (AEOE),http://aeoe.org/,office@acso.org,https://www.linkedin.com/company/association-for-environmental-and-outdoor-education-aeoe/,,https://www.facebook.com/caeoe,https://www.instagram.com/caeoe/,,,
117,Association of California Symphony Orchestras,http://www.acso.org/,mailbox@achsa.net,https://www.linkedin.com/company/acso-linkedin/,https://www.acso.org/staff-and-contact/,,https://www.instagram.com/acso_gram/,,,
118,Association of Community Human Service Agencies,https://achsa.net/,jupiter@alpo-astronomy.org,https://www.linkedin.com/company/association-of-community-human-serv-ice-agencies-achsa-/about/?viewAsMember=true,https://achsa.net/contact-us,,https://www.instagram.com/achsalosangeles/,,,
119,Association of Lunar and Planetary Observers,http://www.alpo-astronomy.org/,,,,,,,,
120,Association of Moving Image Archivists,http://www.amianet.org/,,,,https://www.facebook.com/amiarchivists/,https://www.instagram.com/AMIArchivists/,,,
121,Association of Regional Center Agencies,http://www.arcanet.org/,,,,,https://www.instagram.com/arcacalifornia/,,,
122,Association of Two-Way & Dual Language Education,http://www.atdle.org/,,,https://atdle.org/contact/,https://www.facebook.com/ATDLE/,https://www.instagram.com/atdletwbi/,,,
123,Associations West,http://myassociationswest.org/,,https://www.linkedin.com/company/associationswest,http://myassociationswest.org/contact-us,https://www.facebook.com/associationswest,https://www.instagram.com/associationswest,,,
124,Atsapaq,http://atsapaq.org/,"info@your-domain.com, info@ieautism.org, ",https://www.linkedin.com/company/wix-com,https://www.atsapaq.org/contact,https://www.facebook.com/WixStudio,,,,
125,Autism Society Inland Empire,http://www.ieautism.org/,admin@backyardkidstheater.com,https://www.linkedin.com/company/33152931/,,https://www.facebook.com/AutismSocietyInlandEmpire,https://www.instagram.com/autismsocietyinlandempire/,,,
126,Backyard Kids' Theater,http://backyardkidstheater.com/,foundation@bakersfieldcollege.edu,,https://www.backyardkidstheater.com/contact,,https://www.instagram.com/backyardkidstheater/,,,
127,Bakersfield College Foundation,https://www.supportbc.org/,,https://www.linkedin.com/company/bcfoundation/,https://supportbc.org/contact/,https://www.facebook.com/BakersfieldCollegeFoundation,https://www.instagram.com/bakersfieldcollegefoundation/,,,
128,Barrio Action Youth & Family Center,http://www.barrioaction.org/,,https://www.linkedin.com/company/barrio-action-youth-and-family-center,https://barrioaction.org/contact-us/,https://www.facebook.com/barrioaction/,https://www.instagram.com/barrioaction/,,,
129,Bay Area Bioscience Education Community,https://www.instagram.com/babec_org/, info@bayareacancer.org,,,https://www.facebook.com/help/instagram/261704639352628,,,https://www.threads.com/,
130,Bay Area Cancer Connections,http://www.bayareacancer.org/,,,https://www.bayareacancer.org/contact-us/,https://www.facebook.com/bayareacancer,https://www.instagram.com/bayareacancer/,,,
131,Bay Area Crisis Nursery,https://bayareacrisisnursery.org/,,https://www.linkedin.com/company/bay-area-crisis-nursery/about/,https://bayareacrisisnursery.org/contact/,https://www.facebook.com/bacnspage/,https://www.instagram.com/bayareacrisisnursery/,,,
132,Bay Area Lawyers for Individual Freedom,https://www.balif.org/,info@borp.org,https://www.linkedin.com/groups/3153404/,https://balif.org/contact/,https://www.facebook.com/BALIFSF/,https://www.instagram.com/balif_bar/,,,
133,Bay Area Outreach & Recreation Program,https://www.borp.org/,,,https://www.borp.org/about/contact-us/,https://www.facebook.com/borp.org/,https://www.instagram.com/borp_org/?hl=en,,,
134,Bay Area Social Empowerment (dba BASE),https://baseyouthservices.org/,info@bayareatutor.org,,,,,,,
135,Bay Area Tutoring Association,https://bayareatutor.org/,bawsi@bawsi.org?,https://www.linkedin.com/company/bayareatutoringassociation/,https://bayareatutor.org/contact/,https://www.facebook.com/BayAreaTutoringAssociation?ref=hl,https://www.instagram.com/bayareatutoring/?hl=en,,,
136,Bay Area Women's Sports Initiative (BAWSI),http://www.bawsi.org/,,https://www.linkedin.com/company/bay-area-women's-sports-initiative-bawsi-/,http://www.bawsi.org/contact-us,https://www.facebook.com/BAWSI.org/posts,https://www.instagram.com/bawsi/,,,
137,Bay Nature Institute,https://baynature.org/,,https://www.linkedin.com/company/bay-nature-institute,,https://www.facebook.com/BayNature/,https://www.instagram.com/baynaturemagazine/,,,
138,BayGeo,http://baygeo.org/,"Passport@beaconsnorthcounty.com, info@BeaconsNorthCounty.com, PathFinder@BeaconsNorthCounty.com, studio@beaconsnorthcounty.com, Explorer@BeaconsNorthCounty.com, Club@BeaconsNorthCounty.com, HR@BeaconsNorthCounty.com, ",https://www.linkedin.com/company/baygeo/,,,,,,
139,"Beacons, Inc.",http://www.beaconsnorthcounty.com/,,,,https://www.facebook.com/BeaconsInc/,https://www.instagram.com/beaconsnorthcounty/,,,
140,Beekeepers Guild of Santa Barbara,http://www.beeguildsb.org/,,,http://www.beeguildsb.org/contact-us,https://www.facebook.com/BeekeepersGuildSB,https://www.instagram.com/beeguildsb,,,
141,BEKIND Coaching Org,http://www.bekindcoaching.org/,,,,https://www.facebook.com/sharer/sharer.php?u=https://www.bekindcoaching.org/event-details-registration/sip-paint-and-transform-a-fundraiser-for-bekind-coaching-org&quote=Check%20out%20this%20event.%20Hope%20to%20see%20you%20there!,,,,
142,Benton Boosters,,,,,,,,,
143,Berkeley Community Scholars,https://berkeleyscholars.org/,info@bgc.org,https://www.linkedin.com/company/berkeley-community-scholars/,https://berkeleyscholars.org/about/contact-us/,https://www.facebook.com/berkscholars,https://www.instagram.com/berkscholars/,,,
144,Berkeley Geochronology Center,https://www.bgc.org/,,,https://www.bgc.org/contact,,,,,
145,Berkeley Public Library Foundation,https://bplf.org/,,,https://bplf.org/contact/,https://www.facebook.com/BerkeleyPublicLibraryFoundation/,https://www.instagram.com/bplibfoundation/,,,
146,Berkeley Public Schools Fund,http://www.berkeleypublicschoolsfund.org/,info@byaonline.org?,https://www.linkedin.com/company/berkeley-public-schools-fund/,https://www.berkeleypublicschoolsfund.org/mission/#contactus,https://www.facebook.com/berkeleypublicschoolsfund,https://www.instagram.com/berkeleypublicschoolsfund/,,,
147,Berkeley Youth Alternatives,http://www.byaonline.org/,"Shyatt@bhnc.org, info@bhnc.org, ",,http://www.byaonline.org/contact-us,https://www.facebook.com/byabayarea/,https://www.instagram.com/berkeleyyouthalternatives/,,,
148,Bernal Heights Neighborhood Center,http://www.bhnc.org/,,,https://bhnc.org/contact-us/,https://www.facebook.com/bhncjoin/,https://www.instagram.com/bhncsf/,,,
149,Bet Tzedek Legal Services,https://bettzedek.org/,info@beyondblindness.org,https://www.linkedin.com/company/bet-tzedek-legal-services/,,https://www.facebook.com/bettzedek,https://www.instagram.com/bettzedek/,,,
150,Beyond Blindness,https://www.beyondblindness.org/,beyondinvisiblebars@gmail.com,https://www.linkedin.com/company/beyond-blindness-oc,https://www.beyondblindness.org/contact/,,https://www.instagram.com/beyondblindness/,,,
151,Beyond Invisible Bars,https://beyondinvisiblebars.org/,,,,,,,,
152,Beyond Us & Them,http://beyondusandthem.org/,,https://www.linkedin.com/company/beyondusandthem/,https://beyondusandthem.org/contact-us/,https://www.facebook.com/beyondusandthem,https://www.instagram.com/beyondusandthem,,,
153,Bicycle Kitchen / La Bici-Cocina,https://instagram.com/bicicocina,,,,https://www.facebook.com/help/instagram/261704639352628,,,https://www.threads.com/,
154,Big Brothers Big Sisters of Northern Sierra,http://www.bbbsns.org/,,,,,,,,
155,Big Brothers Big Sisters of San Luis Obispo County,http://www.slobigs.org/,contact@bbbsmontereybay.org,,https://www.slobigs.org/contact/,https://www.facebook.com/Big-Brothers-Big-Sisters-of-San-Luis-Obispo-County-122520060660/,https://www.instagram.com/slobigs/,,,
156,Big Brothers Big Sisters of Santa Cruz County,http://www.santacruzmentor.org/,BIGMIKESBOTTOMLINE@GMAIL.COM,,http://www.santacruzmentor.org/mailto:contact@bbbsmontereybay.org,,,,,
157,Big Mike's Bottom Line,http://www.bigmikesbottomline.org/,,https://www.linkedin.com/company/big-mike-s-bottom-line/,,https://www.facebook.com/profile.php?id=61556412849303,https://www.instagram.com/bigmikesbottomline/,,,
158,Big Sur Health Center,http://bigsurhealthcenter.org/,,,http://bigsurhealthcenter.org/contact.html,https://www.facebook.com/BigSurHealthCenter?ref=ts&fref=ts,https://www.instagram.com/bigsurhealthcenter/,,,
159,Big Sur International Marathon,http://www.bsim.org/,,,,,,,,
160,Bigfoot Trail Alliance,https://www.bigfoottrail.org/,binational@binationalca.org,,https://www.bigfoottrail.org/our-work/contact/,,,,,
161,Binational of Central California,https://binationalca.org/,,https://www.linkedin.com/company/binational/,https://binationalca.org/contact-us/,https://www.facebook.com/BOCCFresno/,https://www.instagram.com/bocc.fresno/,,,
162,Biodiversity Funders Group/ Consultative Group On Biological Diversity,http://www.biodiversityfunders.org/,,,,,,,,
163,Biomimicry Institute,http://www.biomimicry.org/,,https://www.linkedin.com/company/biomimicryinstitute,https://biomimicry.org/contact/,,,,,
164,Black Being,https://blackbeingla.org/,info@bcifund.org,,,,https://www.instagram.com/blackbeingla/,,,
165,Black Cooperative Impact Fund,http://www.bcifund.org/,,,,https://www.facebook.com/bcifund/,http://www.instagram.com/bcifund,,,
166,Black Mountain Dance Foundation,http://www.socalballet.org/,,,http://www.socalballet.org/contact,https://www.facebook.com/SouthernCaliforniaBallet/,https://www.instagram.com/southerncaliforniaballet/,,,
167,Black Music Action Coalition,https://www.bmacoalition.org/,info@example.com,,https://www.bmacoalition.org/contact,https://www.facebook.com/Black-Music-Action-Coalition-105504337884039,,,,
168,Black Organizing Project,http://www.blackorganizingproject.org/,,https://www.linkedin.com/company/black-organizing-project,http://www.blackorganizingproject.org/contact-us,https://www.facebook.com/BlackOrgProject,https://www.instagram.com/blackorganizingproject/,,,
169,Black Students of California United,https://www.blackstudentscu.us/,info@bdcouncilca.org,https://www.linkedin.com/company/blackstudentscu,https://www.blackstudentscu.us/contact-us,,,,,
170,Bleeding Disorders Council of California,http://www.bdcouncilca.org/,fdesk@blindnesssupport.com,https://www.linkedin.com/company/bleeding-disorders-council-california,https://www.bdcouncilca.org/contact-us/,https://www.facebook.com/bdcouncilca,https://www.instagram.com/bdcouncilofca/,,,
171,"Blindness Support Services, Inc.",http://www.blindnesssupport.com/,info@bluebannervb.com,,http://www.blindnesssupport.com/contact us.html,,,,,
172,Blue Banner Volleyball,http://bluebannervb.com/,,,https://bluebannervb.com/contact-us/,https://www.facebook.com//bluebannervb,https://www.instagram.com/bluebannervb,,,
173,Blue Shield of California Foundation,https://blueshieldcafoundation.org/,hello@blueskycenter.org,https://www.linkedin.com/company/blue-shield-of-california-foundation/,https://blueshieldcafoundation.org/contact-us,https://www.facebook.com/blueshieldcafoundation,https://www.instagram.com/blueshieldcafoundation,,,
174,Blue Sky Center,http://www.blueskycenter.org/,(661) 312-6184,,,https://www.facebook.com/madeincuyama,,,,
175,Blue Star Ranch,http://bluestarranch.org/,,,https://bluestarranch.org/contact-us/,https://www.facebook.com/profile.php?id=100067460895750,,,,
176,BlueSkies For Children,http://www.blueskies4children.org/,,https://www.linkedin.com/company/blueskies-for-children,http://www.blueskies4children.org/contact-us,,,,,
177,Boho Foundation,,,,,,,,,
178,Bon Air Cottage,,,,,,,,,
179,Bosana Foundation,http://bosanafoundation.org/,,https://www.linkedin.com/company/bosana-foundation/about/,,https://www.facebook.com/BosanaFoundation/,https://www.instagram.com/bosanafnd/,,,
180,Boxtales Theatre Company,http://www.boxtales.org/,,,https://boxtales.org/contact,,,,,
181,Boys & Girls Clubs of Garden Grove,https://bgcgg.org/,,,,https://www.facebook.com/BGCGardenGrove,,,,
182,Brannan Center,https://www.buildbrannancenter.org/,,,,,,,,
183,Breakout Prison Outreach dba California Youth Outreach,http://www.cyoutreach.org/,julie@bcpp.org,,,,,,,
184,Breast Cancer Prevention Partners,http://bcpp.org/,info@bcrcsb.org,https://www.linkedin.com/company/breast-cancer-prevention-partners,http://bcpp.org/contact-us/,https://www.facebook.com/BCPPartners/,https://www.instagram.com/bcppartners/,,,
185,Breast Cancer Resource Center of Santa Barbara,https://www.bcrcsb.org/,,https://www.linkedin.com/company/breast-cancer-resource-center-of-santa-barbara/,https://www.bcrcsb.org/contact/,https://www.facebook.com/BCRCSB/,https://www.instagram.com/bcrcsb/,,,
186,Breathe Southern California,https://www.breathesocal.org/,,https://www.linkedin.com/company/breathesocal,,https://www.facebook.com/Breathesocal,https://www.instagram.com/breathesocal/,,,
187,Bridge the Gap College Prep,https://btgcollegeprep.org/,brisbanevillagehelpinghands@gmail.com,,,,,,,
188,Brisbane Village Helping Hands,http://brisbanevillage.org/,cesar@brothersontherise.org,,,,,,,
189,Brothers On The Rise,http://www.brothersontherise.org/,,,https://brothersontherise.org/contact/,,,,,
190,Berkeley Student Cooperative,http://www.bsc.coop/,,,,,,,,
191,Buddhist Church of San Francisco,http://www.buddhistchurchofsanfrancisco.org/,,,http://www.buddhistchurchofsanfrancisco.org/contact-1,https://www.facebook.com/Buddhist-Church-of-San-Francisco-155091384627181/,http://www.instagram.com/buddhistchurchofsanfrancisco,,,
192,Building Futures Inc,https://buildingfuturesinc.org/,,,https://buildingfuturesinc.org/contact-us,https://www.facebook.com/buildingfuturesincorporated,https://www.instagram.com/bfi_2010,,,
193,Burbank Philharmonic Orchestra,http://www.burbankphilharmonic.org/,info@burlingamelibraryfoundation.org?,,https://www.burbankphilharmonic.org/contact,https://www.facebook.com/burbankphilharmonic/,https://www.instagram.com/,,,
194,Burlingame Library Foundation,https://www.burlingamelibraryfoundation.org/,bvadmin@humboldt1.com,,https://www.burlingamelibraryfoundation.org/contactus,,,,,
195,Butler Valley Incorporated,http://butlervalley.org/,Ready@buttefiresafe.net,,,,,,,
196,Butte County Fire Safe Council,http://buttefiresafe.net/,,https://www.linkedin.com/company/butte-county-fire-safe-council/,http://buttefiresafe.net/contact,https://www.facebook.com/buttefiresafe/,https://www.instagram.com/buttefiresafe/,,,
197,Butte County Local Food Network,https://www.bclocalfood.org/,,,https://www.bclocalfood.org/contact,https://www.facebook.com/ButteCountyLocalFoodNetwork/,https://www.instagram.com/bclocalfood/,,,
198,Butte Environmental Council,http://www.becnet.org/,"publicprograms@junginla.org, administration@junginla.org, ",,http://www.becnet.org/contact-us,https://www.facebook.com/butteenvironmentalcouncil,https://www.instagram.com/butteenvironmentalcouncil,,,
199,C. G. Jung Institute of Los Angeles,https://junginla.org/,,,https://junginla.org/contact-us,,,,,
200,C.O.P.E. Family Support Center,http://copefamilysupport.org/,info@mysite.com,,https://copefamilysupport.org/contact/,,,,,
201,CA Black Women's Collective Empowerment Institute,https://www.cablackwomenscollective.org/,info@cabrilloedc.org,,https://www.cablackwomenscollective.org/contact-us,https://www.facebook.com/CABlackWomensCollective/,https://www.instagram.com/cablackwomenscollective/,,,
202,Cabrillo Economic Development Corporation,http://www.cabrilloedc.org/,,https://www.linkedin.com/company/1410268?trk=tyah&trkInfo=clickedVertical%3Acompany%2Cidx%3A1-1-1%2CtarId%3A1434560238403%2Ctas%3Acabrillo%20ec,https://www.cabrilloedc.org/contact-us/,https://www.facebook.com/CEDCVC,https://www.instagram.com/cabrilloedc/,,,
203,Cabrillo Education Foundation,http://ceffund.org/,,,,https://www.facebook.com/CabrilloEducationFoundation/,https://www.instagram.com/cefcoastside/,,,
204,CactusToCloud Institute,http://www.cactustocloud.org/,info@calicocenter.org,,,https://www.facebook.com/Cactus2Cloud,https://www.instagram.com/cactustocloud/,,,https://bsky.app/profile/cactustocloud.org
205,"CALICO - Child Abuse Listening, Interviewing, and Coordination Center",http://www.calicocenter.org/,info@ca211.org,,https://www.calicocenter.org/contact-us,https://www.facebook.com/calicoforkids,https://www.instagram.com/calicoforkids/,,,
206,California 211 Providers Network,https://www.211california.org/,,,,,,,,
207,California Access to Justice Commission,http://calatj.org/,,,,,,,,
208,California Alliance of Caregivers,http://www.cacaregivers.org/,info@cacfs.org,,,https://www.facebook.com/cacaregivers,https://www.instagram.com/cacaregivers,,,
209,California Alliance of Child and Family Services,https://www.cacfs.org/,reception@cahperd.org,,,https://www.facebook.com/CAAllianceKIDS/,,,,
210,"California Association for Health, Physical Education, Recreation and Dance",http://www.cahperd.org/,,,,https://www.facebook.com/cahperd,https://www.instagram.com/cahperd/,,,
211,California Association for Micro Enterprise Opportunity (CAMEO Network),http://www.cameonetwork.org/,,,,,,,,
212,California Association of Food Banks (CAFB),http://www.cafoodbanks.org/,,https://www.linkedin.com/company/cafoodbanks/,https://www.cafoodbanks.org/contact-us/,https://www.facebook.com/cafoodbanks,https://www.instagram.com/cafoodbanks,,,
213,California Association of Human Relations Organizations (CAHRO),http://www.cahro.org/,%20cam@calmuseums.org,,,,,,,
214,California Association of Museums,http://www.calmuseums.org/,info@carcd.org,https://www.linkedin.com/groups/2786164,https://calmuseums.org/contact-us/,,https://www.instagram.com/calmuseums,,,
215,California Association of Resource Conservation Districts,https://carcd.org/,casra@casra.org,,,,,,,
216,California Association of Social Rehabilitation Agencies,http://www.casra.org/,,,https://casra.org/contactus-social-rehabilitation-agency.html,,,,,
217,California Behavioral Health Association,http://cccbha.org/,dsutton@ca-biomed.org,https://www.linkedin.com/company/ca-behavioral-health-association/,https://members.calbha.org/contact,https://www.facebook.com/cccbha/,https://www.instagram.com/behavioralhealthofca/?utm_source=ig_embed&utm_campaign=loading,,,https://bsky.app/profile/cbha.bsky.social
218,California Biomedical Research Association,http://www.ca-biomed.org/,info@blackpowernetwork.org,https://www.linkedin.com/company/18043886/,https://ca-biomed.org/contact/,https://www.facebook.com/CaliforniaBiomedicalResearchAssociation/,,,,
219,California Black Power Network,http://www.blackpowernetwork.org/,,,,https://www.facebook.com/BlkPowerNetwork/,https://www.instagram.com/blkpowernetwork/,,,
220,California Bluegrass Association,https://californiabluegrass.org/,,,https://californiabluegrass.org/contact/,https://www.facebook.com/californiabluegrass/,https://www.instagram.com/californiabluegrass/,,,
221,California Breast Cancer Support Inc,,hello@californiabreastfeeding.org,,,,,,,
222,California Breastfeeding Coalition,https://californiabreastfeeding.org/,,https://www.linkedin.com/company/california-breastfeeding-coalition/,https://visitor.r20.constantcontact.com/manage/optin?v=001jarSHX2McaS8qheQh7JhYESKguXQ3sHLvS5X3YxMc1XXe4Jcnj-EDNc4M2RcpDs3GikvnRZiB5HhYQtP5D9tYQwsJtOF4XWtCpNrrqa-Hww%3D,https://www.facebook.com/CaliforniaBreastfeedingCoalition,https://www.instagram.com/ca_breastfeeding/,,,
223,California Center for Cooperative Development,http://www.cccd.coop/,,,http://www.cccd.coop/contact-us,https://www.facebook.com/California-Center-for-Cooperative-Development-293602278779,,,,
224,California Center for Movement Legal Services,https://www.movementlegal.org/,,https://www.linkedin.com/company/centerformovementlegalservices/,https://www.movementlegal.org/contact-us,https://www.facebook.com/Movementlegalservices,https://www.instagram.com/movement_legal/,,,
225,California Certifying Board of Medical Assistants,https://ccbma.org/,,,https://ccbma.org/contact/,,,,,
226,California Child Care Resource & Referral Network,http://www.rrnetwork.org/,"jobs@calyouth.org, outreach@calyouth.org, info@calyouth.org, membership@calyouth.org, jade@calyouth.org, cycl@calyouth.org, advocacy@calyouth.org, ",,https://rrnetwork.org/about/contact,https://www.facebook.com/CARRNetwork/,,,,
227,California Coalition for Youth,http://www.calyouth.org/,,,,https://www.facebook.com/calyouth.org/,https://www.instagram.com/calyouth/,,,
228,California Coastal Rural Development Corp.,http://www.calcoastal.org/,info@ccijustice.org,https://www.linkedin.com/profile/view?id=147452751,https://www.calcoastal.org/contact-us/,https://www.facebook.com/pages/California-Coastal-Rural-Development-Corp/158218290875870,,,,
229,California Collaborative for Immigrant Justice,https://www.ccijustice.org/,,https://www.linkedin.com/company/california-collaborative-for-immigrant-justice/,,https://www.facebook.com/ccijustice,https://www.instagram.com/browbarinc_template/,,,https://bsky.app/profile/ccijustice.bsky.social
230,California Community Action Partnership Association [CalCAPA],http://calcapa.org/,,,,,,,,
231,California Consortium for Urban Indian Health,http://www.ccuih.org/,staff@californiacasa.org,,,,,,,
232,California Court Appointed Special Advocate Association,http://www.californiacasa.org/,,https://www.linkedin.com/company/california-casa-association/,http://www.californiacasa.org/contact,https://www.facebook.com/californiacasa/,,,,
233,California Desert Chorale,http://www.californiadesertchorale.org/,,,http://www.californiadesertchorale.org/contact-us,https://www.facebook.com/californiadesertchorale/,https://www.instagram.com/californiadesertchorale/?hl=en,,,
234,California Electric Transportation Coalition,https://caletc.com/,,https://www.linkedin.com/company/california-electric-transportation-coalition/,https://caletc.com/contact/,,,,,
235,California Family Life Center,https://www.cflckids.org/,,,https://www.cflckids.org///www.cflckids.org/contact-us,,,,,
236,California for the Arts,http://www.caforthearts.org/,,https://www.linkedin.com/company/californians-for-the-arts/,,https://www.facebook.com/CaliforniafortheArts,https://www.instagram.com/caforthearts/,,,
237,California Foundation for Independent Living Centers,http://www.cfilc.org/,,,http://www.cfilc.org/contact-cfilc/,https://www.facebook.com/CFILC.org/,https://www.instagram.com/cfilc_1982/,,,
238,"California Grey Bears, Inc.",http://www.greybears.org/,,,,https://www.facebook.com/greybears.org,https://www.instagram.com/greybearssantacruz/,,,
239,California Health Advocates,http://www.cahealthadvocates.org/,,,,,,,,
240,California Health Collaborative,https://healthcollaborative.org/,,,https://healthcollaborative.org/contact/,,,,,
241,California Healthcare Foundation,http://www.chcf.org/,info@calhsng.org,https://www.linkedin.com/company/california-health-care-foundation/,https://www.chcf.org/contact-us/,,,,,
242,California Housing Consortium,http://www.calhsng.org/,,,https://calhsng.org/contact-us/,,,,,
243,California Humanities,http://www.calhum.org/,,https://www.linkedin.com/company/2266625/admin/,http://www.calhum.org//about-us/contact-us/,https://www.facebook.com/cahumanities/,https://www.instagram.com/california_humanities/,,,
244,California Indian Legal Services,http://www.calindian.org/,info@cal-ipc.org,,https://lp.constantcontactpages.com/sl/F8GbLd4/newsletter,,,,,
245,California Invasive Plant Council,http://www.cal-ipc.org/,"webmaster@clta.net, exec-director@clta.net, ",https://www.linkedin.com/company/california-invasive-plant-council/,https://www.cal-ipc.org/about/contact/,https://www.facebook.com/CaliforniaInvasivePlantCouncil/,https://www.instagram.com/cal_ipc/,,,
246,California Language Teachers Association,http://clta.net/,,https://www.linkedin.com/in/clta-ca-language-teachers-association-66140a277/,https://clta.net/advocacy/contact-your-legislators/,https://www.facebook.com/calangteachersassoc/,https://www.instagram.com/calangteachersassoc/,,,
247,California League of Park Associations (CALPA),http://www.calpa.org/,,https://www.linkedin.com/company/california-league-of-park-associations/,,https://www.facebook.com/CALPA.CalParksLeague,https://www.instagram.com/calpa.calparksleague/,,,
248,California LULAC Foundation,http://www.calulacfoundation.org/,nonprofit@CalLutheran.edu,https://www.linkedin.com/,http://www.calulacfoundation.org/contact,https://www.facebook.com/people/CA-LULAC-Foundation/61571026825329/,https://www.instagram.com/calulacfoundation/?igsh=NTc4MTIwNjQ2YQ%3D%3D,,,https://bsky.app/profile/calulacfoundation.bsky.social
249,California Lutheran University - Center for Nonprofit Leadership,https://www.callutheran.edu/centers/nonprofit/,complaints@camtc.org,https://www.linkedin.com/company/center-for-nonprofit-leadership/,https://www.callutheran.edu/centers/nonprofit//directory/contact.html,https://www.facebook.com/clucnl/,https://www.instagram.com/clunonprofit/,,,
250,California Massage Therapy Council,http://www.camtc.org/,"Kmcphaul@cncda.org, Foundation@cncda.org?subject=CNCDAF%20-%20Get%20Involved!, ",,http://www.camtc.org/contact-us/,,,,,
251,California New Car Dealers Association Foundation,https://www.cncdafoundation.org/,,https://www.linkedin.com/company/california-new-car-dealers-association,,https://www.facebook.com/CNCDA/,https://www.instagram.com/cncdaorg/,,,
252,California Pan-Ethnic Health Network,http://www.cpehn.org/,,https://www.linkedin.com/company/18043449,https://cpehn.org/about-us/contact-us/,https://www.facebook.com/CPEHN,https://www.instagram.com/calpehn/,,,https://bsky.app/profile/cpehn.bsky.social
253,California Partnership to End Domestic Violence,https://www.cpedv.org/,,,https://www.cpedv.org/contact-us/,https://www.facebook.com/CAPartnershiptoEndDV,https://www.instagram.com/endingdvinca,,,
254,California Public Domain Allotee Association,https://ca.ltddir.com/companies/california-public-domain-allottee-association/,info@californiareleaf.org,,,,,,,
255,California ReLeaf,http://californiareleaf.org/,,http://www.linkedin.com/company/california-releaf,,,https://www.instagram.com/calreleaf/,,,
256,California School-Based Health Alliance,http://www.schoolhealthcenters.org/,info.calsatf@gmail.com,https://www.linkedin.com/company/californiaschoolbasedhealthalliance-/,https://www.schoolhealthcenters.org/about/contact-us/,,,,,https://bsky.app/profile/sbh4ca.bsky.social
257,California Staff Assault Task Force,http://www.calsatf.org/,,,https://calsatf.org/contact/,,,,,
258,California State Parks Foundation,http://www.calparks.org/,pda-lla@outlook.com,,http://www.calparks.org/contact,https://www.facebook.com/calparks,https://www.instagram.com/calparks/,,,https://bsky.app/profile/californiaparks.bsky.social
259,California Tobacco Control LLA Project Directors,http://www.llaprojectdirectorsassociation.org/,,,http://www.llaprojectdirectorsassociation.org/contact-us,,,,,
260,California Ultimate Association,http://calulti.org/,,,,,,,,
261,California WIC Association,http://www.calwic.org/,,https://www.linkedin.com/company/california-wic-association,,https://www.facebook.com/pages/California-WIC-Association/108272802776,https://www.instagram.com/calwicassociation/,,,https://bsky.app/profile/calwicassociation.bsky.social
262,California YIMBY,https://cayimby.org/,info@calyouthconn.org,,,,http://www.instagram.com/cayimby,,,
263,California Youth Connection,http://www.calyouthconn.org/,,https://www.linkedin.com/company/calyouthconn/,https://calyouthconn.org/get-involved/contact-us/,https://www.facebook.com/CalYouthConn/,http://www.instagram.com/calyouthconn,,,
264,Californians Against Waste,http://cawrecycles.org/,,https://www.linkedin.com/company/cawrecycles/,http://cawrecycles.org/contact,https://www.facebook.com/cawrecycles,https://www.instagram.com/p/DWHuDDZEqn5/,,,
265,Californians for Justice Education Fund,https://caljustice.org/,"membership@calmatters.org, info@calmatters.org, commentary@calmatters.org, ",https://www.linkedin.com/company/caljustice/,https://caljustice.org/contact/,,https://www.instagram.com/cal4justice/,,,
266,CalMatters,https://calmatters.org/,,https://www.linkedin.com/company/calmatters/,https://calmatters.org/about/contact-us/#manage-your-donation,https://www.facebook.com/calmatters/,https://www.instagram.com/calmatters/,,,https://bsky.app/profile/calmatters.org
267,Cambodia Town Inc.,https://cambodiatown.org/,,,,https://www.facebook.com/cambodiatownusa012020,,,,
268,Camp Phoenix,https://www.campphoenix.org/," energysd@campesinosunidos.org,  energy@campesinosunidos.org, ",,https://campphoenix.org/contact/,https://www.facebook.com/thecampphoenix,https://www.instagram.com/campphoenix,,,
269,Campesinos Unidos Inc,https://campesinosunidos.org/,campkrem@campingunlimited.org,,https://campesinosunidos.org/contact/,https://www.facebook.com/CampesinosUnidosInc/,,,,
270,Camping Unlimited for the Developmentally Disabled,https://campingunlimited.org/,,,https://campingunlimited.org/contact-us/,https://www.facebook.com/CampKrem1957,https://www.instagram.com/camp.krem/,,,
271,Canal Alliance,https://www.canalalliance.org/,,,,,,,,
272,Cancer CAREpoint,http://www.cancercarepoint.org/,info@crcmendocino.org,,https://www.cancercarepoint.org/contact-us/,https://www.facebook.com/CancerCAREpoint,https://www.instagram.com/cancer_carepoint/,,,
273,Cancer Resource Centers of Mendocino County,http://www.crcmendocino.org/,"info@CSCSouthBay.org, info@cscsouthbay.org, ",,,,,,,
274,Cancer Support Community South Bay,https://www.cscsouthbay.org/,info@cancersupportvvsb.org,https://www.linkedin.com/company/cancer-support-community-south-bay/,https://www.cscsouthbay.org/contact-us/,https://www.facebook.com/CSCSouthBay,https://www.instagram.com/cscsouthbay/,,,
275,Cancer Support Community Valley/Ventura/ Santa Barbara,https://www.cancersupportvvsb.org/,,https://www.linkedin.com/company/cscvvsb/,https://cancersupportvvsb.org/contact/,https://www.facebook.com/cancersupportVVSB,https://www.instagram.com/cancersupportvvsb/,,,
276,Capitalists for Shared Income,https://www.capitalists4si.org/,,https://www.linkedin.com/company/capitalists4si,https://www.capitalists4si.org/contact,https://www.facebook.com/Capitalists4SharedIncome,https://www.instagram.com/capitalists4si/,,,
277,Capitola-Soquel Chamber of Commerce,http://www.capitolachamber.com/,info@carboncycle.org,,https://www.capitolachamber.com/contact-us/,https://www.facebook.com/CapitolaSoquelChamber,https://www.instagram.com/capitolasoquelchamber/,,,
278,Carbon Cycle Institute,https://www.carboncycle.org/,,https://www.linkedin.com/company/carbon-cycle-institute/,https://www.carboncycle.org/ccis-team-contact/,,https://www.instagram.com/carbon.cycle.institute/,,,
279,"Carousel Ranch, Inc.",http://www.carouselranch.org/,,https://www.linkedin.com/in/deniseatcarousel,http://www.carouselranch.org/contact-us,https://www.facebook.com/CarouselRanch,https://www.instagram.com/carouselranch/,,,
280,Carpinteria Children's Project,https://carpchildren.org/,info@carrythevision.org?,,,https://www.facebook.com/CarpinteriaChildrensProject,https://www.instagram.com/carpchildrensproject/,,,
281,Carry the Vision,https://www.carrythevision.org/,,,https://www.carrythevision.org/contact,https://www.facebook.com/CarryTheVision,https://www.instagram.com/carrythevision/,,,
282,Casa di Mir Montessori School,http://www.casadimir.org/,ceo@casamajor.org,,,,,,,
283,"Casa Major, Inc.",http://www.casamajor.org/,,,http://www.casamajor.org/#contact,,,,,
284,CASA of Fresno and Madera Counties,http://www.casafresno.org/,info@humboldtcasa.org,,https://www.casafresnomadera.org/contact/,https://www.facebook.com/CASAofFresnoMadera,https://www.instagram.com/casafresno_madera/,,,
285,CASA of Humboldt,https://www.humboldtcasa.org/,,,https://www.humboldtcasa.org/contact-us,https://www.facebook.com/humboldtcasa,,,,
286,CASA of Santa Cruz County,http://www.casaofsantacruz.org/,,https://www.linkedin.com/company/casa-of-santa-cruz-county/,https://casaofsantacruz.org/about-us/contact.html,https://www.facebook.com/CASAScruz/,https://www.instagram.com/casaofsantacruz/,,,
287,CASA Sacramento,http://www.sacramentocasa.org/,,https://www.linkedin.com/company/casa-sacramento/,https://sacramentocasa.org/contact/,https://www.facebook.com/SacramentoCASA,https://www.instagram.com/casasacramento/,,,
288,Catalyst of San Diego & Imperial Counties,https://catalystsd.org/,,https://www.linkedin.com/company/sandiegograntmakers,https://catalystsd.org/contact-us/,https://www.facebook.com/SDCatalyst,,,,https://bsky.app/profile/catalystsd.bsky.social
289,Catholic Big Brothers Big Sisters of Los Angeles,http://www.catholicbigbrothers.org/,info@CLAforChildren.org,,,,,,,
290,Caulder Lamm Alliance for Children,http://www.claforchildren.org/,,,https://claforchildren.org/contact/,https://www.facebook.com/CLAforChildren/,,,,
291,CAUSE Central Coast Alliance United for a Sustainable Economy,http://www.causenow.org/,info@causecomm.net,,https://causenow.org/contact/,https://www.facebook.com/cause805/,https://www.instagram.com/cause805,,,
292,Cause Communications,http://www.causecommunications.org/,,https://www.linkedin.com/company/causecomm/,http://www.causecommunications.org/contact,,,,,
293,Cedar House Life Change Center,https://cedarhouse.org/,,,,,,,,
294,Celiac Disease Foundation,http://celiac.org/,,,https://celiac.org/about-the-foundation/contact-information/,,https://www.instagram.com/celiacdiseasefoundation/,,,
295,Center For A Non Violent Community,http://www.nonviolentcommunity.org/,"web@civiced.org, cce@civiced.org, ",,https://nonviolentcommunity.org/contact/,https://www.facebook.com/CNVCSonora/,,,,
296,Center For Civic Education,https://www.civiced.org/,"ccdsmediation@comcast.net, info@email.com, ",https://www.linkedin.com/company/center-for-civic-education,https://www.civiced.org/contact-us,,https://www.instagram.com/centerforciviceducation/?hl=en,,,https://bsky.app/profile/civiced.org
297,Center for Community Dispute Settlement (CCDS),http://www.trivalleymediation.com/,"info@cerieastbay.org, info@cerieastbay.org?, ",,http://www.trivalleymediation.com/contact.html,,,,,
298,Center for Empowering Refugees & Immigrants,http://www.cerieastbay.org/,,https://www.linkedin.com/company/53210159/,,https://www.facebook.com/cerieastbay/,https://www.instagram.com/cerieastbay/,,,
299,Center for Engaged Scholarship,http://www.cescholar.org/,,,,,,,,
300,Center for Environmental Health,http://www.ceh.org/,,https://www.linkedin.com/company/center-for-environmental-health,https://ceh.org/about/contact/,https://www.facebook.com/centerforenvironmentalhealth,https://www.instagram.com/centerforenvironmentalhealth/,,,https://bsky.app/profile/ceh.org
301,Center for Family Health Initiative (CFHI),https://cfhealthinitiative.org/,"support@cfsslo.org, fernanda@cfsslo.org, cfsslo.org, info@cfsslo.org, ",https://www.linkedin.com/in/center-for-family-health-initiative-6468982a4/,https://cfhealthinitiative.org/contact-us/,https://www.facebook.com/groups/999135268584928,https://www.instagram.com/cfhealthinitiative/,,,
302,Center for Family Strengthening,http://www.cfsslo.org/,Hello@center4fe.org,,http://www.cfsslo.org/#contact,https://www.facebook.com/cfsslo,https://www.instagram.com/cfsslo/,,,
303,Center for Financial Empowerment,https://www.center4fe.org/,,https://www.linkedin.com/company/center4fe,,https://www.facebook.com/center4fe,,,,
304,Center for Health Care Rights,http://www.healthcarerights.org/,info@chjla.org,https://www.linkedin.com/company/healthcarerightsla/,http://www.healthcarerights.org/contact,https://www.facebook.com/healthcarerightsla,,,,
305,Center for Health Justice,http://www.centerforhealthjustice.org/,info@chd-prevention.org,https://www.linkedin.com/company/center-for-health-justice/,http://www.centerforhealthjustice.org/contact.html,https://www.facebook.com/heychj/,https://www.instagram.com/heychj/,,,
306,Center for Human Development,https://chd-prevention.org/,"info@centerforhumanservices.org,  info@centerforhumanservices.org, ",https://www.linkedin.com/pulse/best-call-tracking-software-maximize-conversion,https://chd-prevention.org/contact/,https://www.facebook.com/centerforhumandevelopmentcontracosta/,https://www.instagram.com/center4humandevelopment/,,,
307,Center for Human Services,http://www.centerforhumanservices.org/,,,https://www.centerforhumanservices.org/contact/,,http://www.instagram.com/chs_cares,,,
308,"Center for National Opportunity, Voice, and Advancement",,,,,,,,,
309,Center for Partnership Studies,https://centerforpartnership.org/,info@photography.org,https://www.linkedin.com/company/centerpartnershipsystems/,https://centerforpartnership.org/contact-us/,https://www.facebook.com/CenterforPartnership,,,,https://bsky.app/profile/rianeeisler-cps.bsky.social
310,Center for Photographic Art,http://photography.org/,,,http://photography.org/contact,https://www.facebook.com/photography.org/,https://www.instagram.com/centerphotographicart/,,,
311,Center for Positive Sexuality,https://www.positivesexuality.org/,,https://www.linkedin.com/company/center-for-positive-sexuality,https://positivesexuality.org/contact/,https://www.facebook.com/Center-for-Positive-Sexuality-127221867462/,https://www.instagram.com/ctrsexpositive/,,,https://bsky.app/profile/ctrsexpositive.bsky.socialy7p-2bl0b-1coicsj
312,Center for Powerful Public Schools,http://powerfuled.org/,marcus@restorativepractice.org,https://www.linkedin.com/company/center-for-powerful-public-schools,https://www.powerfuled.org/contact,https://www.facebook.com/4PowerfulEdOrg,https://www.instagram.com/4powerfuledorg/,,,
313,Center for Restorative Practice,http://www.restorativepractice.org/,,https://www.linkedin.com/,https://restorativepractice.org/contact-us/,https://www.facebook.com/,,,,
314,Center for Sustainable Finance and Private Wealth (CSP) North America,http://cspnorthamerica.org/,,https://www.linkedin.com/company/cspnorthamerica/?viewAsMember=true,https://cspnorthamerica.org/contact-csp/,,,,,
315,"Center for the Pacific-Asian Family, Inc.",https://nurturingchange.org/,"admin@politicalgraphics.org?subject=Contact us, admin@politicalgraphics.org, ",https://www.linkedin.com/company/cpaforg,https://cpaf.ngo/contact-us/,https://www.facebook.com/CPAForg/,https://www.instagram.com/cpaforg/,,,
316,Center for the Study of Political Graphics,http://www.politicalgraphics.org/,,,,https://www.facebook.com/politicalgraphics,,,,
317,Center for Urban Agriculture at Fairview Gardens,,,,,,,,,
318,Center for Volunteer & Nonprofit Leadership (CVNL),http://www.cvnl.org/,,https://www.linkedin.com/company/center-for-volunteer-and-nonprofit-leadership/,,https://www.facebook.com/CVNL.BayArea/,https://www.instagram.com/capacity4change/,,,
319,Central CA Animal Disaster Team,http://ccadt.org/,,,https://ccadt.org/contact-us/,,,,,
320,Central California Environmental Justice Network,http://www.ccejn.org/,ccma@ccmahealth.org,,https://ccejn.org/contact-us/,https://www.facebook.com/ccejn2000,https://www.instagram.com/ccejn/,,,
321,Central Coast Medical Association,http://www.ccmahealth.org/,,,https://www.ccmahealth.org/about-us/staff-and-contact-info.aspx,https://www.facebook.com/centralcoastmed/,,,,
322,Central Coast Overdose Prevention,http://ccodp.org/,info@centralvalleybeekeepers.org,,https://ccodp.org/contact-us/,,,,,
323,Central Valley Beekeepers Association,https://centralvalleybeekeepers.org/,,https://www.linkedin.com/company/central-valley-beekeepers-association/,https://www.centralvalleybeekeepers.org/contact-us/,https://www.facebook.com/profile.php?id=100091903547317,,,,
324,Central Valley Immigrant Integration Collaborative,CVIIC.org | ValleCentral.org | ImmigrantesEmprendedores.org,admin@centralvalleypartnership.org,,,,,,,
325,Central Valley Partnership,https://centralvalleypartnership.org/,,,https://centralvalleypartnership.org/contact/,https://www.facebook.com/CentralValleyPartnership,https://www.instagram.com/centralvalleypartnership/,,,
326,Central Works,http://centralworks.org/,info@centrolegal.org,,http://centralworks.org/contact/#showtab=emailus,,https://www.instagram.com/centralworkstheatre,,,
327,Centro Legal De La Raza,http://www.centrolegal.org/,challahandsoul@gmail.com,https://www.linkedin.com/company/centro-legal-de-la-raza/,https://visitor.r20.constantcontact.com/manage/optin?v=001jYqn93s1IRDD8oHx1nIDDnc3v6FEE_9tMlXI52NlI1gEspTxEBzv7v1XtjxMpv61Ry4jejrrXodiEMScRB3g9EFB4dmEvm8jyEWH3PhFuzE%3D,https://www.facebook.com/pages/category/Nonprofit-Organization/Centro-Legal-de-la-Raza-124126553092/,https://www.instagram.com/centro_legaldelaraza/,,,
328,Challah & Soul,http://challahandsoul.org/,,,http://challahandsoul.org/contact#newsletter,https://www.facebook.com/profile.php?id=100094060633584,https://www.instagram.com/challahandsoul/,,,
329,Chamber Music San Francisco,https://chambermusicsf.org/,,,,,,,,
330,Chamber Music Unbound,http://www.chambermusicunbound.org/,,,http://www.chambermusicunbound.org/contact.php,,,,,
331,Chambon Foundation,http://www.chambon.org/,info@mysite.com,,,,,,,
332,"Chances 4 Change, Inc.",http://chancesforchange.com/,dnystrom@changingtidesfs.org,,https://www.chancesforchange.com/contact-9,,,,,
333,Changing Tides Family Services,http://www.changingtidesfs.org/,,,https://www.changingtidesfs.org/contact/,https://www.facebook.com/pages/Changing-Tides-Family-Services/191289777607155,https://www.instagram.com/changingtidesfs,,,
334,St. John's Retirement Village,http://www.stjohnsretirementvillage.org/,mail@charlottemaxwell.org,,,,,,,
335,Charlotte Maxwell Clinic,http://www.charlottemaxwell.org/,"CHATwithGODglobal@gmail.com?subject=Christian%20Writers, info@mysite.com, ",https://www.linkedin.com/company/1690275,https://charlottemaxwell.org/who-we-are/contact-us/,https://www.facebook.com/pages/Charlotte-Maxwell-Complementary-Clinic/207353102717489,https://www.instagram.com/charlottemaxwellclinic/?hl=en,,,
336,CHAT WITH GOD GLOBAL INC,http://www.chatwithgod.com/,,https://www.linkedin.com/in/jenniferhopewebster92627/,,https://www.facebook.com/jenniferhope.desrocherswebster,,,,
337,youa.xiong@zoshmoovntujclt.org,https://www.zoshmoovntujclt.org/,,,,,,,,
338,Chi Pi Sigma,http://chipisigma.org/,,,https://chipisigma.org/contact/,,,,,
339,Chico's Place,,info@chicostart.com,,,,,,,
340,Chicostart,http://www.chicostart.com/,,https://www.linkedin.com/company/chicostart/,http://www.chicostart.com/contact,https://www.facebook.com/Chicostart,https://www.instagram.com/chicostart/,,,
341,Child & Family Center,https://www.childfamilycenter.org/,,https://www.linkedin.com/company/child-&-family-center/,https://www.childfamilycenter.org/contact/,https://www.facebook.com/ChildFamilyCenter/,https://www.instagram.com/child_family_center/,,,
342,Child Abuse Prevention Council,https://nochildabuse.org/,info@cfamily.org?subject=Dear CFI,https://www.linkedin.com/company/child-abuse-prevention-council-of-san-joaquin-county/,https://nochildabuse.org/contact/,https://www.facebook.com/childabusepreventioncouncil/,https://www.instagram.com/nochildabusesjc/,,,
343,Child and Family Institute,http://www.cfamily.org/,info@childcarelaw.org,,https://www.cfamily.org/contact,https://www.facebook.com/cfimenlopark,https://www.instagram.com/cfi_menlopark/,,,
344,Child Care Law Center,http://www.childcarelaw.org/,,https://www.linkedin.com/company/child-care-law-center,https://www.childcarelaw.org/about/contact-us/,https://www.facebook.com/childcarelawcenter,,,,
345,Child Care Resource Center,https://www.ccrcca.org/,,,https://www.ccrcca.org/contact/,https://www.facebook.com/,https://www.instagram.com/ccrc4kids/,,,
346,Child Development Associates,https://cdasd.org/,,https://www.linkedin.com/company/child-development-associates/,https://cdasd.org/contact/,https://www.facebook.com/cdasandiego/,https://www.instagram.com/cdasandiego/,,,
347,Child Family Health International,http://www.cfhi.org/,cpi@calparents.org,https://www.linkedin.com/company/child-family-health-international,https://www.cfhi.org/contact-us/,,,,,
348,Child Parent Institute/ California Parenting Institute,http://www.calparents.org/,,https://www.linkedin.com/company/california-parenting-institute,https://calparents.org/about-us/contact.html,https://www.facebook.com/calparents/,,,,
349,Children Now,http://www.childrennow.org/,lois@childrenofthenight.org,https://www.linkedin.com/company/children-now/posts/?feedView=all,https://www.childrennow.org/about/contact/,https://www.facebook.com/childrennow,https://www.instagram.com/childrennow,,,
350,"Children of the Night, Inc",http://www.childrenofthenight.org/,,,http://www.childrenofthenight.org/contact,https://www.facebook.com/fund/childrenofthenightinc/,,,,
351,Chimineas Ranch Foundation,http://www.chimineasranchfoundation.org/,,,http://www.chimineasranchfoundation.org/contact-us,https://www.facebook.com/Chimineas-Ranch-Foundation-517981695047478/,https://www.instagram.com/chimineasranchfoundation/,,,
352,Chinatown Fresno Foundation,http://www.chinatownfresno.org/,info@cec-sd.org,https://www.linkedin.com/company/chinatown-fresno-foundation,https://www.chinatownfresno.org/contact,https://www.facebook.com/ChinatownMatters/,https://www.instagram.com/chinatownfresno/?hl=en,,,
353,Chinese Evangelical Church San Diego,https://cec-sd.org/,,,https://www.olark.com/site/7340-573-10-9179/contact,https://www.facebook.com/CEC.SD/,,,,
354,Chinese for Affirmative Action,https://caasf.org/,info@christcommunityfc.org,https://www.linkedin.com/company/caasf,https://caasf.org/contact-us/,https://www.facebook.com/caasf,https://www.instagram.com/caasanfrancisco/,,,https://bsky.app/profile/caasanfrancisco.bsky.social
355,Christ Community Fellowship Church,http://www.christcommunityfc.org/,,,,https://www.facebook.com/profile.php?id=61558807272480,,,,
356,Christian Encounter Ministries,http://www.christianencounter.org/,,,https://www.christianencounter.org/contact-us,https://www.facebook.com/christianencounter,https://www.instagram.com/christianencounter/,,,
357,Chronicle Season of Sharing Fund,https://seasonofsharing.org/,info@clawonline.org,https://www.linkedin.com/company/chronicle-season-of-sharing-fund/,https://seasonofsharing.org/contact/,https://www.facebook.com/sharer/sharer.php?u=http%3A%2F%2Fsites.libsyn.com%2F555682%2Fcoda-what-to-do-with-a-magic-wand,https://www.instagram.com/sosfund/,,,
358,Citizens for Los Angeles Wildlife,https://www.clawonline.org/,,,https://www.clawonline.org/contact,https://www.facebook.com/CitizensForLosAngelesWildlife,https://www.instagram.com/p/Csbc0LRPN4V/,,,
359,City Youth Now,http://www.cityyouthnow.org/,,,https://www.cityyouthnow.org/contact/,https://www.facebook.com/CityYouthNow/?fref=ts,https://www.instagram.com/cityyouthnow/,,,
360,Claremont Forum,https://www.claremontforum.org/,,https://www.linkedin.com/company/875997/admin/dashboard/,https://www.claremontforum.org/contact,https://www.facebook.com/claremontforum/,https://www.instagram.com/theclaremontforum/,,,
361,Claremont Meals on Wheels,http://claremontmealsonwheels.org/,,,https://claremontmealsonwheels.org/contact/,https://www.facebook.com/claremontmealsonwheels/,,,,
362,Classics 4 Kids,http://classics4kids.org/,info@theclerc.org,https://www.linkedin.com/company/classicsforkids/,https://www.classics4kids.org/contact-us/,https://www.facebook.com/Classics4Kids,https://www.instagram.com/classics4kids/,,,
363,Clear Lake Environmental Research Center,http://www.theclerc.org/,Info@ClimateJusticeAlliance.org,,http://www.theclerc.org/contact,https://www.facebook.com/CLERCLakeCounty,,,,
364,Climate Justice Alliance,https://climatejusticealliance.org/,cvhc@cvhc.org,,https://climatejusticealliance.org/contact-us/,https://www.facebook.com/CJAOurPower,,,,
365,Coachella Valley Housing Coalition,http://www.cvhc.org/,boxoffice@cvrep.org,,https://www.cvhc.org/contact/,https://www.facebook.com/CVHousing/,,,,
366,Coachella Valley Repertory,https://cvrep.org/,,,https://cvrep.org/contact/,https://www.facebook.com/CVRep,https://www.instagram.com/coachellavalleyrepertory/,,,
367,Coachella Valley Volunteers in Medicine,http://www.cvvim.org/,,,,,,,,
368,Coalition for Clean Air,https://www.ccair.org/,,https://www.linkedin.com/company/coalition-for-clean-air,https://www.ccair.org/contact/,https://www.facebook.com/CleanAirCA/,https://www.instagram.com/cleanairca/,,,
369,Coalition to Abolish Slavery & Trafficking,https://www.castla.org/,,http://www.linkedin.com/company/castla,https://www.castla.org/contact/,,https://www.instagram.com/castlosangeles/,,,
370,Coastal Community Preschool,http://www.coastalcommunitypreschool.org/,Events@CoastalCorridor.org,,https://coastalcommunitypreschool.org/contact/,,,,,
371,Coastal Corridor Alliance,http://www.coastalcorridor.org/,https://web.archive.org/web/20240731194607/info@coastal-watershed.org,https://www.linkedin.com/company/coastal-corridor-alliance,https://coastalcorridor.org/contact-us/,https://www.facebook.com/CoastalCorridorAlliance/,https://www.instagram.com/coastalcorridor/,,,https://bsky.app/profile/coastalcorridor.bsky.social
372,Coastal Watershed Council,http://www.coastal-watershed.org/,,,https://coastal-watershed.org/about-cwc/contact-us/,,,,,
373,Coeurage Theatre Company,http://www.coeurage.org/,"cadreEOC@gmail.com, admin@cadresv.org, ",https://www.linkedin.com/company/coeurage.org/,http://www.coeurage.org/contact,https://www.facebook.com/CoeurageTheatre/,https://www.instagram.com/coeurageensemble/,,,
374,Collaborating Agencies' Disaster Relief Effort,http://www.cadresv.org/,,,https://cadresv.org/contact/,https://www.facebook.com/cadrescco,https://www.instagram.com/cadre_scco/,,https://www.threads.com/@cadre_scco,
375,College Access Plan,http://www.collegeaccessplan.org/,info@carsla.org,,https://collegeaccessplan.org/contact/,https://www.facebook.com/collegeaccessplan,,,,
376,"College Access, Readiness & Success",http://www.carsla.org/,,https://www.linkedin.com/company/college-access-readiness-success-cars-/,,https://www.facebook.com/CARSLosAngeles/,,,,
377,Color The Block,https://www.colortheblock.org/,,,,,,,,
378,Common Counsel Foundation,http://www.commoncounsel.org/,info@commonrootsfarm.org?,https://www.linkedin.com/company/common-counsel-foundation/about/,https://www.commoncounsel.org/contact/,,,,,
379,Common Roots Farm,http://www.commonrootsfarm.org/,,,http://www.commonrootsfarm.org/contact,https://www.facebook.com/commonrootsfarm/,http://www.instagram.com/commonrootsfarmca,,,
380,Common Sense Media,http://www.commonsense.org/,,https://www.linkedin.com/company/common-sense-media,https://commonsense.my.site.com/membersupport/s/contactsupport,https://www.facebook.com/commonsensemedia,https://www.instagram.com/commonsenseorg,,,
381,Communities Advocating for Resident Empowerment,https://www.go2care.org/,,,https://www.go2care.org/http://www.go2care.org/about-us/contact-us/,https://www.facebook.com/go2care1/,,,,
382,Community & Employment Links,https://communityemploymentlinks.org/,,,https://communityemploymentlinks.org/contact-us,,,,,
383,Community Action Alliance,,,,,,,,,
384,Community Action Partnership of Orange County,http://www.capoc.org/,hotline@capslo.org,,,https://www.facebook.com/CAPOC/,https://www.instagram.com/cap_oc/,,,
385,Community Action Partnership of San Luis Obispo County,https://capslo.org/,,https://www.linkedin.com/company/capslo/?viewAsMember=true,https://capslo.org/contact/,https://www.facebook.com/capslo?,https://www.instagram.com/communityaction_slo/,,,
386,Community Alliance with Family Farmers,http://caff.org/,info@camasb.org,,https://caff.org/contact-us/,https://www.facebook.com/famfarms,https://www.instagram.com/caff_famfarms,,,
387,"Community Arts Music Association of Santa Barbara, Inc.",http://www.camasb.org/,memberservices@cai-glac.org,,https://www.camasb.org/contact/,https://www.facebook.com/camasb/,https://www.instagram.com/p/DAmyUC-JAxy/,,,
388,Community Associations Institute Greater Los Angeles Chapter,http://www.cai-glac.org/,,https://www.linkedin.com/company/1076047/,,https://www.facebook.com/caiglac%20%20,https://www.instagram.com/caiglac/%20%20,,,
389,Community Bridges,https://communitybridges.org/,info@communitycenterfortheblind.org,,https://communitybridges.org/contact-us/,https://www.facebook.com/CommunityBridgesSC,,,,
390,Community Center for the Blind and Visually Impaired,http://www.communitycenterfortheblind.org/,,,,https://www.facebook.com/CCBVI,,,,
391,Community Coalition,http://www.cocosouthla.org/,,,,https://www.facebook.com/CoCoSouthLA,https://www.instagram.com/cocosouthla/,,,
392,Community Development Services Inc,http://cdservicesinc.org/,,,https://communitydevelopmentservicesinc.org/contact-us/,,,,,
393,Community Education Partnerships,http://www.cep.ngo/,,,http://www.cep.ngo/contact.html,,,,,
394,Community Empowerment Health Education Project,https://www.cehep.org/,,http://www.linkedin.com/in/community-empowerment-health-education-project-cehep-694242361,https://www.cehep.org/contact,,,,,
395,Community Engaged Payee Support (CEPS),http://www.cepsonline.org/,,,,,,,,
396,"Community Environmental Council, Inc.",http://www.cecsb.org/,info@communityfound.org,https://www.linkedin.com/company/cecsb,http://www.cecsb.org/contact-us,,,,,
397,Community Foundation of Mendocino County,http://www.communityfound.org/,info@nevcofoundation.org,,https://communityfound.org/contact-us/,,,,,
398,Community Foundation of Nevada County,https://nevcofoundation.org/,info@nevcofoundation.org,https://www.linkedin.com/company/the-community-foundation-of-nevada-county,https://nevcofoundation.org/contact/,https://www.facebook.com/profile.php?id=61552316662461,,,,
399,Community Foundation of Nevada County,https://nevcofoundation.org/,,https://www.linkedin.com/company/the-community-foundation-of-nevada-county,https://nevcofoundation.org/contact/,https://www.facebook.com/profile.php?id=61552316662461,,,,
400,Community Foundation Santa Cruz County,http://www.cfscc.org/,,http://www.linkedin.com/company/community-foundation-santa-cruz-county,https://www.cfscc.org/contact,https://www.facebook.com/CFSantaCruzCounty/,https://www.instagram.com/wearechaisr/,,,
401,Community Health Association Inland Southern Region,http://chaisr.org/,info@chpscc.org,https://www.linkedin.com/in/we-are-chaisr-b14b7518a,,https://www.facebook.com/profile.php?id=100071116610336,https://www.instagram.com/chpscc/,,,
402,Community Health Partnership of Santa Clara County,http://www.chpscc.org/,,,http://www.chpscc.org/contact/,https://www.facebook.com/communityhealthpartnership,https://www.instagram.com/community.initiatives/,,,
403,Community Initiatives,http://communityinitiatives.org/,,https://www.linkedin.com/company/community-initiatives/,https://communityinitiatives.org/contact/,https://www.facebook.com/communityinitiatives/,,,,https://bsky.app/profile/communityinitiatives.org
404,Community Institute for Psychotherapy,http://www.cipmarin.org/,,,https://cipmarin.org/contact-us/,https://www.facebook.com/communityinstituteforpsychotherapy/,https://www.instagram.com/cla_socal/,,,
405,Community Legal Aid SoCal,https://www.communitylegalsocal.org/,"info@communitymusicschool.org?subject=Community%20Music%20School, info@communitymusicschool.org, ",https://www.linkedin.com/company/19010661,https://www.communitylegalsocal.org/contact-us/,https://www.facebook.com/CommunityLegalAidSoCal/,https://www.instagram.com/communitymusicschoolsc/,,,
406,Community Music School of Santa Cruz,http://communitymusicschool.org/,"comms@communitynatureconnection.org, info@communitynatureconnection.org, ",,,https://www.facebook.com/communitymusicschoolsantacruz/,https://www.instagram.com/communitynatureconnection/,,,
407,Community Nature Connection,https://www.communitynatureconnection.org/,info@communityoutreachministry.org,,,https://www.facebook.com/communitynatureconnection/,https://www.instagram.com/communityoutreachministry/,,,
408,Community Outreach Ministry,http://www.communityoutreachministry.org/,,,https://communityoutreachministry.org/contact/,https://www.facebook.com/CommunityOutreachMinistry,,,,
409,Community Partners,http://www.communitypartners.org/,,https://www.linkedin.com/company/community-partners/,https://www.communitypartners.org/contact-us/,,,,,
410,Community Resource Project,https://www.communityresourceproject.org/,info@crcnapa.org,https://www.linkedin.com/company/community-resource-project/?viewAsMember=true,https://www.constantcontact.com/legal/service-provider,https://www.facebook.com/CommunityResourceProject/,https://www.instagram.com/CRCNAPA/,,,
411,Community Resources for Children,http://www.crcnapa.org/,ihss@csssolutions.org,,https://crcnapa.org/contact/,https://www.facebook.com/CommunityResourcesforChildren/,https://www.instagram.com/communityservicesolutions/?hl=en,,,
412,Community Service Solutions,http://www.csssolutions.org/,,,,https://www.facebook.com/csssolutions.org,,,,
413,Community Services Agency of Mountain View,http://www.csacares.org/,,,,,https://www.instagram.com/csn_sacramento/,,,
414,Community Spay Neuter Clinic,http://www.communityspayneuter.com/,,,,https://www.facebook.com/csncSac/,,,,
415,Community Television of Santa Cruz County,http://www.communitytv.org/,,,https://communitytv.org/contact-information/,https://www.facebook.com/CTVsantacruzcounty,https://www.instagram.com/communityvisionca/,,,
416,Community Vision Capital & Consulting,http://www.ncclf.org/,info@cym.us,https://www.linkedin.com/company/communityvisionca/,http://www.ncclf.org/contact-us,https://www.facebook.com/CommunityVisionCC/,https://www.instagram.com/community_youth_ministries/,,,
417,Community Youth Ministries,http://www.cymreedley.org/,,https://www.linkedin.com/company/community-youth-ministries,https://www.cym.us/contact,https://www.facebook.com/Community-Youth-Ministries-105979918676079,https://www.instagram.com/casaneighborhoods/?hl=en,,,
418,"Community, Action, Service, & Advocacy (CASA)",http://www.casaneighborhoods.org/,companionsinwaiting@yahoo.com,,,https://www.facebook.com/casaneighborhood/,,,,
419,Companions in Waiting Rescue & Adoption,http://www.companionsinwaiting.org/,,,,,,,,
420,Compassion Institute,http://compassioninstitute.com/,,,https://compassioninstitute.com/contact-us/,,https://www.instagram.com/reel/DWjzWsjD0qh/,,,
421,Comunidades Indigenas En Liderazgo,http://mycielo.org/,,,https://mycielo.org/contact/,,,,,
422,ConAmor Building Bridges,https://b-conamor.org/,,,https://b-conamor.org/contact/,,https://www.instagram.com/thecrewojai/,,,
423,Concerned Resource and Environmental Workers,http://crewojai.org/,foundation@conejoschools.org,,https://www.crewojai.org/contact,https://www.facebook.com/TheOjaiCREW/,https://www.instagram.com/conejoschoolsfdn/,,,
424,Conejo Schools Foundation,http://www.conejoschools.org/,,,,https://www.facebook.com/pages/Conejo-Schools-Foundation/113004050880?ref=ts,https://www.instagram.com/santacruzcrc/,,,
425,Conflict Resolution Center of Santa Cruz County,http://crcsantacruz.org/,,https://www.linkedin.com/company/conflict-resolution-center-of-santa-cruz-county,http://crcsantacruz.org/contact.html,https://www.facebook.com/ConflictResolutionCenterofSantaCruzCounty/,https://www.instagram.com/confronting_dv/,,,
426,"Confronting Domestic Violence, Inc.",https://confrontingdomesticviolence.org/,,https://www.linkedin.com/company/confrontingdv,,https://www.facebook.com/ConfrontingDV,https://www.instagram.com/congregationbethdavid/,,,
427,Congregation Beth David,http://www.beth-david.org/,,,https://beth-david.org/contact-us/,https://www.facebook.com/bethdavidonline,,,,
428,Congregations Organized for Prophetic Engagement,http://www.copesite.org/,,,https://copesite.org/about-us/contact/,,,,,
429,Connected to Lead,https://connectedtolead.org/,?subject=Home&body=Hey%20check%20this%20out:%20https%3A%2F%2Fconnectingtocare.org%2F,,,,,,,
430,Connecting to Care,http://www.connectingtocare.org/,,,https://connectingtocare.org/contact-us/,,,,,
431,Connections 4 Friends,http://connections4friends.wixsite.com/my-site,casd@casd.org,,https://connections4friends.wixsite.com/my-site/contact,,,,,
432,Consumer Attorneys of San Diego,http://www.casd.org/,julianne@contentatherapy.org,https://www.linkedin.com/company/trivant/,https://www.casd.org/?pg=contactus,,,,,
433,"Contenta Collaborative, Inc",http://www.contentatherapy.org/,info@ccsls.org,,,,https://www.instagram.com/ccsls2702/,,,
434,Contra Costa Senior Legal Services,http://ccsls.org/,info@wccysb.org,https://www.linkedin.com/company/contra-costa-senior-legal-services,https://www.ccsls.org/about/contact/,https://www.facebook.com/p/Contra-Costa-Senior-Legal-Services-100057310035661/,https://www.instagram.com/ccysb_collaborations/,,,
435,Contra Costa Youth Service Bureau,http://wccysb.org/,admin@contra-tiempo.org,https://www.linkedin.com/company/ccysb-collaborations/,,https://www.facebook.com/ccysb.collaborations,https://www.instagram.com/contra_tiempo/,,,
436,CONTRA-TIEMPO,http://www.contra-tiempo.org/,,,,https://www.facebook.com/CONTRA-TIEMPO-154541904616550,,,,
437,Cooper Housing Institute,https://cooperhousinginstitute.org/,,https://www.linkedin.com/company/cooper-housing-institute/,,,,,,
438,Cooperacion Santa Ana,https://www.cooperacionsantaana.org/,hello@copefamilycenter.org,,,,https://www.instagram.com/copefamilycenter/,,,
439,Cope Family Center,http://www.copefamilycenter.org/,"media@corasupport.org, info@corasupport.org, ",https://www.linkedin.com/company/cope-family-center,https://copefamilycenter.org/contact-us/,https://www.facebook.com/CopeFamilyCenter,,,,
440,CORA (Community Overcoming Relationship Abuse),http://www.corasupport.org/,,,,,,,,
441,Corazón Latino,http://www.corazonlatino.org/,,,http://www.corazonlatino.org/#contact,,,,,
442,CORE Districts,http://www.coredistricts.org/,,https://www.linkedin.com/company/core-districts/,http://www.coredistricts.org/contact-us/,,,,,
443,Cornerstone Theater Company,http://www.cornerstonetheater.org/,,,,,,,,
444,Correctional Institutions Chaplaincy of Santa Clara County,http://www.cicministries.org/,info@watershedhealth.org,https://www.linkedin.com/company/cicministries,https://lp.constantcontactpages.com/su/EnSo6FN,https://www.facebook.com/CICministries/,https://www.instagram.com/watershedhealth/,,,
445,Council for Watershed Health,http://www.watershedhealth.org/,,https://www.linkedin.com/company/council-for-watershed-health/mycompany/,https://www.watershedhealth.org/contact-us,https://www.facebook.com/CouncilforWatershedHealth/?fref=nf,https://www.instagram.com/cassybayarea,,,
446,Counseling And Support Services For Youth,https://cassybayarea.org/,,https://www.linkedin.com/company/cassy/,,https://www.facebook.com/CASSYBayArea/,https://www.instagram.com/counseling4kids?igsh=NTc4MTIwNjQ2YQ==,,,
447,Counseling4Kids,http://www.counseling4kids.org/,info@sonomacasa.org,https://www.linkedin.com/company/counseling4kidsinc/?viewAsMember=true,http://www.counseling4kids.org/contact,https://www.facebook.com/profile.php?id=100077891101072&mibextid=LQQJ4d,https://www.instagram.com/casasonomacounty/?hl=en,,,
448,Court Appointed Special Advocates of Sonoma County,http://www.sonomacasa.org/,info@craftcontemporary.org,https://www.linkedin.com/company/casa-of-sonoma-county,https://www.sonomacasa.org/contact/,https://www.facebook.com/CASAofSonomaCounty,https://www.instagram.com/craftcontemporary/,,,
449,Craft Contemporary,http://www.craftcontemporary.org/,,,https://www.craftcontemporary.org/contact/,https://www.facebook.com/CraftContemporary/,,,,
450,"Creative Educators International Network, Inc.",https://www.linkedin.com/in/terrycreatevalue/,movement@creativenetwerk.org,https://www.linkedin.com/legal/user-agreement?trk=seo-authwall-base_join-form-user-agreement,,,https://www.instagram.com/p/DDFrsA_vGol/,,,
451,Creative Netwerk,https://www.creativenetwerk.org/,,,https://www.creativenetwerk.org/contact,,,,,
452,CS Fund,http://www.csfund.org/,,,,,,,,
453,Cultivating Beloved Community,http://cultivatingbelovedcommunity.org/,,,,,https://www.instagram.com/csbconnect?igsh=OGQ5ZDc2ODk2ZA%3D%3D&utm_source=qr,,,
454,Cultivating Services and  Beyond,https://www.cultivatingservicesbeyond.com/,ccef@ccusd.org,,,https://www.facebook.com/wix,https://www.instagram.com/ccef4schools/?hl=en,,,
455,Culver City Education Foundation,https://ccef4schools.org/,info@cxtdiscovery.org,,https://ccef4schools.org/contact-us/,https://www.facebook.com/CulverEd,,,,
456,CxT Discovery,https://cxtdiscovery.org/,,https://www.linkedin.com/company/cxt-discovery,,,https://www.instagram.com/cyberseniors/,,,
457,Cyber-Seniors,https://cyberseniors.org/,,,https://cyberseniors.org/contact/,https://www.facebook.com/CyberSeniorsDocumentary/,https://www.instagram.com/danaadobe/?hl=en,,,
458,Dana Adobe Nipomo Amigos,http://www.danaadobe.org/,,,https://www.danaadobe.org/contact/,https://www.facebook.com/DanaAdobe/,,,,
459,Daniel Jonathan Fuller Memorial Fund,http://djfullermemorialfund.org/,,,https://djfullermemorialfund.org/contact/,,,,,
460,Daniel Pearl Foundation,http://www.danielpearl.org/,,,,https://www.facebook.com/DanielPearlFoundation/,,,,
461,Davis Media Access,http://davismedia.org/,,,http://davismedia.org/contact,https://www.facebook.com/cantaliers/,,,,
462,DBSA San Diego,,HealthEquity@decolores.org,,,,,,,
463,De Colores Resource Center Inc.,http://decolores.org/,,,,,https://www.instagram.com/dpacnc/,,,
464,Deaf Plus Adult Community,http://www.deafplus.us/,deafhope@deaf-hope.org,,https://deafplus.us/index.php/contact-us/,https://www.facebook.com/DeafPlusAdultCommunity,http://www.instagram.com/Deaf_Hope,,,
465,DeafHope,http://deaf-hope.org/,,,,https://www.facebook.com/DeafHope,https://www.instagram.com/deathpenaltyfocus/,,,
466,Death Penalty Focus,http://www.deathpenalty.org/,info@dvconservancy.org,,http://www.deathpenalty.org/http://deathpenalty.org/contact/,https://www.facebook.com/deathpenaltyfocus,,,,
467,Death Valley Conservancy,http://www.dvconservancy.org/,memberships@dvnha.org,,https://www.dvconservancy.org/contact/,https://www.facebook.com/ryancampdv,,,,
468,Death Valley Natural History Association,http://www.dvnha.org/,info@decro.org,,https://dvnha.org/contact-us-2/,,,,,
469,Decro Corporation,http://www.decro.org/,,https://www.linkedin.com/company/the-decro-group/,https://decro.org/contact/,,https://www.instagram.com/deliriummusicum/,,,
470,Delirium Musicum,http://deliriummusicum.com/,info@deltasculling.org,,http://deliriummusicum.com/contact,https://www.facebook.com/DeliriumMusicum/,https://www.instagram.com/deltasculling,,,
471,Delta Sculling Center,https://deltasculling.org/,info@dartontarget.org,,https://deltasculling.org/contact/,https://www.facebook.com/DeltaScullingCenter/,,,,
472,Desert Area Resources & Training,http://www.dartontarget.org/,info@desertx.org,,http://www.dartontarget.org/#contact,https://www.facebook.com/DesertAreaResourcesandTraining,https://www.instagram.com/_desertx,,,
473,Desert X,http://www.desertx.org/,,,,https://www.facebook.com/DesertX/,,,,
474,Dextra Baldwin McGonagle Foundation,https://thedbmfoundation.com/,,,https://thedbmfoundation.com/contact-us,,https://www.instagram.com/dirosaart/,,,
475,di Rosa Center for Contemporary Art,http://www.dirosaart.org/,info@dignityanddesigninstitute.org,,https://www.dirosaart.org/about/contact-us/,https://www.facebook.com/dirosaart/,,,,
476,Dignity & Design Institute,https://www.dignityanddesigninstitute.org/,"info@dredf.org, webmaster@dredf.org, ",https://www.google.com/url?q=https%3A%2F%2Fwww.linkedin.com%2Fcompany%2Fdiginity-design-institute%2F%3FviewAsMember%3Dtrue&sa=D&sntz=1&usg=AOvVaw0BoTRlQuEscEM5P0C2g5me,https://www.dignityanddesigninstitute.org/contact,,https://www.instagram.com/dredf1979/,,,
477,Disability Rights Education & Defense Fund,https://dredf.org/,,https://www.linkedin.com/company/disability-rights-education-and-defense-fund/,https://dredf.org/contact-us/,https://www.facebook.com/DREDF.org,,,,https://bsky.app/profile/dredf.bsky.social
478,Disabled Sports Eastern Sierra,http://www.disabledsportseasternsierra.org/,info@diversitycollective.org,,,,https://www.instagram.com/_diversitycollective/,,,
479,Diversity Collective Ventura County,https://www.diversitycollectivevc.org/,info@diversityinleadership.org,,https://www.diversitycollectivevc.org/about/#contact,https://www.facebook.com/diversitycollectivevc/,https://www.instagram.com/dil_institute/,,,
480,Diversity in Leadership Institute,http://www.diversityinleadership.org/,,https://www.linkedin.com/company/diversity-in-leadership-institute/,http://www.diversityinleadership.org/contact,https://www.facebook.com/DILInstitute/,,,,
481,Divine Truth Unity Fellowship Church dba Unity Fellowship Social Justice Ministries,https://www.facebook.com/ufsjm/,,,,https://www.facebook.com/login/device-based/regular/login/?login_attempt=1&next=https%3A%2F%2Fwww.facebook.com%2Fufsjm%2F,,,,
482,Diving for a Cause,http://www.divingforacause.org/,info@dvsolutions.org,,http://www.divingforacause.org/contact-us.html,,https://www.instagram.com/dvs.sb/,,,
483,Domestic Violence Solutions for Santa Barbara County,http://www.dvsolutions.org/,,https://www.linkedin.com/company/domestic-violence-solutions/,https://dvsolutions.org/contact-us/,https://www.facebook.com/DomesticViolenceSolutions,,,,
484,Doorway To Change Foundation,https://www.doorwaytochange.org/,info@doves4help.org,,,,http://www.instagram.com/doves4help,,,
485,"DOVES of Big Bear Valley, Inc.",http://www.doves4help.org/,"admin@dsaoc.org?subject=Sign me up for emails, bikecamp@dsaoc.org?subject=2026 OC Bike Camp Information, ",,,https://www.facebook.com/DOVES4HELP/,https://www.instagram.com/dsaoc/,,,
486,Down Syndrome Association of Orange County,https://www.dsaoc.org/,,,https://www.dsaoc.org/contactus.html,https://www.facebook.com/dsaocdads,https://www.instagram.com/downtownbrentwood/,,,
487,Downtown Brentwood Coalition,https://www.brentwooddowntown.com/,,,https://downtownbrentwood.com/contact/,https://www.facebook.com/DowntownBrentwood,https://www.instagram.com/dreamlivehopefoundation/,,,
488,Dream Live Hope Foundation,https://www.dreamlivehope.org/,info@dreammachine.org?subject=I'd%20like%20to%20Support%20Dream%20Machine%20,,https://www.dreamlivehope.org/contact-us-1,https://www.facebook.com/Dream-Live-Hope-Foundation-106145988432167,https://www.instagram.com/wearedreammachine/,,,
489,Dream Machine Innovation Lab,https://www.dreammachine.org/,,https://www.linkedin.com/company/dream-machine-innovation-lab/posts/?feedView=all,,,,,,
490,Dreamzilla,http://dreamzilla.org/,"erin@sfdress.org?subject=Donation%20Inquiry, hello@sfdress.org?subject=General%20Inquiry%20(website), ",,http://dreamzilla.org//pages/contact,,https://www.instagram.com/p/DWjJ15nDblT/,,,
491,Dress for Success San Francisco,https://sanfrancisco.dressforsuccess.org/,,https://www.linkedin.com/company/dress-for-success-san-francisco/,https://sanfrancisco.dressforsuccess.org/contact-info,https://www.facebook.com/dfssanfrancisco,https://www.instagram.com/drivewayfollies/,,,
492,Driveway Follies,http://www.drivewayfollies.org/,DUCLEARNINGCENTER.OLUCAS@GMAIL.COM?subject=Career%20Opportunity,,https://www.drivewayfollies.org/contact,https://www.facebook.com/DrivewayFollies,https://www.instagram.com/duc_learning_center?igsh=NTc4MTIwNjQ2YQ==,,,
493,DUC Learning Center,http://duclearningcenter.org/,info@earthdiscovery.org,,http://duclearningcenter.org/contact-us,https://www.facebook.com/profile.php?id=61560177284116,https://www.instagram.com/EDIExplorers,,,
494,EARTH DISCOVERY INSTITUTE,http://earthdiscovery.org/,,,https://www.earthdiscovery.org/contact,https://www.facebook.com/EDIExplorers,,,,
495,Earth Innovation Institute,http://www.earthinnovation.org/,Carrie@earthisland.org,https://www.linkedin.com/company/earth-innovation-institute/?trk=biz-companies-cym,http://www.earthinnovation.org//about/contact,https://www.facebook.com/Earth.Innovation/,https://www.instagram.com/earth_island_institute/,,,
496,Earth Island Institute,https://www.earthisland.org/,,https://www.linkedin.com/company/earth-island-institute/,https://www.earthisland.org//index.php/contact,https://www.facebook.com/EarthIslandInstitute,,,,
497,East Bay Alliance for a Sustainable Economy,http://www.workingeastbay.org/,info@ebclc.org,,,,https://www.instagram.com/eastbayclc/,,,
498,East Bay Community Law Center,https://ebclc.org/,office@eefc.org,https://www.linkedin.com/company/east-bay-community-law-center/,https://ebclc.org/contact-us/,https://www.facebook.com/ebclc/,https://www.instagram.com/eefc_org/,,,
499,East European Folklife Center,http://www.eefc.org/,,,https://eefc.org/contact/,https://www.facebook.com/eefc.org,https://www.instagram.com/eschousing,,,
500,Eastern Sierra Community Housing (formerly Mammoth Lakes Housing),https://eschousing.org/,,,https://eschousing.org/contact/,https://www.facebook.com/eschousing,https://www.instagram.com/_sierra_forever_,,,
501,Eastern Sierra Interpretive Association,http://www.sierraforever.org/,,https://www.linkedin.com/company/eastern-sierra-interpretive-association,https://sierraforever.org/contact/,https://www.facebook.com/ESIAONLINE/,https://www.instagram.com/easternsierralandtrust/,,,https://bsky.app/profile/sierra4ever.bsky.social
502,Eastern Sierra Land Trust,http://www.eslt.org/,,https://www.linkedin.com/company/eastern-sierra-land-trust/,https://eslt.org/contact/,https://www.facebook.com/easternsierralandtrust/,http://www.instagram.com/eastersealssocal/,,,
503,Easterseals Southern California,https://www.easterseals.com/southerncal,admin@eatfortheearth.org,https://www.linkedin.com/company/easterseals-southern-california,https://www.easterseals.com/southerncal/contact-us,https://www.facebook.com/EasterSealsSoCal,https://www.instagram.com/eatfortheearth2023/,,,https://bsky.app/profile/eastersealssocal.bsky.social
504,Eat for the Earth,https://www.eatfortheearth.org/,q@echoher.org,,,https://www.facebook.com/groups/eat.for.the.earth.santa.cruz/,https://www.instagram.com/echoherorg/,,,
505,EchoHer,http://echoher.org/,info@ecoact.org,https://www.linkedin.com/company/echoher,,,https://www.instagram.com/ecology_action/,,,
506,Ecology Action of Santa Cruz,http://www.ecoact.org/,,https://www.linkedin.com/company/ecology-action,https://ecoact.org/act-now/contact,https://www.facebook.com/ecologyaction,,,,
507,Economic Justice Fund,https://economicjusticefund.org/,info@ehpcares.org,,https://economicjusticefund.org/about-us/contact/,,https://www.instagram.com/ehpcares1975/?hl=en,,,
508,Ecumenical Hunger Program,http://www.ehpcares.org/,,https://www.linkedin.com/company/ecumencal-hunger-program-ehp-/,https://www.ehpcares.org/contact-10,https://www.facebook.com/EcumenicalHungerProgram/,,,,
509,"Eden I&R, Inc.",http://www.edenir.org/,info@edgeyl.org,,http://www.edenir.org/http://edenir.org/contact-us/,,https://www.instagram.com/edgeleaders/,,,
510,EDGE Youth Leadership,http://edgeyl.org/,yasminde@estcap.org,,,https://www.facebook.com/EDGELeaders/,https://www.instagram.com/estcollegeaccessprogram/,,,
511,Educating Students Together,https://estcap.org/,,https://www.linkedin.com/company/est-black-college-tours-and-college-access/%20,,https://www.facebook.com/ESTcollegeaccessprogram/,,,,
512,Education Francaise de Sacramento,https://efsac.com/,info@etmla.org,,,,https://www.instagram.com/etmla/,,,
513,Education Through Music - LA,http://etmla.org/,,,https://etmla.org/contact/,,,,,
514,Educational Enrichment Foundation for the Arts,https://eefa4arts.org/,,,,,https://www.instagram.com/sd_eespreschools/,,,
515,Educational Enrichment Systems,http://www.educ-enrichment.org/,info@efficiencyfirstca.org,,http://www.educ-enrichment.org/contact-us,https://www.facebook.com/EducationalEnrichmentSystems/,,,,
516,Efficiency First California,http://www.efficiencyfirstca.org/,,https://www.linkedin.com/company/efficiency-first-california?trk=biz-companies-cym,https://efficiencyfirstca.org/contact/,https://www.facebook.com/EfficiencyFirstCA/,https://www.instagram.com/elconcilioca,,,
517,El Concilio California,http://www.elconcilio.org/,"jocelyn@el-concilio.org?subject=Conectemonos, sofiaraquel@el-concilio.org, ameyalli@el-concilio.org, ",,https://www.elconcilio.org/2about/2g-contact-us/,https://www.facebook.com/ElConcilioCA,https://www.instagram.com/elconciliosmc/,,,
518,El Concilio of San Mateo County,https://www.el-concilio.org/,,,https://www.el-concilio.org/contact-us,https://www.facebook.com/ElConcilioofSanMateoCounty,https://www.instagram.com/elpajarocdc,,,
519,El Pajaro Community Development Corporation,http://www.elpajarocdc.org/,christy@elteatrocampesino.com,,,https://www.facebook.com/elpajarocdc/,,,,
520,El Teatro Campesino,http://www.elteatrocampesino.com/,frontdesk@elderhelpofsandiego.org,,,https://www.facebook.com/elteatrocampesino/,https://www.instagram.com/elderhelpsd/,,,
521,ElderHelp of San Diego,http://www.elderhelpofsandiego.org/,,https://www.linkedin.com/company/elderhelp-of-san-diego/,https://elderhelpofsandiego.org/contact/,https://www.facebook.com/ElderHelp/,https://www.instagram.com/efforg/,,,
522,Electronic Frontier Foundation,http://www.eff.org/,info@elizabethandpatricknashfoundation.org,https://www.linkedin.com/company/EFF,http://www.eff.org//about/contact,https://www.facebook.com/eff,,,,https://bsky.app/profile/eff.org
523,Elizabeth and Patrick Nash Foundation,https://www.elizabethnashfoundation.org/,,,,,,,,
524,Elk Grove Writers Guild,https://egweg.org/,,,,,https://www.instagram.com/elkhornslough_org,,,
525,Elkhorn Slough Foundation,http://www.elkhornslough.org/,,https://www.linkedin.com/company/elkhorn-slough-foundation/,http://www.elkhornslough.org//about/contact/,https://www.facebook.com/elkhornslough/,,,,
526,Elverhoj Museum of History & Art,https://elverhoj.org/,,,,,,,,
527,EMDAD,https://emdadd.org/,info@enla.org,,https://emdadd.org/contact/,,,,,
528,Emergency Network Los Angeles,http://enla.org/,info@empoweryolo.org,https://www.linkedin.com/company/emergency-network-los-angeles/,http://enla.org/contact-us-1,https://www.facebook.com/profile.php?id=100026627666071,,,,
529,Empower Yolo,http://empoweryolo.org/,,,https://empoweryolo.org/contact-us/,,https://www.instagram.com/empoweringlatinofutures/,,,
530,Empowering Latino Futures/Latino Literacy Now,http://www.empoweringlatinofutures.org/,"TeamEmpowher@povagency.co, info@empowher.org, ",https://www.linkedin.com/company/empowering-latino-futures,http://www.empoweringlatinofutures.org/contact-us.html,https://www.facebook.com/EmpoweringLatinoFutures,,,,
531,Empowher Institute,http://www.empowher.org/,,https://www.linkedin.com/company/empowher-institute,https://empowher.org/contact-1/,https://www.facebook.com/EmpowherOrg,,,,
532,Encino Conservancy,https://encinoconservancy.org/,info@endoflifechoicesca.org,,https://encinoconservancy.org/contact-us,,https://www.instagram.com/p/DAEmvXKzqjV/?utm_source=ig_web_copy_link,,,
533,End of Life Choices California,http://www.endoflifechoicesca.org/,,https://www.linkedin.com/company/eolcca/?viewAsMember=true,https://endoflifechoicesca.org/contact-us/,https://www.facebook.com/endoflifechoicescalifornia/,https://www.instagram.com/esal_usa,,,
534,Engineers & Scientists Acting Locally,http://www.esal.us/,,https://www.linkedin.com/company/esal_us/,,https://www.facebook.com/ESAL.usa/,,,,
535,Enlisted Leadership Foundation,http://www.enlistedleadershipfoundation.org/,,,,,https://www.instagram.com/compton_youthbuild/?hl=en,,,
536,EntreNous Community Empowerment,http://www.entrenousyouth.org/,,https://www.linkedin.com/in/compton-youthbuild-792613117/,https://www.entrenousempower.org/about-us/contact-us/,https://www.facebook.com/Compton-YouthBuild-136879769820488/?fref=ts,,,,
537,Environmental Law Foundation,http://www.envirolaw.org/,epic@wildcalifornia.org,,http://www.envirolaw.org/contact/,,https://www.instagram.com/epic_wildcalifornia/,,,
538,Environmental Protection Information Center,http://www.wildcalifornia.org/,info@etctrips.org,,https://www.wildcalifornia.org/contact,https://www.facebook.com/WildCalifornia,https://www.instagram.com/explore/tags/environmentaltravelingcompanions/,,,
539,Environmental Traveling Companions,http://www.etctrips.org/,,https://www.linkedin.com/company/environmental-traveling-companions/,http://www.etctrips.org/contact/,https://www.facebook.com/ETCtrips/,https://www.instagram.com/environmentalvolunteers/,,,
540,Environmental Volunteers,http://www.evols.org/,,https://www.linkedin.com/company/environmental-volunteers,https://www.environmentalvolunteers.org/contact-us/,https://www.facebook.com/environmentalvolunteers/,,,,
541,Epilepsy Education Everywhere,http://www.epilepsyed.org/,,,http://www.epilepsyed.org/http://epilepsyed.org/contact-2/,https://www.facebook.com/EpilepsyEd,,,,
542,EPIQuarterly,http://www.epiquarterly.org/,,,,,https://www.instagram.com/ecssandiego/,,,
543,Episcopal Community Services,http://www.ecscalifornia.org/,,https://www.linkedin.com/company/episcopal-community-services,http://www.ecscalifornia.org/contact-us,https://www.facebook.com/ecscaliforniasd/,https://www.instagram.com/equaljusticesociety/,,,https://bsky.app/profile/ecssandiego.bsky.social
544,Equal Justice Society,http://www.equaljusticesociety.org/,,,https://equaljusticesociety.org/contact/,https://www.facebook.com/equaljusticesociety,https://www.instagram.com/equalrightsadv/,,,
545,Equal Rights Advocates,http://www.equalrights.org/,?&subject=Read this story from Equality California&body=Home <!--2021-->%0D%0A%0D%0Ahttps://www.eqca.org/,https://www.linkedin.com/company/equal-rights-advocates/,https://www.equalrights.org/contact/,https://www.facebook.com/EqualRightsAdvocates,,,,
546,Equality California,https://www.eqca.org/,,,https://www.eqca.org//about/#contact-us/,https://www.facebook.com/share.php?u=https://www.eqca.org/,,,,
547,Equine Dream Fulfillment Project,,"Layla@glccenter.org, layla@glccenter.org, ",,,,https://www.instagram.com/glccenter,,,
548,ERV Community Center Foundation,http://glccenter.org/,information@escondidocreek.org,,,https://www.facebook.com/GeneLucasCenter,https://www.instagram.com/escondido_creek_conservancy/,,,
549,Escondido Creek Conservancy,http://www.escondidocreek.org/,,,,https://www.facebook.com/escondidocreekconservancy/,https://www.instagram.com/esperanto.usa/,,,
550,Esperanto-USA,http://www.esperanto-usa.org/,,,https://esperanto-usa.springly.org/contacts/profile,https://www.facebook.com/esperantousa/,https://www.instagram.com/esq.apprentice/,,,
551,Esq. Apprentice,https://esqapprentice.org/,,https://www.linkedin.com/company/esq-apprentice1/,https://esqapprentice.org/contact,https://www.facebook.com/Esq.Apprentice,https://www.instagram.com/essie4justice/,,,
552,Essie Justice Group,https://essiejusticegroup.org/,,https://www.linkedin.com/company/essie-justice-group/,https://essiejusticegroup.org/contact-us/,https://www.facebook.com/EssieJusticeGroup/,https://www.instagram.com/ethiopian_communityla/,,,
553,Ethiopian Community Los Angeles,http://www.eclosangeles.org/,info@chumashmuseum.org,,,https://www.facebook.com/Ethiopian-Community-Los-Angeles-111230467305620,https://www.instagram.com/chumashindianmuseum,,,
554,Eva Larson,http://www.chumashmuseum.org/,,,https://www.chumashmuseum.org/contact/newsletter,https://www.facebook.com/chumashindianmuseum,https://www.instagram.com/haasjrfund,,,
555,Evelyn and Walter Haas Jr. Fund,http://www.haasjr.org/,mail@youreverydayaction.org,https://www.linkedin.com/company/evelyn-and-walter-haas-jr--fund,http://www.haasjr.org//about/contact,,https://www.instagram.com/every_day_action/,,,
556,Every Day Action,https://www.youreverydayaction.org/,,https://www.linkedin.com/company/65639369/admin/feed/posts/,https://www.youreverydayaction.org/contactus,https://www.facebook.com/youreverydayaction,https://www.instagram.com/everychildcalifornia,,,
557,EveryChild California,http://everychildca.org/,"legal@evictiondefense.org, sca@evictiondefense.org, edcradco@evictiondefense.org, ",https://www.linkedin.com/company/california-child-development-administrators-association-ccdaa-,http://everychildca.org/contact-everychildca,https://www.facebook.com/EveryChildCalifornia,https://www.instagram.com/evictiondefense/,,,
558,Eviction Defense Collaborative,https://evictiondefense.org/,,,https://evictiondefense.org/contact-edc/,https://www.facebook.com/evictiondefense/,,,,
559,Executive Service Corps of Southern California,http://www.escsc.org/,,https://www.linkedin.com/company/executive-service-corps-of-southern-california,https://escsc.org/contact-us/,https://www.facebook.com/escsocal,https://www.instagram.com/fabmoinc/,,,
560,FabMo,http://www.fabmo.org/,,,https://www.constantcontact.com/legal/service-provider,https://www.facebook.com/FabMo/,https://www.instagram.com/fiabayarea/,,,
561,Faith in Action Bay Area,https://faithinactionba.org/,,,https://faithinactionba.org/contact,https://www.facebook.com/FaithInActionBayArea,,,,
562,Faith in Action East Bay,http://www.oaklandcommunity.org/,,,,,,,,
563,Families for Children,http://www.familiesforchildren.org/ffcsbhc.html,"info@familypaths.org?subject=FP%20Website%20Inquiry, info@familypaths.org, ",,http://www.familiesforchildren.org/ffcsbhc.htmlcontact.htm,,https://www.instagram.com/familyassistanceprograms/,,,
564,Family Assistance Program,https://familyassist.org/,"sccinfo@frcsj.org, jobs@frcsj.org, webmaster@frcsj.org, childcare@frcsj.org, food@frcsj.org, admin@frcsj.org, ",,,https://www.facebook.com/FamilyAssistanceProgram/,https://www.instagram.com/familypaths/,,,
565,Family Paths,https://familypaths.org/,,https://www.linkedin.com/company/family-paths/,,https://www.facebook.com/FamilyPathsInc,https://www.instagram.com/sjbecausekids/,,,
566,Family Resource & Referral Center San Joaquin DBA Family Resource Center,http://www.frcsj.org/,,https://www.linkedin.com/company/family_resource_center/?viewAsMember=true,https://frcsj.org/contact/,https://www.facebook.com/frcsj,,,,
567,Family Resource Navigators,http://familyresourcenavigators.org/,,,,,https://www.instagram.com/family_service_agency/,,,
568,Family Service Agency of Santa Barbara County,http://www.fsacares.org/,info@fvaplaw.org,,,https://www.facebook.com/familyserviceagencysb,https://www.instagram.com/_fsa.cc_/,,,
569,Family Service Agency of the Central Coast,http://www.fsa-cc.org/,,,https://fsa-cc.org/contact/,https://www.facebook.com/FamilyServiceAgencyCC,,,,
570,Family Violence Appellate Project,http://www.fvaplaw.org/,,https://www.linkedin.com/company/2666767,https://fvaplaw.org/contact/,https://www.facebook.com/FamilyViolenceAppellateProject,,,,
571,Fashionpreneur Hub,http://www.fashionpreneurhub.com/,"Sophia@fresnometmin.org, delaine@fresnometmin.org, brandi@fresnometmin.org, ",,http://www.fashionpreneurhub.com/contact,,,,,
572,Fatherless Age,,,,,,https://www.instagram.com/fchip_,,,
573,FCHIP - Fresno Community Health Improvement Partnership,http://fchip.org/,,https://www.linkedin.com/company/fresno-community-health-improvement-partnership/,https://www.fchip.org/contact/,https://www.facebook.com/fchip.org/?ref=br_rs,,,,
574,Feed the Hunger Fund,http://www.feed-hunger.com/,,,https://www.feed-hunger.com/contact/,,https://www.instagram.com/fctl_2019/,,,
575,Fideicomiso Comunitario Tierra Libre,http://fctl.la/,,,http://fctl.la/contact,https://www.facebook.com/FCTL2019,https://www.instagram.com/finbeg/,,,
576,Financial Beginnings,http://financialbeginnings.org/,,https://www.linkedin.com/company/financial-beginnings,https://financialbeginnings.org/contact-us,https://www.facebook.com/FinancialBeginningsUSA/,,,,
577,Find Cajairah,http://instagram.com/findcajairah,,,,https://www.facebook.com/help/instagram/261704639352628,,,https://www.threads.com/,
578,Firelight Foundation,http://www.firelightfoundation.org/,,https://www.linkedin.com/company/firelight-foundation/,http://www.firelightfoundation.org/contact,https://www.facebook.com/FirelightFoundation/,https://www.instagram.com/firststepcommunities/,,,
579,First Step Communities,http://www.firststepcommunities.org/,fistandstargen@gmail.com?subject=Mentoring%20Opportunity&body=I'd%20like%20more%20information%20to%20become%20a%20mentor%20with%20FIST%20%26%20STAR%20Generation.,https://www.linkedin.com/company/firststepcommunities,https://www.firststepcommunities.org/contact-us,https://www.facebook.com/FirstStepCommunities/,https://www.instagram.com/fisherhousesoutherncalifornia/,,,
580,Fisher House Southern California,http://fisherhousesocal.org/,info@fivekeys.org?,https://www.linkedin.com/company/fisher-house-southern-california/,https://fisherhousesocal.org/contact/,https://www.facebook.com/FisherHouseSouthernCalifornia/,https://www.instagram.com/fistandstar/,,,
581,FIST and STAR Generation,https://fistandstargen.org/,info@fixinsmc.org,,https://fistandstargen.org/contact,https://www.facebook.com/fistandstargen,https://www.instagram.com/fivekeysschoolsandprograms/,,,
582,Five Keys Schools and Programs,http://www.fivekeys.org/,,https://www.linkedin.com/company/five-keys-schools-and-programs/posts/?feedView=all,http://www.fivekeys.org/contact-us,https://www.facebook.com/FiveKeysSchoolsAndPrograms/,https://www.instagram.com/fixinsmc/,,,
583,Fixin' San Mateo County,http://www.fixinsmc.org/,info@flourishagenda.com,https://www.linkedin.com/company/fixin-san-mateo-county/,https://fixinsmc.org/about/contact-us/,,https://www.instagram.com/fleishhacker_foundation/,,,
584,Fleishhacker Foundation,https://www.fleishhackerfoundation.org/,,,https://www.fleishhackerfoundation.org/contact-us,https://www.facebook.com/fleishhackerfoundation/,https://www.instagram.com/flourishagenda/?hl=en,,,
585,Flourish Agenda Inc,https://flourishagenda.com/,finfo@folsomstreetevents.org,https://www.linkedin.com/company/flourish-agenda-inc/,https://flourishagenda.com/contact/,https://www.facebook.com/flourishagenda/,https://www.instagram.com/focusforward559/,,,
586,Focus Forward,http://www.focusforward.org/,info@foodbankccs.org,,http://www.focusforward.org//bright-futures-contacts,https://www.facebook.com/FocusForward559/,https://www.instagram.com/folsomstreet/,,,
587,Folsom Street,https://www.folsomstreet.org/,,,https://www.folsomstreet.org/contact-us,https://www.facebook.com/folsom.street/,https://www.instagram.com/foodbankccs,,,
588,Food Bank of Contra Costa & Solano,http://www.foodbankccs.org/,"?subject=Facebook&body=https%3A%2F%2Fwww.facebook.com%2F644705232281960%2Fposts%2F1465468805619699%20-%20%0A%0A%09%0A%09%09FREE%20Trees%20%26amp%3B%20Seeds%20Giveaway%20%E2%80%93%20South%20LA%21%20%F0%9F%8C%B1Our%20%40caclimateaction%20fellow%20Katja%20is%20%20sharing%20an%20opportunity%20for%20LA%20residents%20to%20stop%20by%20and%20pick%20up%20free%20trees%20or%20seed%20packets%20at%20our%20upcoming%20community%20event%20this%20Friday%21%20%F0%9F%8C%BF%20Whether%20you%E2%80%99re%20ready%20to%20garden%20or%20just%20want%20to%20bring%20something%20green%20home%2C%20we%E2%80%99ve%20got%20you%20covered.This%20event%20is%20happening%20in%20celebration%20of%20California%20Arbor%20Week%2C%20bringing%20the%20community%20together%20to%20plant%2C%20grow%2C%20and%20expand%20access%20to%20green%20space%20%F0%9F%8C%B3%F0%9F%93%8D%20Location%3A%20Mt.%20Salem%20Baptist%20Church8762%20S%20Central%20Ave%2C%20Los%20Angeles%2C%20CA%2090002%F0%9F%97%93%20Date%3A%20Friday%2C%20March%2027th%E2%8F%B0%20Time%3A%2012PM%20%E2%80%93%203PM%F0%9F%8C%B3%20What%20to%20expect%3A%E2%80%A2%20Free%20residential%20trees%20%28about%2050%20available%20%E2%80%93%20first%20come%2C%20first%20served%21%29%E2%80%A2%20Free%20seed%20packets%E2%80%A2%20Option%20to%20garden%20on-site%20or%20simply%20pick%20up%20and%20go%F0%9F%93%8C%20Important%3A%E2%80%A2%20Must%20bring%20an%20ID%20or%20LADWP%20bill%20showing%20a%20Los%20Angeles%20address%20to%20receive%20a%20tree%F0%9F%A4%9D%20Hosted%20in%20collaboration%20with%3AFoodCycle%20%2B%20California%20Climate%20Action%20Corps%2C%20working%20together%20to%20support%20food%20access%2C%20sustainability%2C%20and%20greener%20communities%20%F0%9F%8C%8E%F0%9F%92%9ALet%E2%80%99s%20grow%20greener%20communities%20together%E2%80%94hope%20to%20see%20you%20there%20%F0%9F%92%9A%23FreeTrees%20%23LosAngelesEvents%20%23ClimateAction%20%23CommunityGiveback%20%23SustainableLiving%09%09%09%0A%09, , ?subject=Facebook&body=https%3A%2F%2Fwww.facebook.com%2F644705232281960%2Fposts%2F1458015926364987%20-%20%0A%0A%09%0A%09%09Happy%20St.%20Patrick%E2%80%99s%20Day%20from%20FoodCycle%20%F0%9F%8D%80More%20than%20green%20outfits%20and%20good%20luck%2C%20today%20honors%20Saint%20Patrick%20and%20we%E2%80%99re%20celebrating%20the%20best%20way%20we%20know%20how%3A%20feeding%20people%2C%20not%20landfills%20%28no%20leprechaun%20required%29.%20%F0%9F%92%9A%23StPatricksDay%20%23FoodCycle%20%23DoGoodFeelGood%20%23FeedPeopleNotLandfills%20%23CommunityLove%09%09%09%0A%09, ",https://www.linkedin.com/company/food-bank-of-contra-costa-and-solano,https://www.foodbankccs.org/about/contact-us-directions/,https://www.facebook.com/pages/Food-Bank-of-Contra-Costa-and-Solano/114530700443,https://www.instagram.com/foodforward/,,,
589,"Food Forward, Inc",http://www.foodforward.org/,,https://www.linkedin.com/company/food-forward,http://www.foodforward.org//who-we-are/contact,https://www.facebook.com/foodforwardinc,https://www.instagram.com/foodcycle_la/,,,
590,FoodCycleLA,http://foodcyclela.org/,,,https://www.foodcyclela.org/contact-us/,https://www.facebook.com/644705232281960,https://www.instagram.com/creativeartsgroup_sierramadre/,,,
591,Foothill Creative Arts Group,http://www.creativeartsgroup.org/,admin@fortitudecareers.org,,https://www.creativeartsgroup.org/contact-8,https://www.facebook.com/creativeartsgroup.sierramadre,http://www.instagram.com/visitfortord,,,
592,Fort Ord Recreational Trail Friends,http://www.fortordfriends.org/,info@fossilfreeca.org,,http://www.fortordfriends.org/contact.html,https://www.facebook.com/fortfriends,,,,
593,Fortitude Careers,http://www.fortitudecareers.org/,,https://www.linkedin.com/company/fortitudecareers/,http://www.fortitudecareers.org/contact-us,,https://www.instagram.com/fossilfreeca,,,
594,Fossil Free California,https://fossilfreeca.org/,foster@fosterhopesac.org,https://www.linkedin.com/company/fossilfreecalifornia/,,https://www.facebook.com/fossilfreeca/,,,,https://bsky.app/profile/FossilFreeCA.org
595,Foster Friends Rescue,http://fosterfriendsrescue.org/,,,,,https://www.instagram.com/fosterhopesac/,,,
596,FosterHope of Sacramento,http://fosterhopesac.org/,info@face4pets.org,https://www.linkedin.com/company/fosterhope-sacramento/,https://fosterhopesac.org/contact-us-2/,https://www.facebook.com/FosterHopeSac/,https://www.instagram.com/fosterarmy/,,,
597,Fostering Army Animal Rescue,https://www.fosterarmy.org/,,,https://www.fosterarmy.org/about/contact/,https://www.facebook.com/fosterarmy/,https://www.instagram.com/face_foundation/,,,https://bsky.app/profile/fosterarmy.org
598,Foundation for Animal Care & Education,https://face4pets.org/,"filipina+web@ffwn.org, filipina@ffwn.org, ",https://www.linkedin.com/company/face-foundation,https://face4pets.org/contact,https://www.facebook.com/FACE4Pets,https://www.instagram.com/foundationccc/,,,
599,Foundation for California Community Colleges,http://www.foundationccc.org/,info@livingbeauty.org,https://www.linkedin.com/company/foundationccc,,https://www.facebook.com/foundationccc,https://www.instagram.com/filipinawomen/,,,
600,Foundation for Filipina Women's Network,http://www.filipinawomensnetwork.org/,,,http://www.filipinawomensnetwork.org/contact,,https://www.instagram.com/livingbeautyorg/,,,
601,Foundation for Living Beauty,http://www.livingbeauty.org/,amello@howardfoundation.org,https://www.linkedin.com/company/livingbeautyorg/,,https://www.facebook.com/livingbeautyorg/,https://www.instagram.com/fountaintheatre/?hl=en,,,
602,Fountain Theatre,https://www.fountaintheatre.com/,"info@freespeechcoalition.com, press@freespeechcoalition.com, ",,,https://www.facebook.com/pages/Fountain-Theatre/186380236716,,,,
603,Frank R. Howard Foundation,http://www.howardfoundation.org/,info@freedom4youth.org,,https://www.howardfoundation.org/contact-us,https://www.facebook.com/Frank-R-Howard-Foundation-445687538935480/,https://www.instagram.com/freespeechcoalition/,,,
604,Free Speech Coalition,http://www.freespeechcoalition.com/,,https://www.linkedin.com/company/free-speech-coalition/,http://www.freespeechcoalition.com/contact-us,,https://www.instagram.com/freedom4youthorg/,,,https://bsky.app/profile/fsc.bsky.social
605,Freedom 4 Youth,https://freedom4youth.org/,,,https://freedom4youth.org/about-us/contact-us/,https://www.facebook.com/freedom4youthorg/,https://www.instagram.com/p/DWZNEoqFdJ-/,,,
606,Freedom Community Clinic,https://www.freedomcommunityclinic.org/,,,https://www.freedomcommunityclinic.org/contact,,,,,
607,Freedom Through Education,http://www.freedomthrougheducation.com/,,,http://www.freedomthrougheducation.com/contact-us,,https://www.instagram.com/flyprogram/,,,
608,Fresh Lifelines for Youth,http://www.flyprogram.org/,,https://www.linkedin.com/company/fresh-lifelines-for-youth-fly-,https://flyprogram.org/contact/,https://www.facebook.com/flyprogram,https://www.instagram.com/fresnoartscouncil/,,,
609,Fresno Arts Council,http://www.fresnoartscouncil.org/,"jerryaguilar13@gmail.com, anthonyxramirez@icloud.com, robertbravo88@gmail.com, mnava@mtviewschools.net, ilene@femc4kids.org, cmike7910@gmail.com, ",,http://www.fresnoartscouncil.org/contact-us,https://www.facebook.com/fresnoartscouncil,,,,
610,Fresno Coalition for Digital Inclusion,https://connectfresno.org/,fcladmin@fclca.org,,https://connectfresno.org/contact/,,https://www.instagram.com/femc4kids,,,
611,Friendly El Monte Charity 4 Kids,https://www.femc4kids.org/,,https://www.linkedin.com/company/friendly-el-monte-charity-4-kids/,,,,,,
612,Friends Committee on Legislation of California,http://www.fclca.org/,,,,https://www.facebook.com/fclca.org/,,,,
613,Friends of Ability,,contact@friendsoffrontstreet.org,,,,https://www.instagram.com/friendsofchinacamp/,,,
614,"Friends of China Camp, Inc.",https://friendsofchinacamp.org/,,,https://friendsofchinacamp.org/about-us/contact-us/,https://www.facebook.com/Friends-of-China-Camp-371395306219570,https://www.instagram.com/friendsoffrontstreet,,,
615,Friends of Front Street Shelter,https://friendsoffrontstreet.org/,,https://www.linkedin.com/company/fofss?original_referer=https%3A%2F%2Fwww.google.com%2F,https://friendsoffrontstreet.org/contact/,https://www.facebook.com/FriendsofFrontStreetShelter/,https://www.instagram.com/friendshaywardpublicmontessori/,,,
616,Friends of Hayward Public Montessori,http://www.fohpm.org/,,,https://fohpm.org/contact-us/,https://www.facebook.com/profile.php?id=100090655161871,https://www.instagram.com/friendshipparkusmx/,,,
617,Friends of International Friendship Park,http://internationalfriendshippark.org/,,,https://internationalfriendshippark.org/contact/,https://www.facebook.com/FofPark,,,,
618,Friends of Mission Canyon,http://www.friendsofmissioncanyon.org/,,,,,,,,
619,Friends of Orinda Nature Area,,"scrap@scrap-sf.org, donate@scrap-sf.org, ",,,,https://www.instagram.com/cityofsandiego/,,,
620,Friends of San Diego Public Library,https://www.sandiego.gov/public-library/about-the-library/partners/friends,1883school@gmail.com,https://www.linkedin.com/company/cityofsandiego,https://www.sandiego.gov/public-library/about-the-library/partners/friends/contact,https://www.facebook.com/CityofSanDiego,,,,
621,Friends of Scrap,http://www.scrap-sf.org/,"Friends!, info@friendsofthedunes.org?subject=Hi, ",,http://www.scrap-sf.org//about-us/contact-us,,,,,
622,Friends of the 1883 Clarksburg Schoolhouse,http://1883clarksburgschoolhouse.org/,,,https://www.1883clarksburgschoolhouse.org/contact,,https://www.instagram.com/friendsofthedunes/?hl=en,,,
623,Friends of the Dunes,http://friendsofthedunes.org/,fotmcm@yahoo.com,,https://www.friendsofthedunes.org/contactus,https://www.facebook.com/friendsofthedunesnaturecenter,,,,
624,Friends of the Inyo,http://friendsoftheinyo.org/,info@redondobeachlibraryfriends.com?subject=Be%20a%20Friend%20of%20the%20Library!,,https://friendsoftheinyo.org/contactenos,,,,,
625,Friends of the Mendocino County Museum,https://mendocinocountymuseumfriends.org/,info@friendsoftheriver.org,,,https://www.facebook.com/557196867481002,,,,
626,Friends of the Redondo Beach Public Library,http://redondobeachlibraryfriends.com/,"info@frontlinecatalysts.org?subject=Press%20Inquiry, info@frontlinecatalysts.org, ",,https://www.redondobeachlibraryfriends.com/contact,https://www.facebook.com/Friends-of-the-Redondo-Beach-Public-Library-2373675832644247/?modal=admin_todo_tour,,,,
627,Friends of the River Foundation,https://www.friendsoftheriver.org/,info@fulcrumarts.org,,,,https://www.instagram.com/frontlinecatalysts510/,,,
628,Frontline Catalysts,http://www.frontlinecatalysts.org/,info@fullertonmuseum.com,https://www.linkedin.com/company/frontlinecatalysts/,https://www.frontlinecatalysts.org/contact,https://www.facebook.com/FrontlineCatalysts/,https://www.instagram.com/fulcrumarts/,,,
629,Fulcrum Arts,http://www.fulcrumarts.org/,,,,https://www.facebook.com/fulcrumarts/,https://www.instagram.com/fullertonmuseum/,,,https://bsky.app/profile/fulcrumarts.org
630,Fullerton Museum Center,http://fullertonmuseum.com/,hello@fundamental.health,,,https://www.facebook.com/FullertonMuseum/,https://www.instagram.com/thefundforsantabarbara/,,,
631,Fund for Santa Barbara,http://www.fundforsantabarbara.org/,,,,https://www.facebook.com/thefundforsantabarbara,https://www.instagram.com/fundamental__health/,,,
632,FundaMental Health,http://fundamental.health/,,https://www.linkedin.com/company/fundamental-health-nonprofit/,https://fundamental.health/contact-us/,https://www.facebook.com/team.fundamental.health,https://www.instagram.com/futureleadersnow/,,,
633,Future Leaders of America,http://www.futureleadersnow.org/,,https://www.linkedin.com/groups/6515190/,https://futureleadersnow.org/contact-us,https://www.facebook.com/FutureLeadersNow,,,,
634,Futures Unwalled,https://www.futuresunwalled.org/,,,,https://www.facebook.com/profile.php?id=61572479978966,,,,
635,Garden of Sincerity,GardenOfSincerity.org (TBA),info@garfieldfoundation.org,,,,,,,
636,Gardens Foundation and Gardens of Compassion,http://gardensfoundation.org/,admin@gateacademy.org,,http://gardensfoundation.org/contact,,,,,
637,Garfield Foundation,http://www.garfieldfoundation.org/,,,,,,,,
638,GATE Academy,http://www.gateacademy.org/,admissions@gatewaysc.org,,http://www.gateacademy.org/contact.html,,,,,
639,Gateway Educational Services,https://www.gatewayeducationalservices.org/,"reference@glbthistory.org, info@glbthistory.org, ",,https://visitor.r20.constantcontact.com/d.jsp?llr=r9kz7tmab&p=oi&m=1113064254289&sit=shxnwfyhb&f=cd90a0ad-c85d-4fa7-9c8f-9a16782803d0,https://www.facebook.com/gatewayeducationalsb,https://www.instagram.com/gatewayschoolsantacruz/,,,
640,Gateway School,https://gatewaysc.org/,,,,https://www.facebook.com/pages/Gateway-School-Santa-Cruz/129004470477104,https://www.instagram.com/glbt_history/,,,
641,Gay Lesbian Bisexual Transgender Historical Society,http://www.glbthistory.org/,?subject=I wanted you to see this site for skin-cancer treatment&body=Check out this site for a novel cancer treatment: https://www.cancer-treatment.net,,http://www.glbthistory.org/contact-us,https://www.facebook.com/GLBTHistory,https://www.instagram.com/geenadavisorg/,,,
642,Geena Davis Institute on Gender in Media,http://geenadavisinstitute.org/,,https://www.linkedin.com/company/geena-davis-institute-on-gender-in-media/,,https://www.facebook.com/GeenaDavisOrg,,,,
643,"GEIPE Cancer Treatment, Inc",http://www.cancer-treatment.net/,"javascript:void(location.href=''+String.fromCharCode(105,110,102,111,64,103,101,110,101,115,121,115,119,97,121,46,111,114,103))",https://www.linkedin.com/company/55235697,http://www.cancer-treatment.net/contact-us.html,https://www.facebook.com/Revolutionary-Cancer-Treatment-Effective-Non-toxic-104772764746867,,,,
644,GEMA Pathways,,info@geohaz.org,,,,https://www.instagram.com/genesyswayinc/,,,
645,Genesys Way inc,https://genesysway.org/,"info@germaniaverein.org, sjgermaniachor@gmail.com, germaniasjcboard@gmail.com, ",,,https://www.facebook.com/Genesyswayinc/,https://www.instagram.com/geohazards_international/,,,
646,Geohazards International,https://www.geohaz.org/,,https://www.linkedin.com/company/geohazards-international,https://www.geohaz.org/contactus,https://www.facebook.com/geohaz.org,https://www.instagram.com/germaniaverein,,,
647,"Germania Verein, Inc.",http://germaniaverein.org/,,,https://germaniaverein.org/contact/,https://www.facebook.com/germaniaverein/,,,,
648,Ghost Pine Native Plant Nursery,http://shrb.blogspot.com/,,,,,https://www.instagram.com/girlsclubla/,,,
649,Girls Club of Los Angeles,http://www.girlsclubla.org/,,,http://www.girlsclubla.org//pages/contact-us,https://www.facebook.com/GirlsClubofLosAngeles,https://www.instagram.com/girlsinccc/,,,
650,Girls Inc. of the Central Coast,http://www.girlsinccc.org/,,,https://girlsinccc.org/contact-us,https://www.facebook.com/girlsinccc/,https://www.instagram.com/gotr_inland_empire/,,,
651,Girls on the Run Inland Empire,https://www.gotrinlandempire.org/,"info@girlventures.org    <br />TAX ID 94-3319189,  info@girlventures.com?Subject=Homepage%20Hello, ",https://www.linkedin.com/company/89820291,,https://www.facebook.com/GOTRRiversideCounty,http://www.instagram.com/gotrsierras,,,
652,Girls on the Run Sierras,https://www.girlsontherunsierras.org/,,,,https://www.facebook.com/gotrsierras,,,,
653,Girlventures,http://www.girlventures.org/,"groups@giveusthefloor.org, info@giveusthefloor.org?subject=I%20want%20to%20support%20Give%20Us%20The%20Floor, ",https://www.linkedin.com/company/girlventures,http://www.girlventures.org/contact,https://www.facebook.com/profile.php?id=61587524323752,,,,
654,Give A Day Global,http://www.giveadayglobal.org/,,https://www.linkedin.com/company/3265609,,https://www.facebook.com/giveadayglobal,,,,
655,Give Us The Floor,https://giveusthefloor.org/,info@globalconservationforce.org,,https://giveusthefloor.org/contact,,https://www.instagram.com/ace121gallery/,,,
656,Glendale Arts,https://glendalearts.org/,,,https://glendalearts.org/about/contact/,https://www.facebook.com/ace121gallery,,,,
657,Global Conservation Force,https://globalconservationforce.org/,,,,https://www.facebook.com/RhinosGCF,,,,
658,Global Torques Organization,http://www.globaltorques.org/,support@go2.org,,,,https://www.instagram.com/globalvillageschool,,,
659,Global Village Intergalactic Educational Services,http://www.globalvillageschool.org/,,,http://www.globalvillageschool.org/contact,https://www.facebook.com/globalvillageschool,https://www.instagram.com/go2forlungcancer/,,,
660,GO2 for Lung Cancer,https://go2.org/,,https://www.linkedin.com/company/go2forlungcancer/,https://go2.org//about-us/contact,https://www.facebook.com/GO2forLungCancer/,,,,https://bsky.app/profile/go2forlungcancer.bsky.social
661,"Goals- Growth Opportunities Athletics, Learning & Service",http://www.goals.org/,,,https://www.goals.org/contact,,https://www.instagram.com/goatlandia_sanctuary/,,,
662,Goatlandia Farm Animal Sanctuary and Education Center,http://goatlandia.org/,,https://www.linkedin.com/company/goatlandia,http://goatlandia.org/contact,https://www.facebook.com/GoatlandiaFarmAnimalSanctuary,,,,https://bsky.app/profile/goatlandia.bsky.social
663,God’s Ladies in Charge,https://www.godsladiesincharge.org/,,,https://www.godsladiesincharge.org//application-and-contact,,https://www.instagram.com/gofundmeorg/,,,
664,GoFundMe.org,http://www.gofundme.org/,,https://www.linkedin.com/company/gofundme-org/,https://www.gofundme.org/contact/,https://www.facebook.com/gofundmedotorg,https://www.instagram.com/wix/,,,
665,Gold Country Food Hub,http://www.goldcountryfoodhub.org/,contact@goldcountrywildliferescue.org?subject=WebsiteInquiry,,,https://www.facebook.com/WixStudio,,,,
666,Gold Country Senior Services,http://www.goldcountryservices.org/,,,https://www.goldcountryservices.org/contact-us/,,https://www.instagram.com/gcwrescue,,,
667,Gold Country Wildlife Rescue,https://goldcountrywildliferescue.org/,info@goldengatebirds.org,,https://goldcountrywildliferescue.org/mailto:contact@goldcountrywildliferescue.org?subject=WebsiteInquiry,,,,,https://bsky.app/profile/gcwrescue.bsky.social
668,Gold Rush Charter School,http://www.goldrushcs.org/,info@p%61rkscon%73er%76ancy.org,,,https://www.facebook.com/profile.php?id=61573053774278,https://www.instagram.com/goldengatebirdalliance,,,
669,Golden Gate Bird Alliance,http://www.goldengatebirdalliance.org/,,,https://goldengatebirdalliance.org/contact-us/,https://www.facebook.com/GoldenGateBirdAlliance,,,,
670,Golden Gate National Parks Conservancy,https://www.parksconservancy.org/,"?&subject=&body=%20, ?&subject=HOME&body=https%3A%2F%2Fwww.goldenstateopportunity.org%2F, ",,,https://www.facebook.com/parksconservancy,,,,
671,Golden State Environmental Justice Alliance,http://www.goldenstateeja.com/,,,http://www.goldenstateeja.com/#contact,,https://www.instagram.com/caleitc4me/?hl=en,,,
672,Golden State Opportunity,http://www.goldenstateopportunity.org/,,,https://www.goldenstateopportunity.org/contact-us/,https://www.facebook.com/GoldenStateOpportunity/,,,,
673,Golden West Humanitarian Foundation,http://www.goldenwesthf.org/,info@goletahistory.org,https://www.linkedin.com/company/golden-west-humanitarian-foundation/,https://goldenwesthf.org/contact-us/,https://www.facebook.com/GoldenWestHF/,,,,
674,Goldman Environmental Foundation,http://www.goldmanfund.org/,,,,,https://www.instagram.com/stowhouse/,,,
675,Goleta Valley Historical Society,https://goletahistory.org/,info@goodforothers.org,,https://goletahistory.org/contact/,https://www.facebook.com/people/The-Stow-House-in-Goleta/100083445516121/,,,,
676,Gone But Not Forgotten Veterans Project,,"info@goodwillsocal.org, developmentdept@goodwillsocal.org, ",,,,https://www.instagram.com/goodforothers,,,
677,Good For Others Foundation,https://www.goodforothers.org/,info@gfsfamilyservices.org,https://www.linkedin.com/company/good-for-others-foundation,https://www.goodforothers.org/contact,https://www.facebook.com/goodforothers,,,,
678,Goodwill Southern California,https://powerofwork.goodwillsocal.org/,,https://www.linkedin.com/company/goodwill-southern-california/,,https://www.facebook.com/GoodwillSoCal,https://www.instagram.com/GrailFamilyServices,,,
679,Grail Family Services,http://www.gfsfamilyservices.org/,,https://www.linkedin.com/company/grail-family-services,,https://www.facebook.com/GrailFamilyServices,,,,
680,Grand Lake Montessori,http://www.grandlakemontessori.com/,info@gnservices.org,,https://www.grandlakemontessori.com/contact/,https://www.facebook.com/pages/Grand-Lake-Montessori/189737291061418,,,,
681,Grant Housing and Economic Development,,Greaterinlandempirebna@gmail.com?subject=Join our cause ,,,,https://www.instagram.com/greatnorthernservices/,,,
682,Great Northern Services,http://www.gnservices.org/,,,https://lp.constantcontactpages.com/sl/pWcSHBs/GNSNews,https://www.facebook.com/GreatNorthernServices.GNS,https://www.instagram.com/greater_ie_bna/,,,
683,Greater Inland Empire Black Nurses Association,http://greaterinlandempirebna.org/,info@greateropp.org,,https://www.greaterinlandempirebna.org/contact,https://www.facebook.com/GreaterIEBNA,,,,
684,Greater Los Angeles Zoo Association,http://www.lazoo.org/,,,https://lazoo.org/about/contact/,https://www.facebook.com/lazoo,https://www.instagram.com/greater.opp/,,,
685,Greater Opportunities for the Developmentally Disabled,http://www.greateropportunities.org/,contact@greenescholars.org,https://www.linkedin.com/company/greater-opportunities-for-the-developmentally-disabled,https://greateropportunities.org/contact/,https://www.facebook.com/people/Greater-Opportunities/61581423880775/,https://www.instagram.com/greatersacul,,,
686,Greater Sacramento Urban League,http://gsul.org/,gin@greeninfo.org,https://www.linkedin.com/company/greater-sacramento-urban-league/,http://gsul.org/contact,https://www.facebook.com/GreaterSacUL,https://www.instagram.com/greenescholars/,,,
687,Greene Scholars,http://www.greenescholars.org/,,https://www.linkedin.com/company/greene-scholars/,http://www.greenescholars.org/mailto:contact@greenescholars.org,https://www.facebook.com/greenescholar,https://www.instagram.com/greeninfonetwork/,,,
688,GreenInfo Network,http://www.greeninfo.org/,"admin@gripspintennis.com, admin@gripspintennis.org, ",https://www.linkedin.com/company/greeninfo-network,https://greeninfo.org/contact/,https://www.facebook.com/GreenInfo/,https://www.instagram.com/griffithobservatory/,,,
689,Griffith Observatory Foundation,http://www.griffithobservatoryfoundation.org/,,,https://griffithobservatory.lacity.gov/about/contact/,https://www.facebook.com/GriffithObservatory/,https://www.instagram.com/gripspintennis/,,,
690,Gripspin Tennis,http://www.gripspintennis.org/,,,http://www.gripspintennis.org/contactus,,https://www.instagram.com/p/CsRwOeBJgJq/,,,
691,Groundswell Community Project,http://www.groundswellcommunity.org/,,https://www.linkedin.com/company/groundswell-community-project/https://www.linkedin.com/company/groundswell-community-project/,http://www.groundswellcommunity.org/contact,https://www.facebook.com/groundswellsd/events,https://www.instagram.com/growinghealthykidsbayarea/,,,
692,Growing Healthy Kids,https://www.ghkids.org/,HAART@haartranch.org,,,https://www.facebook.com/GrowingHealthyKidsBayArea,,,,
693,Guadalupe-Nipomo Dunes Center,https://dunescenter.org/,donate@restoremb.org?subject=Schedule%20A%20Pick%20Up,,https://dunescenter.org/contact-us/,https://www.facebook.com/pages/Guadalupe-Nipomo-Dunes-Center/111583288068,,,,
694,HAART-High Desert Animal Assisted Rescue and Therapy at Double Barrel Desert Ranch,http://www.haartranch.org/,,,http://www.haartranch.org/contact-us,,https://www.instagram.com/habitatmontereybay,,,
695,Habitat for Humanity Monterey Bay,http://www.habitatmontereybay.org/,,https://www.linkedin.com/company/habitatmontereybay/,https://www.habitatmontereybay.com/contactus,https://www.facebook.com/HabitatMontereyBay/,,,,https://bsky.app/profile/habitatmontereybay.bsky.social
696,Hack Your Lives,https://hackyourlives.org/,,,https://hackyourlives.org/contact.php,,https://www.instagram.com/hhpzoo/,,,
697,Happy Hollow Foundation,https://happyhollow.org/,,https://www.linkedin.com/company/happy-hollow-park-zoo,https://happyhollow.org/contact-us/,https://www.facebook.com/hhpzoo/,,,,
698,"Happy Valley Conference Center, Inc.",http://happyvalleycc.org/,info@hbcfl.org,,,,https://www.instagram.com/?hl=en,,,
699,Harbor Interfaith Services,http://www.harborinterfaith.org/,,https://www.linkedin.com/company/harbor-interfaith-services-inc.,https://www.harborinterfaith.org/contact/,https://www.facebook.com/harbor.interfaith,https://www.instagram.com/harriettbuhaicenter,,,
700,Harriett Buhai Center for Family Law,http://www.hbcfl.org/,info@havenservices.org,https://www.linkedin.com/company/harriett-buhai-center-for-family-law/,https://www.hbcfl.org/contact-us/,https://www.facebook.com/harriettbuhaicenter,,,,
701,Have A Ball Foundation Inc.,http://www.haveaballgolf.com/,hazelshandsinc@gmail.com,,http://www.haveaballgolf.com/contact,https://www.facebook.com/HaveABallGolf,https://www.instagram.com/havenservicesdotorg,,,
702,Haven Neighborhood Services,https://www.havenservices.org/,info@headstartca.org,https://www.linkedin.com/company/haven-neighborhood-services,https://havenservices.org/contact-us/,https://www.facebook.com/havenservices.org,,,,
703,Hazel's Hands Inc.,http://www.hazelshands.com/,info@headlands.org,,https://www.hazelshands.com/contact,,https://www.instagram.com/headstartca/,,,
704,Head Start California,http://headstartca.org/,,https://www.linkedin.com/company/headstartcalifornia,http://headstartca.org/contact-us,,https://www.instagram.com/HeadlandsArts/,,,
705,Headlands Center for the Arts,http://www.headlands.org/,,,https://www.headlands.org/contact/,https://www.facebook.com/HeadlandsArts,https://www.instagram.com/healingtoyoumobile,,,
706,Healing To You,http://www.healingtoyou.org/,,https://www.linkedin.com/company/healing-to-you,http://www.healingtoyou.org/contact-us,https://www.facebook.com/100653789446583,https://www.instagram.com/wearehealingtogether,,,
707,Healing Together,http://www.wearehealingtogether.org/,,https://www.linkedin.com/company/2705122/admin/,https://www.wearehealingtogether.org/contact,https://www.facebook.com/wearehealingtogether,https://www.instagram.com/healthaccessca/,,,
708,Health Access Foundation,https://health-access.org/,,https://www.linkedin.com/company/healthaccesscalifornia,https://health-access.org/contact-us/,https://www.facebook.com/healthaccess,,,,https://bsky.app/profile/healthaccess.bsky.social
709,Health Care Integrated Services,http://www.healthcareintegratedservices.org/,info@healthinpartnership.org,,https://healthcareintegratedservices.org/contact-us/,,https://www.instagram.com/healthedcouncil/,,,
710,Health Education Council,http://www.healthedcouncil.org/,,https://www.linkedin.com/company/health-education-council/mycompany/?viewAsMember=true,https://healthedcouncil.org/who-we-are/contact.html,https://www.facebook.com/HealthEdCouncil,https://www.instagram.com/healthinpartnership/,,,
711,Health in Partnership,https://humanimpact.org/,,https://www.linkedin.com/company/health-in-partnership/,https://humanimpact.org/contact,https://www.facebook.com/HealthInPartnership,https://www.instagram.com/hi4_youth/,,,https://bsky.app/profile/hiporg.bsky.social
712,Health Initiatives for Youth,https://hi4youth.org/,,,https://hi4youth.org/contact-us-2/,https://www.facebook.com/hi4youth/,https://www.instagram.com/healthprojectscenter,,,
713,Health Projects Center,http://www.hpcn.org/,,https://www.linkedin.com/company/health-projects-center/,https://www.hpcn.org/contact,https://www.facebook.com/HealthProjectsCenter,https://www.instagram.com/healthierkidsfoundation/?hl=en,,,
714,Healthier Kids Foundation,https://hkidsf.org/,,,https://hkidsf.org/contact-us/,https://www.facebook.com/HealthierKidsFoundation/,https://www.instagram.com/healthyvalleyfoundation,,,
715,Healthy Valley Foundation,http://www.healthyvalleyfoundation.org/,vernita@heartinhomespecialties.org,https://www.linkedin.com/company/healthy-valley-foundation/,http://www.healthyvalleyfoundation.org/contact,https://www.facebook.com/HealthyValleyFoundation,,,,
716,Heart Behind the Badge-Sac County,https://www.heartbehindthebadge.org/,info@heartofelrio.org,,,,,,,
717,Heart in Home SpecialTIES,https://heartinhomespecialties.org/,info@heartsaligned.org,,https://heartinhomespecialties.org/#contact,,https://www.instagram.com/heart_of_el_rio/,,,
718,Heart of El Rio,http://www.heartofelrio.org/,,,https://www.heartofelrio.org/contact,https://www.facebook.com/profile.php?id=61566536782068,https://www.instagram.com/heartsalignedinc,,,
719,Hearts Aligned Inc,http://heartsaligned.org/,,https://www.linkedin.com/company/hearts-aligned-inc,https://heartsaligned.org/contact-us/,https://www.facebook.com/HeartsAlignedInc,,,,
720,Hebrew Free Loan Association,,,,,,https://www.instagram.com/helpishopefoundation,,,
721,Help Is Hope Foundation,http://helpishope.org/,,https://www.linkedin.com/in/gerad-amore-478385383/,https://www.helpishope.org/contact,https://www.facebook.com/helpishopefoundation/,,,,
722,Helping Establish Assistance Resource Team (HEART),http://heart4victims.org/,,,https://heart4victims.org/contact/,,https://www.instagram.com/helpingpawsfoundation,,,
723,Helping Paws Foundation,https://helpingpawssandiego.org/,,,https://helpingpawssandiego.org/contact-helping-paws-foundation-vista-ca/,https://www.facebook.com/helpingpawssandiego/,,,,
724,Hendy Woods Community,http://www.hendywoods.org/,hesperian@hesperian.org,,http://www.hendywoods.org/contact,https://www.facebook.com/pages/Hendy-Woods-Keep-It-OPEN/219941751405208,,,,
725,Hermanitos Unidos - Siblings United,http://www.huffa.org/,in**@*****************ct.com,,,,https://www.instagram.com/hesperianhealthguides/,,,
726,Hesperian Health Guides,http://www.hesperian.org/,,https://www.linkedin.com/company/hesperianhealthguides,https://hesperian.org/contact-us/,https://www.facebook.com/HesperianHealthGuides,https://www.instagram.com/hiddentruthsproject/,,,https://bsky.app/profile/hesperian.org
727,Hidden Truths Project,https://hiddentruthsproject.com/,info@highfivesfoundation.com,https://www.linkedin.com/company/hidden-truths-project/,https://hiddentruthsproject.com/contact/,https://www.facebook.com/profile.php?id=100089104281744,,,,
728,High Country Construction,,helpinfo@higheresteem.org,,,,https://www.instagram.com/hi5sfoundation/,,,
729,High Fives Foundation,http://highfivesfoundation.org/,,,https://highfivesfoundation.org/contact/,,,,,
730,Higher Esteem Non Profit Org Inc dba Higher Esteem Life Programs,http://www.higheresteem.org/,woodelcik@hillsidelc.org,,,,https://www.instagram.com/hills4everyone/,,,
731,Hills For Everyone,https://www.hillsforeveryone.org/,latinas@latinas.org,https://www.linkedin.com/company/hills-for-everyone/,,https://www.facebook.com/Hills4Everyone,https://www.instagram.com/hillsideschoollacanada/?hl=en,,,https://bsky.app/profile/hills4everyone.bsky.social
732,Hillside School & Learning Center,http://www.hillsideforsuccess.org/,,,https://hillsideforsuccess.org/contact-us/,https://www.facebook.com/people/The-Hillside-School-and-Learning-Center/100057485293502/,https://www.instagram.com/hopelatinas/,,,
733,Hispanas Organized for Political Equality (HOPE),http://www.latinas.org/,"wintersmuseum@gmail.com, historicalsocietyofwinters@gmail.com, ",https://www.linkedin.com/company/hopelatinas,https://www.latinas.org/contact-hope/,https://www.facebook.com/hopelatinas,https://www.instagram.com/historicalsocietyoflongbeach/,,,
734,Historical Society of Long Beach,http://www.hslb.org/,,,https://hslb.org/visit/contact-us/,https://www.facebook.com/hslb.LB/,,,,
735,Historical Society of Winters,https://www.wintersmuseum.org/,,,https://www.wintersmuseum.org/contact,https://www.facebook.com/HistoricalSocietyofWinters/,https://www.instagram.com/accounts/login/?next=/historysanjose/,,,
736,History San Jose,http://www.historysanjose.org/,admissions@holdenhigh.org,,https://lp.constantcontactpages.com/sl/2q3rtcR,https://www.facebook.com/historysanjose/,,,,
737,Hively,https://behively.org/,info@hollywoodumc.org,,https://behively.org/contact/#locations,,https://www.instagram.com/HoldenHighSchool,,,
738,Holden High School,http://www.holdenhigh.org/,info@hoofbeatsforhope.org?subject=Inquiry%20from%20Website,,https://holdenhigh.org/contact-us/,https://www.facebook.com/HoldenHighSchool,,,,
739,Hollywood United Methodist Church,http://www.hollywoodumc.org/,,,https://hollywoodumc.org/contact/,https://www.facebook.com/HollywoodUMC,https://www.instagram.com/hoofbeats_for_hope,,,
740,Hoofbeats For Hope Inc,http://www.hoofbeatsforhope.org/,lhuntley@lakecountyhospice.org,,,https://www.facebook.com/profile.php?id=61559592602946,https://www.instagram.com/hospicegivingfoundation_/,,,
741,Hospice Giving Foundation,http://www.hospicegiving.org/,info@housefarmworkers.org,,https://hospicegiving.org/contact/,https://www.facebook.com/HospiceGiving,https://www.instagram.com/hospicelakecountyca,,,
742,Hospice Services of Lake County,https://www.lakecountyhospice.org/,,,https://www.lakecountyhospice.org/contact-us/,https://www.facebook.com/HospiceServicesofLakeCounty,https://www.instagram.com/housefarmworkers/,,,
743,House Farm Workers,http://www.housefarmworkers.org/,info@rabbit.org,https://www.linkedin.com/company/house-farm-workers/,https://www.constantcontact.com/legal/about-constant-contact,https://www.facebook.com/HouseFarmWorkers/,https://www.instagram.com/p/DWZOtdNFDP6/,,,
744,"House of Ruth, Inc.",http://www.houseofruthinc.org/,,https://www.linkedin.com/company/house-of-ruth_2/,https://visitor.constantcontact.com/manage/optin?v=0018OepQbqXwM06GTl82Q4BtAx31Ju-eA0fECIEmRFuRTwGfoMV_iW9SUXlBbOAb0rXLMiFBS3ifPFHY_26WdNqEL4abicOztNn,https://www.facebook.com/HouseofRuthClaremont/?ref=page_internal,https://www.instagram.com/rabbitdotorg/,,,
745,House Rabbit Society,http://rabbit.org/,,,,https://www.facebook.com/rabbitdotorgfoundation,,,,
746,"Housing Alternatives, Inc.",,info@heartla.org,,,,https://www.instagram.com/housingca/,,,
747,Housing California,http://www.housingca.org/,contact@housingmatterssc.org,https://www.linkedin.com/company/housing-california,https://housingca.org/contact/,https://www.facebook.com/housingca,https://www.instagram.com/heartlosangeles/?hl=en,,,
748,Housing Equality & Advocacy Resource Team,http://www.heartla.org/,linda@housingtrustfundvc.org,,https://www.heartla.org/contact-us,https://www.facebook.com/HEARTLosAngeles/,https://www.instagram.com/housingmatterssc/,,,
749,Housing Matters,https://housingmatterssc.org/,"nwoodworth@hireoc.org, info@hireoc.org, recruitment@hireoc.org, ",,https://housingmatterssc.org/about-us/contact/,https://www.facebook.com/HousingMattersSC,https://www.instagram.com/housingtrustfundvc/,,,
750,Housing Trust Fund Ventura County,http://www.housingtrustfundvc.org/,"?subject=Facebook&body=https%3A%2F%2Fwww.facebook.com%2F1395099959327534%20-%20%0A%09Holistic%20health%20for%20young%20people%20goes%20far%20deeper%20than%20medical%20care.%20It%20is%20shaped%20by%20where%20they%20live%2C%20whether%20they%20have%20stable%20housing%2C%20if%20they%20feel%20safe%2C%20and%20their%20access%20to%20education.%20%F0%9F%92%9C%20%09%0A%09, info@huckleberryyouth.org, hyp@huckleberryyouth.org, ",https://www.linkedin.com/company/housingtrustfundvc,https://www.housingtrustfundvc.org/contact-us/,https://www.facebook.com/HousingTrustFundVC,https://www.instagram.com/hireoc/,,,
751,"Hub for Integration, Reentry & Employment",http://www.hireoc.org/,,https://www.linkedin.com/company/hireoc/,,https://www.facebook.com/hireorangecounty/,https://www.instagram.com/huckleberryyouth/,,,
752,Huckleberry Youth Programs,http://www.huckleberryyouth.org/,info@humanoptions.org,https://www.linkedin.com/company/huckleberry-youth-programs/,https://www.huckleberryyouth.org/contact-us/,https://www.facebook.com/huckleberryyouthprograms/,https://www.instagram.com/humanenergyio/,,,
753,Human Energy,https://www.humanenergy.io/,"hrn@hrntrinity.org?subject=Info, rn@hrntrinity.org, ",https://www.linkedin.com/company/humanenergy,https://www.humanenergy.io/contact-us,https://www.facebook.com/HumanEnergyIO/,,,,
754,"Human Options, Inc.",http://www.humanoptions.org/,dan@humanservicesalliance.org,https://www.linkedin.com/company/human-options-inc-,,https://www.facebook.com/humanoptions,https://www.instagram.com/hrntrinity,,,
755,Human Response Network,https://www.hrntrinity.org/,,,https://www.hrntrinity.org/contact,https://www.facebook.com/humanresponsenetwork,,,,
756,Human Services Alliance of Contra Costa,http://www.humanservicesalliance.org/,info@haart.org,,http://www.humanservicesalliance.org/contact-us,,,,,
757,Humanics @ Fresno State,,,,,,,,,
758,Humanistic Alternatives to Addiction Research dba HAART,http://www.haartoakland.org/,,,http://www.haartoakland.org/contact-us,,https://www.instagram.com/iactivism/?hl=en,,,
759,iACT,http://www.iact.ngo/,,https://www.linkedin.com/company/i-act,https://www.iact.ngo/contact,https://www.facebook.com/iactivism,https://www.instagram.com/idtheftcenter/,,,
760,Identity Theft Resource Center,https://www.idtheftcenter.org/,info@illuminaid.org,https://www.linkedin.com/company/idtheftcenter,https://www.idtheftcenter.org/contact-us,https://www.facebook.com/IDTheftResourceCenter,,,,
761,IEHP Foundation,http://iehpfoundation.org/,info@imagine1day.org,,,,https://www.instagram.com/illuminaid_org/,,,
762,illuminAid,https://www.illuminaid.org/,,https://www.linkedin.com/company/illuminaidorg,https://www.illuminaid.org/contact-us,https://www.facebook.com/illuminaid.org,https://www.instagram.com/imagine1day/,,,
763,"imagine1day USA, Inc.",https://imagine1day.org/,,https://www.linkedin.com/company/imagine1day/,https://imagine1day.org/who-we-are/contact/,https://www.facebook.com/imagine1day.org,,,,
764,Immigrants Rising,https://immigrantsrising.org/,impactfund@impactfund.org,,,,https://www.instagram.com/iiba1918/,,,
765,Immigration Institute of the Bay Area,https://iibayarea.org/,,,https://iibayarea.org/contact-us/,https://www.facebook.com/IIBA1918,,,,
766,Impact Fund,http://www.impactfund.org/,info@ivequityjustice.org?,https://www.linkedin.com/company/impactfund/,http://www.impactfund.org//aboutus/contact-2,https://www.facebook.com/USimpactfund/,,,,https://bsky.app/profile/impactfund.bsky.social
767,Imperial Regional Alliance,,,,,,https://www.instagram.com/ivequityjustice,,,
768,"Imperial Valley Equity and Justice, Inc.",http://ivequityjustice.org/,info@ivlgbt.org,https://www.linkedin.com/company/imperial-valley-equity-justice/,,https://www.facebook.com/IVEquityJustice/,https://www.instagram.com/ivfoodbank/,,,https://bsky.app/profile/iv-equity-justice.bsky.social
769,Imperial Valley Food Bank,http://www.ivfoodbank.org/,,,http://www.ivfoodbank.org//about/contact,https://www.facebook.com/ivfoodbank,https://www.instagram.com/ivlgbt/,,,
770,Imperial Valley LGBT Resource Center,https://ivlgbt.org/,info@independentschoolalliance.org?,,,https://www.facebook.com/ivlgbt/,https://www.instagram.com/included.sd/,,,
771,Includ(Ed),https://www.includedsd.org/,,,https://www.includedsd.org/contact-us,https://www.facebook.com/profile.php?id=100090665000300,https://www.instagram.com/independentschoolalliance/,,,
772,Independent School Alliance for Minority Affairs,http://www.independentschoolalliance.org/,rebekah@winnemem.org,https://www.linkedin.com/in/independent-school-alliance-a56b371ab/,http://www.independentschoolalliance.org/contact,https://www.facebook.com/Independentschoolalliance/,https://www.instagram.com/itnmonterey/,,,
773,Independent Transportation Network Monterey County,http://www.itnmontereycounty.org/,info@ihdcsf.org,https://www.linkedin.com/company/itnamerica,https://www.itnmontereycounty.org/contact-us/,https://www.facebook.com/235084483244257,,,,
774,Indian Cultural Organization,http://indiancultural.org/,"ices@sti.net, info@icesagency.org, ",,https://indiancultural.org/contact-us/,,https://www.instagram.com/tag.ihdc,,,
775,Indochinese Housing Development Corporation,http://www.indochinese.org/, info@initiatejustice.org,,https://www.ihdcsf.org/contact,https://www.facebook.com/people/Indochinese-Housing-Development-Corporation-IHDC/100067354601781/,,,,
776,Infant Child Enrichment Services,http://www.icesagency.org/,,,https://icesagency.org/contact-mariposa/,https://www.facebook.com/ICESTuolumne/,,,,
777,Initiate Justice,http://initiatejustice.org/,,,https://initiatejustice.org/contact-us/,,https://l.facebook.com/l.php?u=https%3A%2F%2Fwww.instagram.com%2F_u%2Fnorthcoastcoop&h=AT7Bw3s77DgPmp30FgZMmFdBj_baMYM_JLjTwTKTDa8YiijNdt3l6kps7Jv4ZGJaYhNsYVpN801oBukzV6uzpjce42AtPu1a9a9KYQcKoDyCZnP1NAsbd1xh1YKm4sTak6_6DhkaY-dreMFuILrb5UCqu0wPU9Jznf2_jG8-SQ&__tn__=C%2CP-R&c[0]=AT70uo6w-QrwPfp7Kl64vYozIAZ860GJuWwChuzEtavBbWcRXjnjU8HUgMX3iyi_SdAnl9tc7GfC87e8n2njM3JNpsDSRYCaS3N7QDez9yrC2RgnHSZqBYMYsnY6vl19Y-S4Cj8-ge08igsOZA5-hdjkrBnyP7VXyGesct-YehQEC3P9lh9T-T_XY0Ko_tVB0D7GYT7Vuwl0F39SX7v1H7IQxFQZnfZWSlywTw,,,
778,Ink People,https://www.facebook.com/theinkpeople?fref=ts,,,,https://www.facebook.com/login/device-based/regular/login/?login_attempt=1&next=https%3A%2F%2Fwww.facebook.com%2Ftheinkpeople%3Ffref%3Dts,,,,
779,"Inland Empire Community Collaborative, Inc.",http://www.inlandempirecommunitycollaborative.org/,info@theieiyc.org,,,,,,,
780,Inland Empire Community Foundation (IECF),http://www.thecommunityfoundation.net/,,,,,https://www.instagram.com/ie_iyc,,,
781,Inland Empire Immigrant Youth Collective,https://www.theieiyc.org/,,,https://www.theieiyc.org/contactus,https://www.facebook.com/IEIYC,,,,
782,Inland SoCal Housing Collective,http://www.ischcollective.org/,,,http://www.ischcollective.org//view/ischcollective/contact,,https://www.instagram.com/iho_inc/,,,
783,Innovative Housing Opportunities,http://www.ihocommunities.org/,,https://www.linkedin.com/company/innovative-housing-opportunities-inc-/,,https://www.facebook.com/ihoinc,,,,
784,Insignia,http://insigniacoaching.com/,contact@theirms.org,,,,,,,
785,Inspiration's Edge,https://www.inspirationsedge.org/,,,,,,,,https://bsky.app/profile/inspirationsedge.bsky.social
786,Institute for Research on Male Supremacism,http://malesupremacism.org/,arivera@integritycharterschool.net,,http://malesupremacism.org/mailto:contact@theirms.org,https://www.facebook.com/Institute-for-Research-on-Male-Supremacism-100703004613141,,,,
787,Institute for Wildlife Studies,http://www.iws.org/,,,http://www.iws.org/contact-us,https://www.facebook.com/IWSEagles/,,,,
788,Integrity Charter School,http://www.integritycharterschool.net/,,,,,,,,
789,Interfaith Food Ministry of Nevada County,http://www.interfaithfoodministry.org/,,,http://www.interfaithfoodministry.org/contact-us.html,https://www.facebook.com/pages/Interfaith-Food-Ministry/155749367813411?ref=aymt_homepage_panel,,,,
790,International Ally Federation,http://allyfederation.org/en/home,,,,,https://www.instagram.com/ican_siliconvalley/?hl=en,,,
791,International Children's Assistance Network (ICAN),http://www.ican2.org/,support@internationalfunders.org,https://www.linkedin.com/company/ican2,http://www.ican2.org/contact-us,https://www.facebook.com/ICANSiliconValley,https://www.instagram.com/iconn_neuroethics_college_/,,,
792,International College of Neuroethics and Neuroscience,https://www.neuroethicscollege.org/,info@pemphigus.org,https://www.linkedin.com/company/international-college-of-neuroethics-and-neuroscience/,https://www.neuroethicscollege.org/contact,https://www.facebook.com/profile.php?id=61575275098681,https://www.instagram.com/ifip_philanthropic/,,,
793,International Funders for Indigenous Peoples,https://internationalfunders.org/,,https://www.linkedin.com/company/international-funders-for-indigenous-peoples,,https://www.facebook.com/IFIPphilanthropy,https://www.instagram.com/healourskin/,,,
794,International Pemphigus Pemphigoid Foundation,https://www.pemphigus.org/,info@sﬁipc.org,https://www.linkedin.com/company/international-pemphigus-pemphigoid-foundation,https://www.pemphigus.org/contact-us/,https://www.facebook.com/healourskin,https://www.instagram.com/interstate5_blues_association_/,,,
795,"Interstate 5 Blues Association, Inc.",https://www.interstate5bluesassociation.org/,info@islandconservation.org,,https://www.interstate5bluesassociation.org/contact/,https://www.facebook.com/interstate.5.blues.association,,,,
796,Irish Immigration Pastoral Center of the Bay Area,http://www.sfiipc.org/,,,,,https://www.instagram.com/islandconservation/,,,
797,Island Conservation,http://www.islandconservation.org/,,https://www.linkedin.com/company/island-conservation/,,https://www.facebook.com/preventingextinctions,https://www.instagram.com/itpinternational/,,,
798,ITP International,http://www.itp-international.org/,,,http://www.itp-international.org//form/contact,https://www.facebook.com/ITPInternational/,https://www.instagram.com/itsbiggerthanus_/,,,
799,It's Bigger Than Us,http://itsbiggerthanusla.org/,info@jacobsheart.org,https://www.linkedin.com/company/it-s-bigger-than-us/,,https://www.facebook.com/search/top?q=it%27s%20bigger%20than%20us-%20los%20angeles,https://www.instagram.com/p/CvFSwVPIhFV/,,,
800,Jack McGovern Coats' Disease Foundation,https://coatsdiseasefoundation.org/,,https://www.linkedin.com/company/jack-mcgovern-coats-disease-foundation,https://coatsdiseasefoundation.org/contact-us,,https://www.instagram.com/jacobsheartkids/,,,
801,Jacob's Heart Children's Cancer Support Services,http://jacobsheart.org/,,,https://www.jacobsheart.org/contact,https://www.facebook.com/jacobsheart,,,,
802,Jakara Movement,http://www.jakara.org/,,,http://www.jakara.org/contact_us,https://www.facebook.com/jakaramovement/,https://www.instagram.com/jammers_strong_foundation/,,,
803,Jammers Strong Foundation,http://www.jammersstrong.com/,,https://www.linkedin.com/company/jammers-strong-foundation/,,https://www.facebook.com/JammersStrong,,,,https://bsky.app/profile/jammersstrong.bsky.social
804,Janus of Santa Cruz,http://www.janussc.org/,,https://www.linkedin.com/company/janus-of-santa-cruz/,http://www.janussc.org/contact-us,https://www.facebook.com/janus.sc,https://www.instagram.com/jetaanc/,,,
805,Japan Exchange & Teaching Program Alumni Association of Northern California,http://jetaanc.org/,,http://www.linkedin.com/company/jet-alumni-association-of-northern-california-jetaanc-,https://www.jetaanc.org/contact,https://www.facebook.com/jetaanc,,,,
806,Japanese American Citizens League dba: Watsonville-Santa,http://watsonvillesantacruzjacl.com/,,,https://watsonvillesantacruzjacl.com/contact-us/,https://www.facebook.com/Watsonville-Santa-Cruz-JACL-1690890217793542/,,,,
807,Japanese American Citizens League Pacific Southwest District,http://www.jaclpsw.org/,,,http://www.jaclpsw.org/contact.html,,https://www.instagram.com/jampilgrimages/,,,
808,Japaneses American Memorial Pilgrimages,https://www.jampilgrimages.org/,,,https://www.jampilgrimages.org/contact,https://www.facebook.com/JAMPilgrimages,,,,https://bsky.app/profile/jampilgrimages.bsky.social
809,Dora Lopez,http://www.instagram.com/arcoiriscollectivelearning,"services@jfsla.org, msidman@jfsla.org, development@jfsla.org, ",,,https://www.facebook.com/help/instagram/261704639352628,,,https://www.threads.com/,
810,Jericho Road Pasadena,http://www.jrpasadena.org/,,,https://jrpasadena.org/contact-us-3/,,https://www.instagram.com/jfslosangeles/?hl=en,,,
811,Jewish Family Service LA,http://www.jfsla.org/,"jfs@jfssv.org, CACSintake@jfssv.org, ",,,https://www.facebook.com/JFSLA/,https://www.instagram.com/jfs_sd/,,,
812,Jewish Family Service of San Diego,http://www.jfssd.org/,info@jewishcal.org,https://www.linkedin.com/company/jewish-family-service-of-san-diego/,https://secure.jfssd.org/site/SPageServer/?pagename=contact_jfs,,https://www.instagram.com/jfssiliconvalley/,,,
813,Jewish Family Services of Silicon Valley,http://www.jfssv.org/,jirehteaminfo@gmail.com,,,https://www.facebook.com/jewishfamilyservicessv/,https://www.instagram.com/jpaccalifornia,,,
814,Jewish Public Affairs Committee of California,https://jpac-cal.org/,,https://www.linkedin.com/company/JewishCalifornia/,https://www.jewishcal.org/contact,https://www.facebook.com/jewishcalifornia,https://www.instagram.com/jirehproviders/,,,
815,JIREH Providers,https://jirehhealthandwellness.org/,,,https://jirehhealthandwellness.org/contact-us/,https://www.facebook.com/JIREHProviders1,,,,
816,"JMH-Anaheim Foundation, Inc.",http://www.jmhanaheim.com/,,,,,,,,
817,Jmm Dance Co,https://www.jmmdanceco.org/,info@jsgf.org,,https://jmmdanceco.org/contact/,,,,,
818,John & Marcia Goldman Foundation,http://jmgoldmanfoundation.org/,,,,,,,,
819,Josephine S. Gumbiner Foundation,http://www.jsgf.org/,,,http://www.jsgf.org/contact,,,,,
820,Joshua Tree Creative Laboratory (JTLab),https://www.jtlab.info/,sianne@j-sei.org,,,https://www.facebook.com/jtlab.info/,https://www.instagram.com/thejoslyncenter/,,,
821,Joslyn Senior Center,http://joslyncenter.org/,"i would like to learn more about JTM Academy, registration@jtmacademy.org?subject=Thank you for your inquiry about JTM Academy!, registration@jtmacademy.org?subject=Hi, registration@jtmacademy.org, ",,,https://www.facebook.com/JoslynCenter/,https://www.instagram.com/jseicommunity/,,,
822,"J-Sei, Inc.",https://j-sei.org/,,,,https://www.facebook.com/jseicommunity/,https://www.instagram.com/jtm_academy/,,,
823,JTM Academy,http://www.jtmacademy.org/,,,https://www.jtmacademy.org/contact,https://www.facebook.com/JTMAcademy/,,,,
824,Jubilee Bridge Church,https://www.facebook.com/jubileebridge,,,,https://www.facebook.com/login/device-based/regular/login/?login_attempt=1&next=https%3A%2F%2Fwww.facebook.com%2Fjubileebridge,,,,
825,Juma Ventures,http://www.juma.org/,,https://www.linkedin.com/company/juma-ventures,https://juma.org/contact/,https://www.facebook.com/jumaventures,https://www.instagram.com/janorcal/,,,
826,Junior Achievement of Northern California,https://norcal.ja.org/,,https://www.linkedin.com/company/junior-achievement-of-northern-california/,https://norcal.ja.org//about/contact-us,https://www.facebook.com/janorcal/,,,,
827,Just Who I Am,http://justwhoiam.org/,info@supplybank.org,,https://justwhoiam.org/contact-us/,,,,,
828,Justice At Last,https://www.justiceatlast.org/,,https://www.linkedin.com/company/justiceatlastbayarea,https://www.justiceatlast.org/contact,https://www.facebook.com/JusticeAtLastBayArea/,https://www.instagram.com/supplybank/,,,
829,K to College dba SupplyBank.Org,https://supplybank.org/,,,https://supplybank.org/contact-us/,https://www.facebook.com/SupplyBank/,,,,
830,Kai Ming Head Start,http://www.kaiming.org/,,,,,https://www.instagram.com/kara.grief/,,,
831,Kara,https://www.kara-grief.org/,,https://www.linkedin.com/company/3666053,https://kara-grief.org/services/when-you-contact-us/,https://www.facebook.com/KaraGrief,https://www.instagram.com/katerifund/,,,
832,Kateri Tekakwitha Fund,http://www.kateri-fund.org/,,https://www.linkedin.com/company/the-kateri-fund-for-guatemalan-girls-education/,https://www.kateri-fund.org/contact-1,https://www.facebook.com/katerifund,https://l.facebook.com/l.php?u=https%3A%2F%2Fwww.instagram.com%2Fkcbxfm&h=AT6FisFdsPcKF0Se-aqlaInv7JBo1QTX9tcvj-1WVvz0JTHwWRZilfChwg3R9rwkRr7kwnEVk3oz2Etk-X0GUoney7N3c8Tik6NDlgJ2Tihd_uswpw0FnkFvkr57JcRIL2ty6uTaK8Up3AyKbaB8xtrm3eJDF7IggVprxF4Aqw,,,
833,"KCBX, Inc.",https://www.facebook.com/kcbxfm,,,,https://www.facebook.com/login/device-based/regular/login/?login_attempt=1&next=https%3A%2F%2Fwww.facebook.com%2Fkcbxfm,https://www.instagram.com/kcrw/,,,
834,"KCRW Foundation, Inc.",https://www.kcrw.com/,info@kelleyhousemuseum.org,,https://www.kcrw.com/contact,https://www.facebook.com/kcrw/,,,,
835,Keep Track Global Community Development Corporation,http://ktglobalcdc.org/,info@kafoundation.org,,https://ktglobalcdc.org/contact-us/,,https://www.instagram.com/kelleyhousemuseum/,,,
836,Kelley House Museum,https://www.kelleyhousemuseum.org/,admin@kerntennis.org,,,https://www.facebook.com/KelleyHouseMuseum,,,,
837,Kendra Alexander Foundation,http://www.kafoundation.org/,,,,,https://www.instagram.com/kcta_tennis/,,,
838,Kern Community Tennis Association,http://kerntennis.org/,,,,https://www.facebook.com/profile.php?id=61558991290848&mibextid=ZbWKwL,,,,
839,Kern River Conservancy,www.kernriverconservancy.org.  www.southernsierraconservancy.org,,,,,,,,
840,Kern River Fly Fishers,http://kernriverflyfishers.com/,,,,,,,,
841,Kern River Valley Senior Citizens Inc,https://krvseniors.org/,info@kiamor.org,,,,,,,
842,Keys to Music Foundation,http://keystomusicfoundation.org/,"info@kidsclinic.org, info@kidsclinic.org?subject=I'd like to volunteer at KCDC, ",https://www.linkedin.com/company/107855701/,http://keystomusicfoundation.org/contact,https://www.facebook.com/profile.php?id=61578183973518,,,,
843,KIAMOR Project,http://www.kiamor.org/,,,http://www.kiamor.org/#contact,,https://www.instagram.com/kidscommunity.dentalclinic/,,,
844,Kids' Community Clinic of Burbank,http://www.kidsclinic.org/,info@kidsingers.org,,,,https://www.instagram.com/kidsfirstfoundation/,,,
845,Kids First Foundation,http://www.kidsfirstfnd.org/,info@kilusanwellness.org,,https://www.kidsfirstfnd.org/contact,,https://www.instagram.com/officialkidsingers/,,,
846,KidSingers,http://www.kidsingers.org/,info@kimberlycrest.org,,https://www.constantcontact.com/legal/service-provider,,http://www.instagram.com/kilusanwellness,,,
847,Kilusan Wellness,https://www.kilusanwellness.org/,sreade@kcbellflower.org?subject=Housing%20Support%20Group,,,https://www.facebook.com/KilusanWellness/,https://www.instagram.com/kimberlycrest/,,,
848,Kimberly Crest House & Gardens,https://kimberlycrest.org/,,,https://kimberlycrest.org/contact/volunteer/,https://www.facebook.com/KimberlyCrestHouseAndGardens/,https://www.instagram.com/kcbellflower,,,
849,Kingdom Causes Bellflower,http://kcbellflower.org/,info@kitchensforgood.org,,http://kcbellflower.org/contact,https://www.facebook.com/kingdomcausesbellflower,,,,
850,Kings Community Action Organization,http://www.kcao.org/,,,,,https://www.instagram.com/kitchensforgood/,,,
851,Kitchens for Good,http://www.kitchensforgood.org/,"housing@kiwa.org?subject=Need%20Tenant%20Clinic%20Info&body=Hi%2C%0AIm%20looking%20for%20more%20information%20about%20the%20tenant%20empowerment%20clinic., info@kiwa.org, Clinic@kiwa.org?subject=Need%20Worker%20Clinic%20Info&body=Hi%2C%0AIm%20looking%20for%20some%20more%20information%20on%20the%20worker%20clinic., ask@Kaction.org?subject=Need%20Tenant%20Clinic%20Info&body=Hi%2C%0AIm%20looking%20for%20more%20information%20about%20the%20tenant%20empowerment%20clinic., ",https://www.linkedin.com/company/kitchens-for-good/,https://kitchensforgood.org/contact/,https://www.facebook.com/kitchensforgood,//www.instagram.com/kiva.org,,,
852,Kiva,http://www.kiva.org/,,,http://www.kiva.org//help/contact-us,,,,,
853,KIWA (Koreatown Immigrant Workers Alliance),https://www.kiwa.org/,,,https://www.kiwa.org/contact-1,,,,,
854,Knights of Care,,,,,,https://www.instagram.com/kasec_ca/,,,
855,Korean American Special Education Center,http://www.kasecca.org/,,,https://kasecca.org/contact-us-2/,https://www.facebook.com/kasec5629262040,https://www.instagram.com/krclaorg,,,
856,Korean Resource Center,http://www.krcla.org/,,,http://www.krcla.org/contact,https://www.facebook.com/krcla/,https://www.instagram.com/kyccla/,,,
857,Koreatown Youth and Community Center,http://www.kyccla.org/,,,https://www.kyccla.org/contact-us/,https://www.facebook.com/KYCCLA,,,,
858,Kronos Performing Arts Association,http://www.kronosquartet.org/,contact@kurkachildrenshealthfund.org,,https://kronosquartet.org/contact/,,https://www.instagram.com/p/DT7BspdDode/,,,
859,Kultur Mercado,https://www.kulturmercado.org/,,https://www.linkedin.com/company/kultur-mercado/,https://www.kulturmercado.org/contact,https://www.facebook.com/KulturMercado,https://www.instagram.com/kurkachildrenshealthfund/,,,
860,Kurka Children's Health Fund,http://kurkachildrenshealthfund.org/,Info@kylejtaylor.org,,https://www.kurkachildrenshealthfund.org/contact-us/,https://www.facebook.com/Kurka-Childrens-Health-Fund-111041007931054,https://www.instagram.com/KWMRradio,,,
861,"KWMR, West Marin Community Radio",http://www.kwmr.org/,,,,https://www.facebook.com/kwmrradio,https://www.instagram.com/kylejtaylorfoundation/,,,
862,Kyle J. Taylor Foundation,http://kylejtaylor.org/,,,,https://www.facebook.com/kylejtaylorfoundation/,https://www.instagram.com/laworksnow/,,,
863,L.A. Works,http://www.laworks.com/,,https://www.linkedin.com/company/la-works/mycompany/,https://www.laworks.com/contact,https://www.facebook.com/laworks,,,,
864,"La Cocina, Inc.",http://lacocinasf.org/,"development@lafh.org, info@lafh.org, ",https://www.linkedin.com/company/la-cocina/,,https://www.facebook.com/lacocinasforg/,,,,
865,LA County High School for the Arts Foundation,http://www.artshigh.org/foundation,,,,,https://www.instagram.com/lafamilyhousing,,,
866,LA Family Housing,http://www.lafh.org/,boxoffice@ljsc.org,https://www.linkedin.com/company/lafamilyhousing/,,,,,,
867,LA Forward Institute,https://www.laforward.institute/,,,https://www.laforward.institute/contact,,https://www.instagram.com/lajollasymphony/,,,
868,La Jolla Symphony & Chorus,http://www.lajollasymphony.com/,maggiehart@lagunafoundation.org,https://www.linkedin.com/company/lajollasymphonychorus/,https://www.ljsc.org/contact-us/,https://www.facebook.com/LaJollaSymphony,,,,
869,La Senora Research Institute,https://www.lasenora.org/,,,https://lasenora.org/contact-us/,,https://www.instagram.com/laguna_foundation/,,,
870,Laguna de Santa Rosa Foundation,http://www.lagunafoundation.org/,info@lakefrc.org,,http://www.lagunafoundation.org/contact.html,https://www.facebook.com/LagunadeSantaRosaFoundation/,https://www.instagram.com/lagunaoceanfoundation/,,,
871,Laguna Ocean Foundation,http://www.lagunaoceanfoundation.org/,"admin@operationopenwater.org, info@email.com, ",https://www.linkedin.com/company/laguna-ocean-foundation,https://lagunaoceanfoundation.org/contact/,https://www.facebook.com/lagunaoceanfoundation,,,,
872,Lake Family Resource Center,http://www.lakefrc.org/,info@lakesideriverpark.org,,http://www.lakefrc.org/http://www.lakefrc.org/admin-contacts/,,https://www.instagram.com/watermanfoundation,,,
873,Lake Tahoe Waterman Foundation,https://www.laketahoewaterman.org/,info@lampsoflight.org,,,https://www.facebook.com/watermanfoundation,,,,
874,Lakeside's River Park Conservancy,http://www.lakesideriverpark.org/,info@napalandtrust.org,,https://www.lakesideriverpark.org/contact-us-1,,https://www.instagram.com/lampsoflightproject/,NaNNaN,,
875,Lamps of Light,http://lampsoflight.org/,info@landtrustscv.org,https://www.linkedin.com/authwall?trk=bf&trkInfo=AQE2XBVnJOsR5gAAAY-9VTiw4sysS7NTSLBBpfItz98BvDgn_re8kXYxC6RMoj35Op_1ufwPIx1Z5R1oM29YEUZ9EpcXtvsn8Hspyh4AUMmnl59fX03xCs8JRhspFi-0tvi-6fI=&original_referer=&sessionRedirect=https%3A%2F%2Fwww.linkedin.com%2Fin%2Ftabari-zahir-acsw-radt-a265321b4,https://lampsoflight.org/contact-us/,https://www.facebook.com/people/Lamps-of-Light-Project/100091953254431/,https://www.instagram.com/p/DWkR2C8AVgz/,,,
876,Land Trust of Napa County,http://www.napalandtrust.org/,info@landtrustsantacruz.org,,https://napalandtrust.org/contact/,,,,,
877,Land Trust of Santa Clara Valley,http://www.landtrustscv.org/,,https://www.linkedin.com/company/ltscv/?viewAsMember=true,,https://www.facebook.com/pages/category/Nonprofit-Organization/Land-Trust-of-Santa-Clara-Valley-158922128204375/,,,,
878,Land Trust of Santa Cruz County,http://www.landtrustsantacruz.org/,,,,,https://www.instagram.com/carecen_sf/?hl=en,,,
879,Ronald Munoz,http://www.carecensf.org/,,https://www.linkedin.com/company/carecen-sf,https://carecensf.org/about-us/contact-us/,https://www.facebook.com/CarecenSanFrancisco/,,,,https://bsky.app/profile/carcensf.bsky.social
880,Lark Traditional Arts,http://larktraditionalarts.org/,,,,,,,,
881,Latin Advocacy Network,http://www.latinan.org/,,,,,https://www.instagram.com/nohosunvalleyfamilysource/,,,
882,Latino Resource Organization,http://www.latinoresource.org/,,,https://www.latinoresource.org/contact,https://www.facebook.com/wlafamilysource/,,,,
883,Lavender Youth Recreation & Information Center (LYRIC),http://www.lyric.org/,leap@leap.org,,,,https://www.instagram.com/leadership_counsel/,,,
884,Leadership Counsel for Justice and Accountability,http://www.leadershipcounsel.org/,,https://www.linkedin.com/company/leadership-counsel/,https://leadershipcounsel.org/contact/,https://www.facebook.com/lcjacalifornia,https://www.instagram.com/leapuncaptalent/,,,
885,Leadership Education for Asian Pacifics Inc,http://www.leap.org/,info@lccf.org,,http://www.leap.org/contact,https://www.facebook.com/LEAPUncapTalent,,,,
886,Leading From Within,https://leading-from-within.org/,,https://www.linkedin.com/company/leading-from-within/,https://leading-from-within.org/contact-us/,https://www.facebook.com/Leading-From-Within-601817216507485/,,,,
887,League of California Community Foundations,http://www.lccf.org/,,,https://lccf.org/contact/,https://www.facebook.com/LeagueCaCFs,,,,
888,League of Women Voters of Humboldt County,http://www.lwvhc.org/,,,http://www.lwvhc.org//california/humboldt-county/contact-us,,https://www.instagram.com/leahspantryorg/,,,
889,Leah's Pantry,http://leahspantry.org/,,https://www.linkedin.com/company/leahspantry/,http://leahspantry.org/contact-us/,https://www.facebook.com/LeahsPantryOrg,https://www.instagram.com/leapcentralcoast/,,,
890,LEAP: Learn. Engage. Advocate. Partner.,http://www.ivyp.org/,,https://www.linkedin.com/company/leapcentralcoast,https://leapcentralcoast.org/contact-us/,https://www.facebook.com/leapcentralcoast,,,,
891,Learning Enrichment After-School Program,http://www.leapusa.org/,"jeffrey@legacyhealthendowment.org, info@legacyhealthendowment.org, ",,https://leapusa.org/contact-us/,,https://www.instagram.com/learningrightslawcenter/,,,
892,Learning Rights Law Center,http://www.learningrights.org/,info@laaconline.org,,https://www.learningrights.org/contact,https://www.facebook.com/LearningRights/,,,,
893,Legacy Health Endowment,http://legacyhealthendowment.org/,,https://www.linkedin.com/company/legacy-health-endowment,,https://www.facebook.com/LegacyHealthEndowment,https://www.instagram.com/laaconline/,,,
894,Legal Aid Association of California,http://www.laaconline.org/,,https://www.linkedin.com/company/legal-aid-association-of-california-laac-,,https://www.facebook.com/LAAConline/,https://www.instagram.com/legalaidofmarin/,,,
895,Legal Aid of Marin,http://www.legalaidmarin.org/,,https://www.linkedin.com/company/legal-aid-of-marin,https://legalaidmarin.org/contact/,https://www.facebook.com/legalaidmarin/,https://www.instagram.com/legalaidsocietysmc/,,,
896,Legal Aid Society of San Mateo County,http://www.legalaidsmc.org/,,https://www.linkedin.com/company/the-legal-aid-society-of-san-mateo-county,http://www.legalaidsmc.org/contact,https://www.facebook.com/legalaidsmc/,https://www.instagram.com/allofusornone/,,,
897,Legal Services for Prisoners with Children (Network on Women in Prison),http://www.prisonerswithchildren.org/,,https://www.linkedin.com/company/3139243,https://prisonerswithchildren.org/contact-coalition-for-family-unity/,https://www.facebook.com/LSPCmovement,,,,
898,Legal Services of Northern California,http://www.lsnc.net/,treasurer@myleonavalley.org,,https://lsnc.net/how-contact-us,,,,,
899,Lend A Hand Foundation,http://www.lendahandfoundation.org/,,,,,,,,
900,Leona Valley Improvement Association,https://myleonavalley.org/welcome,,,https://myleonavalley.org/welcome/contact-us,https://www.facebook.com/LVIA,,,,
901,Level Ground,http://levelground.co/,,,,,https://www.instagram.com/levittquinnfamilylawcenter/,,,
902,Levitt and Quinn Family Law Center,https://levittquinn.org/,,,https://levittquinn.org/contact-us/,https://www.facebook.com/LevittQuinn,,,,
903,LGBTQ Center Orange County,http://www.lgbtcenteroc.org/,,,,,,,,
904,Liberty Hill Foundation,https://www.libertyhill.org/,,,https://www.libertyhill.org//who-we-are/contact/,,,,,
905,Licensed Adult Residential Care Association (LARCA),http://www.larcala.org/,,,https://www.larcala.org/contact,,,,,
906,Life Balance Institute,https://www.lifebalance.org/,,,,,,,,
907,Life Lab Science Program,http://www.lifelab.org/,,,http://www.lifelab.org/contact,,,,,
908,Liminal Works,https://www.liminal-works.org/,,,https://www.liminal-works.org/contact,,,,,
909,Lindsay Wildlife Museum,https://lindsaywildlife.org/,,,https://lindsaywildlife.org/contact/,,,,,
910,Listen Foundation,http://www.listenfoundation.com/,,,,,,,,
911,Little Brothers-Friends of the Elderly-San Francisco,https://www.littlebrotherssf.org/,,,,,,,,
912,Little Tokyo Service Center,http://www.ltsc.org/,,,https://www.ltsc.org/contact/,,,,,
913,Live Like Geno Foundation Inc.,http://livelikegeno.org/,,,https://livelikegeno.org/contact/,,,,,
914,Livermore Lab Foundation,http://www.livermorelabfoundation.org/,,,https://livermorelabfoundation.org/#contact,,,,,
915,Livermore Valley Performing Arts Center,http://www.livermoreperformingarts.org/,,,,,,,,
916,Living Classroom,https://www.living-classroom.org/,,,https://www.living-classroom.org/contact.html,,,,,
917,Living Jazz,http://www.livingjazz.org/,,,,,,,,
918,LocalHost Research,,,,,,,,,
919,Lodi House,http://www.lodihouse.org/,,,https://www.lodihouse.org/contact/,,,,,
920,"Lompoc Museum Associates, Inc.",http://lompocmuseum.org/,,,,,,,,
921,Long Beach Beekeepers,https://www.longbeachbeekeepers.org/,,,https://www.longbeachbeekeepers.org/mailto:contact@longbeachbeekeepers.org,,,,,
922,Long Beach City College Foundation,,,,,,,,,
923,Long Beach Forward Inc,https://www.lbforward.org/,,,https://lbforward.org/contact/,,,,,
924,Long Term Care Ombudsman Services of San Luis Obispo County,http://ombudsmanslo.org/,,,http://ombudsmanslo.org/contact,,,,,
925,Looms for Lupus,http://www.looms4lupus.org/,,,,,,,,
926,Lord's Instruments Ministries,https://liministries.org/,,,https://liministries.org/#contact,,,,,
927,Los Altos Mountain View Children's Corner,http://www.lamvchildrenscorner.org/,,,,,,,,
928,Los Altos Property Owners Downtown Association,http://propertyownersdowntownlosaltos.org/,,,http://propertyownersdowntownlosaltos.org/contact,,,,,
929,Los Angeles Birders,http://www.labirders.org/,,,http://www.labirders.org//about.html#main-contact-form,,,,,
930,Los Angeles Center for Community Law and Action,https://laccla.org/,,,https://laccla.org/contact-us/,,,,,
931,Los Angeles Centers for Alcohol and Drug Abuse (L.A. CADA),http://lacada.com/,,,http://lacada.com/contact.php,,,,,
932,Los Angeles Conservancy,http://www.laconservancy.org/,,,http://www.laconservancy.org/http://www.laconservancy.org/contact-us/,,,,,
933,Los Angeles County Beekeepers Association,http://losangelescountybeekeepersassociation.com/,,,http://losangelescountybeekeepersassociation.com/contact,,,,,
934,Los Angeles Guild for Reproductive Health,,,,,,,,,
935,Los Angeles Neighborhood Land Trust,http://www.lanlt.org/,,,http://www.lanlt.org/contact,,,,,
936,Los Angeles Nomadic Division Land,https://nomadicdivision.org/,,,,,,,,
937,Los Angeles Review of Books,http://lareviewofbooks.org/,,,http://lareviewofbooks.org//about/contact/,,,,,
938,Los Angeles River State Park Partners,http://larsppartners.org/,,,,,,,,
939,Los Padres ForestWatch,http://forestwatch.org/,,,https://www.constantcontact.com/legal/service-provider,,,,,
940,Lotus Outreach,http://www.lotusoutreach.org/,,,https://lotusoutreach.org/contact-us/,,,,,
941,LOUD For Tomorrow,https://loudfor.org/,,,https://loudfor.org/contact/,,,,,
942,Love is the Answer (LITA),http://www.litamarin.org/,,,http://www.litamarin.org/contact,,,,,
943,Love Wild Horses Foundation,http://lovewildhorses.org/,,,,,,,,
944,Lung Cancer Foundation of America,https://lcfamerica.org/,,,https://lcfamerica.org/contact-us/,,,,,
945,Lutheran Social Services of Northern California,https://www.lssnorcal.org/,,,https://www.lssnorcal.org/contact-us.html,,,,,
946,LVDI International,http://lvdiinternational.org/,,,https://lvdiinternational.org/contact/,,,,,
947,M-A Foundation for the Future,https://www.mafoundation.org/,,,https://www.mafoundation.org/contact-us/,,,,,
948,Magic Cabinet,https://www.magiccabinet.org/,,,https://www.magiccabinet.org/contactus/,,,,,
949,Maitri,http://www.maitri.org/,,,http://www.maitri.org/contact-us,,,,,
950,Maitri Compassionate Care,https://www.maitrisf.org/,,,https://www.maitrisf.org/contact/,,,,,
951,Make-A-Wish Foundation of Northeastern & Central California and Norther Nevada,https://wish.org/ncc,,,https://wish.org/ncc/canv/our-chapter#contact-us-34846,,,,,
952,Making Hope Happen Foundation,https://makinghope.org/,,,https://makinghope.org/contact/,,,,,
953,Mammoth Lakes Recreation,https://www.mammothlakesrecreation.org/,,,https://www.mammothlakesrecreation.org/contact,,,,,
954,MapLight,http://www.maplight.org/,,,https://www.maplight.org/contact-us,,,,,
955,March to the Top - Africa,http://www.marchtothetop.com/,,,,,,,,
956,Marin City Community Development Corporation,https://www.marincitycdc.org/,,,https://www.marincitycdc.org/contact-2,,,,,
957,Marin Open Studios,https://marinopenstudios.org/,,,https://lp.constantcontactpages.com/su/yqLHrXs,,,,,
958,Marin Treatment Center,http://www.marintreatmentcenter.org/,,,https://www.dhcs.ca.gov/Pages/dhcs_contact.aspx,,,,,
959,Mario Pedrozzi Scholarship Foundation,https://pedrozzifoundation.org/,,,https://pedrozzifoundation.org/contact/,,,,,
960,Mariposa Museum and History Center,https://www.mariposamuseum.com/,,,,,,,,
961,"Martha's Village and Kitchen, Inc.",https://marthasvillage.org/,,,https://visitor.r20.constantcontact.com/manage/optin?v=001TaS_TGBRZa0iaI6f0m7gejz3IplOojAPeHAcjGe9cZNZgFPeUkXQfU9rzWQg0w5IcUp98SZwaJL_26DcoQzyj2Xr92Z20lzeKEuI1norY58%3D,,,,,
962,Martin Luther King Jr. Freedom Center,http://www.mlkfreedomcenter.org/,,,https://mlkfreedomcenter.org/contact/,,,,,
963,Maternal Mental Health NOW,https://www.maternalmentalhealthnow.org/,,,,,,,,
964,Mattole Restoration Council,http://mattole.org/,,,https://mattole.org/contact/,,,,,
965,Mattole Salmon Group,https://www.mattolesalmon.org/,,,https://www.mattolesalmon.org/contact/,,,,,
966,Mavericks Community Foundation,http://maverickscommunityfoundation.org/,,,https://www.maverickscommunityfoundation.org/copy-of-contact,,,,,
967,MBIRA,http://www.mbira.org/,,,https://mbira.org/contact-us/,,,,,
968,McCune Foundation,http://www.mccunefoundation.org/,,,https://mccunefoundation.org/contact-us/,,,,,
969,McKinley Children Center,http://www.mckinleycc.org/,,,https://www.mckinleycc.org/contact-us/,,,,,
970,McKinleyville Family Resource Center,https://mckfrc.org/,,,,,,,,
971,MCRD Museum Foundation,https://www.mcrdmuseumfoundation.org/,,,https://www.mcrdmuseumfoundation.org/about-the-museum/contact-us,,,,,
972,"Me & Korea, Inc.",http://www.meandkorea.org/,,,http://www.meandkorea.org/contact,,,,,
973,Meadow View Learning,https://www.meadowviewlearning.org/,,,https://www.meadowviewlearning.org/contact-us,,,,,
974,Meadowridge Mutual Water Company,,,,,,,,,
975,"Meals on Wheels - Santa Maria Valley, Inc.",https://mealsonwheelssmv.org/,,,https://mealsonwheelssmv.org/contact/,,,,,
976,Meals on Wheels California,http://www.mowca.org/,,,,,,,,
977,Meals On Wheels San Francisco,http://www.mowsf.org/,,,https://www.mowsf.org/contact-us/,,,,,
978,Meals on Wheels Santa Barbara,http://mealsonwheelssb.org/,,,,,,,,
979,MEarth,https://mearthcarmel.org/,,,https://mearthcarmel.org/contact/,,,,,
980,MedCycle Network,https://www.medcyclenetwork.org/,,,,,,,,
981,Media Alliance,https://media-alliance.org/,,,https://media-alliance.org/contact/,,,,,
982,Meet Each Need with Dignity (MEND),http://www.mendpoverty.org/,,,http://www.mendpoverty.org/contact-us,,,,,
983,MeiFlower Nonprofit Organization,http://www.mei-flower.org/,,,http://www.mei-flower.org/#contact,,,,,
984,Mendocino Coast Healthcare Foundation,http://www.mchfoundation.org/,,,https://www.mchfoundation.org/contact-us/,,,,,
985,Mendocino Food and Nutrition Program,http://fortbraggfoodbank.org/,,,,,,,,
986,Mendocino Land Trust,http://www.mendocinolandtrust.org/,,,https://www.mendocinolandtrust.org/about-mlt/contact-us/,,,,,
987,Mendocino Woodlands Camp Association,http://www.mendocinowoodlands.org/,,,http://www.mendocinowoodlands.org/contact-form,,,,,
988,Mental Health & Autism Insurance Project,http://www.mhautism.org/,,,https://mhautism.org/contact/,,,,,
989,"Mental Health Advocacy Services, Inc",http://mhas-la.org/,,,http://mhas-la.org/contact-us,,,,,
990,Mental Health America of California,https://www.mhac.org/,,,https://mhac.org/mission-leadership/contact-us/,,,,,
991,Mentis,http://mentisnapa.org/,,,,,,,,
992,Merola Opera Program,https://merola.org/,,,https://merola.org/contact-us/,,,,,
993,Mexican Heritage Center,http://morenoinstitute.org/,,,,,,,,
994,Michelle's Place Cancer Resource Center,http://www.michellesplace.org/,,,,,,,,
995,Microenterprise Collaborative of Inland Southern California,https://microbizinsocal.org/,,,https://microbizinsocal.org/contact/,,,,,
996,MILPA,http://milpacollective.org/,,,https://www.milpacollective.org/contact,,,,,
997,Mimi and Peter Haas Fund,https://www.mphf.org/,,,https://mphf.org/contact,,,,,
998,Minds Matter Los Angeles (dba Minds Matter Southern California),https://mindsmatterla.org/,,,,,,,,
999,Mission Motor Group,http://www.wix.com/,,,https://www.wix.com/contact,,,,,
1000,Mission StageWorks,http://www.missionstageworks.org/,,,http://www.missionstageworks.org/contact-1,,,,,
1001,Missionary Support Network,https://www.missionarysupportnetwork.com/,,,https://missionarysupportnetwork.com/contact-us/,,,,,
1002,Mockingbird Incubator,http://www.mockingbirdincubator.org/,,,http://www.mockingbirdincubator.org/contact-us,,,,,
1003,Moffett Park Business Group,http://www.mpbta.org/,,,,,,,,
1004,Molly's Angels,http://www.mollysangels.com/,,,http://www.mollysangels.com/contact,,,,,
1005,Monterey College of Law,http://www.montereylaw.edu/,,,http://www.montereylaw.edu//alumni/updatecontact.html,,,,,
1006,Monterey County Film Commission,https://filmmonterey.org/,,,https://filmmonterey.org/contact/,,,,,
1007,Monterey County Symphony Association,http://www.montereysymphony.org/,,,,,,,,
1008,Monterey County Theatre Alliance,http://theatremonterey.org/,,,,,,,,
1009,Monterey Peninsula Volunteer Services,http://mpvsbenefitshop.org/,,,http://mpvsbenefitshop.org/contact-us.html,,,,,
1010,Montessori School of Los Altos,http://www.montessorischooloflosaltos.org/,,,,,,,,
1011,MoonRock Ranch Barn Kids,http://moonrockranch.com/,,,,,,,,
1012,Moorpark Friends of the Library,https://www.mfotl.com/,,,https://www.mfotl.com/contact-us,,,,,
1013,Moreno Seeds Foundation,https://morenoinstitute.org/,,,,,,,,
1014,Mosaic America,https://mosaicamerica.org/,,,https://mosaicamerica.org/contact/,,,,,
1015,Moses House Ministries,https://www.moseshouse.org/,,,https://www.moseshouse.org/contact,,,,,
1016,Mothers' Helpers,http://www.mothershelpers.org/,,,https://www.mothershelpers.org/contact,,,,,
1017,Mountain Area Preservation Foundation,http://www.mountainareapreservation.org/,,,http://www.mountainareapreservation.org/contact-us,,,,,
1018,"Mountain Counseling & Training, Inc.",http://www.mountaincounseling.org/,,,https://www.mountaincounseling.org/contact/,,,,,
1019,Mountain High Recovery Center,http://mountainhighrecovery.org/,,,https://mountainhighrecovery.org/contact/,,,,,
1020,Mountain Homeless Coalition,http://www.mountainhomelesscoalition.com/,,,https://www.mountainhomelesscoalition.com/contact,,,,,
1021,Mountain Lion Foundation,https://mountainlion.org/,,,https://mountainlion.org/contact-us/,,,,,
1022,Mountaintop Productions Inc,http://mountaintopproductions.org/,,,https://mountaintopproductions.org/contact-us/,,,,,
1023,MOVE Mountain View,https://www.movemv.org/,,,https://www.movemv.org/contact-us,,,,,
1024,Move Santa Barbara County,https://movesbcounty.org/,,,https://movesbcounty.org/contact/,,,,,
1025,Movement Generation,http://movementgeneration.org/,,,,,,,,
1026,Movement Strategy Center,https://movementstrategy.org/,,,https://movementstrategy.org/contact-us/,,,,,
1027,"MOXI, The Wolf Museum of Exploration + Innovation",http://moxi.org/,,,https://moxi.org/about-moxi/contact/,,,,,
1028,Mr. Holland's Opus Foundation,https://www.mhopus.org/,,,https://mhopus.org/contact/,,,,,
1029,Museum of Northern California Art,http://www.monca.org/,,,,,,,,
1030,Music Connects Foundation,https://www.musicconnectsfoundation.org/,,,,,,,,
1031,Music Tech Foundation,http://musictechfoundation.org/,,,http://musictechfoundation.org/#contact,,,,,
1032,Mustang Speech and Debate Foundation,,,,,,,,,
1033,Muttville,https://muttville.org/,,,https://muttville.org/contact_us,,,,,
1034,MyPath,https://mypathus.org/,,,,,,,,
1035,NAMI San Diego & Imperial Counties,http://www.namisandiego.org/,,,https://namisandiego.org/contact/,,,,,
1036,NAMI San Mateo County,https://namisanmateo.org/,,,https://namisanmateo.org/contact,,,,,
1037,NAMI Sonoma County,http://www.namisoco.org/,,,https://namisonomacounty.org/contact/,,,,,
1038,Napa Valley Community Foundation,http://www.napavalleycf.org/,,,https://www.napavalleycf.org/contact-us/,,,,,
1039,Napa Valley Community Organizations Active in Disaster (COAD),http://napavalleycoad.org/,,,,,,,,
1040,Napa Valley Vine Trail Coalition,http://www.vinetrail.org/,,,http://www.vinetrail.org//pub/htdocs/contact.html,,,,,
1041,"Nar-Anon Family Groups Headquarters, Inc",http://nar-anon.org/,,,http://nar-anon.org/contact,,,,,
1042,Narika,http://www.narika.org/,,,http://www.narika.org/contact,,,,,
1043,National Alliance on Mental Illness South Bay (South Bay Alliance on Mental Illness),http://www.namisouthbay.org/,,,https://namisouthbay.org/contact/,,,,,
1044,National Asian Pacific American Families Allied for Substance Awareness and Harm Reduction,https://napafasa.org/,,,,,,,,
1045,National Assistance League,https://www.assistanceleague.org/,,,https://www.assistanceleague.org/contact/,,,,,
1046,National Center for Employee Ownership,https://www.nceo.org/,,,https://www.nceo.org/contact-us,,,,,
1047,National Center for Youth Law,https://youthlaw.org/,,,https://youthlaw.org/contact-us/,,,,,
1048,National Day Laborer Organizing Network (NDLON),https://ndlon.org/,,,,,,,,
1049,National Dental Advocacy Program,http://nationaldentaladvocacy.org/,,,,,,,,
1050,National Eczema Association,http://www.nationaleczema.org/,,,,,,,,
1051,National Film Preservation Foundation,http://www.filmpreservation.org/,,,,,,,,
1052,National High School Career Day Network,http://hscareerdaynetwork.com/,,,,,,,,
1053,National Housing Law Project,http://www.nhlp.org/,,,,,,,,
1054,National Organization of Gay and Lesbian Scientists & Technical Professionals,https://outtoinnovate.org/,,,,,,,,
1055,Native American Land Conservancy,http://nativeamericanland.org/,,,https://www.nativeamericanland.org/contact,,,,,
1056,Native Dads Network,http://www.nativedadsnetwork.org/,,,http://www.nativedadsnetwork.org/contact.html,,,,,
1057,Natividad Medical Foundation,http://www.nativadad.com/,,,,,,,,
1058,Natural Communities Coalition,https://occonservation.org/,,,,,,,,
1059,Natural High,http://www.naturalhigh.org/,,,https://www.naturalhigh.org/contact/,,,,,
1060,"NCI Affiliates, Inc.",https://www.nciaffiliates.org/,,,https://www.nciaffiliates.org//pages/contact-us,,,,,
1061,NCN Organization,https://thencngroup.org/,,,https://thencngroup.org/contact/,,,,,
1062,Nell Newman Foundation,https://nellnewmanfoundation.org/,,,,,,,,
1063,Nevada County Jewish Community Center,http://ncjcc.org/,,,,,,,,
1064,New Beginnings Counseling Center,https://sbnbcc.org/,,,https://sbnbcc.org/contact/,,,,,
1065,New Bridge Foundation,http://www.newbridgefoundation.org/,,,https://www.newbridgefoundation.org/contact-new-bridge-foundation/,,,,,
1066,New Horizon School Westside,https://newhorizonwestside.org/,,,,,,,,
1067,New Literary Project,http://www.simpsonliteraryproject.org/,,,,,,,,
1068,New Museum Los Gatos (Los Gatos Museum Association),https://www.numulosgatos.org/,,,,,,,,
1069,NEWS,http://www.napanews.org/,,,https://www.napanews.org/contact-us/,,,,,
1070,Next Door Solutions To Domestic Violence,https://www.nextdoorsolutions.org/,,,https://www.nextdoorsolutions.org/contact/,,,,,
1071,Next River,https://www.nextriver.org/,,,,,,,,
1072,Nile Sisters Development Initiative,http://www.nilesisters.org/,,,https://nilesisters.org/contact/,,,,,
1073,No Res Gourmet,http://noresgourmet.org/,,,https://www.noresgourmet.org/contact,,,,,
1074,No Time To Waste,http://www.notimetowaste.live/,,,http://www.notimetowaste.live/contact,,,,,
1075,Nonprofit Alliance of Monterey County,http://www.alliancemonterey.org/,,,,,,,,
1076,Nonprofit Connection Santa Cruz County,http://www.npconnectscc.org/,,,https://npconnectscc.org/contact-us/,,,,,
1077,Non-Profit Housing Association of Northern Califor,http://www.nonprofithousing.org/,,,http://www.nonprofithousing.org/contact-us/,,,,,
1078,Nonprofit Incubator of Southern Marin,http://www.npimarin.org/,,,,,,,,
1079,Nonprofit Law and Leadership Inc.,http://www.nonprofitlawandleadership.org/,,,http://www.nonprofitlawandleadership.org/contact-us,,,,,
1080,Nonprofits Insurance Alliance of California (NIAC),https://insurancefornonprofits.org/calnonprofits/,,,https://insurancefornonprofits.org/contact/,,,,,
1081,Norcal Golden Retriever Rescue,https://ngrr.org/,,,https://ngrr.org/contact-us.html,,,,,
1082,Norma Ibarra,http://www.saje.net/,,,https://www.saje.net/contact/,,,,,
1083,North Coast Growers Association,https://www.northcoastgrowersassociation.org/,,,https://www.northcoastgrowersassociation.org/contact-us.html,,,,,
1084,"North Coast Opportunities, Inc.",http://www.ncoinc.org/,,,http://www.ncoinc.org//about-us/contact-us/,,,,,
1085,North Coast Rape Crisis Team,http://www.ncrct.org/,,,https://ncrct.org/contact-us/,,,,,
1086,North Coast Resource Conservation & Development Council,http://www.conservationworksnc.org/,,,http://www.conservationworksnc.org/contact-us,,,,,
1087,North County Rape Crisis and Child Protection Center,http://www.sbcountyrapecrisis.org/,,,https://sbcountyrapecrisis.org/contact/,,,,,
1088,North East Exchange Team SF,http://nextvillagesf.org/,,,https://nextvillagesf.org/contact-us/,,,,,
1089,North Star ALS Inc.,https://www.northstarals.org/,,,https://www.northstarals.org/contact-us,,,,,
1090,North Valley Animal Disaster Group,http://www.nvadg.org/,,,https://www.nvadg.org/contact/,,,,,
1091,Northcoast Regional Land Trust,http://ncrlt.org/,,,https://ncrlt.org/contact-us/,,,,,
1092,Northern California Chapter of The Explorers Club,http://explorersnorca.org/,,,http://explorersnorca.org/contact,,,,,
1093,Northern California Chapter Sister Cities International,https://norcalsistercities.org/,,,https://norcalsistercities.org/contact-2/,,,,,
1094,Northern California School of the Arts/ Nu Art Education,http://www.norcalsota.org/,,,http://www.norcalsota.org/contact,,,,,
1095,Northern Santa Barbara County United Way Inc,https://unitedwaylife.org/,,,https://unitedwaylife.org/contact-us,,,,,
1096,Nourish Madagascar,http://www.nourishmada.org/,,,http://www.nourishmada.org/contact,,,,,
1097,NOVA12SF,http://www.nova-12-sf-org/,,,,,,,,
1098,Novato Chamber of Commerce,http://www.novatochamber.com/,,,,,,,,
1099,Noyo Center for Marine Science,http://www.noyocenter.org/,,,http://www.noyocenter.org/contact,,,,,
1100,NPO Centric,http://npocentric.org/,,,,,,,,
1101,Nxt Art Foundation INC,https://nowartpublic.com/,,,https://nowartpublic.com/contact/,,,,,
1102,"Oak Park Preschool, Inc",http://www.oakparkpreschoolinc.org/,,,https://oakparkpreschoolinc.org/preschool-contact-us,,,,,
1103,Oakland Interfaith Gospel Choir,https://www.oigc.org/,,,https://www.oigc.org/contact,,,,,
1104,Oakland Leaf Foundation,http://www.oaklandleaf.org/,,,http://www.oaklandleaf.org/contact-us/,,,,,
1105,Oakland Public Education Fund,http://www.oaklandedfund.org/,,,https://www.oaklandedfund.org/contact/,,,,,
1106,Oakland St. John Missionary Baptist Church,http://www.stjohnoakland.org/,,,http://www.stjohnoakland.org/http://stjohnoakland.org/contacts/,,,,,
1107,Oakville Winegrowers,http://www.oakvillewinegrowers.com/,,,,,,,,
1108,"Oceanographic Teaching Stations, Inc.",http://www.roundhouseaquarium.org/,,,https://roundhouseaquarium.org/contact/,,,,,
1109,"Office of Samoan Affairs of California, Inc.",https://officeofsamoanaffairs.org/,,,https://officeofsamoanaffairs.org/contact-us-2/,,,,,
1110,Ojai Playwrights Conference,https://www.ojaiplays.org/,,,https://www.ojaiplays.org/contact-us,,,,,
1111,Old English Sheepdog Rescue of Southern California,http://www.oesrescue.com/,,,https://oesrescue.com/contact-old-english-sheepdog-rescue-non-profit-los-angeles/,,,,,
1112,Old Town Artisan Studios,http://www.oldtownartisanstudios.org/,,,https://oldtownartisanstudios.org/contact/,,,,,
1113,Old Town Newhall Assocation,http://otna.org/,,,https://otna.org/contact/,,,,,
1114,Older Wiser Lawyer Mentors,https://www.owlmentors.org/,,,,,,,,
1115,Olive View - UCLA Education & Research Institute,http://www.ovuclaeri.com/,,,,,,,,
1116,One ATTA Time,https://oneattatime.org/,,,https://oneattatime.org/contact/,,,,,
1117,One Circle Foundation,https://onecirclefoundation.org/,,,,,,,,
1118,One Living Sanctuary,https://onelivingsanctuary.org/,,,https://onelivingsanctuary.org/contact,,,,,
1119,One Treasure Island,http://www.onetreasureisland.org/,,,http://www.onetreasureisland.org/contactus,,,,,
1120,OneDegree,http://www.socialinterest.org/,,,,,,,,
1121,O'Neill Sea Odyssey,http://www.oneillseaodyssey.org/,,,,,,,,
1122,OneOC,http://www.oneoc.org/,,,,,,,,
1123,OneReef Worldwide Stewardship,https://onereef.org/,,,,,,,,
1124,Open California,http://www.capitolweekly.net/,,,,,,,,
1125,Open Medicine Foundation,http://www.omf.ngo/,,,,,,,,
1126,Open Paths Counseling Center,http://www.openpaths.org/,,,,,,,,
1127,OpenArt,https://www.openartgroup.org/#/,,,,,,,,
1128,OpenMinds Mental Health Services,https://www.openminds.clinic/,,,,,,,,
1129,Operation Shanti,http://www.operation-shanti.org/,,,http://www.operation-shanti.org/contact,,,,,
1130,OPICA Adult Day Care Center,http://www.opica.org/,,,https://www.opica.org/contact-us/,,,,,
1131,Optimist Club of Point Loma,http://www.pointlomaoptimist.com/,,,,,,,,
1132,Orange County Bar Foundation DBA Project Youth OC,https://projectyouthocbf.org/,,,https://projectyouthocbf.org/contact-us/,,,,,
1133,Orange County Model Engineers,http://ocmetrains.org/,,,https://ocmetrains.org/contact-us/,,,,,
1134,Orange County Sports Commission,http://www.ocsportscommission.org/,,,https://www.ocsportscommission.org/contact-us/,,,,,
1135,Ore-Cal Resource Conservation and Development Area Council,https://www.orecalrcdc.org/,,,https://www.orecalrcdc.org/contact/,,,,,
1136,"Orenda Veterans Project, Inc.",https://orendavets.org/,,,https://orendavets.org/contact/,,,,,
1137,Organization for Social Media Safety,http://www.socialmediasafety.org/,,,https://www.socialmediasafety.org/about/contact-us/,,,,,
1138,OTB: thinking,,,,,,,,,
1139,Our City Forest,http://www.ourcityforest.org/,,,http://www.ourcityforest.org/contact,,,,,
1140,Our Clean Oceans,http://www.ourcleanoceans.org/,,,,,,,,
1141,Our Family Coalition,https://ourfamily.org/,,,https://ourfamily.org/contact-us/,,,,,
1142,Our Village Closet,http://www.ourvillagecloset.org/,,,https://www.ourvillagecloset.org/contact-us,,,,,
1143,P2P Community Development Inc,https://www.p2pcommunitydevelopmentinc.org/,,,,,,,,
1144,Pacific Beach Coalition,http://www.pacificbeachcoalition.org/,,,https://www.pacificbeachcoalition.org/contact-us/,,,,,
1145,Pacific Chorale,http://www.pacificchorale.org/,,,http://www.pacificchorale.org/contact-us,,,,,
1146,Pacific Collegiate Charter School,http://www.pacificcollegiate.com/,,,,,,,,
1147,Pacific Institute,http://www.pacinst.org/,,,https://pacinst.org/contact/,,,,,
1148,Pacific Links Foundation,http://www.pacificlinks.org/,,,https://pacificlinks.org/contact/,,,,,
1149,Pacific Resident Theatre Ensemble,https://pacificresidenttheatre.org/,,,,,,,,
1150,PACT And Adoption Alliance,http://www.pactadopt.org/,,,https://pactadopt.org/contact/,,,,,
1151,Pain News Network,https://www.painnewsnetwork.org/,,,https://www.painnewsnetwork.org/contact-us,,,,,
1152,Pajaro Valley Prevention & Student Assistance,http://www.pvpsa.org/,,,https://www.pvpsa.org/contact,,,,,
1153,Pajaro Valley Shelter Services,http://www.pvshelter.org/,,,https://www.pvshelter.org/contact,,,,,
1154,Palo Alto Humane,http://www.paloaltohumane.org/,,,https://www.paloaltohumane.org/contact-us/,,,,,
1155,Palo Alto Partners in Education,https://papie.org/,,,https://papie.org/contact/,,,,,
1156,Palo Alto Players Peninsula Center Stage,http://www.paplayers.org/,,,https://paplayers.org/contact/,,,,,
1157,"Palomar Family Counseling Service, Inc.",https://palomarfamilycounseling.com/,,,https://palomarfamilycounseling.com/contact-us/,,,,,
1158,Palomar Unitarian Universalist Fellowship,http://www.palomaruu.org/,,,https://palomaruu.org/contact-us/,,,,,
1159,Palos Verdes Peninsula Land Conservancy,http://www.pvplc.org/,,,https://lp.constantcontactpages.com/sl/TvHH2x8,,,,,
1160,PARCA,http://www.parca.org/,,,http://www.parca.org/contact,,,,,
1161,Parenting Network Inc,https://parentingnetwork.org/,,,https://parentingnetwork.org/contact/,,,,,
1162,Parents Center,,,,,,,,,
1163,Parks California,https://parkscalifornia.org/,,,https://parkscalifornia.org/parks-california/contact/,,,,,
1164,Parkview Legacy Foundation,https://parkviewlegacy.org/,,,,,,,,
1165,Partners in Housing Solutions,http://www.partnersinhousingsolutions.org/,,,https://partnersinhousingsolutions.org/contact/,,,,,
1166,Partnership for Children & Youth,https://www.partnerforchildren.org/,,,,,,,,
1167,Pasadena Community Foundation,https://pasadenacf.org/,,,https://pasadenacf.org/contact/,,,,,
1168,Pasadena Conservatory of Music,http://www.pasadenaconservatory.org/,,,https://pasadenaconservatory.org/contact/,,,,,
1169,"Pasadena Meals on Wheels, Inc.",https://www.pasadenamealsonwheels.org/?fbclid=IwAR1ikSzwOm5fsGOZk-BbAtdkyo-cbNzWWLeTgJE08WzlV6ONVrrcmffgpDs,,,,,,,,
1170,PASADENA SOCIETY OF ARTISTS,http://www.pasadenasocietyofartists.org/,,,https://www.pasadenasocietyofartists.org/about/contact_us.html,,,,,
1171,Pasadena Village,http://www.pasadenavillage.org/,,,https://pasadena.helpfulvillage.com/contact,,,,,
1172,PathLight International,http://pathlight.org/,,,https://pathlight.org/contact/,,,,,
1173,PathPoint,https://www.pathpoint.org/,,,https://www.pathpoint.org/contact/,,,,,
1174,Pathways to Independence,https://pathwaystoindependence.org/,,,,,,,,
1175,Patricia D. and William B. Smullin Foundation,http://www.fdnweb.org/smullin,,,http://www.fdnweb.org/smullin/contact/,,,,,
1176,Patriot Farms CA,,,,,,,,,
1177,Paws For Life K9 Rescue,http://www.pawsforlifek9.org/,,,https://pawsforlifek9.org/contact-us/,,,,,
1178,Peers Envisioning and Engaging in Recovery Services,https://www.peersnet.org/,,,,,,,,
1179,Peninsula Family Service,https://www.pfso.org/,,,https://www.pfso.org/contact-us/,,,,,
1180,Peninsula Open Space Trust,http://www.openspacetrust.org/,,,,,,,,
1181,People Acting in Community Together (PACT),http://www.pactsj.org/,,,,,,,,
1182,People Assisting the Homeless (PATH),http://www.epath.org/,,,https://epath.org/contact/,,,,,
1183,People with Disabilities Succeeding,http://www.pdsmarin.org/,,,https://www.pdsmarin.org/contact-us,,,,,
1184,Performer Availability Screening Service Inc,http://passcertified.org/,,,,,,,,
1185,Performing Arts Workshop,http://performingartsworkshop.org/,,,,,,,,
1186,Pesticide Action Network North America,http://www.panna.org/,,,http://www.panna.org/about-us/contact-us/,,,,,
1187,Pets Are Wonderful Support/Los Angeles,http://www.pawsla.org/,,,http://www.pawsla.org/contact.html,,,,,
1188,Philharmonia Baroque Orchestra,http://www.philharmonia.org/,,,https://philharmonia.org/contact/,,,,,
1189,Physicians for a Healthy California,http://phcdocs.org/,,,,,,,,
1190,Physicians for Social Responsibility - Los Angeles,http://www.psr-la.org/,,,http://www.psr-la.org/contact,,,,,
1191,Piedmont Education Foundation,https://www.piedmontedfoundation.org/,,,,,,,,
1192,Pilipino Bayanihan Resource Center,https://www.pilipinobayanihanresourcecenter.com/,,,https://www.pilipinobayanihanresourcecenter.com/copy-of-contact,,,,,
1193,Pilipino Workers Center of Southern California,http://www.pwcsc.org/,,,,,,,,
1194,Placer Community Foundation,http://www.placercf.org/,,,https://www.placercf.org/contact,,,,,
1195,Placer Justice Foundation,https://placerjusticefoundation.org/,,,https://placerjusticefoundation.org/contact-us/,,,,,
1196,Placer Land Trust,https://placerlandtrust.org/,,,https://placerlandtrust.org/contact/,,,,,
1197,Play Conejo,http://https//www.playconejo.org/,,,,,,,,
1198,Playful People Productions,https://playfulpeople.org/,,,https://playfulpeople.org/contact-us/,,,,,
1199,Playlab Education Inc.,https://www.playlab.ai/,,,,,,,,
1200,Plaza Comunitaria Sinaloa,https://plazasinaloa.org/,,,https://plazasinaloa.org/contact/,,,,,
1201,"Pleasantview Industries, Inc.",http://pleasantviewindustries.org/,,,https://www.pleasantviewindustries.org/contact-us,,,,,
1202,Plumas Rural Services,http://www.plumasruralservices.org/,,,http://www.plumasruralservices.org/contact-us,,,,,
1203,PLUS ME Project,http://www.theplusmeproject.org/,,,http://www.theplusmeproject.org/contact,,,,,
1204,"Pocket Security, Inc.",https://www.pocketsecurity.org/,,,https://www.pocketsecurity.org/contact-us,,,,,
1205,Poetic Justice,https://www.poeticjustice.org/california,,,https://www.poeticjustice.org/california/contact-us,,,,,
1206,Point Cabrillo Lightkeepers Association,http://www.pointcabrillo.org/,,,https://pointcabrillo.org/about-us/contact-us/,,,,,
1207,Point Lobos Foundation,http://www.pointlobos.org/,,,https://www.pointlobos.org/contact/,,,,,
1208,Poli-Lit,http://polilit.org/,,,,,,,,
1209,Positive Results Center,http://prc123.org/,,,https://prc123.org/contact/,,,,,
1210,Prebys Foundation,https://www.prebysfdn.org/,,,,,,,,
1211,Prevention Institute,http://www.preventioninstitute.org/,,,,,,,,
1212,Primates Peru DBA Field Projects International,http://fieldprojects.org/,,,https://fieldprojects.org/contactus/,,,,,
1213,"Prison University Project, Inc dba Mount Tamalpais College",http://www.mttamcollege.org/,,,https://www.mttamcollege.edu/about/contact-us/,,,,,
1214,PRO Youth & Families,https://proyouthandfamilies.org/,,,https://proyouthandfamilies.org/contact-us/,,,,,
1215,PRO-FITT Youth Sports Fitness Academy,http://www.pro-fitt.org/,,,,,,,,
1216,Progressive Employment Concepts,http://progressiveemployment.org/,,,https://progressiveemployment.org/contact-us/,,,,,
1217,Progressive MBC of Berkeley,http://www.progressive4life.org/,,,http://www.progressive4life.org//about-us/contact-directions,,,,,
1218,Project Alive,http://www.projectalive.org/,,,http://www.projectalive.org/contact,,,,,
1219,Project Artaud,http://projectartaud.org/,,,,,,,,
1220,"Project GO, Inc.",https://projectgoinc.org/index.html,,,https://projectgoinc.org/index.html./contact.html,,,,,
1221,Project Miracle,http://www.themiracleproject.org/,,,https://www.constantcontact.com/legal/service-provider,,,,,
1222,Project Restore,http://www.projectrestore.org/,,,,,,,,
1223,Project Ropa,https://www.projectropa.org/,,,https://www.projectropa.org/contact-us/,,,,,
1224,Project Sanctuary,http://www.projectsanctuary.org/,,,http://www.projectsanctuary.org/contact.html,,,,,
1225,ProjectQ,https://www.projectq.me/,,,,,,,,
1226,ProRep Coalition,https://www.prorepcoalition.org/,,,,,,,,
1227,Prospera Community Development,http://prosperacoops.org/,,,,,,,,
1228,Prosperity Initiative,https://www.sfspwg.org/,,,https://www.sfspwg.org/contact-us,,,,,
1229,PSE Healthy Energy,http://www.psehealthyenergy.org/,,,https://www.psehealthyenergy.org/contact-us/,,,,,
1230,Public Advocates Inc.,http://www.publicadvocates.org/,,,https://www.constantcontact.com/legal/about-constant-contact,,,,,
1231,Public Interest Patent Law Institute,http://www.piplius.org/,,,http://www.piplius.org/contact,,,,,
1232,Public Programs Foundation,,,,,,,,,
1233,"Public Works Improvisational Theatre Foundation, Inc",,,,,,,,,
1234,Purpose Centered Coaching and Consulting,http://www.silissa.com/,,,,,,,,
1235,PV Jobs/ Playa Vista Job Opportunities,http://www.caphysiciansalliance.org/,,,,,,,,
1236,Q Foundation,https://theqfoundation.org/,,,,,,,,
1237,Quadruple Threats,http://quadruplethreats.org/,,,,,,,,
1238,Queer Cultural Center,https://queerculturalcenter.org/,,,,,,,,
1239,Queer Women of Color Media Arts Project,http://www.qwocmap.org/,,,https://qwocmap.org/engage/contact/,,,,,
1240,Rancho Bernardo Historical Society Inc,http://rbhistory.org/,,,https://rbhistory.org/contact-us/,,,,,
1241,Randi Aho,https://www.calstatela.edu/patbrowninstitute,,,https://www.calstatela.edu/patbrowninstitute/patbrowninstitute/contact-us,,,,,
1242,Ravenswood Education Foundation,http://www.ravenswoodef.org/,,,http://www.ravenswoodef.org/contact-us,,,,,
1243,Reach Foundation,https://reach4pylusd.org/,,,https://reach4pylusd.org/contact-us,,,,,
1244,"Reading Is Fundamental of Southern California, Inc.",http://www.rifsocal.org/,,,https://www.rifsocal.org/contact-us,,,,,
1245,Ready to Succeed,https://www.readytosucceedla.org/,,,,,,,,
1246,REAP Center,http://reapcenter.org/,,,,,,,,
1247,Rebuilding Together Sacramento,http://rebuildingtogethersacramento.org/,,,http://rebuildingtogethersacramento.org/contact-us,,,,,
1248,Rebuilding Together San Francisco,http://www.rebuildingtogethersf.org/,,,,,,,,
1249,Red Hen Press,http://www.redhen.org/,,,,,,,,
1250,"Redwood Forest Foundation, Inc.",https://www.rffi.org/,,,https://www.rffi.org/contact,,,,,
1251,Reel Medicine Media,http://reelmedicinemedia.org/,,,http://reelmedicinemedia.org/contact,,,,,
1252,Regional Task Force on the Homeless,http://rtfhsd.org/,,,https://www.rtfhsd.org/contact/,,,,,
1253,Reproductive Technologies-Sperm Bank of CA,http://www.thespermbankofca.org/,,,,,,,,
1254,ReScape California,https://www.rescapeca.org/,,,,,,,,
1255,Resounding Joy,http://www.resoundingjoyinc.org/,,,https://resoundingjoyinc.org/contact/,,,,,
1256,Resource Center for Nonviolence,https://rcnv.org/,,,https://rcnv.org/about/contact/,,,,,
1257,Resources for Independence Central Valley,http://www.ricv.org/,,,https://ricv.org/contact/,,,,,
1258,"Resources for Rural Community Development, Inc. - Access Home",http://www.accesshome.org/,,,https://accesshome.org/contact/,,,,,
1259,Resources Legacy Fund,https://resourceslegacyfund.org/,,,,,,,,
1260,Restoration Diversion Services,http://restorationdiversionservices.com/,,,http://restorationdiversionservices.com/contact-us/,,,,,
1261,Restorative Justice Resource Center,http://www.restorativejustice.info/,,,,,,,,
1262,Restore 180,https://www.restore180.org/,,,https://www.restore180.org/contact,,,,,
1263,Rhythms and Goals Together,http://rgunatomas.com/,,,,,,,,
1264,Richmond Community Foundation,http://www.rcfconnects.org/,,,https://rcfconnects.org/about-us/contact-us/,,,,,
1265,"Richmond District Neighborhood Center, Inc.",https://richmondsf.org/,,,,,,,,
1266,Richmond Museum Association,http://richmondmuseum.org/,,,https://richmondmuseum.org/contact/,,,,,
1267,"Richstone Center, Inc",http://www.richstonefamily.org/,,,https://www.richstonefamily.org/contact-us/,,,,,
1268,Right Hand Angels,http://www.righthandangels.org/,,,http://www.righthandangels.org/contact,,,,,
1269,Right to Protect,http://www.rtp501c3.org/,,,,,,,,
1270,Rimon Club Inc. dba Club Z,https://clubz.org/,,,https://clubz.org/contact-us/,,,,,
1271,Rise Up Against Racism,http://ruar.org/,,,http://ruar.org/contact,,,,,
1272,Risen Church,https://www.risensd.com/,,,,,,,,
1273,Rising Sun Center for Opportunity,http://www.risingsunopp.org/,,,https://risingsunopp.org/contact/,,,,,
1274,River Montessori Charter School,http://www.rivermontessoricharter.org/,,,,,,,,
1275,River to Coast Children's Services,,,,,,,,,
1276,"RiverPsykhe, Inc",http://www.riverstyxfoundation.org/,,,https://www.riverstyxfoundation.org/contact,,,,,
1277,Riverside Medical Clinic (RMC) Charitable Foundation,https://www.rmccharity.org/,,,,,,,,
1278,Riverside Unified School District Foundation,,,,,,,,,
1279,Rock n' Roll Camp for Girls San Diego,https://www.rockcampforgirlssd.org/,,,https://www.rockcampforgirlssd.org/contacts.html,,,,,
1280,Rocky Point Charter School,http://www.rockypointcharter.com/,,,,,,,,
1281,Rose Foundation for Communities and the Environment,http://www.rosefdn.org/,,,http://www.rosefdn.org/contact/,,,,,
1282,RotaCare Bay Area Inc.,https://www.rotacarebayarea.org/,,,https://www.rotacarebayarea.org/contact,,,,,
1283,Rudolph J & Daphne A Munzer Foundation,http://www.munzerfdn.org/,,,https://munzerfdn.org/contact/,,,,,
1284,Rural Advancement Partners,http://advancerural.org/,,,http://advancerural.org/contact,,,,,
1285,Rural Community Assistance Corporation,http://www.rcac.org/,,,https://www.rcac.org/about-rcac/contact-us/,,,,,
1286,Russian Riverkeeper,https://russianriverkeeper.org/,,,https://russianriverkeeper.org/contact/,,,,,
1287,RYTMO,https://rytmo.org/,,,https://rytmo.org/contact-us/,,,,,
1288,S.H. Cowell Foundation,http://www.shcowell.org/,,,,,,,,
1289,"S.L.A.A. Los Angeles, Inc.",https://www.slaalosangeles.org/,,,,,,,,
1290,Sac-EJC,http://www.sac-ejc.org/,,,https://sac-ejc.org/contact/,,,,,
1291,SACNAS Society for Advancement of Chicanos/Hispanics & Native Americans in Science,http://www.sacnas.org/,,,https://www.sacnas.org/contact-us,,,,,
1292,Sacramento Educational Cable Consortium,http://www.secctv.org/,,,http://www.secctv.org//about#contact,,,,,
1293,Sacramento Housing Alliance,http://www.sachousingalliance.org/,,,https://sachousingalliance.org/contact/,,,,,
1294,Sacramento River Discovery Center,https://www.fs.usda.gov/recarea/mendocino/recarea/?recid=25236,,,https://www.fs.usda.gov/recarea/mendocino/recarea/?recid=25236/r05/mendocino/contact-us,,,,,
1295,Sacred Life Recovery Services,,,,,,,,,
1296,SAFE Family Justice Centers,http://www.safefjc.org/,,,,,,,,
1297,Safe Harbor Coronado,https://safeharborcoronado.org/,,,https://safeharborcoronado.org/contact,,,,,
1298,Safety Town of Santa Barbara County,https://www.sbsafetytown.org/,,,https://www.sbsafetytown.org//temporary-contact-us/,,,,,
1299,SAGE Trail Alliance,http://www.sagetrail.org/,,,https://sagetrail.org/contact-us/,,,,,
1300,Sahaba Initiative,https://www.sahabainitiative.org/,,,https://www.sahabainitiative.org/contact-us/,,,,,
1301,Saint John's Program for Real Change,https://saintjohnsprogram.org/,,,https://saintjohnsprogram.org/contact-us/,,,,,
1302,Salinas Police Activities League,https://salinaspal.org/,,,,,,,,
1303,Salinas Valley Health Foundation,http://www.svmhfoundation.org/,,,http://www.svmhfoundation.org//salinas-valley-health-foundation/foundation-contact-us/,,,,,
1304,San Bernardino Fatherhood,http://www.sbfatherhood.com/,,,https://www.constantcontact.com/legal/service-provider,,,,,
1305,San Bruno Community Foundation,http://www.sbcf.org/,,,https://www.sbcf.org/contact,,,,,
1306,San Carlos Educational Foundation,http://www.scefkids.org/,,,,,,,,
1307,San Diego Food System Alliance,https://sdfsa.org/,,,,,,,,
1308,San Diego Harbor Police Foundation,https://www.sdharborpolicefoundation.org/,,,,,,,,
1309,San Diego Housing Federation,http://www.housingsandiego.org/,,,http://www.housingsandiego.org/contact,,,,,
1310,San Diego Junior Golf Association Inc,http://www.sdjga.org/,,,,,,,,
1311,San Diego Master Chorale,http://sdmasterchorale.org/,,,https://www.sdmasterchorale.org/contact/,,,,,
1312,San Dieguito River Valley Conservancy,http://www.sdrvc.org/,,,https://www.sdrvc.org/contact,,,,,
1313,San Francisco - Ho Chi Minh City Sister City Committee,https://www.sfhcmc.org/,,,,,,,,
1314,San Francisco Bay Bird Observatory,http://www.sfbbo.org/,,,http://www.sfbbo.org/contact-us.html,,,,,
1315,San Francisco Baykeeper,http://www.baykeeper.org/,,,http://www.baykeeper.org/contact,,,,,
1316,San Francisco Boys Chorus,https://sfbc.org/,,,https://sfbc.org/contact/,,,,,
1317,San Francisco Center for the Book,http://www.sfcb.org/,,,,,,,,
1318,San Francisco Girls Chorus,https://www.sfgirlschorus.org/,,,https://www.sfgirlschorus.org/contact-1,,,,,
1319,San Francisco Housing Action Coalition,https://www.sfhac.org/,,,,,,,,
1320,San Francisco Motorcycle Club,http://sf-mc.org/,,,,,,,,
1321,San Francisco Performances,http://www.sfperformances.org/,,,http://www.sfperformances.org//aboutus/contactinfo.html,,,,,
1322,San Francisco Study Center,http://www.studycenter.org/,,,,,,,,
1323,San Francisco Women's Cancer Network,http://www.sfwcn.org/,,,https://sfwcn.org/contact/,,,,,
1324,San Joaquin Pride Center,http://sjpridecenter.com/,,,,,,,,
1325,San Lorenzo Village Homes Association,http://www.slvha.com/,,,https://slvha.com/contact-us/,,,,,
1326,San Mateo Rail Corridor TMA,,,,,,,,,
1327,San Onofre Parks Foundation,,,,,,,,,
1328,San Pedro Meals on Wheels,http://www.sanpedromealsonwheels.org/about-us-index,,,http://www.sanpedromealsonwheels.org/about-us-index/contact,,,,,
1329,Sanchez Art Center,http://www.sanchezartcenter.org/,,,,,,,,
1330,Sanctuary of Hope,http://www.thesoh.org/,,,https://thesoh.org/contact/,,,,,
1331,Santa Barbara Botanic Garden,http://www.sbbg.org/,,,https://sbbotanicgarden.org/contact/,,,,,
1332,Santa Barbara Bucket Brigade,http://www.sbbucketbrigade.org/,,,https://sbbucketbrigade.org/contact-us/,,,,,
1333,Santa Barbara Channelkeeper,http://www.sbck.org/,,,https://www.sbck.org/contact-us/,,,,,
1334,Santa Barbara City College Foundation,http://sbccfoundation.org/,,,,,,,,
1335,Santa Barbara Community Housing Corporation,http://www.chcsb.com/,,,http://www.chcsb.com/contact.html,,,,,
1336,Santa Barbara County Food Action Network,https://www.sbcfoodaction.org/,,,,,,,,
1337,Santa Barbara County Immigrant Legal Defense Center,https://www.sbimmigrantdefense.org/,,,,,,,,
1338,Santa Barbara Foundation,https://www.sbfoundation.org/,,,https://sbfoundation.org/contact/,,,,,
1339,SANTA BARBARA MISSION ARCHIVE-LIBRARY,https://www.sbmal.org/,,,,,,,,
1340,Santa Barbara Police Activities League,https://www.sbpal.org/,,,,,,,,
1341,Santa Barbara Public Library Foundation,https://sblibraryfoundation.org/,,,https://sblibraryfoundation.org/contact-us/,,,,,
1342,Santa Barbara Student Housing Cooperative,http://www.sbcoop.org/,,,,,,,,
1343,Santa Barbara Symphony Orchestra Foundation,http://www.thesymphony.org/,,,https://thesymphony.org/about/contact/,,,,,
1344,Santa Barbara Vintners Foundation,https://www.sbvintnersfoundation.org/,,,https://www.sbvintnersfoundation.org/contact,,,,,
1345,Santa Clara Valley Bird Alliance,http://scvbirdalliance.org/,,,http://scvbirdalliance.org/contact,,,,,
1346,Santa Clarita Symphony Orchestra,https://www.santaclaritasymphonyorchestra.org/,,,https://www.santaclaritasymphonyorchestra.org/contact,,,,,
1347,Santa Cruz County Veterans Memorial Building,http://vetshall.org/,,,https://www.veteranshall.org/contact-us/,,,,,
1348,Santa Cruz Mountains Trail Stewardship,http://www.santacruztrails.org/,,,,,,,,
1349,Santa Cruz Museum of Natural History,http://www.santacruzmuseum.org/,,,https://santacruzmuseum.org/about/contact-us/,,,,,
1350,Santa Cruz Symphony,https://santacruzsymphony.org/,,,https://santacruzsymphony.org/contact-us,,,,,
1351,Santa Monica Conservancy,http://www.smconservancy.org/,,,https://smconservancy.org/our-work/contact-us,,,,,
1352,Santa Monica Group Theatre,http://www.santamonicaplayhouse.com/,,,http://www.santamonicaplayhouse.com/http://visitor.r20.constantcontact.com/d.jsp?llr=599aiodab&p=oi&m=1103211031390&sit=lieuj76eb&f=1b92d869-34f1-4c34-a354-d62c3cf99c1c,,,,,
1353,Santa Ynez Valley People Helping People,http://www.syvphp.org/,,,https://www.syvphp.org/contact/,,,,,
1354,Sapolu Destined Academy Foundation,http://sdaorators.com/sda-foundation,,,https://sdaorators.com/contact-us/,,,,,
1355,Sarate Design,http://sarate.org/,,,,,,,,
1356,Save Elephant Hill,https://www.facebook.com/saveelephanthill90032/,,,,,,,,
1357,Save Mount Diablo,http://www.savemountdiablo.org/,,,https://visitor.r20.constantcontact.com/manage/optin?v=001kGlTg99yfXU_CwEJN0HzOR8t25OrhjvLcnMP-1_htqGC6maDaXHNf3vyrWhc_p5-WLEJEGTiNjXZcOSh7YZPYg%3D%3D,,,,,
1358,Save The Bay,http://www.savesfbay.org/,,,https://savesfbay.org/contact-us/,,,,,
1359,Scandinavian School,http://www.scandinavianschool.org/,,,http://www.scandinavianschool.org/contact,,,,,
1360,ScholarMatch,https://scholarmatch.org/,,,https://scholarmatch.org/contact,,,,,
1361,ScholarTrail,https://scholartrail.com/,,,https://scholartrail.com/contact-us,,,,,
1362,"School on Wheels, Inc.",http://www.schoolonwheels.org/,,,,,,,,
1363,Schurig Center for Brain Injury Recovery,https://schurigcenter.org/,,,https://schurigcenter.org/contact/,,,,,
1364,Science Fiction & Fantasy Writers of America,http://www.sfwa.org/,,,,,,,,
1365,Scientific Adventures for Girls,http://www.scientificadventures.org/,,,http://www.scientificadventures.org/contact,,,,,
1366,SCOPE,http://scopela.org/,,,https://scopela.org/about-us/contact-us/,,,,,
1367,Scott Legacy Financial Literacy Program,,,,,,,,,
1368,Scott River Watershed Council,https://www.scottriver.org/,,,https://scottriver.org/contact/,,,,,
1369,Screamfest Horror Film Festival,http://screamfestla.com/,,,http://screamfestla.com/contact-us,,,,,
1370,Sea Pink Foundation,,,,,,,,,
1371,Seacology,http://www.seacology.org/,,,https://www.seacology.org/contact-us/,,,,,
1372,Sebastopol Area Senior Center,https://www.sebastopolseniorcenter.org/,,,,,,,,
1373,Second Families,http://secondfamiliessd.org/,,,,,,,,
1374,Second Harvest Food Bank Santa Cruz County,https://www.thefoodbank.org/,,,https://www.thefoodbank.org/aboutus/contact-us/,,,,,
1375,Second Harvest of the Greater Valley,http://www.localfoodbank.org/,,,https://visitor.r20.constantcontact.com/manage/optin?v=001nqtu8Sw3n_534q8g8AlBy40UtOaqRK3D6-cPei_ct9qhzk3NOW9fXEeR1Et82wQKS4J_gqwKezxi0cmAruni0wU5tFzQsYK4RWGJCUX4qSRFPpZWREpDf9pvg8lq84j22J15Bf5Dfj07XEkPxcbDU6FnF88sq24Th6fb_SsiMQOlTfTQyDgZ0O66BykZiI8x,,,,,
1376,Seismological Society of America,http://www.seismosoc.org/,,,,,,,,
1377,SEL4CA - Social Emotional Learning Alliance for California,http://sel4ca.org/,,,https://sel4ca.org/contact-2/,,,,,
1378,Senderos,https://scsenderos.org/,,,,,,,,
1379,Senior Advocacy Network,https://senioradvocacynetwork.org/,,,https://senioradvocacynetwork.org/contact/,,,,,
1380,Senior Center of Elk Grove,https://thesceg.com/,,,,,,,,
1381,Senior Coastsiders,https://www.seniorcoastsiders.org/about,,,https://www.seniorcoastsiders.org/about/contact,,,,,
1382,Senior Housing Relief for Elders,https://seniorhousingrelief.org/,,,https://seniorhousingrelief.org/contact-2/,,,,,
1383,Seniors Council of Santa Cruz and San Benito Counties,http://www.seniorscouncil.org/,,,https://seniorscouncil.org/contact-elected-officials/,,,,,
1384,Sequoia Parks Conservancy,https://sequoiaparksconservancy.org/,,,https://sequoiaparksconservancy.org/contact-us,,,,,
1385,Sequoia Riverlands Trust,http://www.sequoiariverlands.org/,,,https://sequoiariverlands.org/about/contact/,,,,,
1386,ServareGMP,https://www.servaregmp.com/,,,https://www.servaregmp.com/contact.php,,,,,
1387,Service Opportunity for Seniors / SOS Meals on Wheels,http://www.sosmow.org/,,,,,,,,
1388,"Services, Immigrant Rights & Education Network (SIREN)",http://sirenimmigrantrights.org/,,,,,,,,
1389,Serving Underserved,http://www.servingunderserved.org/,,,https://servingunderserved.org/contact-us/,,,,,
1390,Sexuality Education and Awareness,http://sexualityeducationandawareness.org/,,,https://sexualityeducationandawareness.org/contact-us/,,,,,
1391,SF Students First,,,,,,,,,
1392,SFArtsED,http://www.sfartsed.org/,,,https://www.sfartsed.org/contact/,,,,,
1393,SFFILM,http://www.sffilm.org/,,,http://www.sffilm.org/contact,,,,,
1394,"Shangri-La Transitions, Inc",https://shangrilatransitions.com/,,,https://www.constantcontact.com/legal/service-provider,,,,,
1395,Shanti Project,https://www.shanti.org/,,,https://www.shanti.org/about-us/contact-us/,,,,,
1396,Share the Care Napa Valley,https://www.sharethecarenv.org/,,,https://sharethecarenv.org/contact/,,,,,
1397,Shasta Land Trust,http://www.shastalandtrust.org/,,,http://www.shastalandtrust.org/contact,,,,,
1398,Shasta Trinity Ashram,https://trinityashram.org/,,,https://trinityashram.org//index.php/contact,,,,,
1399,"Shelter From The Storm, Inc. (SFTS)",http://www.shelterfromthestorm.com/,,,https://shelterfromthestorm.com/who-we-are/contact/,,,,,
1400,"SHIELDS for Families, Inc.",https://www.shieldsforfamilies.org/,,,,,,,,
1401,Shop with a Cop Foundation of Silicon Valley,http://www.shopwithacopsv.org/,,,https://www.shopwithacopsv.org/contact/,,,,,
1402,Shumei America,http://www.shumei.us/,,,,,,,,
1403,Sickle Cell 101,https://www.sc101.org/,,,https://www.sc101.org//about#contact,,,,,
1404,Sierra Business Council,http://sierrabusiness.org/,,,https://www.sierrabusiness.org/contact-sbc/,,,,,
1405,Sierra Cascade Family Opportunities,http://www.headstart4u.org/,,,http://www.headstart4u.org/contact,,,,,
1406,Sierra Foothill Conservancy,http://sierrafoothill.org/,,,https://sierrafoothill.org/contact-us/,,,,,
1407,Sierra Health Foundation,http://www.sierrahealth.org/,,,https://www.sierrahealth.org/contact/,,,,,
1408,Sierra Nevada Alliance,https://sierranevadaalliance.org/,,,https://sierranevadaalliance.org/contact-us/,,,,,
1409,Sierra Streams Institute,https://sierrastreamsinstitute.org/,,,https://sierrastreamsinstitute.org/contact-us/,,,,,
1410,Silicon Valley Community Foundation,http://www.svcf.org/,,,https://www.svcf.org/contact-us,,,,,
1411,Silicon Valley Council of Nonprofits,https://www.svcn.org/,,,,,,,,
1412,Silicon Valley Urban Debate League,http://svudl.org/,,,http://svudl.org/contact-us,,,,,
1413,Silverlake Conservatory of Music,http://silverlakeconservatory.org/,,,https://silverlakeconservatory.org/contact-us/,,,,,
1414,Simi Valley Community Council,http://www.svcommunitycouncil.org/,,,https://svcommunitycouncil.org/contact/,,,,,
1415,Siskiyou Child Care Council,http://www.siskiyouchildcare.org/,,,,,,,,
1416,Siskiyou Land Trust,http://www.siskiyoulandtrust.org/,,,,,,,,
1417,Siskiyou Opportunity Center,https://www.siskiyouoc.org/,,,https://www.siskiyouoc.org/contact-us.html,,,,,
1418,SISTAHFRIENDS,https://sistahfriends.org/,,,https://sistahfriends.org/contact/,,,,,
1419,"Sister to Sister 2, Inc dba Serenity House",https://www.serenityhouseoakland.org/,,,https://www.serenityhouseoakland.org/contactus,,,,,
1420,Skills of Life Cafe,https://www.facebook.com/Skillsoflifecafe,,,,,,,,
1421,Smith River Alliance,https://smithriveralliance.org/,,,https://smithriveralliance.org/contact/,,,,,
1422,Smokefree Air For Everyone,http://smokefreeairforeveryone.com/,,,,,,,,
1423,Social & Emotional Wellness Initiative,http://www.sewi.org/,,,https://www.sewi.org/contact,,,,,
1424,Social Impact Fund,https://www.socialimpactfund.org/,,,,,,,,
1425,Social Innovatus,,,,,,,,,
1426,Social Justice Fund for Ventura County,https://socialjusticefundvc.org/,,,https://socialjusticefundvc.org/contact/,,,,,
1427,Social Justice Partners Los Angeles,http://www.sjpla.org/,,,,,,,,
1428,Social Thinking - Stevens Creek,http://www.socialthinking.com/,,,http://www.socialthinking.com/contact,,,,,
1429,Society for the Preservation of Carter Railroad Resources,https://spcrr.org/,,,https://spcrr.org/contact_us,,,,,
1430,Society for the Study of Marine Bioinvasions,http://marinebioinvasions.info/,,,http://marinebioinvasions.info/contact,,,,,
1431,Society of California Pioneers,http://www.californiapioneers.org/,,,https://www.californiapioneers.org/contact/,,,,,
1432,SocioEnvironmental and Education Network,http://seen.team/,,,,,,,,
1433,Solano Community Foundation,http://www.solanocf.org/,,,https://www.constantcontact.com/legal/service-provider,,,,,
1434,Somos Amigos Medical Missions,http://www.somosamigos.org/,,,https://somosamigos.org/about-us/contact-us/,,,,,
1435,Somos Mayfair,http://www.somosmayfair.org/,,,http://www.somosmayfair.org/contact-us,,,,,
1436,Peace Over Violence,http://www.peaceoverviolence.org/,,,http://www.peaceoverviolence.org/contact,,,,,
1437,Sound Future,http://soundfuture.org/,,,,,,,,
1438,South Central Prevention Coalition,https://southcentralpreventioncoalition.org/,,,https://southcentralpreventioncoalition.org/contact,,,,,
1439,South County Community Services,https://www.thecompassioncenter.org/,,,https://www.thecompassioncenter.org/contact-us,,,,,
1440,South Pasadena Educational Foundation,http://www.spef4kids.org/,,,https://spef4kids.org/contact-spef/,,,,,
1441,Southern CA Plumeria Society,https://southerncaliforniaplumeriasociety.com/,,,https://southerncaliforniaplumeriasociety.com/contact-us/,,,,,
1442,Southern California Grantmakers,http://www.socalgrantmakers.org/,,,http://www.socalgrantmakers.org//about/contact-us,,,,,
1443,Southern California Library,http://www.socallib.org/,,,,,,,,
1444,Southern California Municipal Athletic Federation,http://www.scmaf.org/,,,http://www.scmaf.org/http://www.scmaf.org/contact,,,,,
1445,Southwest Resource Management Association,http://www.srma-ca.org/,,,,,,,,
1446,SPCA of Monterey County,http://www.spcamc.org/,,,,,,,,
1447,Special Kids Connect,http://www.specialkidsconnect.org/,,,https://visitor.r20.constantcontact.com/manage/optin/ea?v=001nInsvTYVCuDSOa7VQXSHCLucc7ZVikMUmoquIo2xbOIICDvCNDX302AdXqKy8nRiVpH5c01lnnkTDIIX08LyWkYlvoYQJoTYB3QpVFcy6fM%3D,,,,,
1448,Special Service for Groups,http://www.ssg.org/,,,https://www.ssg.org/contact-us/,,,,,
1449,Specialized Health Services Inc,http://shsvistas.org/,,,https://shsvistas.org/contact-us/,,,,,
1450,"Spectrum Community Services, Inc.",https://www.spectrumcs.org/,,,https://www.spectrumcs.org/contact-us,,,,,
1451,Spirit Awakening Foundation,http://www.spiritawakening.org/,,,http://www.spiritawakening.org/contact-us,,,,,
1452,Spirit League,http://spiritleague.org/,,,,,,,,
1453,SPIRITT Family Services,http://www.spiritt.org/,,,https://www.spiritt.org/contact/,,,,,
1454,Spokes,http://www.spokesfornonprofits.org/,,,https://www.spokesfornonprofits.org/contact-us/,,,,,
1455,Spondylitis Association of America,https://www.spondylitis.org/,,,https://spondylitis.org/contact-us/,,,,,
1456,St. Francis Foundation of Santa Barbara,http://www.stfrancisfoundationsb.org/,,,http://www.stfrancisfoundationsb.org/contact-us,,,,,
1457,St. Joseph's Family Center,http://www.sccommunityservices.org/,,,http://www.sccommunityservices.org/contact-us,,,,,
1458,Stakeholders + Neighborhoods Initiative,http://www.thesni.org/,,,,,,,,
1459,STAND! For Families Free of Violence,http://www.standffov.org/,,,https://www.standffov.org/contact/,,,,,
1460,Standing Together to End Sexual Assault,http://www.stesa@sbstesa.org/,,,https://sbstesa.org/contact/,,,,,
1461,Stanislaus County Police Activities League,https://www.stancopal.org/,,,https://www.stancopal.org/contact,,,,,
1462,Stanislaus Family Justice Center,https://www.stanislausfamilyjustice.org/,,,,,,,,
1463,Starlight Universal Church,,,,,,,,,
1464,State Humane Association of California,http://www.calanimals.org/,,,https://www.calanimals.org/contact,,,,,
1465,Statewide California Electronic Library Consortium,http://scelc.org/,,,http://scelc.org/contact-us,,,,,
1466,STEM to the Future,https://www.stemtothefuture.org/,,,https://www.stemtothefuture.org/contact-us,,,,,
1467,Step One Nursery School,http://www.steponeschool.org/,,,http://www.steponeschool.org/contact,,,,,
1468,Stepping Up Santa Cruz,http://recoverycafesc.org/,,,,,,,,
1469,Stewards of the Coast & Redwoods,https://stewardscr.org/,,,https://stewardscr.org/contact-us/,,,,,
1470,Stiles Hall,http://www.stileshall.org/,,,https://stileshall.org/contact-us/,,,,,
1471,Storyteller,http://wearestoryteller.org/,,,http://wearestoryteller.org/contact,,,,,
1472,"STREAMS IN THE DESERT FOUNDATION, INC. dba High Desert Community Foundation",http://www.hdcfoundation.org/,,,http://www.hdcfoundation.org/http://hdcfoundation.org/contact/,,,,,
1473,StrengthUnited,https://www.csun.edu/eisner-education/strength-united,,,https://www.csun.edu/contact,,,,,
1474,Success Stories Program,https://www.successstoriesprogram.org/,,,,,,,,
1475,Surprise Farm Retreat Center,https://www.surpriseretreatcenter.net/,,,,,,,,
1476,Sustainable Solano Inc,https://sustainablesolano.org/,,,https://sustainablesolano.org/contact/,,,,,
1477,Synopsys Silicon Valley Science & Technology Outreach Foundation,https://outreach-foundation.org/,,,https://outreach-foundation.org/about-us/contact-us/,,,,,
1478,Tahoe Truckee Community Foundation,http://www.ttcf.net/,,,,,,,,
1479,Tahoe Youth and Family Services,https://www.tahoeyouth.org/,,,https://www.tahoeyouth.org/contact/,,,,,
1480,Tamalpa Institute,https://www.tamalpa.org/,,,https://tamalpa.org/about-us/contact/,,,,,
1481,Tarjimly,http://tarjimly.org/,,,http://tarjimly.org/contact,,,,,
1482,Taulama for Tongans,https://www.taulama.org/,,,https://www.taulama.org/contact,,,,,
1483,Tee Divas and Tee Dudes Golf Club Foundation DBA: TDTD Foundation,,,,,,,,,
1484,Temple Beth El JCC,http://www.tbeaptos.org/,,,,,,,,
1485,Tenemos Que Reclamar Y Unidos Salvar LA Tierra South LA,http://www.trustsouthla.org/,,,,,,,,
1486,The Ahmanson Foundation,http://www.theahmansonfoundation.org/,,,https://theahmansonfoundation.org/contact-us/,,,,,
1487,The Arc of Amador and Calaveras,http://www.arcofamador.com/,,,,,,,,
1488,The Arc of Riverside County,https://arcriverside.org/,,,https://arcriverside.org/who-we-are/contact.html,,,,,
1489,The Art Center of Redwood City DBA Art Bias,https://www.artbias.org/,,,https://www.artbias.org/contact,,,,,
1490,The Beacon House Association of San Pedro,http://www.thebeaconhouse.org/,,,https://www.thebeaconhouse.org/about/contact/,,,,,
1491,The Belonging Lab,https://www.thebelonginglabsd.org/,,,https://www.thebelonginglabsd.org/contact-us,,,,,
1492,The Berkeley Food Network,http://www.berkeleyfoodnetwork.org/,,,https://www.berkeleyfoodnetwork.org/who-we-are/contact/,,,,,
1493,The Birren Center for Autobiographical Studies,http://thebirrencenter.org/,,,http://thebirrencenter.org/contact-us,,,,,
1494,The Body Positive,http://thebodypositive.org/,,,,,,,,
1495,The Bread Project,https://breadproject.org/,,,https://breadproject.org/contact/,,,,,
1496,The C.G. Jung Institute of San Francisco,http://www.sfjung.org/,,,http://www.sfjung.org//about/contact-us/,,,,,
1497,The California Center for Civic Participation,http://www.californiacenter.org/,,,https://www.californiacenter.org/contact,,,,,
1498,The California Wellness Foundation,http://www.calwellness.org/,,,https://www.calwellness.org/contact-us/,,,,,
1499,The Campaign for Legal Services,http://www.thecampaignsv.org/,,,https://thecampaignsv.com/contact-us/,,,,,
1500,The Cedars of Marin,http://www.cedarslife.org/,,,https://www.cedarslife.org/contact,,,,,
1501,The Center for Music and Wellness Inc.,http://www.musicandwellness.org/,,,,,,,,
1502,The Center in Hollywood,https://thecenterinhollywood.org/,,,https://thecenterinhollywood.org/contact-us,,,,,
1503,The Children's Project,http://www.emotionallyhealthychildren.org/,,,https://emotionallyhealthychildren.org/contact-2/,,,,,
1504,The Chrysalis Center,https://www.changelives.org/,,,https://www.changelives.org/contact-us/,,,,,
1505,The Climate Corps Initiative,http://www.thecci.org/,,,https://thecci.org/contact-us/,,,,,
1506,"The Colorwave Project, Inc.",http://www.thecolorwave.org/,,,http://www.thecolorwave.org/contact-us,,,,,
1507,The Defeating Epilepsy Foundation,http://www.defeatingepilepsy.org/,,,,,,,,
1508,The Delores A. Threatt Foundation,http://deloresthreattfoundation.org/,,,,,,,,
1509,The Dibble Institute,https://dibbleinstitute.org/,,,https://dibbleinstitute.org/contact/,,,,,
1510,The Durfee Foundation,http://twitter.com/durfeeLA,,,,,,,,
1511,The Easter Island Foundation,http://www.easterislandfoundation.org/,,,https://www.easterislandfoundation.org/contact,,,,,
1512,The Eli Home Inc.,http://elihome.org/,,,,,,,,
1513,The Friends of the Marina Library,https://friendsofthemarinalibrary.org/,,,https://friendsofthemarinalibrary.org/contact/,,,,,
1514,The Friends of the Nevada County Libraries,http://ncfol.org/,,,,,,,,
1515,The Gamble House Conservancy,http://www.gamblehouse.org/,,,https://gamblehouse.org/contact/,,,,,
1516,The Ghost Road Company,http://ghostroad.org/,,,https://ghostroad.org/contact/,,,,,
1517,The Greenberg Foundation,,,,,,,,,
1518,The Guild of Carillonneurs in North America,https://www.gcna.org/,,,https://www.gcna.org/contact,,,,,
1519,The Happier Life Project,http://happierlifeproject.org/,,,,,,,,
1520,The Highland Senior Citizens Group Jacumba CA,https://jacumbacc.org/,,,,,,,,
1521,The Institute for Poetic Medicine,http://www.poeticmedicine.org/,,,https://www.poeticmedicine.org/contact,,,,,
1522,"The Ivy Heritage Foundation, Inc.",http://www.theivyheritagefoundation.org/,,,https://www.theivyheritagefoundation.org/copy-of-contact,,,,,
1523,The John Paul Stevens Foundation,https://jpstevensfoundation.org/,,,https://jpstevensfoundation.org/contact-us/,,,,,
1524,"The Junior League of San Francisco, Inc.",,,,,,,,,
1525,The Learning Garden,http://www.thelearninggarden.org/,,,,,,,,
1526,The LIME Foundation,http://www.thelimefoundation.org/,,,https://thelimefoundation.org/contact-us/,,,,,
1527,The Living New Deal Project,http://www.livingnewdeal.org/,,,https://livingnewdeal.org/contact/,,,,,
1528,The Living Room Center,http://www.thelivingroomsc.org/,,,,,,,,
1529,The Lodge: A Museum of Fraternal Orders and Secret Societies,http://www.thelodgemuseum.org/,,,,,,,,
1530,The Lorraine Jackson Foundation,http://www.pearlsofhope.com/,,,https://pearlsofhope.com/contact-poh/,,,,,
1531,THE MJO HOPE FOUNDATION,http://www.mjohopefoundation.org/,,,,,,,,
1532,The Mom & Dad Project,http://momanddadproject.com/,,,http://momanddadproject.com/contact,,,,,
1533,The Nancy Neffson and Wetmore Family Foundation,,,,,,,,,
1534,The Network of Care,http://www.thenetworkofcare.org/,,,https://thenetworkofcare.org/contact/,,,,,
1535,The New Black Freedom Movement INC.,http://tnbfm.com/,,,http://tnbfm.com/contact-us,,,,,
1536,The Nonprofit Institute,http://www.sandiego.edu/soles/centers-and-institutes/nonprofit-institute,,,,,,,,
1537,The Nonprofit Partnership,http://www.tnpsocal.org/,,,https://tnpsocal.org/contact/,,,,,
1538,The Occidental Arts and Ecology Center,http://oaec.org/,,,https://oaec.org/who-we-are/contact-directions/,,,,,
1539,The Pamela Trokanski Dance Theatre,http://www.trokanski.org/,,,,,,,,
1540,The Paradise Project,http://www.theparadiseproject.org/,,,https://theparadiseproject.org/contact/,,,,,
1541,The Pastoral Center,http://pastoral.center/,,,https://pastoral.center/contact-us/,,,,,
1542,"The Pearl Foundation, Inc.",http://www.thepearlfoundation.net/,,,,,,,,
1543,The Place Within- Southern California,http://www.theplacewithin.org/,,,http://www.theplacewithin.org/contact.php,,,,,
1544,The Potters' Studio,http://www.berkeleypottersstudio.org/,,,http://www.berkeleypottersstudio.org/contact-mentor,,,,,
1545,The Program Labs,https://www.theprogramlabs.org/,,,,,,,,
1546,The Provider's Coach Project,http://providerscoachproject.org/,,,http://providerscoachproject.org/contact,,,,,
1547,The Riekes Center,http://www.riekes.org/,,,,,,,,
1548,The RIS Foundation,https://risfoundation.org/,,,https://risfoundation.org/#contact/,,,,,
1549,The San Diego River Park Foundation,http://www.sandiegoriver.org/,,,https://sandiegoriver.org/contact/,,,,,
1550,The SanJeliK Foundation,http://sanjelik.org/,,,,,,,,
1551,"The Servants Ministries ""Legal Aid Firm""",http://www.tsmla.org/,,,,,,,,
1552,The Source LGBT+ Center,http://thesourcelgbt.org/,,,,,,,,
1553,The Starfish Connection,http://www.thestarfishconnection.org/,,,https://lp.constantcontactpages.com/sl/xpMjlqh/KeepMeInTheKnow,,,,,
1554,The Stephan Center,http://thestephancenter.org/,,,https://www.thestephancenter.org/contact-us/,,,,,
1555,The Supported Life Institute,http://supportedlife.org/,,,,,,,,
1556,The Towbes Foundation,https://towbesfoundation.org/,,,https://towbesfoundation.org/contact/,,,,,
1557,The Trust Project,https://thetrustproject.org/,,,https://thetrustproject.org/contact/,,,,,
1558,The Wall Las Memorias Project,http://thewalllasmemorias.org/,,,https://www.thewalllasmemorias.org/contact,,,,,
1559,The Wehrmann Foundation dba Teagan's Heart,http://www.thewehrmannfoundation.org/,,,,,,,,
1560,The Well Community for Women,http://www.thewellsd.org/,,,http://www.thewellsd.org/contact,,,,,
1561,The Westlund Center,http://www.thewestlundcenter.org/,,,http://www.thewestlundcenter.org/contact-us,,,,,
1562,The Women's Building,https://womensbuilding.org/,,,,,,,,
1563,The Women's List,http://thewomenslist.org/,,,http://thewomenslist.org/contact,,,,,
1564,Theater on the Ridge,https://www.totr.org/,,,,,,,,
1565,Theatre Bay Area,https://www.theatrebayarea.org/,,,https://members.theatrebayarea.org/contact-us,,,,,
1566,theatre dybbuk,http://theatredybbuk.org/,,,https://www.theatredybbuk.org/contact,,,,,
1567,Theatre Producers of Southern California,http://tpsca.org/,,,https://tpsca.org/contact-us/,,,,,
1568,Therapy Dogs of America,https://therapydogsamerica.org/,,,https://therapydogsamerica.org/contact-us/,,,,,
1569,Tia Chucha's Centro Cultural,http://www.tiachucha.org/,,,,,,,,
1570,Tichenor Clinic for Children,http://tichenorclinic.org/,,,https://tichenorclinic.org/contact/,,,,,
1571,Tijuana Estuary Foundation,https://southwestwetlands.org/,,,https://tijuanaestuary.org/contact/,,,,,
1572,Time for Change Foundation,http://www.timeforchangefoundation.org/,,,https://www.timeforchangefoundation.org/about/contact/,,,,,
1573,Tipping Point Community,http://tippingpoint.org/,,,https://tippingpoint.org/contact-visitor-information/,,,,,
1574,TOArts,http://www.toarts.org/,,,https://toarts.org/contact/,,,,,
1575,Today's Woman Foundation,http://todayswomanfoundation.org/,,,https://todayswomanfoundation.org/contact-us-2/,,,,,
1576,TODEC Legal Center Perris,http://www.todec.org/,,,,,,,,
1577,TOGETHER Bay Area,https://togetherbayarea.org/,,,,,,,,
1578,Tompkins Conservation,https://tompkinsconservation.org/,,,,,,,,
1579,Tools for Peace,http://www.toolsforpeace.org/,,,,,,,,
1580,Toolworks,http://www.toolworks.org/,,,https://toolworks.org/about/contact,,,,,
1581,Torrance Education Foundation,http://www.tef4kids.org/,,,https://www.tef4kids.org/contact/,,,,,
1582,Townspeople,https://townspeople.org/,,,https://townspeople.org/contact-us/,,,,,
1583,Transcanwork,http://www.transcanwork.org/,,,http://www.transcanwork.org/contact,,,,,
1584,TransFamily Support Services,http://www.transfamilysos.org/,,,https://transfamilysos.org/contact-us/,,,,,
1585,Transform,http://www.transformca.org/,,,,,,,,
1586,"Transforming Lives Together, Inc.",http://www.transforminglivestogether.net/,,,,,,,,
1587,Transition House,http://www.transitionhouse.com/,,,https://transitionhouse.com/contact-transition-house/,,,,,
1588,Transitions-Mental Health Association,http://www.t-mha.org/,,,http://www.t-mha.org/contact.php,,,,,
1589,Traveler's Aid Society of San Diego,http://travelersaidsandiego.org/,,,https://travelersaidsandiego.org/contact/,,,,,
1590,Tree House Hollow Preschool,http://www.treehousehollow.org/,,,,,,,,
1591,Tree of Hope Foundation,http://www.treeofhope.healthcare/,,,,,,,,
1592,Tribal Law & Policy Institute,http://www.tlpi.org/,,,http://www.tlpi.org/http://www.home.tlpi.org/#!contact/c12xx,,,,,
1593,Tribal Trust Foundation,http://tribaltrustfoundation.org/,,,https://tribaltrustfoundation.org/contact/,,,,,
1594,Trinity Center,https://www.trinitycenterwc.org/,,,https://www.trinitycenterwc.org/contact/,,,,,
1595,Tri-Valley Communities Against a Radioactive Environment,https://trivalleycares.org/,,,https://www.senate.gov/general/contacting.htm,,,,,
1596,Tri-Valley Conservancy,http://www.trivalleyconservancy.org/,,,,,,,,
1597,Tri-Valley Nonprofit Alliance,https://tvnpa.org/,,,,,,,,
1598,Tuleyome,https://www.tuleyome.org/,,,,,,,,
1599,Tuolumne River Trust,https://www.tuolumne.org/,,,,,,,,
1600,Tustin Community Foundation,http://www.tustincommunityfoundation.org/,,,,,,,,
1601,U.R. Love Inc,https://www.urloveinc.org/,,,,,,,,
1602,UAW Center for Manufacturing a Green Economy (CMGE),http://uawcmge.org/,,,https://uawcmge.org/contact/,,,,,
1603,Umoja Community Education Foundation,https://umojacommunity.org/,,,,,,,,
1604,UnCommon  Law,https://www.uncommonlaw.org/,,,https://www.uncommonlaw.org/contact-us,,,,,
1605,Unearth and Empower Communities,https://www.unearthandempower.org/,,,,,,,,
1606,Uniquely Abled Project,http://uniquelyabledproject.org/,,,https://uniquelyabledproject.org/contact-us/,,,,,
1607,Unitarian Universalist Congregation of Marin,http://www.uumarin.org/,,,,,,,,
1608,Unitarian Universalist Refugee and Immigrant Services and Education,http://uurise.org/,,,https://uurise.org/contact/,,,,,
1609,United Latino Voices of Contra Costa County,https://ulvccc.org/,,,,,,,,
1610,United States Veterans Initiative - Inland Empire,https://usvets.org/locations/inland-empire/,,,https://usvets.org/locations/inland-empire/contact-us/,,,,,
1611,United Swiss Societies of Northern California,http://www.ussnc.org/,,,http://www.ussnc.org/contact,,,,,
1612,United UpStanders Inc.,https://www.unitedupstanders.com/,,,https://www.unitedupstanders.com/contact,,,,,
1613,United Way Fresno and Madera Counties,http://www.uwfm.org/,,,https://lp.constantcontactpages.com/sl/gNRvmBJ,,,,,
1614,United Way of San Joaquin County,http://www.unitedwaysjc.org/,,,,,,,,
1615,United Way of Santa Cruz County,http://www.unitedwaysc.org/,,,http://www.unitedwaysc.org/contact-us,,,,,
1616,United Way of Stanislaus County,https://uwaystan.org/,,,https://uwaystan.org/contact-us,,,,,
1617,United Ways of California,http://www.unitedwaysca.org/,,,,,,,,
1618,Unity Schools,http://www.unityschools.net/,,,,,,,,
1619,UniverSOUL Hip Hop,https://www.universoulhiphop.com/,,,,,,,,
1620,UpValley Family Centers of Napa County,http://www.upvalleyfamilycenters.org/,,,http://www.upwell.org/contact,,,,,
1621,Upwell Turtles,http://www.upwell.org/,,,,,,,,
1622,Urban Ecology Conservatory,http://www.urbanecologyconservatory.org/,,,https://urbanhabitat.org/media-contacts/,,,,,
1623,Urban Habitat,http://www.urbanhabitat.org/,,,,,,,,
1624,Urban Peace Movement Oakland,https://urbanpeacemovement.org/,,,https://urgentactionfund.org/contact/,,,,,
1625,Urgent Action Fund,http://www.urgentactionfund.org/,,,,,,,,
1626,Vaad of Northern California/Sunrise Kosher,http://www.sunrisekosher.org/,,,,,,,,
1627,Vajrapani Institute for Wisdom Culture,http://www.vajrapani.org/,,,,,,,,
1628,Valley Forward,http://www.valleyfwd.org/,,,https://valleyhumane.org/contact-us/,,,,,
1629,"Valley Humane Society, Inc.",http://valleyhumane.org/,,,https://opendns.com/contact/,,,,,
1630,Valley Restart Shelter Inc,http://www.valleyrestart.org/,,,,,,,,
1631,Valley Village Retirement Community,http://www.valleyvillageretirement.com/,,,,,,,,
1632,Veggielution,http://www.veggielution.org/,,,https://www.vcfarmtoschool.org/contact-us,,,,,
1633,Ventura County Farm to School,https://www.vcfarmtoschool.org/,,,https://venturafiresafe.org/contact/,,,,,
1634,Ventura Regional Fire Safe Council,http://www.venturafiresafe.org/,,,http://www.sccvonline.org/contact.html,,,,,
1635,Ventures,http://www.sccvonline.org/,,,,,,,,
1636,Verge Center for the Arts,,,,https://vesper.org/about-us/contact-us/,,,,,
1637,Vesper Society,https://vesper.org/,,,,,,,,
1638,Victoria Avenue Forever,,,,https://www.cohenbrayhouse.org/contact-us,,,,,
1639,Victorian Preservation Center of Oakland,http://www.cohenbrayhouse.org/,,,https://www.vvvets.org/contact-us/,,,,,
1640,Victory Village Inc,http://www.vvvets.org/,,,,,,,,
1641,Vietnamese American Cancer Foundation,https://www.vacf.org/,,,,,,,,
1642,Vietnamese American Roundtable,https://varoundtable.org/,,,,,,,,
1643,Villages of San Mateo County,https://www.villagesofsmc.org/,,,https://vinfoundation.org/contact/,,,,,
1644,VIN Foundation,http://vinfoundation.org/,,,https://visionycompromiso.org/get-involved/contact/,,,,,
1645,Vision Y Compromiso,https://visionycompromiso.org/,,,https://visittrivalley.com//about-tri-valley/contact-tri-valley/,,,,,
1646,Visit Tri-Valley,https://visittrivalley.com/,,,https://www.vistability.net/contact-us,,,,,
1647,VistAbility,http://www.vistability.org/,,,https://www.vitalarts.org/contact,,,,,
1648,Vital Arts,https://www.vitalarts.org/,,,https://scvolunteercenter.org/contact/,,,,,
1649,Volunteer Center Of Santa Cruz County,http://www.scvolunteercenter.org/,,,https://lp.constantcontactpages.com/sl/Zl63um8,,,,,
1650,Volunteer Center South Bay Harbor Long Beach,http://volcenter.org/,,,http://www.vim-sandiego.org/contact,,,,,
1651,"Volunteers in Medicine - San Diego, Inc.",http://www.vim-sandiego.org/,,,,,,,,
1652,Volunteers of the Burbank Animal Shelter,https://www.burbankca.gov/web/parks-recreation/burbank-animal-shelter-homepage,,,http://www.wahmei.org/contact-us,,,,,
1653,Wah Mei School,http://www.wahmei.org/,,,,,,,,
1654,Walden Foundation Inc,https://waldencenterschool.org/,,,http://walkintuit.org/contact,,,,,
1655,Walk Intuit,http://walkintuit.org/,,,https://www.constantcontact.com/legal/service-provider,,,,,
1656,Walnut Avenue Family & Women's Center,http://www.wafwc.org/,,,https://haassr.org/contact-us/,,,,,
1657,Walter and Elise Haas Fund,http://www.haassr.org/,,,,,,,,
1658,Walter H Everett Foundation,http://walterheverett.com/,,,http://www.warehouseworkers.org/contact,,,,,
1659,Warehouse Worker Resource Center,http://www.warehouseworkers.org/,,,https://www.watsonvillelawcenter.org/contact/,,,,,
1660,Watsonville Law Center,http://www.watsonvillelawcenter.org/,,,http://www.watsonvillewetlandswatch.org/contact,,,,,
1661,Watsonville Wetlands Watch,http://www.watsonvillewetlandswatch.org/,,,http://www.wattsofpowerfoundation.org/contact,,,,,
1662,Watts of Power Foundation,http://www.wattsofpowerfoundation.org/,,,https://wearegroundswell.org/about/contact-us/,,,,,
1663,We Are Groundswell,https://www.wearegroundswell.org/,,,https://wecaresolar.org/get-involved/contact-us/,,,,,
1664,We Care Solar,https://wecaresolar.org/,,,https://www.wfan.net/animal-rescue-and-welfare-organization-contact-us,,,,,
1665,Weber Foundation Animal Network,https://www.wfan.net/,,,https://weingartfnd.org/contact-us/,,,,,
1666,Weingart Foundation,http://www.weingartfnd.org/,,,https://welcomehomehousing.org/contact/,,,,,
1667,Welcome Home Housing,http://www.welcomehomehousing.org/,,,,,,,,
1668,West Coast Conference,http://www.wccsports.com/,,,https://www.edfundwest.org/who-we-are/contact/,,,,,
1669,West Contra Costa Public Education Fund,http://www.edfundwest.org/,,,,,,,,
1670,West Fresno Health Care Coalition (dba: West Fresno Family Resource Center),http://www.wfresnofrc.org/,,,,,,,,
1671,Western Association of Educational Opportunity Personnel,http://www.westop.org/,,,,,,,,
1672,Western Center on Law & Poverty,http://www.wclp.org/,,,https://www.pnhelp.org/contact-us,,,,,
1673,Western Neuropathy Association,https://www.pnhelp.org/,,,,,,,,
1674,Western Youth Services,http://www.westernyouthservices.org/,,,https://www.wsfb.org/about-us/contact-us/,,,,,
1675,Westside Food Bank,http://www.westsidefoodbankca.org/,,,http://www.westsidejcc.org/contact,,,,,
1676,Westside Jewish Community Center Inc,http://www.westsidejcc.org/,,,https://www.wexford.org/contact,,,,,
1677,"Wexford, Inc.",http://www.wexford.org/,,,https://whitebarkinstitute.org/contact/,,,,,
1678,Whitebark Institute,https://www.whitebarkinstitute.org/,,,http://www.wildfarmalliance.org/contact,,,,,
1679,Wild Farm Alliance,http://www.wildfarmalliance.org/,,,,,,,,
1680,Wild Iris Family Counseling & Crisis Center,https://www.wild-iris.org/,,,https://wildnet.org/contact-us/,,,,,
1681,Wildlife Conservation Network,http://www.wildnet.org/,,,https://wildlifemadagascar.org/contact,,,,,
1682,Wildlife Madagascar,http://wildlifemadagascar.org/,,,,,,,,
1683,Wildling Museum of Art and Nature,http://www.wildlingmuseum.org/,,,,,,,,
1684,Wildwood Watchers Fire Safe Council,,,,https://wrpioneers.org/contact/,,,,,
1685,Will Rogers Institute,http://www.willrogersmotionpicture.org/,,,,,,,,
1686,"Willbridge of Santa Barbara, Inc.",https://www.willbridgesb.org/,,,https://www.whdfoundation.org/contact-us,,,,,
1687,William H. Douglas Foundation,https://www.whdfoundation.org/,,,,,,,,
1688,William James Association,http://williamjamesassociation.org/,,,https://winemarketcouncil.com/contact-us/,,,,,
1689,Wine Market Council,https://winemarketcouncil.com/,,,https://cccwinternights.org/contact/,,,,,
1690,"Winter Nights Family Shelter, Inc.",https://cccwinternights.org/,,,https://womendonorsaction.org/contact-us/,,,,,
1691,Women Donors Network Action,http://www.wdnaction.org/,,,,,,,,
1692,Women Helping Other Women (WHOW),http://whowlivelovelearn.org/,,,http://www.womeninlocalization.com/contact-us/,,,,,
1693,Women in Localization,http://www.womeninlocalization.com/,,,,,,,,
1694,Women Winemakers & Culinarians Foundation,https://sbwomenwinemakers.com/,,,,,,,,
1695,Women's Cancer Resource Center,http://wcrc.org/,,,https://womensfoundca.org/who-we-are/contact-womens-foundation/,,,,,
1696,Women's Foundation California,http://womensfoundca.org/,,,https://womensfoundca.org/who-we-are/contact-womens-foundation/,,,,,
1697,Women's Intercultural Network,http://winaction.org/,,,https://winaction.org/#contact,,,,,
1698,Women's Survivors Network,,,,,,,,,
1699,Women's Theatre Collective,http://www.womenstheatrecollective.org/,,,https://www.womenstheatrecollective.org/contact,,,,,
1700,Words In The Wild,http://wordsinthewild.org/,,,http://wordsinthewild.org/contact-us,,,,,
1701,Working Wardrobes for a New Start,http://www.workingwardrobes.org/,,,https://www.workingwardrobes.org/contact-us/,,,,,
1702,Worksite Wellness Los Angeles,http://www.worksitewellnessla.org/,,,https://worksitewellnessla.org/contact/,,,,,
1703,Wright Institute Los Angeles (WILA),http://wila.org/,,,http://wila.org/contact/#wilacall,,,,,
1704,"Xinewh-Ding, Inc.",https://www.facebook.com/xontehLtawhupa,,,,,,,,
1705,Y&H Soda Foundation,https://www.yhsodafoundation.org/,,,https://www.yhsodafoundation.org/contact-us,,,,,
1706,YMCA of Glendale,http://www.glendaleymca.org/,,,http://www.glendaleymca.org/contact.html,,,,,
1707,Yogananda Seva,https://yoganandaseva.org/,,,https://yoganandaseva.org/contact/,,,,,
1708,Yolo Community Foundation,http://www.yolocf.org/,,,,,,,,
1709,Yolo County CASA,https://www.yolocasa.org/,,,https://www.yolocasa.org/contact/,,,,,
1710,Yolo County Children's Alliance,http://yolokids.org/,,,https://www.yolokids.org/about-us/contact-page/,,,,,
1711,Young STEAMers,https://www.youngsteamers.org/,,,https://www.youngsteamers.org/contact,,,,,
1712,Young Storytellers,http://www.youngstorytellers.com/,,,http://www.youngstorytellers.com/contact,,,,,
1713,Yours Humanly,http://www.yourshumanly.org/,,,https://yourshumanly.org/get-involved/contact-us/,,,,,
1714,Youth 2 Leaders Education Foundation,http://www.y2lef.org/,,,,,,,,
1715,Youth Action Project,http://www.youthactionproject.org/,,,,,,,,
1716,Youth Alliance,http://www.site.youthall.org/,,,,,,,,
1717,Youth for Environmental Sanity (YES),http://www.yesworld.org/,,,https://yesworld.org/contact/,,,,,
1718,Youth Forward,https://www.youth-forward.org/,,,https://www.youth-forward.org/contact,,,,,
1719,"Youth Homes, Inc.",https://youthhomes.org/,,,https://youthhomes.org/contact,,,,,
1720,Youth Making A Difference dba Hands4Hope - Youth Making A Difference,http://hands4hopeyouth.org/,,,https://www.hands4hopeyouth.org/contact,,,,,
1721,Youth Mentoring Connection,http://www.youthmentoring.org/,,,,,,,,
1722,Youth Organize California,https://yocalifornia.org/,,,,,,,,
1723,Youth Recovery Connections,https://www.youthrecoveryconnections.org/,,,https://www.youthrecoveryconnections.org/contact,,,,,
1724,Youth Transforming Justice,https://www.ytjustice.org/,,,,,,,,
1725,Youth Utilizing Power and Praise Organization,http://www.yupporg.com/,,,https://yupporg.com/contact-us/,,,,,
1726,YOUTHBEAT,http://youthbeat.org/,,,http://youthbeat.org/contact,,,,,
1727,YouthWell,http://youthwell.org/,,,https://youthwell.org/contact/,,,,,
1728,YWCA Berkeley/Oakland,http://www.ywca-berkeley.org/,,,,,,,,
1729,YWCA Glendale and Pasadena,https://ywcagp.org/,,,,,,,,
1730,YWCA of Contra Costa/Sacramento,http://ywcaccc.org/,,,,,,,,
1731,YWCA San Gabriel Valley,https://www.ywcasgv.org/,,,https://www.ywcasgv.org/contact/,,,,,
1732,Zaca Center Preschool,https://www.zacacenterpreschool.org/,,,https://www.zacacenterpreschool.org/contact-us,,,,,
