,source_file,ein,org_name,org_type,website,phone,tax_year,address_line1,city,state,zip,county,full_address,rev_cy,assets_eoy,principal_name,all_emails,general_emails,misc_staff_emails,website_contact_form,linkedin,instagram,facebook
0,XML/202520639349300932_public.xml,920731572,1904 Baseball Club,San Diego Nonprofit,1904baseballclub.com,6196185400,2025,11125 Crater Dr,San Diego,CA,92126,San Diego County,"11125 Crater Dr, San Diego, CA, 92126",270852.0,19136.0,Allan Pena,sd1904baseball@gmail.com,,sd1904baseball@gmail.com,https://1904baseballclub.com/contact/ ,,,
1,XML/202511769349301316_public.xml,455009704,2020 Mom,California Nonprofit ,http://www.2020mom.org/,3109551081,2025,5101 Santa Monica Blvd Ste 8-326,Los Angeles,CA,90029,Los Angeles County,"5101 Santa Monica Blvd Ste 8-326, Los Angeles, CA, 90029",1272999.0,1237409.0,Joy Burkhard,Kelly.Nielson@PolicyCenterMMH.org,,Kelly.Nielson@PolicyCenterMMH.org,https://policycentermmh.org/contact/ ,https://www.linkedin.com/company/policycentermmh/,,
2,,,211 San Diego,California Nonprofit ,http://www.211sandiego.org/,211,,3860 Calle Fortunado Suite 101 ,San Diego,CA,,San Diego County,"3860 Calle Fortunado Suite 101 , San Diego, CA",,,Nan,"211help@211sandiego.org, media@211sandiego.org, resourcecenter@211sandiego.org, 211connections@211sandiego.org",info@211sandiego.org,"211help@211sandiego.org, media@211sandiego.org, resourcecenter@211sandiego.org, 211connections@211sandiego.org",https://211sandiego.org/contacts/ ,https://www.linkedin.com/company/211sandiego,https://www.instagram.com/211sd,https://www.facebook.com/211sandiego/
3,XML/202501689349301205_public.xml,464603670,450 Mhz Alliance,San Diego Nonprofit,450ALLIANCE.ORG,8587057760,2025,11164 Provencial Pl,San Diego,CA,92128,San Diego County,"11164 Provencial Pl, San Diego, CA, 92128",357310.0,302069.0,Nan,"gosta.kallner@450alliance.org, dennis@450alliance.org, daan.beaufort@450alliance.org, Christian.Freudenmann@450alliance.org, ivirker@450alliance.org, Carsten.Ullrich@450alliance.org",info@450alliance.org,"gosta.kallner@450alliance.org, dennis@450alliance.org, daan.beaufort@450alliance.org, Christian.Freudenmann@450alliance.org, ivirker@450alliance.org, Carsten.Ullrich@450alliance.org",https://450alliance.org/contact-us/ ,,,
4,,,4Paws,California Nonprofit ,http://www.4pawscenter.org/,,,2 Padre Parkway Suite 201B ,Rohnert Park,CA,,Sonoma County,"2 Padre Parkway Suite 201B , Rohnert Park, CA",,,Nan,4pawsoffice@gmail.com,,4pawsoffice@gmail.com,,,,https://www.facebook.com/caninesocialtherapy/
5,XML/202530979349300213_public.xml,202233784,4S Ranch Youth Soccer Association,San Diego Nonprofit,sdforcefc.com,,2025,10531 4S Commons Drive 130,San Diego,CA,92127,San Diego County,"10531 4S Commons Drive 130, San Diego, CA, 92127",2400324.0,1414004.0,Ryan Heine President,support@sprocketsports.com,,support@sprocketsports.com,https://sdforcefc.com/club/contactus ,,https://www.instagram.com/sdforcefc/,https://www.facebook.com/SDForceFC
6,XML/202511179349200306_public.xml,921434342,4Th Trimester,California Nonprofit ,http://4thtri.org/,3522672002,2025,98 Hillside Dr,Eustis,FL,32726,,"98 Hillside Dr, Eustis, FL, 32726",,,Nan,media@4thtri.org,hello@4thtri.org,media@4thtri.org,https://4thtri.org/contact/ ,https://www.linkedin.com/company/4thtrimester,https://www.instagram.com/4thtrimester_org,
7,XML/202542949349301574_public.xml,862230353,805 Undocufund,California Nonprofit ,https://www.805undocufund.org/,8052008471,2025,1010 North H Street Ste 40,Lompoc,CA,93436,Santa Barbara County,"1010 North H Street Ste 40, Lompoc, CA, 93436",293304.0,189145.0,Primitiva Hernandez,phernandez@805undocufund.org,executivedirector@805undocufund.org,phernandez@805undocufund.org,https://www.805undocufund.org/contact-us.html ,https://www.linkedin.com/company/19128208/admin/dashboard/,https://www.instagram.com/the805undocufund/,https://www.facebook.com/805undocufund
8,XML/202511759349301666_public.xml,510197097,Access To Independence Of San Diego Inc,San Diego Nonprofit,WWW.ACCESSTOINDEPENDENCE.ORG,6192933500,2025,8885 Rio San Diego Dr 135,San Diego,CA,92108,San Diego County,"8885 Rio San Diego Dr 135, San Diego, CA, 92108",2110931.0,2124670.0,Jhoonar Barrera,accessmedia@accesstoindependence.org,,accessmedia@accesstoindependence.org,https://accesstoindependence.org/contact-us/ ,,https://www.instagram.com/accessstoindependence/,https://www.facebook.com/accesstoindependence
9,XML/202502469349302055_public.xml,330620415,Accessity,San Diego Nonprofit,www.accessity.org,6197957250,2025,404 Euclid Avenue Ste 271,San Diego,CA,92114,San Diego County,"404 Euclid Avenue Ste 271, San Diego, CA, 92114",8466640.0,23530909.0,Nan,"//csanchez@accessity.org, //mmejia@accessity.org, //fcruz@accessity.org, //lurisa@accessity.org, lurias@accessity.org, news@accessity.org, //servicing@accessity.org , fcruz@accessity.org, //mbaquero@accessity.org, mmejia@accessity.org, //scarlson@accessity.org, csanchez@accessity.org","info@accessity.org, //info@accessity.org","//csanchez@accessity.org, //mmejia@accessity.org, //fcruz@accessity.org, //lurisa@accessity.org, lurias@accessity.org, news@accessity.org, //servicing@accessity.org , fcruz@accessity.org, //mbaquero@accessity.org, mmejia@accessity.org, //scarlson@accessity.org, csanchez@accessity.org",https://accessity.org/contact/ ,https://www.linkedin.com/company/accessityorg/,https://www.instagram.com/accessityorg,https://www.facebook.com/accessityorg
10,XML/202512519349301926_public.xml,330857142,Activated Ministries,San Diego Nonprofit,WWW.ACTIVATEDMINISTRIES.ORG,7607391240,2025,11835 Carmel Mountain Rd Suite 1304,San Diego,CA,92128,San Diego County,"11835 Carmel Mountain Rd Suite 1304, San Diego, CA, 92128",1001358.0,1928999.0,Thomas Hack,sponsorship@actmin.org,contact@actmin.org,sponsorship@actmin.org,https://www.activatedministries.org/contact ,,,
11,XML/202542449349300504_public.xml,853040609,Afghans Empowered Corp,San Diego Nonprofit,Www.afghansempowered.org,8587841122,2025,2101 S El Camino Real Suite 204,Oceanside,CA,92054,San Diego County,"2101 S El Camino Real Suite 204, Oceanside, CA, 92054",54823.0,3853.0,Mursel Sabir,community@afghansempowered.org,info@mysite.com,community@afghansempowered.org,https://www.afghansempowered.org/contact ,,,
12,,,Aha! Attitude. Harmony. Achievement.,California Nonprofit ,https://ahasb.org/,18057707200,,Nan,Nan,,,,"Nan, Nan, nan",,,Nan,"rene@ahasb.org, tabitha@ahasb.org, nic@ahasb.org, brandon@ahasb.org, paulina@ahasb.org, clinical@ahasb.org, kira@ahasb.org, media@ahasb.org, sabrina@ahasb.org, roxy@ahasb.org, molly@ahasb.org",,"rene@ahasb.org, tabitha@ahasb.org, nic@ahasb.org, brandon@ahasb.org, paulina@ahasb.org, clinical@ahasb.org, kira@ahasb.org, media@ahasb.org, sabrina@ahasb.org, roxy@ahasb.org, molly@ahasb.org",,https://www.linkedin.com/company/aha-attitude-harmony-achievement,https://www.instagram.com/aha_sb/,https://www.facebook.com/ahasb.org
13,,,Aids Services Foundation Oc Dba Radiant Health Centers,California Nonprofit ,http://radianthealthcenters.org/,9498095700,,17982 Sky Park Cir Ste J ,Irvine,CA,,Orange County,"17982 Sky Park Cir Ste J , Irvine, CA",,,Nan,"tnguyen@radianthealthcenters.org, lgarland@radianthealthcenters.org, marketing@radianthealthcenters.org",,"tnguyen@radianthealthcenters.org, lgarland@radianthealthcenters.org, marketing@radianthealthcenters.org",https://www.radianthealthcenters.org/contact-us ,https://www.linkedin.com/company/556115/,https://www.instagram.com/RadiantHealthOC,https://www.facebook.com/RadiantHealthOC
14,XML/202540459349302209_public.xml,953432182,Alliance Francaise De San Diego,San Diego Nonprofit,WWW.AFSANDIEGO.ORG,8585500144,2025,6640 Lusk Blvd Suite 104,San Diego,CA,92121,San Diego County,"6640 Lusk Blvd Suite 104, San Diego, CA, 92121",414705.0,104890.0,Xavier Coulomb,"Bureau@afsandiego.org, culture@afsandiego.org, education@afsandiego.org, certifications@afsandiego.org",info@afsandiego.org,"Bureau@afsandiego.org, culture@afsandiego.org, education@afsandiego.org, certifications@afsandiego.org",https://www.afsandiego.org/contact ,https://www.linkedin.com/company/afsandiego,https://www.instagram.com/alliancefrancaisesd,https://www.facebook.com/alliancefrancaisesandiego
15,XML/202540609349301009_public.xml,651189363,Alliance Health Clinic Inc,San Diego Nonprofit,alliancehealthclinic.org,,2025,5952 El Cajon Blvd,San Diego,CA,92115,San Diego County,"5952 El Cajon Blvd, San Diego, CA, 92115",859759.0,348120.0,Nan,Julius@alliancehealthclinic.org,,Julius@alliancehealthclinic.org,https://www.alliancehealthclinic.org/contact ,,,
16,XML/202521479349301152_public.xml,956056751,Alvarado Community Association,San Diego Nonprofit,ALVARADOESTATES.ORG,6192996899,2025,7007 Mission Gorge Road Suite 201,San Diego,CA,92120,San Diego County,"7007 Mission Gorge Road Suite 201, San Diego, CA, 92120",377729.0,838192.0,Jose Reynoso,"social@alvaradoestates.org, board@alvaradoestates.org, architecture@alvaradoestates.org, treasurer@alvaradoestates.org, gate@alvaradoestates.org, president@alvaradoestates.org, communications@alvaradoestates.org, vicepresident@alvaradoestates.org, streets@alvaradoestates.org, secretary@alvaradoestates.org, jsreynoso@cox.net, common.area@alvaradoestates.org, safety@alvaradoestates.org",,"social@alvaradoestates.org, board@alvaradoestates.org, architecture@alvaradoestates.org, treasurer@alvaradoestates.org, gate@alvaradoestates.org, president@alvaradoestates.org, communications@alvaradoestates.org, vicepresident@alvaradoestates.org, streets@alvaradoestates.org, secretary@alvaradoestates.org, jsreynoso@cox.net, common.area@alvaradoestates.org, safety@alvaradoestates.org",,,,
17,XML/202500209349301420_public.xml,475534541,Alzheimer'S San Diego,San Diego Nonprofit,WWW.ALZSD.ORG,8584924400,2025,3635 Ruffin Rd 300,San Diego,CA,92123,San Diego County,"3635 Ruffin Rd 300, San Diego, CA, 92123",6608471.0,8220364.0,Eugenia Welch,gwinters@alzsd.org,info@alzsd.org,gwinters@alzsd.org,https://www.alzsd.org/about/contact/ ,https://www.linkedin.com/company/alzheimerssd,,https://www.facebook.com/AlzheimersSD
18,XML/202503189349307870_public.xml,475534541,Alzheimer'S San Diego,San Diego Nonprofit,WWW.ALZSD.ORG,8584924400,2025,3635 Ruffin Rd 300,San Diego,CA,92123,San Diego County,"3635 Ruffin Rd 300, San Diego, CA, 92123",3689845.0,8335909.0,Eugenia Welch,gwinters@alzsd.org,info@alzsd.org,gwinters@alzsd.org,https://www.alzsd.org/about/contact/ ,https://www.linkedin.com/company/alzheimerssd,,https://www.facebook.com/AlzheimersSD
19,XML/202510929349301521_public.xml,884224069,Amanda Brown Livewell,San Diego Nonprofit,WWW.ABLIVEWELL.COM,8603384054,2025,4142 Campus Ave Unit 1,San Diego,CA,92103,San Diego County,"4142 Campus Ave Unit 1, San Diego, CA, 92103",111060.0,1092.0,Amanda Brown,amanda@ablivewell.com,,amanda@ablivewell.com,,,,
20,XML/202511289349302666_public.xml,951033615,American Federation Of Musicians,San Diego Nonprofit,PROMUSIC325.COM,6192764324,2025,1717 Morena Blvd,San Diego,CA,921103635,San Diego County,"1717 Morena Blvd, San Diego, CA, 921103635",559344.0,928668.0,James T Davies,"presidentafm325@promusic325.com, jimdavies@promusic325.com","admin@promusic325.com, info@promusic325.com","presidentafm325@promusic325.com, jimdavies@promusic325.com",,,,https://www.facebook.com/MusiciansSanDiego325Afm/
21,XML/202520459349301117_public.xml,391038914,Amity Institute Ltd,San Diego Nonprofit,www.amity.org,6192227000,2025,2727 Camino Del Rio South 137,San Diego,CA,92108,San Diego County,"2727 Camino Del Rio South 137, San Diego, CA, 92108",1186049.0,1556359.0,Nan,mail@amity.org,,mail@amity.org,https://amity.org/contact/ ,http://www.linkedin.com/company/amity-institute2019,https://www.instagram.com/amityinstitute/,https://www.facebook.com/Amity-Institute-1131261956986435/
22,XML/202532559349301883_public.xml,952788316,Appellate Defenders Inc,San Diego Nonprofit,WWW.ADI-SANDIEGO.COM,6196960284,2025,555 West Beech Street 300,San Diego,CA,92101,San Diego County,"555 West Beech Street 300, San Diego, CA, 92101",5365959.0,6524246.0,Lynelle Hee,"sds@adi-sandiego.com, klh@adi-sandiego.com, cta@adi-sandiego.com, jjd@adi-sandiego.com, apj@adi-sandiego.com, amj@adi-sandiego.com, casequestions@adi-sandiego.com, cbm@adi-sandiego.com, jdt@adi-sandiego.com, ree@adi-sandiego.com, llf@adi-sandiego.com, jmk@adi-sandiego.com, ano@adi-sandiego.com, mcr@adi-sandiego.com, lkh@adi-sandiego.com, dpc@adi-sandiego.com, sps@adi-sandiego.com, cwf@adi-sandiego.com, pev@adi-sandiego.com, lmo@adi-sandiego.com, hcc@adi-sandiego.com, ccp@adi-sandiego.com, sdb@adi-sandiego.com, lcc@adi-sandiego.com, cms@adi-sandiego.com, cej@adi-sandiego.com, dbt@adi-sandiego.com, rlh@adi-sandiego.com, wpm@adi-sandiego.com, ddv@adi-sandiego.com, oap@adi-sandiego.com, dll@adi-sandiego.com",,"sds@adi-sandiego.com, klh@adi-sandiego.com, cta@adi-sandiego.com, jjd@adi-sandiego.com, apj@adi-sandiego.com, amj@adi-sandiego.com, casequestions@adi-sandiego.com, cbm@adi-sandiego.com, jdt@adi-sandiego.com, ree@adi-sandiego.com, llf@adi-sandiego.com, jmk@adi-sandiego.com, ano@adi-sandiego.com, mcr@adi-sandiego.com, lkh@adi-sandiego.com, dpc@adi-sandiego.com, sps@adi-sandiego.com, cwf@adi-sandiego.com, pev@adi-sandiego.com, lmo@adi-sandiego.com, hcc@adi-sandiego.com, ccp@adi-sandiego.com, sdb@adi-sandiego.com, lcc@adi-sandiego.com, cms@adi-sandiego.com, cej@adi-sandiego.com, dbt@adi-sandiego.com, rlh@adi-sandiego.com, wpm@adi-sandiego.com, ddv@adi-sandiego.com, oap@adi-sandiego.com, dll@adi-sandiego.com",https://www.adi-sandiego.com/about-adi/contact-adi/ ,https://www.linkedin.com/company/appellate-defenders-inc,,
23,XML/202543189349305634_public.xml,455003748,Arcc Center Foundation Inc,San Diego Nonprofit,www.arcccenter.org,6194886002,2025,5173 Waring Rd Ste 114,San Diego,CA,92120,San Diego County,"5173 Waring Rd Ste 114, San Diego, CA, 92120",16260534.0,7105510.0,Marie A Bacsik,help@arcccenter.org,,help@arcccenter.org,https://www.arcccenter.org/contact ,,https://www.instagram.com/arcccenterrespite/?hl=en,https://www.facebook.com/ArccCenter/
24,XML/202533229349302553_public.xml,952975393,Argonauta Educational Programs Inc,San Diego Nonprofit,WWW.MONTESSORISCHOOLHOUSE.ORG,8582709350,2025,4544 Pocahontas Avenue,San Diego,CA,92117,San Diego County,"4544 Pocahontas Avenue, San Diego, CA, 92117",2661323.0,1565763.0,Dena Stoneman,admissions@mmssd.com,,admissions@mmssd.com,https://montessorischoolhouse.org/contact-us/ ,,,
25,XML/202532559349300243_public.xml,392067596,Artreach,San Diego Nonprofit,artreachsandiego.org,6199407278,2025,1065 University Ave,San Diego,CA,92103,San Diego County,"1065 University Ave, San Diego, CA, 92103",1451323.0,442514.0,Mike Trunzo,"murals@artreachsandiego.org, residencies@artreachsandiego.org, studio@artreachsandiego.org",hello@artreachsandiego.org,"murals@artreachsandiego.org, residencies@artreachsandiego.org, studio@artreachsandiego.org",,https://www.linkedin.com/company/artreachsd,https://www.instagram.com/reel/DXARgXdgbdC/,https://www.facebook.com/ArtReachSD
26,XML/202521199349302687_public.xml,330495641,Associated Subcontractors Alliance,San Diego Nonprofit,WWW.SANDIEGOASA.ORG,6198259552,2025,Po Box 600723,San Diego,CA,92160,San Diego County,"Po Box 600723, San Diego, CA, 92160",384534.0,538932.0,John Isham,amber@sandiegoasa.org,info@sandiegoasa.org,amber@sandiegoasa.org,,https://www.linkedin.com/company/associated-subcontractors-alliance-asa-san-diego/,https://www.instagram.com/asasandiego/,https://www.facebook.com/AssociatedSubcontractorsAlliance/
27,XML/202543149349306309_public.xml,330522594,Avid Center,San Diego Nonprofit,WWW.AVID.ORG,8583804800,2025,5187 College Avenue Ste 163,San Diego,CA,92115,San Diego County,"5187 College Avenue Ste 163, San Diego, CA, 92115",86402327.0,152539839.0,Thuan Nguyen,AVIDCare@avid.org,,AVIDCare@avid.org,,https://www.linkedin.com/company/avid4college,https://www.instagram.com/avid4college/,https://www.facebook.com/@AVIDCenter/
28,XML/202501339349309365_public.xml,941254655,Ability Now Bay Area,California Nonprofit ,https://abilitynowbayarea.org/,5105313323,2025,4500 Lincoln Avenue,Oakland,CA,94602,Alameda County,"4500 Lincoln Avenue, Oakland, CA, 94602",3602719.0,2690298.0,Leslie C W Visbal,marketdev@abilitynowba.org,info@abilitynowba.org,marketdev@abilitynowba.org,https://abilitynowbayarea.org/contact/ ,https://www.linkedin.com/company/abilitynowba/,https://www.instagram.com/abilitynowba,https://www.facebook.com/abilitynowba
29,XML/202500919349301700_public.xml,943087060,Abode Services,California Nonprofit ,https://abode.org/,5106577409,2025,40849 Fremont Blvd,Fremont,CA,94538,,"40849 Fremont Blvd, Fremont, CA, 94538",135717743.0,66490300.0,Vivian Wan,cdebenedetti@abode.org,info@abode.org,cdebenedetti@abode.org,https://abode.org/contact-us ,,https://www.instagram.com/abodeorg/,https://www.facebook.com/AbodeOrg
30,XML/202530299349300233_public.xml,912088232,Academy For Grassroots Organizations,California Nonprofit ,http://www.academygo.com/,7605536029,2025,13312 Ranchero Road Pmb 202,Oak Hills,CA,92344,,"13312 Ranchero Road Pmb 202, Oak Hills, CA, 92344",361590.0,625669.0,Nan,Admin@AcademyGO.com,admin@academygo.com,Admin@AcademyGO.com,https://members.academygo.com/contact ,,https://www.instagram.com/academygoie/,https://www.facebook.com/AcademyGOIE
31,,,Ace Of Hearts Dog Rescue,California Nonprofit ,https://acesangels.org/,13103583344,,Po Box 2357 ,Beverly Hills,CA,,Los Angeles County,"Po Box 2357 , Beverly Hills, CA",,,Nan,"dogsfromheaven@aol.com, aofhcoordinator@gmail.com",,"dogsfromheaven@aol.com, aofhcoordinator@gmail.com",https://www.acesangels.org/contact ,,https://www.instagram.com/aceofheartsdogrescue/,https://www.facebook.com/Aceofheartsdogs/
32,,,Advent Group Ministries Inc.,California Nonprofit ,http://adventgm.org/,14082810708,,Nan,Nan,,,,"Nan, Nan, nan",,,Nan,advent@adventgm.org,,advent@adventgm.org,https://www.adventgm.org/contact ,https://www.linkedin.com/company/advent-group-ministries/,https://www.instagram.com/advent.gm,https://www.facebook.com/AdventGroupMinistries
33,,,"Advocacy, Inc.",California Nonprofit ,http://www.advocacy-inc.org/,,,1500 41St Ave Ste. 222 ,Capitola,CA,,Santa Cruz County,"1500 41St Ave Ste. 222 , Capitola, CA",,,Nan,advocate@advocacy-inc.org,,advocate@advocacy-inc.org,,,,
34,XML/202512259349303151_public.xml,943157218,Advokids,California Nonprofit ,http://www.advokids.org/,4159240587,2025,5643 Paradise Drive 12B,Corte Madera,CA,94925,Marin County,"5643 Paradise Drive 12B, Corte Madera, CA, 94925",839552.0,582600.0,Margaret Coyne Jd,"advocate@michaeln624.sg-host.com, helpline@advokids.org, advocate@advokids.org",,"advocate@michaeln624.sg-host.com, helpline@advokids.org, advocate@advokids.org",https://advokids.org/contact-us-2/ ,https://www.linkedin.com/company/advokids/,https://www.instagram.com/advokids/?hl=en,https://www.facebook.com/Advokids/
35,,,Affordable Homeless Housing Alternatives,California Nonprofit ,http://www.ahha-humco.org/,,,Po Box 3794 ,Eureka,CA,,Humboldt County,"Po Box 3794 , Eureka, CA",,,Nan,ahha.humco@gmail.com,,ahha.humco@gmail.com,http://www.ahha-humco.org/contact-county-and-city-officials ,,https://www.instagram.com/ahhahumco/,https://www.facebook.com/AHHA-Affordable-Homeless-Housing-Alternatives-546655568823719
36,XML/202530569349301048_public.xml,943398311,Afghan Coalition,California Nonprofit ,http://www.afghancoalition.org/,5107451682,2025,39155 Liberty St Suite D460,Fremont,CA,94538,Alameda County,"39155 Liberty St Suite D460, Fremont, CA, 94538",1107318.0,644984.0,Rona Popal,youremailaddress@mail.com,info@afghancoalition.org,youremailaddress@mail.com,https://afghancoalition.org/contact-us/ ,https://www.linkedin.com/company/afghancoalition/?viewAsMember=true,https://www.instagram.com/afghan_coalition/?locale=uken1&hl=am-et,https://www.facebook.com/Afghancoalition?mibextid=LQQJ4d
37,XML/202513109349304466_public.xml,823792356,Afghan-American Community Organization,San Diego Nonprofit,aa-co.org,5104499601,2025,501 W Broadway Suite 1540,San Diego,CA,92101,San Diego County,"501 W Broadway Suite 1540, San Diego, CA, 92101",306716.0,214579.0,Mohammad Ali Aziz-Sultan Md,"safespace@aa-co.org,  operations@aa-co.org, programming@aa-co.org, marketing@aa-co.org, operations@aa-co.org,  marketing@aa-co.org, hiring@aa-co.org","info@aa-co.org,  info@aa-co.org","safespace@aa-co.org,  operations@aa-co.org, programming@aa-co.org, marketing@aa-co.org, operations@aa-co.org,  marketing@aa-co.org, hiring@aa-co.org",https://aa-co.org/contact-1 ,https://www.linkedin.com/company/afghan-american-community-organization/?viewAsMember=true,https://www.instagram.com/p/DW7G4WxkyYS/,
38,,,African American Community Service Agency,California Nonprofit ,http://www.sjaacsa.org/,4082923157,,304 N. 6Th Street ,San Jose,CA,,Santa Clara County,"304 N. 6Th Street , San Jose, CA",,,Nan,"lavere.foster@sjaacsa.org, milan.balinton@sjaacsa.org",,"lavere.foster@sjaacsa.org, milan.balinton@sjaacsa.org",http://www.sjaacsa.org/contact-us ,https://www.linkedin.com/in/milan-balinton-6635a117/,https://www.instagram.com/sj_aacsa/,https://www.facebook.com/CityofSanJose/
39,,,"African American Network Of Kern County, Inc",California Nonprofit ,http://aankc.org/,,,P. O. Box 1215 ,Bakersfield,CA,,Kern County,"P. O. Box 1215 , Bakersfield, CA",,,Nan,support@digitalspace.net,,support@digitalspace.net,https://digitalspace.net/contact.html ,,,
40,,,Alameda Post Inc.,California Nonprofit ,https://alamedapost.com/,,,1516 Oak St Ste 203 ,Alameda,CA,,Alameda County,"1516 Oak St Ste 203 , Alameda, CA",,,Nan,"publisher@alamedapost.com, sales@alamedapost.com, podcast@alamedapost.com, accounting@alamedapost.com, community@alamedapost.com, editor@alamedapost.com, webmaster@alamedapost.com",info@alamedapost.com,"publisher@alamedapost.com, sales@alamedapost.com, podcast@alamedapost.com, accounting@alamedapost.com, community@alamedapost.com, editor@alamedapost.com, webmaster@alamedapost.com",https://alamedapost.com/contact/ ,,https://www.instagram.com/alameda.post/,https://www.facebook.com/AlamedaPost/
41,XML/202523179349308292_public.xml,201891448,Alchemist Cdc,California Nonprofit ,http://www.alchemistcdc.org/,9162048260,2025,4625 44Th Street Ste 33,Sacramento,CA,95820,Sacramento County,"4625 44Th Street Ste 33, Sacramento, CA, 95820",4527313.0,4201420.0,Sarah Dillon,volunteer@alchemistcdc.org,info@alchemistcdc.org,volunteer@alchemistcdc.org,https://alchemistcdc.org/contact-us/ ,https://www.linkedin.com/company/9746579/,https://www.instagram.com/alchemistcdc/,https://www.facebook.com/AlchemistCDC/
42,XML/202501289339301225_public.xml,680152770,Alcohol Justice,California Nonprofit ,https://alcoholjustice.org/,4152572480,2025,24 Belvedere Street,San Rafael,CA,94901,,"24 Belvedere Street, San Rafael, CA, 94901",,,Nan,"media@alcoholjustice.org, advocacy@alcoholjustice.org",,"media@alcoholjustice.org, advocacy@alcoholjustice.org",https://alcoholjustice.org/contact-us/ ,https://www.linkedin.com/company/alcohol-justice/,https://www.instagram.com/alcohol_justice/,https://www.facebook.com/alcoholwatchdog
43,XML/202543189349311664_public.xml,946184432,Ali Akbar College Of Music,California Nonprofit ,http://www.aacm.org/,4154546372,2025,215 West End Ave,San Rafael,CA,949012645,Marin County,"215 West End Ave, San Rafael, CA, 949012645",403522.0,592599.0,Mary J Khan,office@aacm.org,,office@aacm.org,https://aacm.org/contact-the-ali-akbar-college-of-music/ ,,https://www.instagram.com/aliakbarcollegeofmusic/,https://www.facebook.com/pg/AliAkbarCollegeofMusic/
44,XML/202510459349301036_public.xml,522094677,Alliance For Justice,California Nonprofit ,http://www.afj.org/,,2025,225 E 26Th Street Ste 1,Tucson,AZ,85713,Los Angeles County,"225 E 26Th Street Ste 1, Tucson, AZ, 85713",6707856.0,9058695.0,Nan,alliance@afj.org,,alliance@afj.org,https://afj.org/contact/ ,https://www.linkedin.com/company/alliance-for-justice/,,https://www.facebook.com/AllianceforJustice
45,XML/202542449349300109_public.xml,882164610,Althea Canines,California Nonprofit ,http://altheacanines.org/,9166049449,2025,9275 Elm Ave,Orangevale,CA,95662,,"9275 Elm Ave, Orangevale, CA, 95662",104160.0,9594.0,Shannon Kane,support@altheacanines.org,,support@altheacanines.org,,,,
46,XML/202510859349300801_public.xml,863227139,Amache Alliance,California Nonprofit ,http://amachealliance.org/,6194054038,2025,1502 Avenida La Posta,Encinitas,CA,92024,San Diego County,"1502 Avenida La Posta, Encinitas, CA, 92024",314305.0,169506.0,Mitch Homma,amachealliance@gmail.com,,amachealliance@gmail.com,https://www.amachealliance.org/contact ,,,
47,XML/202542899349300709_public.xml,871706248,Amandas Adaptive Martial Arts,San Diego Nonprofit,amandasmartialarts.com,,2025,4934 W Point Loma Blvd Apt A,San Diego,CA,92107,San Diego County,"4934 W Point Loma Blvd Apt A, San Diego, CA, 92107",280373.0,0.0,Amanda Piepgras,amandagee77@amandasmartialarts.com,,amandagee77@amandasmartialarts.com,,,https://www.instagram.com/amandas.adaptive.martial.arts/,https://www.facebook.com/Amandas-Adaptive-Martial-Arts-103969318622832/photos/?ref=page_internal
48,XML/202530629349302153_public.xml,510604921,American Balint Society,San Diego Nonprofit,www.americanbalintsociety.org,8438762916,2025,7016 Santa Fe Canyon Place,San Diego,CA,92129,San Diego County,"7016 Santa Fe Canyon Place, San Diego, CA, 92129",204695.0,226401.0,Nan,"president@americanbalintsociety.org, secretary@americanbalintsociety.org, treasurer@americanbalintsociety.org",admin@americanbalintsociety.org,"president@americanbalintsociety.org, secretary@americanbalintsociety.org, treasurer@americanbalintsociety.org",https://www.americanbalintsociety.org/contact_us.php ,https://www.linkedin.com/company/americanbalintsociety/,https://www.instagram.com/americanbalintsociety/,
49,XML/202541749349300884_public.xml,811078438,American Friends Of Promotora De Las Bellas Artes Ac,San Diego Nonprofit,https://promotoradelasbellasartes.org/,6198668104,2025,3047 North Park Way Unit 202,San Diego,CA,92104,San Diego County,"3047 North Park Way Unit 202, San Diego, CA, 92104",446375.0,519835.0,Alida Guajardo,pba@promotoradelasbellasartes.org,,pba@promotoradelasbellasartes.org,,,http://www.instagram.com/pba_ac,https://www.facebook.com/promotora.bellasartes
50,,,Amikas,California Nonprofit ,http://www.amikas.org/,,,Nan,Nan,,,,"Nan, Nan, nan",,,Nan,social@thomasp60.sg-host.com,info@amikas.org,social@thomasp60.sg-host.com,https://www.amikas.org/contact-us/ ,,https://www.instagram.com/amikas108/,https://www.facebook.com/AmikasBridgeHousing
51,,,Amity Institute,California Nonprofit ,http://www.amity.org/,,,2727 Camino Del Rio S Ste 137 ,San Diego,CA,,San Diego County,"2727 Camino Del Rio S Ste 137 , San Diego, CA",,,Nan,mail@amity.org,,mail@amity.org,https://amity.org/contact/ ,http://www.linkedin.com/company/amity-institute2019,https://www.instagram.com/amityinstitute/,https://www.facebook.com/Amity-Institute-1131261956986435/
52,XML/202523509349100622_public.xml,921530107,Anacapa School,California Nonprofit ,https://www.anacapaschool.org/,8053204104,2025,100 South Mills Road,Ventura,CA,93003,,"100 South Mills Road, Ventura, CA, 93003",,,Nan,anacapa@anacapaschool.org,,anacapa@anacapaschool.org,,,https://www.instagram.com/theanacapaschool/,https://www.facebook.com/theanacapaschool
53,XML/202501059349201305_public.xml,853983588,Animal Place,California Nonprofit ,http://www.animalplace.org/,2014462910,2025,44 Dongan Lane,Newfoundland,NJ,7435,Nevada County,"44 Dongan Lane, Newfoundland, NJ, 7435",,,Nan,marji@animalplace.org," info@animalplace.org, info@animalplace.org",marji@animalplace.org,https://animalplace.org/contact-us/ ,https://www.linkedin.com/company/animal-place/,https://www.instagram.com/_animalplace/,https://www.facebook.com/animalplace
54,XML/202501199349302160_public.xml,462140915,Anti-Recidivism Coalition,California Nonprofit ,https://antirecidivism.org/,2139555885,2025,601 N Alvarado,Los Angeles,CA,90026,,"601 N Alvarado, Los Angeles, CA, 90026",22740879.0,41785773.0,Sam Lewis,"development@antirecidivism.org, media@antirecidivism.org, blear@arc-ca.org",,"development@antirecidivism.org, media@antirecidivism.org, blear@arc-ca.org",https://antirecidivism.org/contact/ ,,https://www.instagram.com/antirecidivismcoalition/,
55,XML/202533189349105343_public.xml,831094606,April Parker Foundation,California Nonprofit ,https://aprilparker.org/,5622853228,2025,245 E 3Rd Street,Long Beach,CA,90802,Los Angeles County,"245 E 3Rd Street, Long Beach, CA, 90802",,,Nan,"partnerships@aprilparker.org, outreach@aprilparker.org",info@aprilparker.org,"partnerships@aprilparker.org, outreach@aprilparker.org",https://aprilparker.org/contact/ ,,,
56,,,Arcata House Partnership,California Nonprofit ,https://www.arcatahouse.org/,,,Nan,Nan,,,,"Nan, Nan, nan",,,Nan,"annex@arcatahouse.org, volunteer@arcatahouse.org",info@arcatahouse.org,"annex@arcatahouse.org, volunteer@arcatahouse.org",https://www.arcatahouse.org/contact ,https://www.linkedin.com/company/arcatahousepartnership/,https://www.instagram.com/arcatahouse/,https://www.facebook.com/ArcataHousePartnership/
57,XML/202510979349201646_public.xml,942963210,Artists Television Access,California Nonprofit ,http://www.atasite.org/,4158243890,2025,992 Valencia Street,San Francisco,CA,94110,San Francisco County,"992 Valencia Street, San Francisco, CA, 94110",,,Nan,volunteer@atasite.org,,volunteer@atasite.org,,,,
58,XML/202522379349301247_public.xml,593822430,Ascend Wilderness Experience,California Nonprofit ,https://ascendwilderness.org/,5307391177,2025,P O Box 3263,Weaverville,CA,96093,,"P O Box 3263, Weaverville, CA, 96093",362111.0,135976.0,Nan,"zacherysullivan1980@gmail.com, amanda.ascend@gmail.com, amcintosh.ascend@gmail.com, andrewn.ascend@gmail.com",information.ascend@gmail.com,"zacherysullivan1980@gmail.com, amanda.ascend@gmail.com, amcintosh.ascend@gmail.com, andrewn.ascend@gmail.com",,,,
59,,,Asian Pacific Community Fund,California Nonprofit ,http://www.apcf.org/,,,1145 Wilshire Blvd Ste 105 ,Los Angeles,CA,,Los Angeles County,"1145 Wilshire Blvd Ste 105 , Los Angeles, CA",,,Nan,general@apcf.org,,general@apcf.org,,https://www.linkedin.com/company/1934839/,https://www.instagram.com/asianpaccommfund/,https://www.facebook.com/apcfla/
60,,,Asian Women'S Shelter,California Nonprofit ,http://www.sfaws.org/,,,3543 18Th St Ste 19 ,San Francisco,CA,,San Francisco County,"3543 18Th St Ste 19 , San Francisco, CA",,,Nan,donate-in-kind@sfaws.org,info@sfaws.org,donate-in-kind@sfaws.org,http://www.sfaws.org/contact ,,https://www.instagram.com/sf_aws,https://www.facebook.com/sfaws/
61,XML/202502599349300820_public.xml,956110237,Assistance League Of Greater San Diego,San Diego Nonprofit,www.algsd.org,6192987050,2025,108 University Avenue,San Diego,CA,92103,San Diego County,"108 University Avenue, San Diego, CA, 92103",864017.0,1352822.0,Lynn Shields,algsd1@gmail.com,,algsd1@gmail.com,https://www.assistanceleague.org/greater-san-diego/contact-us/ ,https://www.linkedin.com/company/assistance-league-of-greater-san-diego/,https://www.instagram.com/assistanceleaguesandiego/,https://www.facebook.com/algsd1
62,,,Association Of California Symphony Orchestras,California Nonprofit ,http://www.acso.org/,,,Po Box 71439 ,Los Angeles,CA,,Los Angeles County,"Po Box 71439 , Los Angeles, CA",,,Nan,"cbamforth@acso.org, office@acso.org, amiller@acso.org, sweber@acso.org, ekhotim@acso.org, aopsahl@acso.org",,"cbamforth@acso.org, office@acso.org, amiller@acso.org, sweber@acso.org, ekhotim@acso.org, aopsahl@acso.org",,https://www.linkedin.com/company/acso-linkedin/,https://www.instagram.com/acso_gram/,
63,,,Association Of Community Human Service Agencies,California Nonprofit ,https://achsa.net/,,,1200 Wilshire Blvd Ste 404 ,Los Angeles,CA,,Los Angeles County,"1200 Wilshire Blvd Ste 404 , Los Angeles, CA",,,Nan,mailbox@achsa.net,,mailbox@achsa.net,,https://www.linkedin.com/company/association-of-community-human-serv-ice-agencies-achsa-/about/?viewAsMember=true,https://www.instagram.com/achsalosangeles/,
64,XML/202541549349301334_public.xml,952548452,Autism Research Institute,San Diego Nonprofit,www.autism.org,6192817165,2025,4182 Adams Avenue,San Diego,CA,92116,San Diego County,"4182 Adams Avenue, San Diego, CA, 92116",2385458.0,6015807.0,Denise Fulton,"donations@autism.org, media@autism.org",info@autism.org,"donations@autism.org, media@autism.org",https://autism.org/contact/ ,,https://www.instagram.com/autismresearchinstitute/,https://www.facebook.com/autismresearchinstitute/
65,XML/202502059349301900_public.xml,202105617,Balboa Park Online Collaborative Inc,San Diego Nonprofit,WWW.BPOC.ORG,6193311970,2025,1549 El Prado 8,San Diego,CA,92101,San Diego County,"1549 El Prado 8, San Diego, CA, 92101",863335.0,995258.0,Nik Honeysett,bpoc@bpoc.org,,bpoc@bpoc.org,https://bpoc.org/contact/ ,https://www.linkedin.com/company/1703958,,https://www.facebook.com/BalboaParkOnlineCollaborative
66,XML/202502519349301630_public.xml,270277068,Barney & Barney Foundation,San Diego Nonprofit,WWW.BARNEYANDBARNEYFOUNDATION.ORG,8585877527,2025,Post Office Box 85638,San Diego,CA,92186,San Diego County,"Post Office Box 85638, San Diego, CA, 92186",497980.0,2305282.0,Paul Hering,"Camille.Despenas@MarshMMA.com, Maggie.Alvarado@MarshMMA.com, Alexandra.Pence@MarshMMA.com",,"Camille.Despenas@MarshMMA.com, Maggie.Alvarado@MarshMMA.com, Alexandra.Pence@MarshMMA.com",https://barneyandbarneyfoundation.org/contact-us/ ,,,
67,XML/202510929349300706_public.xml,814345480,Bellas House Of Hope,San Diego Nonprofit,WWW.BHOH.ORG,6197319243,2025,1927 Adams Avenue Suite 200,San Diego,CA,92116,San Diego County,"1927 Adams Avenue Suite 200, San Diego, CA, 92116",220479.0,677317.0,Nan,"nadia@bhoh.org, grobles@bhoh.org",,"nadia@bhoh.org, grobles@bhoh.org",https://bhoh.org/contact-us/ ,,https://www.instagram.com/bellashouseofhope/,https://www.facebook.com/bhoh.org/
68,XML/202540599349300704_public.xml,953867148,Bicycle Adventure Club,San Diego Nonprofit,https://www.bicycleadventureclub.org,8587159510,2025,Po Box 23998,San Diego,CA,92193,San Diego County,"Po Box 23998, San Diego, CA, 92193",196123.0,1687077.0,Ernest Coose,"office@bicycleadventureclub.org, gerudolph@gmail.com",,"office@bicycleadventureclub.org, gerudolph@gmail.com",https://www.bicycleadventureclub.org/html/public/?action=contact ,,,
69,XML/202533219349323638_public.xml,952151526,Big Brothers Big Sisters Of San Diego,San Diego Nonprofit,WWW.SDBIGS.ORG,8585364900,2025,4305 University Ave Ste 590,San Diego,CA,92105,San Diego County,"4305 University Ave Ste 590, San Diego, CA, 92105",3441574.0,4365988.0,Christina Rose,"TinaR@SDBigs.org, CynthiaS@SDBigs.org, SaraBethC@SDBigs.org, KimP@SDBigs.org, CoraD@sdbigs.org, MadelaineH@SDBigs.org, YiasemahB@sdbigs.org, KatieJ@SDBigs.org, MargieF@sdbigs.org, CarminaM@sdbigs.org, nataliec@sdbigs.org, hannah@sdbigs.org,  MaeB@sdbigs.org,  MarielaN@sdbigs.org, MelissaS@SDBigs.org, MarieT@sdbigs.org, TaliaC@SDBigs.org, VanessaR@SDBigs.org, LaurenP@SDBigs.org, AlisaA@sdbigs.org, AlexaR@SDBigs.org,  ReneeP@sdbigs.org,  ClaudiaA@SDBigs.org, DesireeN@sdbigs.org, ChrisS@SDBigs.org, VanessaH@SDBigs.org, NicoletteM@SDBigs.org","info@sdbigs.org, Info@SDBigs.org","TinaR@SDBigs.org, CynthiaS@SDBigs.org, SaraBethC@SDBigs.org, KimP@SDBigs.org, CoraD@sdbigs.org, MadelaineH@SDBigs.org, YiasemahB@sdbigs.org, KatieJ@SDBigs.org, MargieF@sdbigs.org, CarminaM@sdbigs.org, nataliec@sdbigs.org, hannah@sdbigs.org,  MaeB@sdbigs.org,  MarielaN@sdbigs.org, MelissaS@SDBigs.org, MarieT@sdbigs.org, TaliaC@SDBigs.org, VanessaR@SDBigs.org, LaurenP@SDBigs.org, AlisaA@sdbigs.org, AlexaR@SDBigs.org,  ReneeP@sdbigs.org,  ClaudiaA@SDBigs.org, DesireeN@sdbigs.org, ChrisS@SDBigs.org, VanessaH@SDBigs.org, NicoletteM@SDBigs.org",https://sdbigs.org/about/contact/ ,https://www.linkedin.com/company/sdbigs/,http://www.instagram.com/sdbigs,https://www.facebook.com/SDBigs
70,XML/202543179349311099_public.xml,43711941,Bikes For Kids Foundation,San Diego Nonprofit,BIKESFORKIDSFOUNDATION.ORG,8584499733,2025,14555 Wildgrove Road,Poway,CA,92064,San Diego County,"14555 Wildgrove Road, Poway, CA, 92064",517726.0,254226.0,William Pollakov,"debbie@bikesforkidsfoundation.org, bob@bikesforkidsfoundation.org",,"debbie@bikesforkidsfoundation.org, bob@bikesforkidsfoundation.org",https://www.bikesforkidsfoundation.org/contact/ ,,,https://www.facebook.com/bikesforkidsfoundation/
71,XML/202522829349301742_public.xml,951209332,Blupeak Credit Union,San Diego Nonprofit,WWW.BLUPEAK.COM,8587956000,2025,10120 Pacific Heights Blvd 100,San Diego,CA,92121,San Diego County,"10120 Pacific Heights Blvd 100, San Diego, CA, 92121",63463155.0,1207155502.0,Todd Tharp,"memberservice@blupeak.com, loancenter@blupeak.com",,"memberservice@blupeak.com, loancenter@blupeak.com",https://www.blupeak.com/contact-us/ ,https://www.linkedin.com/company/blupeak-credit-union,https://www.instagram.com/blupeakcreditunion/,https://www.facebook.com/BluPeakCreditUnion
72,XML/202543089349302869_public.xml,956061412,Buddhist Temple Of San Diego,San Diego Nonprofit,BUDDHISTTEMPLESANDIEGO.ORG,6192390896,2025,2929 Market St,San Diego,CA,92102,San Diego County,"2929 Market St, San Diego, CA, 92102",265239.0,4612560.0,Nan,buddhisttemplesandiego@gmail.com,info@btsd.net,buddhisttemplesandiego@gmail.com,https://buddhisttemplesandiego.org/contact ,,,https://www.facebook.com/BuddhistTempleOfSanDiego
73,XML/202522609349301672_public.xml,956061412,Buddhist Temple Of San Diego,San Diego Nonprofit,BUDDHISTTEMPLESANDIEGO.ORG,,2025,2929 Market St,San Diego,CA,92102,San Diego County,"2929 Market St, San Diego, CA, 92102",413187.0,4291885.0,Nan,buddhisttemplesandiego@gmail.com,info@btsd.net,buddhisttemplesandiego@gmail.com,https://buddhisttemplesandiego.org/contact ,,,https://www.facebook.com/BuddhistTempleOfSanDiego
74,XML/202543089349302394_public.xml,956061412,Buddhist Temple Of San Diego,San Diego Nonprofit,BUDDHISTTEMPLESANDIEGO.ORG,,2025,2929 Market St,San Diego,CA,92102,San Diego County,"2929 Market St, San Diego, CA, 92102",571083.0,4614465.0,Nan,buddhisttemplesandiego@gmail.com,info@btsd.net,buddhisttemplesandiego@gmail.com,https://buddhisttemplesandiego.org/contact ,,,https://www.facebook.com/BuddhistTempleOfSanDiego
75,,,Bakersfield College Foundation,California Nonprofit ,https://www.supportbc.org/,3232210779,,1801 Panorama Dr ,Bakersfield,CA,,Kern County,"1801 Panorama Dr , Bakersfield, CA",,,Nan,foundation@bakersfieldcollege.edu,,foundation@bakersfieldcollege.edu,https://supportbc.org/contact/ ,https://www.linkedin.com/company/bcfoundation/,https://www.instagram.com/bakersfieldcollegefoundation/,https://www.facebook.com/BakersfieldCollegeFoundation
76,XML/202523159349305757_public.xml,364755851,Barrio Logan Association,San Diego Nonprofit,barriologanassociation.org,6192988280,2025,3127 Jefferson St,San Diego,CA,92110,San Diego County,"3127 Jefferson St, San Diego, CA, 92110",77320.0,593799.0,Alexandra Demma,mcassani@urbancorps.org,,mcassani@urbancorps.org,,,https://www.instagram.com/barriologanmad/,https://www.facebook.com/barriologanmad/?ref=bookmarks
77,XML/202522549349301957_public.xml,942681676,Bay Area Crisis Nursery,California Nonprofit ,https://bayareacrisisnursery.org/,9256856633,2025,1506 Mendocino Drive,Concord,CA,94521,Contra Costa County,"1506 Mendocino Drive, Concord, CA, 94521",1438751.0,2158605.0,Tara Legaspi,giving@bayareacrisisnursery.orgsubject=Donating Stock,,giving@bayareacrisisnursery.orgsubject=Donating Stock,https://bayareacrisisnursery.org/contact/ ,https://www.linkedin.com/company/bay-area-crisis-nursery/about/,https://www.instagram.com/bayareacrisisnursery/,https://www.facebook.com/bacnspage/
78,,,Bay Area Lawyers For Individual Freedom,California Nonprofit ,https://www.balif.org/,15108494663,,Po Box 193383 ,San Francisco,CA,,San Francisco County,"Po Box 193383 , San Francisco, CA",,,Nan,balif@balif.org,,balif@balif.org,,https://www.linkedin.com/groups/3153404/,https://www.instagram.com/balif_bar/,https://www.facebook.com/BALIFSF/
79,,,Bay Area Women'S Sports Initiative (Bawsi),California Nonprofit ,http://www.bawsi.org/,,,2635 N First Street Suite 149 ,San Jose,CA,,Santa Clara County,"2635 N First Street Suite 149 , San Jose, CA",,,Nan,bawsi@bawsi.org,,bawsi@bawsi.org,http://www.bawsi.org/contact-us ,https://www.linkedin.com/company/bay-area-women's-sports-initiative-bawsi-/,https://www.instagram.com/bawsi/,https://www.facebook.com/BAWSI.org/posts
80,,,"Beacons, Inc.",California Nonprofit ,http://www.beaconsnorthcounty.com/,,,2245 Camino Vida Roble Suite 100 ,Carlsbad,CA,,San Diego County,"2245 Camino Vida Roble Suite 100 , Carlsbad, CA",,,Nan,"Explorer@BeaconsNorthCounty.com, studio@beaconsnorthcounty.com, PathFinder@BeaconsNorthCounty.com, HR@BeaconsNorthCounty.com, Club@BeaconsNorthCounty.com, Passport@beaconsnorthcounty.com",info@BeaconsNorthCounty.com,"Explorer@BeaconsNorthCounty.com, studio@beaconsnorthcounty.com, PathFinder@BeaconsNorthCounty.com, HR@BeaconsNorthCounty.com, Club@BeaconsNorthCounty.com, Passport@beaconsnorthcounty.com",,,https://www.instagram.com/beaconsnorthcounty/,https://www.facebook.com/BeaconsInc/
81,,,Beekeepers Guild Of Santa Barbara,California Nonprofit ,http://www.beeguildsb.org/,,,Po Box 6057 ,Santa Barbara,CA,,Santa Barbara County,"Po Box 6057 , Santa Barbara, CA",,,Nan,BeekeepersGuildSB@yahoo.com,,BeekeepersGuildSB@yahoo.com,http://www.beeguildsb.org/contact-us ,,https://www.instagram.com/beeguildsb,https://www.facebook.com/BeekeepersGuildSB
82,,,Berkeley Community Scholars,California Nonprofit ,https://berkeleyscholars.org/,5106449200,,1654 University Ave ,Berkeley,CA,,Alameda County,"1654 University Ave , Berkeley, CA",,,Nan,"emily@berkeleyscholars.org, ralph@berkeleyscholars.org, sherry@berkeleyscholars.org, lynn@berkeleyscholars.org, savannah@berkeleyscholars.org",info@berkeleyscholars.org,"emily@berkeleyscholars.org, ralph@berkeleyscholars.org, sherry@berkeleyscholars.org, lynn@berkeleyscholars.org, savannah@berkeleyscholars.org",https://berkeleyscholars.org/about/contact-us/ ,https://www.linkedin.com/company/berkeley-community-scholars/,https://www.instagram.com/berkscholars/,https://www.facebook.com/berkscholars
83,XML/202501339349304750_public.xml,942918219,Berkeley Public Schools Fund,California Nonprofit ,http://www.berkeleypublicschoolsfund.org/,5106446244,2025,Po Box 2066,Berkeley,CA,94702,Alameda County,"Po Box 2066, Berkeley, CA, 94702",2514687.0,1992482.0,Nan,"monaaldabashi@schoolsfund.berkeley.net, sallymclaughlin@schoolsfund.berkeley.net, duffyross@schoolsfund.berkeley.net, jisselpoblete@schoolsfund.berkeley.net, angiewon@schoolsfund.berkeley.net, sethnewman@schoolsfund.berkeley.net, karinacruzrosales@schoolsfund.berkeley.net, nagatalwasim@schoolsfund.berkeley.net",info@schoolsfund.berkeley.net,"monaaldabashi@schoolsfund.berkeley.net, sallymclaughlin@schoolsfund.berkeley.net, duffyross@schoolsfund.berkeley.net, jisselpoblete@schoolsfund.berkeley.net, angiewon@schoolsfund.berkeley.net, sethnewman@schoolsfund.berkeley.net, karinacruzrosales@schoolsfund.berkeley.net, nagatalwasim@schoolsfund.berkeley.net",https://www.berkeleypublicschoolsfund.org/mission/#contactus ,https://www.linkedin.com/company/berkeley-public-schools-fund/,https://www.instagram.com/berkeleypublicschoolsfund/,https://www.facebook.com/berkeleypublicschoolsfund
84,XML/202523219349322742_public.xml,942536500,Bernal Heights Neighborhood Center,California Nonprofit ,http://www.bhnc.org/,4152062140,2025,515 Cortland Avenue,San Francisco,CA,94110,San Francisco County,"515 Cortland Avenue, San Francisco, CA, 94110",3878636.0,5427088.0,Gina Dacus,Shyatt@bhnc.org,info@bhnc.org,Shyatt@bhnc.org,https://bhnc.org/contact-us/ ,,https://www.instagram.com/bhncsf/,https://www.facebook.com/bhncjoin/
85,,,Beyond Invisible Bars,California Nonprofit ,https://beyondinvisiblebars.org/,,,Nan,Nan,,,,"Nan, Nan, nan",,,Nan,beyondinvisiblebars@gmail.com,,beyondinvisiblebars@gmail.com,,,,
86,XML/202502439349300305_public.xml,922937159,Big Mike'S Bottom Line,California Nonprofit ,http://www.bigmikesbottomline.org/,9162130202,2025,10590 Quiet Havens Court,Sacramento,CA,95830,Sacramento County,"10590 Quiet Havens Court, Sacramento, CA, 95830",21753.0,16551.0,Mary Beth Kropp,BIGMIKESBOTTOMLINE@GMAIL.COM,,BIGMIKESBOTTOMLINE@GMAIL.COM,,https://www.linkedin.com/company/big-mike-s-bottom-line/,https://www.instagram.com/bigmikesbottomline/,https://www.facebook.com/profile.php?id=61556412849303
87,XML/202522939349300402_public.xml,842564963,Binational Of Central California,California Nonprofit ,https://binationalca.org/,5599991456,2025,3302 N Blackstone Ave Ste 221,Fresno,CA,93710,Fresno County,"3302 N Blackstone Ave Ste 221, Fresno, CA, 93710",1073176.0,0.0,Ricardo Castorena,binational@binationalca.org,,binational@binationalca.org,https://binationalca.org/contact-us/ ,https://www.linkedin.com/company/binational/,https://www.instagram.com/bocc.fresno/,https://www.facebook.com/BOCCFresno/
88,XML/202523189349302737_public.xml,861153859,Biomimicry Institute,California Nonprofit ,http://www.biomimicry.org/,4158001401,2025,1800 S 22Nd Ave Suite 120 656,Bozeman,MT,59718,,"1800 S 22Nd Ave Suite 120 656, Bozeman, MT, 59718",3948697.0,2450360.0,Amanda Sturgeon,"media@biomimicry.org, support@biomimicry.org",info@biomimicry.org,"media@biomimicry.org, support@biomimicry.org",https://biomimicry.org/contact/ ,https://www.linkedin.com/company/biomimicryinstitute,,
89,XML/202531089349301123_public.xml,330014261,Birthline Of San Diego County Inc,San Diego Nonprofit,birthlineofsd.org,8582702491,2025,9915 Business Park Avenue Ste C,San Diego,CA,92131,San Diego County,"9915 Business Park Avenue Ste C, San Diego, CA, 92131",587114.0,366175.0,Andrea Yumol,"donations@birthlineofsd.org, clairemont@birthlineofsd.org",info@birthlineofsd.org,"donations@birthlineofsd.org, clairemont@birthlineofsd.org",https://www.birthlineofsandiego.org/contact/ ,https://www.linkedin.com/company/birthline-of-san-diego/,https://www.instagram.com/birthlineofsandiego/,https://www.facebook.com/BirthlineSD
90,XML/202533219349320903_public.xml,464578588,Black Organizing Project,California Nonprofit ,http://www.blackorganizingproject.org/,5108911219,2025,Po Box 23712,Oakland,CA,94623,Alameda County,"Po Box 23712, Oakland, CA, 94623",2225326.0,7186941.0,Malaika Parker,humans@conversionflow.co,"info@blackorganizingproject.org, info@example.com",humans@conversionflow.co,http://www.blackorganizingproject.org/contact-us ,https://www.linkedin.com/company/black-organizing-project,https://www.instagram.com/blackorganizingproject/,https://www.facebook.com/BlackOrgProject
91,XML/202502259349302670_public.xml,815459940,Black Students Of California United,California Nonprofit ,https://www.blackstudentscu.us/,9167942728,2025,2585 E Perrin Avenue Ste 116,Fresno,CA,93720,Fresno County,"2585 E Perrin Avenue Ste 116, Fresno, CA, 93720",849651.0,533084.0,Nan,Contact@BlackStudentsCU.us,,Contact@BlackStudentsCU.us,,https://www.linkedin.com/company/blackstudentscu,,
92,,,"Blindness Support Services, Inc.",California Nonprofit ,http://www.blindnesssupport.com/,,,3696 Beatty Dr. ,Riverside,CA,,Riverside County,"3696 Beatty Dr. , Riverside, CA",,,Nan,fdesk@blindnesssupport.com,info@blindnesssupport.com,fdesk@blindnesssupport.com,http://www.blindnesssupport.com/contact us.html ,,,
93,XML/202533159349304873_public.xml,814843023,Blindspot Collective,San Diego Nonprofit,WWW.BLINDSPOTCOLLECTIVE.ORG,4052064345,2025,601 11Th Ave Unit 1103,San Diego,CA,92101,San Diego County,"601 11Th Ave Unit 1103, San Diego, CA, 92101",247951.0,394204.0,Blake Mccarty,"education@blindspotcollective.org, press@blindspotcollective.org, submissions@blindspotcollective.org",info@blindspotcollective.org,"education@blindspotcollective.org, press@blindspotcollective.org, submissions@blindspotcollective.org",https://www.blindspotcollective.org/contact ,,https://www.instagram.com/blindspotco/,https://www.facebook.com/blindspotco/
94,,,Blue Shield Of California Foundation,California Nonprofit ,https://blueshieldcafoundation.org/,,,Nan,Nan,,,,"Nan, Nan, nan",,,Nan,"rachael.kagan@blueshieldcafoundation.org, bscfpublicaffairs@blueshieldca.com",,"rachael.kagan@blueshieldcafoundation.org, bscfpublicaffairs@blueshieldca.com",https://blueshieldcafoundation.org/contact-us ,https://www.linkedin.com/company/blue-shield-of-california-foundation/,https://www.instagram.com/blueshieldcafoundation,https://www.facebook.com/blueshieldcafoundation
95,XML/202511629349200131_public.xml,200905385,Boxtales Theatre Company,California Nonprofit ,http://www.boxtales.org/,8059621142,2025,Po Box 91521,Santa Barbara,CA,93190,Santa Barbara County,"Po Box 91521, Santa Barbara, CA, 93190",,,Nan,"mturner@musiccenter.org, artsteach@scfta.org",info@boxtales.org,"mturner@musiccenter.org, artsteach@scfta.org",,,,
96,XML/202522879349302802_public.xml,943155886,Breast Cancer Prevention Partners,California Nonprofit ,http://bcpp.org/,4153468223,2025,1388 Sutter St Ste 901,San Francisco,CA,94109,San Francisco County,"1388 Sutter St Ste 901, San Francisco, CA, 94109",3694152.0,2365197.0,Suzanne Price,"safecosmetics@bcpp.org, events@bcpp.org, julie@bcpp.org, media@bcpp.org, donate@bcpp.org","programinfo@bcpp.org, contact@bcpp.org","safecosmetics@bcpp.org, events@bcpp.org, julie@bcpp.org, media@bcpp.org, donate@bcpp.org",http://bcpp.org/contact-us/ ,https://www.linkedin.com/company/breast-cancer-prevention-partners,https://www.instagram.com/bcppartners/,https://www.facebook.com/BCPPartners/
97,,,Brisbane Village Helping Hands,California Nonprofit ,http://brisbanevillage.org/,,,Po Box 734 ,Brisbane,CA,,San Mateo County,"Po Box 734 , Brisbane, CA",,,Nan,brisbanevillagehelpinghands@gmail.com,,brisbanevillagehelpinghands@gmail.com,,,,
98,XML/202540809349200319_public.xml,472143544,Brothers On The Rise,California Nonprofit ,http://www.brothersontherise.org/,5105993582,2025,2700 International Blvd 30,Oakland,CA,94601,Alameda County,"2700 International Blvd 30, Oakland, CA, 94601",,,Nan,cesar@brothersontherise.org,info@brothersontherise.org,cesar@brothersontherise.org,,,,
99,XML/202542769349301249_public.xml,992970306,Building Futures Inc,California Nonprofit ,https://buildingfuturesinc.org/,3144951045,2025,4927 Auburn Ave Suite 200,Bethesda,MD,20814,,"4927 Auburn Ave Suite 200, Bethesda, MD, 20814",230751.0,66479.0,Sean Hanel,kgreen@buildingfuturesinc.org,,kgreen@buildingfuturesinc.org,https://buildingfuturesinc.org/contact-us ,,https://www.instagram.com/bfi_2010,https://www.facebook.com/buildingfuturesincorporated
100,XML/202532979349301343_public.xml,100004010,Butte County Fire Safe Council,California Nonprofit ,http://buttefiresafe.net/,5308770984,2025,6569 Clark Rd,Paradise,CA,95967,Butte County,"6569 Clark Rd, Paradise, CA, 95967",8492668.0,4176820.0,Darrel Wilson,Ready@buttefiresafe.net,,Ready@buttefiresafe.net,http://buttefiresafe.net/contact ,https://www.linkedin.com/company/butte-county-fire-safe-council/,https://www.instagram.com/buttefiresafe/,https://www.facebook.com/buttefiresafe/
101,,,C. G. Jung Institute Of Los Angeles,California Nonprofit ,https://junginla.org/,,,10349 W. Pico Blvd. ,Los Angeles,CA,,Los Angeles County,"10349 W. Pico Blvd. , Los Angeles, CA",,,Nan,publicprograms@junginla.org,administration@junginla.org,publicprograms@junginla.org,https://junginla.org/contact-us ,,,
102,XML/202542889349301719_public.xml,330595344,California Assoc Of Teachers Of English,San Diego Nonprofit,CATEWEB.ORG,8582542813,2025,12153 Brickellia St,San Diego,CA,92129,San Diego County,"12153 Brickellia St, San Diego, CA, 92129",332143.0,511038.0,Robert Polski,"cateconventioncoordinator@gmail.com, membership@cateweb.org, cateregistrar@gmail.com, Robert_Polski@kernhigh.org",,"cateconventioncoordinator@gmail.com, membership@cateweb.org, cateregistrar@gmail.com, Robert_Polski@kernhigh.org",,,https://www.instagram.com/CATE_LitTeachers,https://www.facebook.com/CATEweb/
103,XML/202540319349301539_public.xml,680163010,California Court Appointed Special,San Diego Nonprofit,WWW.CALIFORNIACASA.ORG,5103808569,2025,3525 Del Mar Heights Rd 243,San Diego,CA,92130,San Diego County,"3525 Del Mar Heights Rd 243, San Diego, CA, 92130",21934045.0,10453724.0,Sharon M Lawrence,staff@californiacasa.org,,staff@californiacasa.org,https://www.californiacasa.org/contact ,https://www.linkedin.com/company/california-casa-association/,,https://www.facebook.com/californiacasa/
104,XML/202541979349300209_public.xml,330860160,California Creativity Association,San Diego Nonprofit,www.caldi.org,8588647172,2025,14843 Priscilla Street,San Diego,CA,92129,San Diego County,"14843 Priscilla Street, San Diego, CA, 92129",560953.0,232127.0,Richard Pinney,askCALDI@caldi.org,,askCALDI@caldi.org,,https://www.linkedin.com/company/caldi/,https://www.instagram.com/caldi_organization,https://www.facebook.com/californiadestinationimagination/
105,XML/202512589349302541_public.xml,273753474,California Fitness Fun Inc,San Diego Nonprofit,heartlightsandiego.com,6192556267,2025,4567 Marlborough Dr,San Diego,CA,92116,San Diego County,"4567 Marlborough Dr, San Diego, CA, 92116",486508.0,26006.0,Daniel Ferrez,"heartlightdancesd@gmail.com, heartlightdanny@gmail.com, kiraheartlight@gmail.com, ryanheartlight@gmail.com, natashaheartlight@gmail.com",,"heartlightdancesd@gmail.com, heartlightdanny@gmail.com, kiraheartlight@gmail.com, ryanheartlight@gmail.com, natashaheartlight@gmail.com",,,,
106,XML/202503189349305110_public.xml,473226523,California Life Sciences Association,San Diego Nonprofit,CALIFESCIENCES.ORG,8585516677,2025,4242 Campus Point Ct 110,San Diego,CA,92121,San Diego County,"4242 Campus Point Ct 110, San Diego, CA, 92121",10168714.0,10089961.0,Michael Guerra,"Events@califesciences.org, Policy@califesciences.org, Membership@califesciences.org, Jobs@califesciences.org, PR@califesciences.org",,"Events@califesciences.org, Policy@califesciences.org, Membership@califesciences.org, Jobs@califesciences.org, PR@califesciences.org",https://www.califesciences.org/contact-us/ ,https://www.linkedin.com/company/califesciences/,,https://www.facebook.com/CaliforniaLifeSciences
107,XML/202543059349300519_public.xml,201059757,Camp Riva-Lake Inc,San Diego Nonprofit,WWW.CAMPRIVALAKE.COM,8587741378,2025,14662 Via Monteverde,San Diego,CA,92127,San Diego County,"14662 Via Monteverde, San Diego, CA, 92127",247624.0,391073.0,Desaix St Charles,"erica@camprivalake.com, madeline@perfecttenmedia.comsubject=I need a website like Camp Riva-Lake!","info@camprivalake.com, info@camprivalake.comsubject=I'd like more info on Camp Riva Lake","erica@camprivalake.com, madeline@perfecttenmedia.comsubject=I need a website like Camp Riva-Lake!",https://www.camprivalake.com/contact ,https://www.linkedin.com/company/camp-riva-lake/,https://www.instagram.com/camprivalake/,https://www.facebook.com/CampRivaLake
108,XML/202531089349301318_public.xml,510618827,Casas - Comprehensive Adult Student,San Diego Nonprofit,WWW.CASAS.ORG,8582922900,2025,5151 Murphy Canyon Road 220,San Diego,CA,92123,San Diego County,"5151 Murphy Canyon Road 220, San Diego, CA, 92123",10465387.0,8722384.0,Nan,"casas-si@casas.org, capm@casas.org, orders@casas.org, training@casas.org, techsupport@casas.org",info@casas.org,"casas-si@casas.org, capm@casas.org, orders@casas.org, training@casas.org, techsupport@casas.org",https://www.casas.org/contact-us ,https://www.linkedin.com/company/casassystem/,,https://www.facebook.com/CASASsystem
109,,,Cause Central Coast Alliance United For A Sustainable Economy,California Nonprofit ,http://www.causenow.org/,3106561001,,56 E. Main Street Suite 210 ,Ventura,CA,,Ventura County,"56 E. Main Street Suite 210 , Ventura, CA",,,Nan,"Jay@causenow.org, Stanley@causenow.org",,"Jay@causenow.org, Stanley@causenow.org",https://causenow.org/contact/ ,,https://www.instagram.com/cause805,https://www.facebook.com/cause805/
110,XML/202502389349300135_public.xml,953010728,Centro Cultural De La Raza Incorporated,San Diego Nonprofit,centroculturaldelaraza.org,6195596389,2025,2125 Park Blvd,San Diego,CA,92101,San Diego County,"2125 Park Blvd, San Diego, CA, 92101",300072.0,600955.0,Roberto Hernandez,aac.ccdlr@gmail.com,,aac.ccdlr@gmail.com,https://centroculturaldelaraza.org/contact ,,https://www.instagram.com/centrocultural,https://www.facebook.com/centrocultural/
111,XML/202532249349301123_public.xml,330739596,Challenged Athletes Inc,San Diego Nonprofit,WWW.CHALLENGEDATHLETES.ORG,8588660959,2025,9591 Waples Street,San Diego,CA,92121,San Diego County,"9591 Waples Street, San Diego, CA, 92121",14382753.0,34608812.0,Kristine Entwistle,caf@challengedathletes.org,,caf@challengedathletes.org,https://www.challengedathletes.org/contact-us/ ,https://www.linkedin.com/company/cafoundation/,,https://www.facebook.com/CAForg/
112,XML/202501079349301460_public.xml,813389364,Childrens Legal Services Of San Diego,San Diego Nonprofit,WWW.CLSSANDIEGO.ORG,8582210404,2025,4801 Viewridge Ave,San Diego,CA,92123,San Diego County,"4801 Viewridge Ave, San Diego, CA, 92123",5031152.0,4018509.0,Beth Ploesch,appeals.cls@clssandiego.org,info@CLSsandiego.org,appeals.cls@clssandiego.org,,,https://www.instagram.com/clssandiego/,
113,XML/202502269349301245_public.xml,956082407,Chinese Consolidated Benevolent Associat,San Diego Nonprofit,CCBASD.ORG,6192766555,2025,428 Third Ave,San Diego,CA,92101,San Diego County,"428 Third Ave, San Diego, CA, 92101",615739.0,931239.0,Peter D Chu,"CCBASeniorGardens@barkermgt.com, inquiries@ccbasd.org",,"CCBASeniorGardens@barkermgt.com, inquiries@ccbasd.org",https://ccbasd.org/contact/ ,,https://www.instagram.com/ccbasandiego/,https://www.facebook.com/ccbasd
114,XML/202502819349300525_public.xml,200551778,Chinese School Of San Diego,San Diego Nonprofit,WWW.CHINESESCHOOLSD.COM,8585658008,2025,5075 Ruffin Road Suite A,San Diego,CA,921231698,San Diego County,"5075 Ruffin Road Suite A, San Diego, CA, 921231698",141454.0,124525.0,Natasha C Wong,ChineseSchoolSD@yahoo.com,,ChineseSchoolSD@yahoo.com,,,https://www.instagram.com/cssd_ig/,https://www.facebook.com/ChineseSchoolSD/
115,XML/202500919349301420_public.xml,330574291,City Ballet Inc,San Diego Nonprofit,www.cityballet.org,8582728663,2025,Po Box 99072,San Diego,CA,92169,San Diego County,"Po Box 99072, San Diego, CA, 92169",1243236.0,398583.0,Brian Marsh,"steven.wistrich@cityballet.org, ticketing@sandiegotheatres.org, tickets@cityballet.org, boxoffice@ucsd.edu, school@cityballet.org, joanne.emery@cityballet.org, boxoffice@theconrad.org","info@cityballet.org, info@artcenter.org, krocinfo@usw.salvationarmy.org","steven.wistrich@cityballet.org, ticketing@sandiegotheatres.org, tickets@cityballet.org, boxoffice@ucsd.edu, school@cityballet.org, joanne.emery@cityballet.org, boxoffice@theconrad.org",https://cityballet.org/about/contact-us/ ,https://www.linkedin.com/company/city-ballet-of-san-diego/,https://www.instagram.com/cityballetofsandiego/,https://www.facebook.com/CityBalletSD/
116,XML/202543569349300939_public.xml,204303474,City Heights Senior Housing Corporation,San Diego Nonprofit,servingseniors.org,6192356572,2025,525 14Th Street Suite 200,San Diego,CA,92101,San Diego County,"525 14Th Street Suite 200, San Diego, CA, 92101",1728.0,6948826.0,Jennifer Baum,gfalkenthal@gmail.com,info@servingseniors.org,gfalkenthal@gmail.com,https://servingseniors.org/who-we-are/contact.html ,https://www.linkedin.com/company/senior-community-centers/,https://www.instagram.com/servingseniorssd/,https://www.facebook.com/ServingSeniorsSD
117,XML/202531139349301558_public.xml,464716959,Civita Public Maintenance,San Diego Nonprofit,WWW.CIVITALIFE.COM,8005273914,2025,2684 Community Lane,San Diego,CA,92108,San Diego County,"2684 Community Lane, San Diego, CA, 92108",722132.0,155226.0,Christa Swanson,civita.ca@fsresidential.com ,info@sudprop.com,civita.ca@fsresidential.com ,https://www.civitalife.com/#contact ,,https://www.instagram.com/civitacommunity/,https://www.facebook.com/CivitaCommunity
118,XML/202543169349307824_public.xml,464716959,Civita Public Maintenance,San Diego Nonprofit,WWW.CIVITALIFE.COM,8005273914,2025,2684 Community Lane,San Diego,CA,92108,San Diego County,"2684 Community Lane, San Diego, CA, 92108",1087224.0,143675.0,Christa Swanson,civita.ca@fsresidential.com ,info@sudprop.com,civita.ca@fsresidential.com ,https://www.civitalife.com/#contact ,,https://www.instagram.com/civitacommunity/,https://www.facebook.com/CivitaCommunity
119,XML/202500639349301615_public.xml,330706949,Classics For Kids Inc,San Diego Nonprofit,CLASSICS4KIDS.ORG,6192312311,2025,3033 Fifth Ave 227,San Diego,CA,92103,San Diego County,"3033 Fifth Ave 227, San Diego, CA, 92103",492754.0,421974.0,Kiran Shelat,"chuber@Classics4Kids.org, kmakley@Classics4Kids.org",,"chuber@Classics4Kids.org, kmakley@Classics4Kids.org",https://www.classics4kids.org/contact-us/ ,https://www.linkedin.com/company/classicsforkids/,https://www.instagram.com/classics4kids/,https://www.facebook.com/Classics4Kids
120,XML/202503299349300640_public.xml,330706949,Classics For Kids Inc,San Diego Nonprofit,CLASSICS4KIDS.ORG,6192312311,2025,3033 Fifth Ave 227,San Diego,CA,92103,San Diego County,"3033 Fifth Ave 227, San Diego, CA, 92103",624909.0,512439.0,Kiran Shelat,"chuber@Classics4Kids.org, kmakley@Classics4Kids.org",,"chuber@Classics4Kids.org, kmakley@Classics4Kids.org",https://www.classics4kids.org/contact-us/ ,https://www.linkedin.com/company/classicsforkids/,https://www.instagram.com/classics4kids/,https://www.facebook.com/Classics4Kids
121,XML/202501279349303865_public.xml,261584423,Cleantech San Diego Association,San Diego Nonprofit,WWW.CLEANTECHSANDIEGO.ORG,8585687777,2025,401 West A 200,San Diego,CA,92101,San Diego County,"401 West A 200, San Diego, CA, 92101",1320243.0,491700.0,Jason Anderson,shannonb@cleantechsandiego.org,info@cleantechsandiego.org,shannonb@cleantechsandiego.org,https://cleantechsandiego.org/contact-us-2020/ ,https://www.linkedin.com/company/cleantech-san-diego,,https://www.facebook.com/CleanTECHSanDiego
122,XML/202512909349301781_public.xml,472398562,Climate Action Campaign,San Diego Nonprofit,WWW.CLIMATEACTIONCAMPAIGN.ORG,6194191222,2025,3900 Cleveland Ave C,San Diego,CA,92103,San Diego County,"3900 Cleveland Ave C, San Diego, CA, 92103",1693342.0,2533146.0,Nicole Capretz,catherine@climateactioncampaign.org,info@climateactioncampaign.org,catherine@climateactioncampaign.org,,https://www.linkedin.com/company/climate-action-campaign/,,
123,XML/202501039349300700_public.xml,112592580,Coalition Of Free Men Inc,San Diego Nonprofit,NCFM.ORG,6192311909,2025,932 C Street,San Diego,CA,92101,San Diego County,"932 C Street, San Diego, CA, 92101",47868.0,511295.0,Harry Crouch,"ncfm@ncfm.org, freekitmartin@gmail.com",,"ncfm@ncfm.org, freekitmartin@gmail.com",https://ncfm.org/get-help/contact-2/ ,,,https://www.facebook.com/National.Coalition.For.Men
124,XML/202510709349301611_public.xml,463384692,Communities Of Excellence 2026 Inc,San Diego Nonprofit,WWW.COMMUNITIESOFEXCELLENCE2026.ORG,8162717200,2025,Po Box 16304,San Diego,CA,92176,San Diego County,"Po Box 16304, San Diego, CA, 92176",119868.0,76281.0,Angela Brandt,stephanie@connectwithcore.org,,stephanie@connectwithcore.org,https://connectwithcore.org/who-we-are/contact.html ,https://www.linkedin.com/company/4814392/,https://www.instagram.com/communitiesofexcellence,
125,XML/202543159349306559_public.xml,952830702,Community Christian Service Agency Inc,San Diego Nonprofit,www.ccsasandiego.org,8582742273,2025,4167 Rappahannock Ave,San Diego,CA,92117,San Diego County,"4167 Rappahannock Ave, San Diego, CA, 92117",1041348.0,390844.0,Nan,manager@ccsasandiego.org,,manager@ccsasandiego.org,https://www.ccsasandiego.org/about-ccsa/contact-us ,,https://www.instagram.com/ccsa.sd/?hl=en,https://www.facebook.com/ccsasandiego
126,XML/202543159349304524_public.xml,330853316,Community Eldercare Of San Diego,San Diego Nonprofit,WWW.STPAULSPACE.ORG,6192396900,2025,328 Maple Street,San Diego,CA,92103,San Diego County,"328 Maple Street, San Diego, CA, 92103",156112375.0,109916173.0,Michael Mchale,providerservices@stpaulspace.org,,providerservices@stpaulspace.org,https://www.stpaulspace.org/contact-us/ ,https://www.linkedin.com/showcase/stpaulspace,https://www.instagram.com/stpaulspace/,https://www.facebook.com/StPaulsPACESanDiego/
127,XML/202511749349300336_public.xml,205673537,Compassion Flower,San Diego Nonprofit,WWW.TCF-NGO.ORG,7579432199,2025,12685 Kestrel Street,San Diego,CA,92129,San Diego County,"12685 Kestrel Street, San Diego, CA, 92129",220374.0,8460.0,Tuan Hoang,tcf.ngo@gmail.com,,tcf.ngo@gmail.com,,,,https://www.facebook.com/T.Compassion.Flower
128,XML/202500659349300830_public.xml,203049742,Connect Foundation,San Diego Nonprofit,WWW.CONNECT.ORG,8589641300,2025,9605 Scranton Road 110,San Diego,CA,92121,San Diego County,"9605 Scranton Road 110, San Diego, CA, 92121",2827352.0,2869712.0,Mike Krenn,team@connect.org,,team@connect.org,,https://www.linkedin.com/company/connectsd,https://www.instagram.com/ConnectInSD/,https://www.facebook.com/ConnectInSD/
129,XML/202543219349300304_public.xml,203049742,Connect Foundation,San Diego Nonprofit,WWW.CONNECT.ORG,8589641300,2025,9605 Scranton Road 110,San Diego,CA,92121,San Diego County,"9605 Scranton Road 110, San Diego, CA, 92121",3094359.0,2228305.0,James Zanewicz,team@connect.org,,team@connect.org,,https://www.linkedin.com/company/connectsd,https://www.instagram.com/ConnectInSD/,https://www.facebook.com/ConnectInSD/
130,,,Cora (Community Overcoming Relationship Abuse),California Nonprofit ,http://www.corasupport.org/,,,2211 Palm Avenue ,San Mateo,CA,,San Mateo County,"2211 Palm Avenue , San Mateo, CA",,,Nan,media@corasupport.org,info@corasupport.org,media@corasupport.org,,,,
131,XML/202513029349302661_public.xml,954316261,Coral Reef Research Foundation,San Diego Nonprofit,CORALREEFPALAU.ORG,8582921010,2025,6050 Santo Road Ste 170,San Diego,CA,92124,San Diego County,"6050 Santo Road Ste 170, San Diego, CA, 92124",1692408.0,1959764.0,Patrick L Colin - Director,"crrfpalau@gmail.com, crrfpalau@gmail.comSubject=Hello",,"crrfpalau@gmail.com, crrfpalau@gmail.comSubject=Hello",https://coralreefpalau.org/contact/ ,,https://www.instagram.com/coralreefresearchfoundation/#,https://www.facebook.com/CoralReefResearchFoundation/
132,XML/202502409349301820_public.xml,510155712,Coronado Mens Golf Club,San Diego Nonprofit,coronadomensgolf.org,6198063250,2025,C/O 322 Brookes Ave,San Diego,CA,92103,San Diego County,"C/O 322 Brookes Ave, San Diego, CA, 92103",173756.0,202987.0,Mark Andrews,"cmgcmembership1@gmail.com, coronadomensgolf1@gmail.com, cmgc.td@gmail.com, nadomensday@mail.com, royburchill@gmail.com",,"cmgcmembership1@gmail.com, coronadomensgolf1@gmail.com, cmgc.td@gmail.com, nadomensday@mail.com, royburchill@gmail.com",,,,
133,XML/202522849349300712_public.xml,475538703,Cura Smiles Inc,San Diego Nonprofit,WWW.CURASMILES.ORG,6198761990,2025,3503 Ethan Allen Avenue,San Diego,CA,921175613,San Diego County,"3503 Ethan Allen Avenue, San Diego, CA, 921175613",261623.0,134767.0,Thomas Fitzpatrick,curasmiles@gmail.com,,curasmiles@gmail.com,https://www.curasmiles.org/contact ,,https://www.instagram.com/curasmiles/,https://www.facebook.com/CuraSmiles/
134,XML/202532749349301113_public.xml,460552414,Curebound,San Diego Nonprofit,WWW.CUREBOUND.ORG,6193145878,2025,9605 Scranton Road Suite 120,San Diego,CA,92121,San Diego County,"9605 Scranton Road Suite 120, San Diego, CA, 92121",5488901.0,16440883.0,Anne Marbarger,Bonnie@clearpointagency.com,info@curebound.org,Bonnie@clearpointagency.com,,https://www.linkedin.com/company/pedal-the-cause---san-diego/,https://www.instagram.com/cureboundofficial,https://www.facebook.com/CureboundOFCL/
135,XML/202541719349301409_public.xml,472132768,Cyber Center Of Excellence Association,San Diego Nonprofit,SDCCOE.ORG,8582456674,2025,451 A Street 500,San Diego,CA,92101,San Diego County,"451 A Street 500, San Diego, CA, 92101",673219.0,521409.0,Lisa Easterly,kevin@kcdpr.com,info@sdccoe.org,kevin@kcdpr.com,https://sdccoe.org/contact/ ,https://www.linkedin.com/company/cyber-center-of-excellence/,,
136,XML/202531719349300648_public.xml,811441000,Cyber Center Of Excellence Foundation,San Diego Nonprofit,SDCCOE.ORG/FOUNDATION,8582456674,2025,451 A Street 500,San Diego,CA,92101,San Diego County,"451 A Street 500, San Diego, CA, 92101",315000.0,4576.0,Avishek Basu,kevin@kcdpr.com,info@sdccoe.org,kevin@kcdpr.com,https://sdccoe.org/contact/ ,https://www.linkedin.com/company/cyber-center-of-excellence/,,
137,XML/202540279349300914_public.xml,571146474,Cygnet Theatre Company,San Diego Nonprofit,WWW.CYGNETTHEATRE.COM,6195740059,2025,4891 Pacific Highway Suite 115,San Diego,CA,92110,San Diego County,"4891 Pacific Highway Suite 115, San Diego, CA, 92110",3320313.0,2141270.0,Barbara Bolt,bill@cygnettheatre.org,,bill@cygnettheatre.org,https://www.cygnettheatre.com/about/#contact-us ,https://www.linkedin.com/company/cygnet-theatre/,https://www.instagram.com/cygnettheatre/,https://www.facebook.com/CygnetTheatre
138,XML/202531759349300918_public.xml,951884723,Cabrillo National Monument Foundation,San Diego Nonprofit,www.cnmf.org,6192224747,2025,Po Box 6349,San Diego,CA,92166,San Diego County,"Po Box 6349, San Diego, CA, 92166",891534.0,1273023.0,Emily Moore,"dana@cnmf.org, accounting@cnmf.org, adriana@cnmf.org, emily@cnmf.org, peggy@cnmf.org",info@cnmf.org,"dana@cnmf.org, accounting@cnmf.org, adriana@cnmf.org, emily@cnmf.org, peggy@cnmf.org",https://www.cnmf.org/contact ,https://www.linkedin.com/company/cabrillo-national-monument-foundation/,https://www.instagram.com/cnmfoundation/,https://www.facebook.com/CNMFoundation/
139,XML/202533169349304738_public.xml,472474086,Calmatters,California Nonprofit ,https://calmatters.org/,9165029986,2025,1017 L Street 261,Sacramento,CA,95814,Sacramento County,"1017 L Street 261, Sacramento, CA, 95814",14141813.0,7971472.0,Neil Chase,"tips@calmatters.org, membership@calmatters.org, commentary@calmatters.org, kate@calmatters.org, sponsorships@calmatters.org",info@calmatters.org,"tips@calmatters.org, membership@calmatters.org, commentary@calmatters.org, kate@calmatters.org, sponsorships@calmatters.org",,https://www.linkedin.com/company/calmatters/,https://www.instagram.com/calmatters/,https://www.facebook.com/calmatters/
140,,,"California Association For Health, Physical Education, Recreation And Dance",California Nonprofit ,http://www.cahperd.org/,,,1501 El Camino Ave Ste 3 ,North Sacramento,CA,,,"1501 El Camino Ave Ste 3 , North Sacramento, CA",,,Nan,reception@cahperd.org,,reception@cahperd.org,,,https://www.instagram.com/cahperd/,https://www.facebook.com/cahperd
141,XML/202541969349301899_public.xml,942705764,California Association Of Museums,California Nonprofit ,http://www.calmuseums.org/,8314719970,2025,Po Box 1775,Alpine,CA,91903,,"Po Box 1775, Alpine, CA, 91903",595458.0,499624.0,Jennifer Caballero,"snoopyplate@resources.ca.gov, cam@calmuseums.org",,"snoopyplate@resources.ca.gov, cam@calmuseums.org",,https://www.linkedin.com/groups/2786164,https://www.instagram.com/calmuseums,
142,,,California Association Of Social Rehabilitation Agencies,California Nonprofit ,http://www.casra.org/,9165571166,,3350 E 7Th Street 23509 ,Long Beach,CA,,Los Angeles County,"3350 E 7Th Street 23509 , Long Beach, CA",,,Nan,"casra@casra.org, joe@casra.org, chad@casra.org",,"casra@casra.org, joe@casra.org, chad@casra.org",https://casra.org/contactus-social-rehabilitation-agency.html ,,,
143,XML/202543389349301654_public.xml,680178411,California Behavioral Health Association,California Nonprofit ,http://cccbha.org/,9165771166,2025,455 Capitol Mall Suite 215,Sacramento,CA,95814,Sacramento County,"455 Capitol Mall Suite 215, Sacramento, CA, 95814",1366270.0,1155419.0,Martine Singer,response@calbha.org,,response@calbha.org,https://members.calbha.org/contact ,https://www.linkedin.com/company/ca-behavioral-health-association/,https://www.instagram.com/behavioralhealthofca/?hl=en,https://www.facebook.com/cccbha/
144,,,California Biomedical Research Association,California Nonprofit ,http://www.ca-biomed.org/,2138869616,,Po Box 19340 ,Sacramento,CA,,Sacramento County,"Po Box 19340 , Sacramento, CA",,,Nan,dsutton@ca-biomed.org,,dsutton@ca-biomed.org,https://ca-biomed.org/contact/ ,https://www.linkedin.com/company/18043886/,,https://www.facebook.com/CaliforniaBiomedicalResearchAssociation/
145,,,California Coalition For Youth,California Nonprofit ,http://www.calyouth.org/,,,Po Box 161448 ,Sacramento,CA,,Sacramento County,"Po Box 161448 , Sacramento, CA",,,Nan,"jobs@calyouth.org, cycl@calyouth.org, membership@calyouth.org, outreach@calyouth.org, jade@calyouth.org, advocacy@calyouth.org",info@calyouth.org,"jobs@calyouth.org, cycl@calyouth.org, membership@calyouth.org, outreach@calyouth.org, jade@calyouth.org, advocacy@calyouth.org",,,https://www.instagram.com/calyouth/,https://www.facebook.com/calyouth.org/
146,,,California Court Appointed Special Advocate Association,California Nonprofit ,http://www.californiacasa.org/,,,3525 Del Mar Heights Rd No 243 ,San Diego,CA,,San Diego County,"3525 Del Mar Heights Rd No 243 , San Diego, CA",,,Nan,staff@californiacasa.org,,staff@californiacasa.org,http://www.californiacasa.org/contact ,https://www.linkedin.com/company/california-casa-association/,,https://www.facebook.com/californiacasa/
147,XML/202513119349301201_public.xml,942952469,California Humanities,California Nonprofit ,http://www.calhum.org/,4153911474,2025,300 Frank H Ogawa Plaza 203,Oakland,CA,94612,Alameda County,"300 Frank H Ogawa Plaza 203, Oakland, CA, 94612",3414639.0,1943658.0,Rick Noguchi,grants@calhum.org,info@calhum.org,grants@calhum.org,http://www.calhum.org//about-us/contact-us/ ,https://www.linkedin.com/company/2266625/admin/,https://www.instagram.com/california_humanities/,https://www.facebook.com/cahumanities/
148,,,California Language Teachers Association,California Nonprofit ,http://clta.net/,,,1076 17Th Ave ,Redwood City,CA,,San Mateo County,"1076 17Th Ave , Redwood City, CA",,,Nan,webmaster@clta.net,exec-director@clta.net,webmaster@clta.net,https://clta.net/advocacy/contact-your-legislators/ ,https://www.linkedin.com/in/clta-ca-language-teachers-association-66140a277/,https://www.instagram.com/calangteachersassoc/,https://www.facebook.com/calangteachersassoc/
149,,,California Lutheran University - Center For Nonprofit Leadership,California Nonprofit ,https://www.callutheran.edu/centers/nonprofit/,,,2201 Outlet Center Drive 238000 ,Oxnard,CA,,Ventura County,"2201 Outlet Center Drive 238000 , Oxnard, CA",,,Nan,nonprofit@CalLutheran.edu,,nonprofit@CalLutheran.edu,https://www.callutheran.edu/centers/nonprofit//directory/contact.html ,https://www.linkedin.com/company/center-for-nonprofit-leadership/,https://www.instagram.com/clunonprofit/,https://www.facebook.com/clucnl/
150,XML/202523219349314322_public.xml,264437635,California Massage Therapy Council,California Nonprofit ,http://www.camtc.org/,9166695336,2025,One Capital Mall 800,Sacramento,CA,95814,,"One Capital Mall 800, Sacramento, CA, 95814",8595389.0,5602130.0,Ahmos Netanel,complaints@camtc.org,info@camtc.org,complaints@camtc.org,http://www.camtc.org/contact-us/ ,,,
151,,,California New Car Dealers Association Foundation,California Nonprofit ,https://www.cncdafoundation.org/,,,1517 L Street ,Sacramento,CA,,Sacramento County,"1517 L Street , Sacramento, CA",,,Nan,Kmcphaul@cncda.org,,Kmcphaul@cncda.org,,https://www.linkedin.com/company/california-new-car-dealers-association,https://www.instagram.com/cncdaorg/,https://www.facebook.com/CNCDA/
152,,,California Partnership To End Domestic Violence,California Nonprofit ,https://www.cpedv.org/,,,Nan,Nan,,,,"Nan, Nan, nan",,,Nan,"communications@cpedv.org, policy@cpedv.org","includeinfo@cpedv.org, info@cpedv.org","communications@cpedv.org, policy@cpedv.org",https://www.cpedv.org/contact-us/ ,,https://www.instagram.com/endingdvinca,https://www.facebook.com/CAPartnershiptoEndDV
153,,,California State Parks Foundation,California Nonprofit ,http://www.calparks.org/,,,235 Montgomery St Ste 1202 ,San Francisco,CA,,San Francisco County,"235 Montgomery St Ste 1202 , San Francisco, CA",,,Nan,"members@calparks.org, advocacy@calparks.org, programs@calparks.org, development@calparks.org, media@calparks.org",info@calparks.org,"members@calparks.org, advocacy@calparks.org, programs@calparks.org, development@calparks.org, media@calparks.org",http://www.calparks.org/contact ,,https://www.instagram.com/calparks/,https://www.facebook.com/calparks
154,,,California Tobacco Control Lla Project Directors,California Nonprofit ,http://www.llaprojectdirectorsassociation.org/,,,Nan,Nan,,,,"Nan, Nan, nan",,,Nan,pda-lla@outlook.com,,pda-lla@outlook.com,,,,
155,XML/202520709349300912_public.xml,952745629,Campesinos Unidos Inc,California Nonprofit ,https://campesinosunidos.org/,7603705100,2025,Po Box 39,Brawley,CA,92227,San Diego County,"Po Box 39, Brawley, CA, 92227",6264375.0,3968927.0,Jose M Lopez," energy@campesinosunidos.org,  energysd@campesinosunidos.org",," energy@campesinosunidos.org,  energysd@campesinosunidos.org",https://campesinosunidos.org/contact/ ,,,https://www.facebook.com/CampesinosUnidosInc/
156,,,Camping Unlimited For The Developmentally Disabled,California Nonprofit ,https://campingunlimited.org/,,,102 Brook Lane ,Boulder Creek,CA,,,"102 Brook Lane , Boulder Creek, CA",,,Nan,campkrem@campingunlimited.org,,campkrem@campingunlimited.org,https://campingunlimited.org/contact-us/ ,,https://www.instagram.com/camp.krem/,https://www.facebook.com/CampKrem1957
157,XML/202513039349300206_public.xml,954076131,Cancer Support Community South Bay,California Nonprofit ,https://www.cscsouthbay.org/,3103763550,2025,2601 Airport Drive 100,Torrance,CA,90505,Los Angeles County,"2601 Airport Drive 100, Torrance, CA, 90505",2282774.0,11559494.0,Jillian Van Leuven,"Norma@CSCSouthBay.org, Goli@CSCSouthBay.org","info@CSCSouthBay.org, info@cscsouthbay.org","Norma@CSCSouthBay.org, Goli@CSCSouthBay.org",https://www.cscsouthbay.org/contact-us/ ,https://www.linkedin.com/company/cancer-support-community-south-bay/,https://www.instagram.com/cscsouthbay/,https://www.facebook.com/CSCSouthBay
158,XML/202521229349300212_public.xml,462694752,Carbon Cycle Institute,California Nonprofit ,https://www.carboncycle.org/,7079925009,2025,245 Kentucky Street Suite B1,Petaluma,CA,94952,,"245 Kentucky Street Suite B1, Petaluma, CA, 94952",1062785.0,892410.0,Torri Estrada,"testrada@carboncycle.org, jcreque@carboncycle.org, bowens@carboncycle.org, lniebrugge@carboncycle.org, nlink@carboncycle.org",info@carboncycle.org,"testrada@carboncycle.org, jcreque@carboncycle.org, bowens@carboncycle.org, lniebrugge@carboncycle.org, nlink@carboncycle.org",https://www.carboncycle.org/ccis-team-contact/ ,https://www.linkedin.com/company/carbon-cycle-institute/,https://www.instagram.com/carbon.cycle.institute/,
159,XML/202501639349300545_public.xml,330632829,Casa Foundationinc,San Diego Nonprofit,thecasafoundation.org,8585921885,2025,18655 West Bernardo Drive,San Diego,CA,921273002,San Diego County,"18655 West Bernardo Drive, San Diego, CA, 921273002",1868206.0,14304863.0,Nan,"johnson@casadlc.com, jeckel@casadlc.com",,"johnson@casadlc.com, jeckel@casadlc.com",,,,
160,,,"Casa Major, Inc.",California Nonprofit ,http://www.casamajor.org/,,,3920 Birch Street Suite 103 ,Newport Beach,CA,,Orange County,"3920 Birch Street Suite 103 , Newport Beach, CA",,,Nan,ceo@casamajor.org,,ceo@casamajor.org,http://www.casamajor.org/#contact ,,,
161,XML/202500509349301230_public.xml,450514951,Casa De Los Pobres Usa,San Diego Nonprofit,casadelospobresusa.com,8587617744,2025,Po Box 9596,San Diego,CA,92169,San Diego County,"Po Box 9596, San Diego, CA, 92169",1067553.0,660615.0,Caroline B Kelner,casadelospobresusa@gmail.com,,casadelospobresusa@gmail.com,,,,
162,XML/202502839349301650_public.xml,330868261,Catalyst Of San Diego & Imperial Counties,San Diego Nonprofit,www.catalystsd.org,8588753333,2025,5060 Shoreham Place Apt 350,San Diego,CA,92122,San Diego County,"5060 Shoreham Place Apt 350, San Diego, CA, 92122",3142093.0,7880784.0,Nan,zoe@catalystsd.org,info@catalystsd.org,zoe@catalystsd.org,https://catalystsd.org/contact-us/ ,https://www.linkedin.com/company/sandiegograntmakers,,https://www.facebook.com/SDCatalyst
163,XML/202502839349301650_public.xml,330868261,Catalyst Of San Diego & Imperial Counties,California Nonprofit ,https://catalystsd.org/,8588753333,2025,5060 Shoreham Place Apt 350,San Diego,CA,92122,San Diego County,"5060 Shoreham Place Apt 350, San Diego, CA, 92122",3142093.0,7880784.0,Nan,zoe@catalystsd.org,info@catalystsd.org,zoe@catalystsd.org,https://catalystsd.org/contact-us/ ,https://www.linkedin.com/company/sandiegograntmakers,,https://www.facebook.com/SDCatalyst
164,,,Celiac Disease Foundation,California Nonprofit ,http://celiac.org/,2095333401,,21300 Victory Blvd. Suite 300 ,Woodland Hills,CA,,,"21300 Victory Blvd. Suite 300 , Woodland Hills, CA",,,Nan,"icureceliac@celiac.org, sscd@celiac.org, janie.magill@celiac.org, vanessa.weisbrod@celiac.org",,"icureceliac@celiac.org, sscd@celiac.org, janie.magill@celiac.org, vanessa.weisbrod@celiac.org",https://celiac.org/about-the-foundation/contact-information/ ,,https://www.instagram.com/celiacdiseasefoundation/,
165,,,Center For Civic Education,California Nonprofit ,https://www.civiced.org/,,,Nan,Nan,,,,"Nan, Nan, nan",,,Nan,"web@civiced.org, cce@civiced.org",,"web@civiced.org, cce@civiced.org",https://www.civiced.org/contact-us ,https://www.linkedin.com/company/center-for-civic-education,https://www.instagram.com/centerforciviceducation/?hl=en,
166,,,Center For Community Dispute Settlement (Ccds),California Nonprofit ,http://www.trivalleymediation.com/,,,291 Mcleod St ,Livermore,CA,,Alameda County,"291 Mcleod St , Livermore, CA",,,Nan,ccdsmediation@comcast.net,info@email.com,ccdsmediation@comcast.net,,,,
167,XML/202540429349201039_public.xml,871228993,Center For Family Strengthening,California Nonprofit ,http://www.cfsslo.org/,4434213873,2025,770 S Palm Ave,Sarasota,FL,34236,San Luis Obispo County,"770 S Palm Ave, Sarasota, FL, 34236",,,Nan,"support@cfsslo.org, fernanda@cfsslo.org",info@cfsslo.org,"support@cfsslo.org, fernanda@cfsslo.org",http://www.cfsslo.org/#contact ,,https://www.instagram.com/cfsslo/,https://www.facebook.com/cfsslo
168,XML/202502589349301265_public.xml,202843303,Center For Financial Empowerment,California Nonprofit ,https://www.center4fe.org/,6269606888,2025,12701 Schabarum Ave,Irwindale,CA,91706,,"12701 Schabarum Ave, Irwindale, CA, 91706",409370.0,345182.0,Jennifer Oliver,Hello@center4fe.org,,Hello@center4fe.org,,https://www.linkedin.com/company/center4fe,,https://www.facebook.com/center4fe
169,,,Center For Positive Sexuality,California Nonprofit ,https://www.positivesexuality.org/,,,Po Box 1190 ,Burbank,CA,,Los Angeles County,"Po Box 1190 , Burbank, CA",,,Nan,hr@positivesexuality.org,queries@positivesexuality.org,hr@positivesexuality.org,,https://www.linkedin.com/company/center-for-positive-sexuality,https://www.instagram.com/ctrsexpositive/,https://www.facebook.com/Center-for-Positive-Sexuality-127221867462/
170,,,Center For Restorative Practice,California Nonprofit ,http://www.restorativepractice.org/,,,Po Box 1435 ,Sausalito,CA,,Marin County,"Po Box 1435 , Sausalito, CA",,,Nan,marcus@restorativepractice.org,,marcus@restorativepractice.org,https://restorativepractice.org/contact-us/ ,https://www.linkedin.com/,,https://www.facebook.com/
171,,,Central Coast Medical Association,California Nonprofit ,http://www.ccmahealth.org/,,,5142 Hollister Ave Pmb 143 ,Santa Barbara,CA,,Santa Barbara County,"5142 Hollister Ave Pmb 143 , Santa Barbara, CA",,,Nan,ccma@ccmahealth.org,,ccma@ccmahealth.org,https://www.ccmahealth.org/about-us/staff-and-contact-info.aspx ,,,https://www.facebook.com/centralcoastmed/
172,,,Challah & Soul,California Nonprofit ,http://challahandsoul.org/,,,Nan,Nan,,,,"Nan, Nan, nan",,,Nan,challahandsoul@gmail.com,,challahandsoul@gmail.com,http://challahandsoul.org/contact#newsletter ,,https://www.instagram.com/challahandsoul/,https://www.facebook.com/profile.php?id=100094060633584
173,XML/202513129349300016_public.xml,270054977,Chamber Music Unbound,California Nonprofit ,http://www.chambermusicunbound.org/,7609347015,2025,Po Box 1219,Mammoth Lakes,CA,93546,Mono County,"Po Box 1219, Mammoth Lakes, CA, 93546",426356.0,363477.0,Brian Schuldt,Felici@ChamberMusicUnbound.org,,Felici@ChamberMusicUnbound.org,http://www.chambermusicunbound.org/contact.php ,,,
174,,,"Chances 4 Change, Inc.",California Nonprofit ,http://chancesforchange.com/,,,1709 W. Manchester Ave. ,Los Angeles,CA,,Los Angeles County,"1709 W. Manchester Ave. , Los Angeles, CA",,,Nan,itsnever2late@chancesforchange.org,info@mysite.com,itsnever2late@chancesforchange.org,https://www.chancesforchange.com/contact-9 ,,,
175,XML/202530989349300133_public.xml,942297737,Changing Tides Family Services,California Nonprofit ,http://www.changingtidesfs.org/,7074448293,2025,2259 Myrtle Ave,Eureka,CA,95501,Humboldt County,"2259 Myrtle Ave, Eureka, CA, 95501",17937647.0,7761144.0,Kerry Venegas,dnystrom@changingtidesfs.org,,dnystrom@changingtidesfs.org,https://www.changingtidesfs.org/contact/ ,,https://www.instagram.com/changingtidesfs,https://www.facebook.com/pages/Changing-Tides-Family-Services/191289777607155
176,XML/202501789349301220_public.xml,943116456,Charlotte Maxwell Clinic,California Nonprofit ,http://www.charlottemaxwell.org/,5106017660,2025,411 30Th Street Ste 508,Oakland,CA,94609,Alameda County,"411 30Th Street Ste 508, Oakland, CA, 94609",698765.0,2608352.0,Erin Harr Yee,mail@charlottemaxwell.org,,mail@charlottemaxwell.org,https://charlottemaxwell.org/who-we-are/contact-us/ ,https://www.linkedin.com/company/1690275,https://www.instagram.com/charlottemaxwellclinic/?hl=en,https://www.facebook.com/pages/Charlotte-Maxwell-Complementary-Clinic/207353102717489
177,XML/202503169349305485_public.xml,942959973,Child Care Law Center,California Nonprofit ,http://www.childcarelaw.org/,4155588005,2025,Po Box 9066,Berkeley,CA,94709,Alameda County,"Po Box 9066, Berkeley, CA, 94709",3907134.0,4411123.0,Maisha Cole,"kkruckel@childcarelaw.org, lfurstenfeld@childcarelaw.org, mcole@childcarelaw.org, klupoff@childcarelaw.org",info@childcarelaw.org,"kkruckel@childcarelaw.org, lfurstenfeld@childcarelaw.org, mcole@childcarelaw.org, klupoff@childcarelaw.org",https://www.childcarelaw.org/about/contact-us/ ,https://www.linkedin.com/company/child-care-law-center,,https://www.facebook.com/childcarelawcenter
178,,,Child Parent Institute/ California Parenting Institute,California Nonprofit ,http://www.calparents.org/,,,3650 Standish Ave ,Santa Rosa,CA,,Sonoma County,"3650 Standish Ave , Santa Rosa, CA",,,Nan,cpi@calparents.org,,cpi@calparents.org,https://calparents.org/about-us/contact.html ,https://www.linkedin.com/company/california-parenting-institute,,https://www.facebook.com/calparents/
179,,,"Children Of The Night, Inc",California Nonprofit ,http://www.childrenofthenight.org/,,,Nan,Nan,,,,"Nan, Nan, nan",,,Nan,lois@childrenofthenight.org,,lois@childrenofthenight.org,http://www.childrenofthenight.org/contact ,,,https://www.facebook.com/fund/childrenofthenightinc/
180,XML/202523189349315932_public.xml,824272279,Chinatown Fresno Foundation,California Nonprofit ,http://www.chinatownfresno.org/,5598591763,2025,912 F St,Fresno,CA,93706,Fresno County,"912 F St, Fresno, CA, 93706",392253.0,246600.0,Cami Cipolla,jan@chinatownfresno.org,,jan@chinatownfresno.org,https://www.chinatownfresno.org/contact ,https://www.linkedin.com/company/chinatown-fresno-foundation,https://www.instagram.com/chinatownfresno/?hl=en,https://www.facebook.com/ChinatownMatters/
181,,,Christian Encounter Ministries,California Nonprofit ,http://www.christianencounter.org/,,,Po Box 1022 ,Grass Valley,CA,,Nevada County,"Po Box 1022 , Grass Valley, CA",,,Nan,office@christianencounter.org,,office@christianencounter.org,https://www.christianencounter.org/contact-us ,,https://www.instagram.com/christianencounter/,https://www.facebook.com/christianencounter
182,XML/202512069349300146_public.xml,851465412,Clare Rose Foundation Center,San Diego Nonprofit,CLAREROSECENTERFORCYD.ORG,8583756595,2025,3105 Goldsmith St,San Diego,CA,92106,San Diego County,"3105 Goldsmith St, San Diego, CA, 92106",359849.0,200116.0,Anne Vincent,centerforcyd@clarerosefoundation.org,,centerforcyd@clarerosefoundation.org,,https://www.linkedin.com/company/centerforcyd,https://www.instagram.com/centerforcyd/ target=,https://www.facebook.com/centerforcyd
183,XML/202523249349301612_public.xml,954423260,Claremont Forum,California Nonprofit ,https://www.claremontforum.org/,9096263066,2025,586 W 1St Street,Claremont,CA,91711,,"586 W 1St Street, Claremont, CA, 91711",497597.0,201165.0,Rachel Mcdonnell,"market@claremontforum.org, eva@claremontforum.org\",info@claremontforum.org,"market@claremontforum.org, eva@claremontforum.org\",https://www.claremontforum.org/contact ,https://www.linkedin.com/company/875997/admin/dashboard/,https://www.instagram.com/theclaremontforum/,https://www.facebook.com/claremontforum/
184,,,Classics 4 Kids,California Nonprofit ,http://classics4kids.org/,,,3033 Fifth Avenue Suite 227 ,San Diego,CA,,San Diego County,"3033 Fifth Avenue Suite 227 , San Diego, CA",,,Nan,"chuber@Classics4Kids.org, kmakley@Classics4Kids.org",,"chuber@Classics4Kids.org, kmakley@Classics4Kids.org",https://www.classics4kids.org/contact-us/ ,https://www.linkedin.com/company/classicsforkids/,https://www.instagram.com/classics4kids/,https://www.facebook.com/Classics4Kids
185,XML/202541819349301569_public.xml,953814898,Coachella Valley Housing Coalition,California Nonprofit ,http://www.cvhc.org/,7603473157,2025,45-701 Monroe St G,Indio,CA,92201,Riverside County,"45-701 Monroe St G, Indio, CA, 92201",23439657.0,170669739.0,Nan,cvhc@cvhc.org,,cvhc@cvhc.org,https://www.cvhc.org/contact/ ,,,https://www.facebook.com/CVHousing/
186,XML/202403559349300335_public.xml,954304295,Coachella Valley Repertory,California Nonprofit ,https://cvrep.org/,7602962966,2025,68510 E Palm Canyon Dr,Cathedral City,CA,922341300,,"68510 E Palm Canyon Dr, Cathedral City, CA, 922341300",2012562.0,4188596.0,David Cohan,"boxoffice@cvrep.org, akarsten@cvrep.org, volunteers@cvrep.org, JSeller@CVRep.org, kbramley@cvrep.org, tech@cvrep.org, kgilligan@cvrep.org, jbasak@cvrep.org, jhankinson@cvrep.org",,"boxoffice@cvrep.org, akarsten@cvrep.org, volunteers@cvrep.org, JSeller@CVRep.org, kbramley@cvrep.org, tech@cvrep.org, kgilligan@cvrep.org, jbasak@cvrep.org, jhankinson@cvrep.org",https://cvrep.org/contact/ ,,https://www.instagram.com/coachellavalleyrepertory/,https://www.facebook.com/CVRep
187,,,Coalition For Clean Air,California Nonprofit ,https://www.ccair.org/,,,660 Figueroa St 231140 ,Los Angeles,CA,,Los Angeles County,"660 Figueroa St 231140 , Los Angeles, CA",,,Nan,"air@ccair.org, bill@ccair.org, john@ccair.org",,"air@ccair.org, bill@ccair.org, john@ccair.org",https://www.ccair.org/contact/ ,https://www.linkedin.com/company/coalition-for-clean-air,https://www.instagram.com/cleanairca/,https://www.facebook.com/CleanAirCA/
188,,,Coastal Community Preschool,California Nonprofit ,http://www.coastalcommunitypreschool.org/,,,900 High St ,Santa Cruz,CA,,Santa Cruz County,"900 High St , Santa Cruz, CA",,,Nan,stephanie@coastalcommunitypreschool.org,,stephanie@coastalcommunitypreschool.org,https://coastalcommunitypreschool.org/contact/ ,,,
189,XML/202543149349303094_public.xml,262803100,Coastal Corridor Alliance,California Nonprofit ,http://www.coastalcorridor.org/,7143074455,2025,Po Box 15333,Newport Beach,CA,926595333,Orange County,"Po Box 15333, Newport Beach, CA, 926595333",905720.0,1276152.0,Terry Welsh,Events@CoastalCorridor.org,,Events@CoastalCorridor.org,https://coastalcorridor.org/contact-us/ ,https://www.linkedin.com/company/coastal-corridor-alliance,https://www.instagram.com/coastalcorridor/,https://www.facebook.com/CoastalCorridorAlliance/
190,,,Collaborating Agencies' Disaster Relief Effort,California Nonprofit ,http://www.cadresv.org/,,,2731 N. First St. ,San Jose,CA,,Santa Clara County,"2731 N. First St. , San Jose, CA",,,Nan,cadreEOC@gmail.com,admin@cadresv.org,cadreEOC@gmail.com,https://cadresv.org/contact/ ,,https://www.instagram.com/cadre_scco/,https://www.facebook.com/cadrescco
191,XML/202543219349327269_public.xml,943214166,Common Counsel Foundation,California Nonprofit ,http://www.commoncounsel.org/,5108342995,2025,1624 Franklin Street 11Th Floor,Oakland,CA,94612,Alameda County,"1624 Franklin Street 11Th Floor, Oakland, CA, 94612",51414712.0,67481943.0,Sangeeta Chowdhry,advising@commoncounsel.org,"grantsadmin@commoncounsel.org, info@commoncounsel.org",advising@commoncounsel.org,https://www.commoncounsel.org/contact/ ,https://www.linkedin.com/company/common-counsel-foundation/about/,,
192,,,Community Action Partnership Of San Luis Obispo County,California Nonprofit ,https://capslo.org/,,,Nan,Nan,,,,"Nan, Nan, nan",,,Nan,hotline@capslo.org,,hotline@capslo.org,https://capslo.org/contact/ ,https://www.linkedin.com/company/capslo/?viewAsMember=true,https://www.instagram.com/communityaction_slo/,https://www.facebook.com/capslo?
193,XML/202533189349313263_public.xml,942914745,Community Alliance With Family Farmers,California Nonprofit ,http://caff.org/,5307568518,2025,Po Box 363,Davis,CA,95617,Yolo County,"Po Box 363, Davis, CA, 95617",12430271.0,7247977.0,Paul Towers,evan@caff.org,,evan@caff.org,https://caff.org/contact-us/ ,,https://www.instagram.com/caff_famfarms,https://www.facebook.com/famfarms
194,,,Community Associations Institute Greater Los Angeles Chapter,California Nonprofit ,http://www.cai-glac.org/,,,16921 Parthenia St Ste 303 ,Northridge,CA,,,"16921 Parthenia St Ste 303 , Northridge, CA",,,Nan,memberservices@cai-glac.org,,memberservices@cai-glac.org,,https://www.linkedin.com/company/1076047/,https://www.instagram.com/caiglac/%20%20,https://www.facebook.com/caiglac%20%20
195,,,Community Education Partnerships,California Nonprofit ,http://www.cep.ngo/,,,2201 Broadway Suite M8 ,Oakland,CA,,Alameda County,"2201 Broadway Suite M8 , Oakland, CA",,,Nan,"mikah@cep.ngo, jahmillah@cep.ngo, tsing@cep.ngo, jacqueline@cep.ngo, martha@cep.ngo, halle@cep.ngo",info@cep.ngo,"mikah@cep.ngo, jahmillah@cep.ngo, tsing@cep.ngo, jacqueline@cep.ngo, martha@cep.ngo, halle@cep.ngo",,,,
196,,,Community Foundation Of Nevada County,California Nonprofit ,https://nevcofoundation.org/,909.566.2555,,200 Litton Drive Suite 226 ,Grass Valley,CA,,Nevada County,"200 Litton Drive Suite 226 , Grass Valley, CA",,,Nan,lorilifecoach@sbcglobal.net,"info@nevcofoundation.org, director@cnlsierra.org",lorilifecoach@sbcglobal.net,https://nevcofoundation.org/contact/ ,https://www.linkedin.com/company/the-community-foundation-of-nevada-county,,https://www.facebook.com/profile.php?id=61552316662461
197,,,Community Foundation Of Nevada County,California Nonprofit ,https://nevcofoundation.org/,831.662.2000,,200 Litton Drive Suite 226 ,Grass Valley,CA,,Nevada County,"200 Litton Drive Suite 226 , Grass Valley, CA",,,Nan,lorilifecoach@sbcglobal.net,"info@nevcofoundation.org, director@cnlsierra.org",lorilifecoach@sbcglobal.net,https://nevcofoundation.org/contact/ ,https://www.linkedin.com/company/the-community-foundation-of-nevada-county,,https://www.facebook.com/profile.php?id=61552316662461
198,XML/202521299349302442_public.xml,954316388,Community Nature Connection,California Nonprofit ,https://www.communitynatureconnection.org/,2135032378,2025,Po Box 31187,Los Angeles,CA,90031,Los Angeles County,"Po Box 31187, Los Angeles, CA, 90031",957650.0,362224.0,Delaney Alamillo,comms@communitynatureconnection.org,info@communitynatureconnection.org,comms@communitynatureconnection.org,,,https://www.instagram.com/communitynatureconnection/,https://www.facebook.com/communitynatureconnection/
199,XML/202522519349301612_public.xml,10658352,Community Service Solutions,California Nonprofit ,http://www.csssolutions.org/,5304952700,2025,Po Box 346,Coleville,CA,96107,,"Po Box 346, Coleville, CA, 96107",1012951.0,611705.0,Amanda J Philips,ihss@csssolutions.org,,ihss@csssolutions.org,,,https://www.instagram.com/communityservicesolutions/?hl=en,https://www.facebook.com/csssolutions.org
200,XML/202512039349301441_public.xml,943032394,Community Vision Capital & Consulting,California Nonprofit ,http://www.ncclf.org/,4153928215,2025,870 Market Street 677,San Francisco,CA,94102,San Francisco County,"870 Market Street 677, San Francisco, CA, 94102",24622332.0,161816185.0,Catherine Howard,media@communityvisionca.org,info@communityvisionca.org,media@communityvisionca.org,http://www.ncclf.org/contact-us ,https://www.linkedin.com/company/communityvisionca/,https://www.instagram.com/communityvisionca/,https://www.facebook.com/CommunityVisionCC/
201,,,Companions In Waiting Rescue & Adoption,California Nonprofit ,http://www.companionsinwaiting.org/,,,Po Box 213 ,Half Moon Bay,CA,,San Mateo County,"Po Box 213 , Half Moon Bay, CA",,,Nan,companionsinwaiting@yahoo.com,,companionsinwaiting@yahoo.com,,,,
202,XML/202503089349302715_public.xml,273242250,Compassion Institute,California Nonprofit ,http://compassioninstitute.com/,,2025,5059 Rowan Drive,San Ramon,CA,94582,San Mateo County,"5059 Rowan Drive, San Ramon, CA, 94582",335683.0,340586.0,Nan,courageousheart@compassioninstitute.com,info@compassioninstitute.com,courageousheart@compassioninstitute.com,,,,
203,XML/202531909349301818_public.xml,20705355,Conejo Schools Foundation,California Nonprofit ,http://www.conejoschools.org/,8054979511,2025,1336 N Moorpark Road 279,Thousand Oaks,CA,91360,Ventura County,"1336 N Moorpark Road 279, Thousand Oaks, CA, 91360",742650.0,883324.0,Sue Wells,foundation@conejoschools.org,,foundation@conejoschools.org,,,https://www.instagram.com/conejoschoolsfdn/,https://www.facebook.com/pages/Conejo-Schools-Foundation/113004050880?ref=ts
204,,,Congregation Beth David,California Nonprofit ,http://www.beth-david.org/,,,19700 Prospect Rd ,Saratoga,CA,,Santa Clara County,"19700 Prospect Rd , Saratoga, CA",,,Nan,"krispin@beth-david.org, cosgrave@beth-david.org, crocker@beth-david.org, rabbiroller@beth-david.org, pressman@beth-david.org, rabbikunin@beth-david.org",,"krispin@beth-david.org, cosgrave@beth-david.org, crocker@beth-david.org, rabbiroller@beth-david.org, pressman@beth-david.org, rabbikunin@beth-david.org",https://beth-david.org/contact-us/ ,,https://www.instagram.com/congregationbethdavid/,https://www.facebook.com/bethdavidonline
205,,,Congregations Organized For Prophetic Engagement,California Nonprofit ,http://www.copesite.org/,,,1505 W Highland Ave Ste 1 ,San Bernrdno,CA,,,"1505 W Highland Ave Ste 1 , San Bernrdno, CA",,,Nan,lking@copesite.org,,lking@copesite.org,https://copesite.org/about-us/contact/ ,,,
206,,,Consumer Attorneys Of San Diego,California Nonprofit ,http://www.casd.org/,19256097900,,2535 Camino Del Rio S Ste 345 ,San Diego,CA,,San Diego County,"2535 Camino Del Rio S Ste 345 , San Diego, CA",,,Nan,casd@casd.org,,casd@casd.org,https://www.casd.org/?pg=contactus ,https://www.linkedin.com/company/trivant/,,
207,,,"Contenta Collaborative, Inc",California Nonprofit ,http://www.contentatherapy.org/,5102154670,,Nan,Nan,,,,"Nan, Nan, nan",,,Nan,julianne@contentatherapy.org,,julianne@contentatherapy.org,,,,
208,XML/202530839349301453_public.xml,452107249,Creative Netwerk,California Nonprofit ,https://www.creativenetwerk.org/,8054533826,2025,25-18 43Rd Street Fl2,Astoria,NY,11103,Santa Barbara County,"25-18 43Rd Street Fl2, Astoria, NY, 11103",726423.0,496778.0,Kelli Forman,movement@creativenetwerk.org,,movement@creativenetwerk.org,,,https://www.instagram.com/p/DDFrsA_vGol/,
209,XML/202512469349300311_public.xml,330682422,Culture Shock Dance Troupe Inc,San Diego Nonprofit,Cultureshockdance.org,6198189548,2025,2110 Hancock Street,San Diego,CA,92110,San Diego County,"2110 Hancock Street, San Diego, CA, 92110",713443.0,142697.0,Nan,angiebunch@cultureshockdance.org,,angiebunch@cultureshockdance.org,https://www.cultureshockdance.org/contact-us/ ,,https://www.instagram.com/cultureshocksd/,https://www.facebook.com/cultureshockchicago
210,XML/202531969349303028_public.xml,953641300,Culver City Education Foundation,California Nonprofit ,https://ccef4schools.org/,3108424220,2025,Po Box 4178,Culver City,CA,90231,Los Angeles County,"Po Box 4178, Culver City, CA, 90231",894325.0,2385606.0,Wendy Hamill,ccef@ccusd.org,,ccef@ccusd.org,https://ccef4schools.org/contact-us/ ,,https://www.instagram.com/ccef4schools/?hl=en,https://www.facebook.com/CulverEd
211,XML/202512029349301361_public.xml,320639861,Cyber-Seniors,California Nonprofit ,https://cyberseniors.org/,8442173057,2025,6230 Wilshire Blvd Ste A Pmb 2241,Los Angeles,CA,90048,Los Angeles County,"6230 Wilshire Blvd Ste A Pmb 2241, Los Angeles, CA, 90048",877928.0,470216.0,Brenda Rusnak,"charlene@cyberseniors.org, macaulee@cyberseniors.org, lukas@cyberseniors.org",info@cyberseniors.org,"charlene@cyberseniors.org, macaulee@cyberseniors.org, lukas@cyberseniors.org",https://cyberseniors.org/contact/ ,,https://www.instagram.com/cyberseniors/,https://www.facebook.com/CyberSeniorsDocumentary/
212,XML/202503219349311080_public.xml,330558354,Dailard School Foundation,San Diego Nonprofit,WWW.DAILARD.ORG,6198605900,2025,6425 Cibola Rd,San Diego,CA,92120,San Diego County,"6425 Cibola Rd, San Diego, CA, 92120",161557.0,134125.0,Nan,dads@dailarddads.org,,dads@dailarddads.org,https://www.dailard.org/dads/contact/ ,,http://www.instagram.com/dailarddsf,https://www.facebook.com/DailardParents
213,XML/202542889349300614_public.xml,251865082,Dalit Solidarity,San Diego Nonprofit,WWW.DALITSOLIDARITY.ORG,7086124248,2025,Po Box 178995,San Diego,CA,92177,San Diego County,"Po Box 178995, San Diego, CA, 92177",881291.0,270124.0,Rev Benjamin Chinnappan,care@communitycaretrust.org,admin@dalitsolidarity.org,care@communitycaretrust.org,https://dalitsolidarity.org/contact-us/ ,,,
214,XML/202542589349302009_public.xml,383990485,Decentralized Trials & Research Alliance,San Diego Nonprofit,www.dtra.org,8588882934,2025,4653 Carmel Mountain Rd Ste 308-135,San Diego,CA,92130,San Diego County,"4653 Carmel Mountain Rd Ste 308-135, San Diego, CA, 92130",1007555.0,2291551.0,Amir Kalali,secretariat@dtra.org,,secretariat@dtra.org,https://www.dtra.org/contact ,https://www.linkedin.com/company/dtra-org/,,
215,XML/202502659349301270_public.xml,330925945,Del Mar Schools Education Foundation,San Diego Nonprofit,https://dmsef.org,8585236007,2025,5333 Old Carmel Valley Rd,San Diego,CA,92130,San Diego County,"5333 Old Carmel Valley Rd, San Diego, CA, 92130",1060750.0,66518.0,Gagandeep Singh,office@dmsef.org,,office@dmsef.org,,https://www.linkedin.com/company/del-mar-schools-education-foundation-dmsef,https://www.instagram.com/dmsef/?hl=en,https://www.facebook.com/pages/Del-Mar-Schools-Education-Foundation/180104362023850
216,XML/202521849349301327_public.xml,10934837,Del Norte Highschool Music Boosters,San Diego Nonprofit,www.dnhsmusic.org,8584870877,2025,16601 Nighthawk Ln,San Diego,CA,92127,San Diego County,"16601 Nighthawk Ln, San Diego, CA, 92127",419400.0,145276.0,Gurdon Horner,"laura.lee@dnhsmusic.org, volunteers@dnhsmusic.org",info@dnhsmusic.org,"laura.lee@dnhsmusic.org, volunteers@dnhsmusic.org",,,https://www.instagram.com/dnhsmusicboosters/,https://www.facebook.com/dnhsmusicboosters
217,XML/202521279349301402_public.xml,383944798,Duc Learning Center,California Nonprofit ,http://duclearningcenter.org/,9517775802,2025,Po Box 249,Palm Springs,CA,922630249,Sacramento County,"Po Box 249, Palm Springs, CA, 922630249",625747.0,100943.0,Nan,Duclearningcenter.olucas@gmail.com,,Duclearningcenter.olucas@gmail.com,http://duclearningcenter.org/contact-us ,,https://www.instagram.com/duc_learning_center?igsh=NTc4MTIwNjQ2YQ==,https://www.facebook.com/profile.php?id=61560177284116
218,XML/202513189349312736_public.xml,770513007,Dana Adobe Nipomo Amigos,California Nonprofit ,http://www.danaadobe.org/,8059295679,2025,671 South Oakglen Avenue,Nipomo,CA,93444,,"671 South Oakglen Avenue, Nipomo, CA, 93444",266576.0,3295428.0,James Corridan,dana@danaadobe.org,,dana@danaadobe.org,,,https://www.instagram.com/danaadobe/?hl=en,https://www.facebook.com/DanaAdobe/
219,,,De Colores Resource Center Inc.,California Nonprofit ,http://decolores.org/,,,Po Box 348322 ,Sacramento,CA,,Sacramento County,"Po Box 348322 , Sacramento, CA",,,Nan,HealthEquity@decolores.org,,HealthEquity@decolores.org,,,,
220,XML/202523019349302492_public.xml,200015196,Deafhope,California Nonprofit ,http://deaf-hope.org/,5107358553,2025,256 24Th Street,Richmond,CA,94804,Contra Costa County,"256 24Th Street, Richmond, CA, 94804",526003.0,535799.0,Rochelle Greenwell,deafhope@deaf-hope.org,,deafhope@deaf-hope.org,,,http://www.instagram.com/Deaf_Hope,https://www.facebook.com/DeafHope
221,XML/202502199349301030_public.xml,952083126,Death Valley Natural History Association,California Nonprofit ,http://www.dvnha.org/,7607862236,2025,Po Box 188,Death Valley,CA,92328,,"Po Box 188, Death Valley, CA, 92328",1426036.0,1139794.0,Nan,memberships@dvnha.org,,memberships@dvnha.org,https://dvnha.org/contact-us-2/ ,,,
222,,,Delta Sculling Center,California Nonprofit ,https://deltasculling.org/,,,Nan,Nan,,,,"Nan, Nan, nan",,,Nan,pltirone@deltasculling.org,info@deltasculling.org,pltirone@deltasculling.org,https://deltasculling.org/contact/ ,,https://www.instagram.com/deltasculling,https://www.facebook.com/DeltaScullingCenter/
223,,,Dextra Baldwin Mcgonagle Foundation,California Nonprofit ,https://thedbmfoundation.com/,,,2060D East Avenida De Los Arboles 23341 ,Thousand Oaks,CA,,Ventura County,"2060D East Avenida De Los Arboles 23341 , Thousand Oaks, CA",,,Nan,ian@thedbmfoundation.com,,ian@thedbmfoundation.com,https://thedbmfoundation.com/contact-us ,,,
224,,,Dignity & Design Institute,California Nonprofit ,https://www.dignityanddesigninstitute.org/,,,Nan,Nan,,,,"Nan, Nan, nan",,,Nan,media@dignityanddesigninstitute.org,info@dignityanddesigninstitute.org,media@dignityanddesigninstitute.org,,https://www.google.com/url?q=https%3A%2F%2Fwww.linkedin.com%2Fcompany%2Fdiginity-design-institute%2F%3FviewAsMember%3Dtrue&sa=D&sntz=1&usg=AOvVaw0BoTRlQuEscEM5P0C2g5me,,
225,,,Disability Rights Education & Defense Fund,California Nonprofit ,https://dredf.org/,18056445428,,3075 Adeline Street Suite 210 ,Berkeley,CA,,Alameda County,"3075 Adeline Street Suite 210 , Berkeley, CA",,,Nan,"iephelp@dredf.org, webmaster@dredf.org, media@dredf.org, sfreundlich@dredf.org",info@dredf.org,"iephelp@dredf.org, webmaster@dredf.org, media@dredf.org, sfreundlich@dredf.org",https://dredf.org/contact-us/ ,https://www.linkedin.com/company/disability-rights-education-and-defense-fund/,https://www.instagram.com/dredf1979/,https://www.facebook.com/DREDF.org
226,XML/202523219349326627_public.xml,465312131,Diversity Collective Ventura County,California Nonprofit ,https://www.diversitycollectivevc.org/,8056445428,2025,2471 Portola Rd Ste 100,Ventura,CA,93003,Ventura County,"2471 Portola Rd Ste 100, Ventura, CA, 93003",575275.0,213449.0,Nan,"celia@diversitycollective.org, roland@diversitycollective.org, luis@diversitycollective.org, sexpositive805@gmail.com, unique@diversitycollective.org, AJ@diversitycollective.org, pflag@tcote.org","info@diversitycollective.org, info@thetransverse.net","celia@diversitycollective.org, roland@diversitycollective.org, luis@diversitycollective.org, sexpositive805@gmail.com, unique@diversitycollective.org, AJ@diversitycollective.org, pflag@tcote.org",https://www.diversitycollectivevc.org/about/#contact ,,https://www.instagram.com/_diversitycollective/,https://www.facebook.com/diversitycollectivevc/
227,XML/202521269349303362_public.xml,611558972,East Village Association Inc,San Diego Nonprofit,www.EastVillageSanDiego.com,6199927525,2025,1041 Market Street 200,San Diego,CA,92101,San Diego County,"1041 Market Street 200, San Diego, CA, 92101",541501.0,465340.0,Nan,eleanor@olivepublicrelations.com,,eleanor@olivepublicrelations.com,https://www.eastvillagesandiego.com/about/contact-us ,,https://www.instagram.com/eastvillagesd/,https://www.facebook.com/eastvillagesd
228,XML/202510439349302156_public.xml,952880426,Elderhelp Of San Diego,San Diego Nonprofit,WWW.ELDERHELPOFSANDIEGO.ORG,6192849281,2025,9590 Chesapeake Drive,San Diego,CA,92123,San Diego County,"9590 Chesapeake Drive, San Diego, CA, 92123",2562341.0,3130728.0,Deborah Martin,frontdesk@elderhelpofsandiego.org,,frontdesk@elderhelpofsandiego.org,https://elderhelpofsandiego.org/contact/ ,https://www.linkedin.com/company/elderhelp-of-san-diego/,https://www.instagram.com/elderhelpsd/,https://www.facebook.com/ElderHelp/
229,XML/202533159349301823_public.xml,330099715,Esperanza International Inc,San Diego Nonprofit,www.esperanzaint.org,,2025,550 West B Street 4Th Floor,San Diego,CA,92101,San Diego County,"550 West B Street 4Th Floor, San Diego, CA, 92101",304450.0,552392.0,Greg Harkness,"programs@esperanzaint.org, M.Zatarain@EsperanzaDeMexico.org, Development@EsperanzaInt.org",,"programs@esperanzaint.org, M.Zatarain@EsperanzaDeMexico.org, Development@EsperanzaInt.org",https://esperanzaint.org/contact-us/ ,,https://www.instagram.com/esperanzatj/,https://www.facebook.com/EsperanzaInt/
230,XML/202543219349327069_public.xml,811002068,Ethos Discovery,San Diego Nonprofit,WWW.ETHOSDISCOVERY.ORG,4104198542,2025,10435 Sorrento Valley Road,San Diego,CA,92121,San Diego County,"10435 Sorrento Valley Road, San Diego, CA, 92121",1043991.0,11990836.0,Tina Rice,ethosdiscovery@ethosdiscovery.org,,ethosdiscovery@ethosdiscovery.org,https://www.ethosdiscovery.org/contact-us/ ,https://www.linkedin.com/company/ethos-discovery/about/,,https://www.facebook.com/EthosDiscovery/
231,XML/202530919349300918_public.xml,811002068,Ethos Discovery,San Diego Nonprofit,WWW.ETHOSDISCOVERY.ORG,4104198542,2025,10435 Sorrento Valley Road,San Diego,CA,92121,San Diego County,"10435 Sorrento Valley Road, San Diego, CA, 92121",1293117.0,11734790.0,Tina Rice,ethosdiscovery@ethosdiscovery.org,,ethosdiscovery@ethosdiscovery.org,https://www.ethosdiscovery.org/contact-us/ ,https://www.linkedin.com/company/ethos-discovery/about/,,https://www.facebook.com/EthosDiscovery/
232,XML/202503219349310535_public.xml,203784449,Eudist Servants Of The 11Th Hour,San Diego Nonprofit,www.eudistservants.org,6194285783,2025,Po Box 530039,San Diego,CA,92153,San Diego County,"Po Box 530039, San Diego, CA, 92153",353653.0,632488.0,Nan,outreach@eudistservants.org,,outreach@eudistservants.org,https://eudistservants.org/contact-us/ ,,,
233,XML/202501349349310755_public.xml,942889684,Earth Island Institute,California Nonprofit ,https://www.earthisland.org/,5108599100,2025,2150 Allston Way,Berkeley,CA,94704,,"2150 Allston Way, Berkeley, CA, 94704",30907440.0,39932865.0,Josh Floum,Carrie@earthisland.org,,Carrie@earthisland.org,https://www.earthisland.org//index.php/contact ,https://www.linkedin.com/company/earth-island-institute/,https://www.instagram.com/earth_island_institute/,https://www.facebook.com/EarthIslandInstitute
234,,,East Bay Community Law Center,California Nonprofit ,https://ebclc.org/,,,2921 Adeline Street ,Berkeley,CA,,Alameda County,"2921 Adeline Street , Berkeley, CA",,,Nan,communications@ebclc.org,info@ebclc.org,communications@ebclc.org,https://ebclc.org/contact-us/ ,https://www.linkedin.com/company/east-bay-community-law-center/,https://www.instagram.com/eastbayclc/,https://www.facebook.com/ebclc/
235,XML/202532219349300213_public.xml,930812047,East European Folklife Center,California Nonprofit ,http://www.eefc.org/,5102195462,2025,Po Box 12488,Berkeley,CA,947123488,Humboldt County,"Po Box 12488, Berkeley, CA, 947123488",511949.0,400450.0,Anna Goldberg,office@eefc.org,,office@eefc.org,https://eefc.org/contact/ ,,https://www.instagram.com/eefc_org/,https://www.facebook.com/eefc.org
236,,,Echoher,California Nonprofit ,http://echoher.org/,,,Nan,Nan,,,,"Nan, Nan, nan",,,Nan,q@echoher.org,,q@echoher.org,,https://www.linkedin.com/company/echoher,https://www.instagram.com/echoherorg/,
237,XML/202522109349301537_public.xml,942476942,Ecumenical Hunger Program,California Nonprofit ,http://www.ehpcares.org/,6503237781,2025,2411 Pulgas Avenue,East Palo Alto,CA,94303,San Mateo County,"2411 Pulgas Avenue, East Palo Alto, CA, 94303",7924589.0,10843454.0,Gloria Wallace,"volunteers@ehpcares.org, donations@ehpcares.org",info@ehpcares.org,"volunteers@ehpcares.org, donations@ehpcares.org",https://www.ehpcares.org/contact-10 ,https://www.linkedin.com/company/ecumencal-hunger-program-ehp-/,https://www.instagram.com/ehpcares1975/?hl=en,https://www.facebook.com/EcumenicalHungerProgram/
238,XML/202521689349301242_public.xml,954401305,Educating Students Together,California Nonprofit ,https://estcap.org/,3102159522,2025,13101 W Washington Blvd Suite 452,Los Angeles,CA,90066,Los Angeles County,"13101 W Washington Blvd Suite 452, Los Angeles, CA, 90066",1762667.0,698515.0,Gregory Delahoussaye,yasminde@estcap.org,,yasminde@estcap.org,,https://www.linkedin.com/company/est-black-college-tours-and-college-access/%20,https://www.instagram.com/estcollegeaccessprogram/,https://www.facebook.com/ESTcollegeaccessprogram/
239,XML/202511279349302071_public.xml,942772110,El Concilio Of San Mateo County,California Nonprofit ,https://www.el-concilio.org/,6503731080,2025,3180 Middlefield Road,Redwood City,CA,94063,,"3180 Middlefield Road, Redwood City, CA, 94063",680720.0,1416128.0,Ana Angel Avendano,"ameyalli@el-concilio.org, sofiaraquel@el-concilio.org, jocelyn@el-concilio.orgsubject=Conectemonos",,"ameyalli@el-concilio.org, sofiaraquel@el-concilio.org, jocelyn@el-concilio.orgsubject=Conectemonos",https://www.el-concilio.org/contact-us ,,https://www.instagram.com/elconciliosmc/,https://www.facebook.com/ElConcilioofSanMateoCounty
240,XML/202520579349301787_public.xml,942214186,El Teatro Campesino,California Nonprofit ,http://www.elteatrocampesino.com/,8316232444,2025,Po Box 1240 705 Fourth St,San Juan Bautista,CA,95045,San Benito County,"Po Box 1240 705 Fourth St, San Juan Bautista, CA, 95045",403947.0,684413.0,Luis Valdez,"christy@elteatrocampesino.com, louisa@elteatrocampesino.co",info@elteatrocampesino.co,"christy@elteatrocampesino.com, louisa@elteatrocampesino.co",https://elteatrocampesino.com/contact-3/ ,,,https://www.facebook.com/elteatrocampesino/
241,XML/202510439349302156_public.xml,952880426,Elderhelp Of San Diego,California Nonprofit ,http://www.elderhelpofsandiego.org/,6192849281,2025,9590 Chesapeake Drive,San Diego,CA,92123,San Diego County,"9590 Chesapeake Drive, San Diego, CA, 92123",2562341.0,3130728.0,Deborah Martin,frontdesk@elderhelpofsandiego.org,,frontdesk@elderhelpofsandiego.org,https://elderhelpofsandiego.org/contact/ ,https://www.linkedin.com/company/elderhelp-of-san-diego/,https://www.instagram.com/elderhelpsd/,https://www.facebook.com/ElderHelp/
242,,,Electronic Frontier Foundation,California Nonprofit ,http://www.eff.org/,,,815 Eddy St ,San Francisco,CA,,San Francisco County,"815 Eddy St , San Francisco, CA",,,Nan,"membership@eff.org, press@eff.org, extension-devs@eff.org, activist@eff.org, hr@eff.org",info@eff.org,"membership@eff.org, press@eff.org, extension-devs@eff.org, activist@eff.org, hr@eff.org",,https://www.linkedin.com/company/EFF,https://www.instagram.com/efforg/,https://www.facebook.com/eff
243,XML/202523219349324432_public.xml,450508517,Empowher Institute,California Nonprofit ,http://www.empowher.org/,3104820430,2025,6820 La Tijera Blvd Suite 108,Los Angeles,CA,90045,Los Angeles County,"6820 La Tijera Blvd Suite 108, Los Angeles, CA, 90045",1595788.0,596614.0,Dawn L Brown,TeamEmpowher@povagency.co,info@empowher.org,TeamEmpowher@povagency.co,https://empowher.org/contact-1/ ,https://www.linkedin.com/company/empowher-institute,,https://www.facebook.com/EmpowherOrg
244,XML/202501369349301715_public.xml,942798433,Environmental Protection Information Center,California Nonprofit ,http://www.wildcalifornia.org/,7078227711,2025,145 G Street Suite A,Arcata,CA,95521,Humboldt County,"145 G Street Suite A, Arcata, CA, 95521",473101.0,526059.0,Thomas E Wheeler,"epic@wildcalifornia.org, cecilia@wildcalifornia.org, kimberly@wildcalifornia.org, tom@wildcalifornia.org, josefina@wildcalifornia.org, matt@wildcalifornia.org, amber@wildcalifornia.org, melodie@wildcalifornia.org",,"epic@wildcalifornia.org, cecilia@wildcalifornia.org, kimberly@wildcalifornia.org, tom@wildcalifornia.org, josefina@wildcalifornia.org, matt@wildcalifornia.org, amber@wildcalifornia.org, melodie@wildcalifornia.org",https://www.wildcalifornia.org/contact ,,https://www.instagram.com/epic_wildcalifornia/,https://www.facebook.com/WildCalifornia
245,XML/202511259349201116_public.xml,850539298,Episcopal Community Services,California Nonprofit ,http://www.ecscalifornia.org/,7324298125,2025,Po Box 86,Bedminster,NJ,7921,San Diego County,"Po Box 86, Bedminster, NJ, 7921",,,Nan,"twhipple@ecscalifornia.org, awilkerson@ecscalifornia.org",,"twhipple@ecscalifornia.org, awilkerson@ecscalifornia.org",http://www.ecscalifornia.org/contact-us ,https://www.linkedin.com/company/episcopal-community-services,https://www.instagram.com/ecssandiego/,https://www.facebook.com/ecscaliforniasd/
246,XML/202500509349300910_public.xml,237217027,Equal Rights Advocates,California Nonprofit ,http://www.equalrights.org/,4155752398,2025,611 Mission Street 4Th Floor,San Francisco,CA,94105,San Francisco County,"611 Mission Street 4Th Floor, San Francisco, CA, 94105",5453650.0,7799668.0,Noreen Farrell,"era@emccommunications.com, development@equalrights.org",,"era@emccommunications.com, development@equalrights.org",https://www.equalrights.org/contact/ ,https://www.linkedin.com/company/equal-rights-advocates/,https://www.instagram.com/equalrightsadv/,https://www.facebook.com/EqualRightsAdvocates
247,,,Equality California,California Nonprofit ,https://www.eqca.org/,,,555 W 5Th Street 35Th Floor ,Nan,CA,,Los Angeles County,"555 W 5Th Street 35Th Floor , Nan, CA",,,Nan,press@eqca.org,,press@eqca.org,https://www.eqca.org//about/#contact-us/ ,,,https://www.facebook.com/share.php?u=https://www.eqca.org/
248,XML/202523169349304117_public.xml,800956021,Essie Justice Group,California Nonprofit ,https://essiejusticegroup.org/,5107402508,2025,318 Harrison St 200,Oakland,CA,94607,Alameda County,"318 Harrison St 200, Oakland, CA, 94607",5979912.0,15870403.0,Gina Clayton-Johnson,"giving@essiejusticegroup.org, media@essiejusticegroup.org",info@essiejusticegroup.org,"giving@essiejusticegroup.org, media@essiejusticegroup.org",,https://www.linkedin.com/company/essie-justice-group/,https://www.instagram.com/essie4justice/,https://www.facebook.com/EssieJusticeGroup/
249,,,Evelyn And Walter Haas Jr. Fund,California Nonprofit ,http://www.haasjr.org/,,,450 Sansome Street Ste 1600 (16Th Floor) ,Nan,CA,,San Francisco County,"450 Sansome Street Ste 1600 (16Th Floor) , Nan, CA",,,Nan,"maliha@haasjr.org, gil@haasjr.org, communications@haasjr.org",,"maliha@haasjr.org, gil@haasjr.org, communications@haasjr.org",http://www.haasjr.org//about/contact ,https://www.linkedin.com/company/evelyn-and-walter-haas-jr--fund,https://www.instagram.com/haasjrfund,
250,XML/202531649349300028_public.xml,851609710,Every Day Action,California Nonprofit ,https://www.youreverydayaction.org/,3239372010,2025,Dld 4250 Wilshire Blvd,Los Angeles,CA,90010,,"Dld 4250 Wilshire Blvd, Los Angeles, CA, 90010",401845.0,154717.0,Hillary Cohen,"mail@youreverydayaction.org, lexie@growthmodeagency.com",,"mail@youreverydayaction.org, lexie@growthmodeagency.com",https://www.youreverydayaction.org/contactus ,https://www.linkedin.com/company/65639369/admin/feed/posts/,https://www.instagram.com/every_day_action/,https://www.facebook.com/youreverydayaction
251,,,Eviction Defense Collaborative,California Nonprofit ,https://evictiondefense.org/,Phone:6505929181,,976 Mission St. ,Los Angeles,CA,,San Francisco County,"976 Mission St. , Los Angeles, CA",,,Nan,"edcradco@evictiondefense.org, legal@evictiondefense.org, sca@evictiondefense.org",,"edcradco@evictiondefense.org, legal@evictiondefense.org, sca@evictiondefense.org",,,https://www.instagram.com/evictiondefense/,https://www.facebook.com/evictiondefense/
252,,,Fchip - Fresno Community Health Improvement Partnership,California Nonprofit ,http://fchip.org/,,,Nan,San Francisco,,,,"Nan, San Francisco, nan",,,Nan,"delaine@fresnometmin.org, brandi@fresnometmin.org, Sophia@fresnometmin.org",,"delaine@fresnometmin.org, brandi@fresnometmin.org, Sophia@fresnometmin.org",,https://www.linkedin.com/company/fresno-community-health-improvement-partnership/,https://www.instagram.com/fchip_,https://www.facebook.com/fchip.org/?ref=br_rs
253,XML/202502889349301995_public.xml,336091348,Firefighteraid Fka San Diego,San Diego Nonprofit,WWW.FIREFIGHTERAID.ORG,6192810354,2025,10509 San Diego Mission Road F,San Diego,CA,92108,San Diego County,"10509 San Diego Mission Road F, San Diego, CA, 92108",308281.0,705127.0,Brandt Truver,"mail@sdfra.org, motorsforminds@gmail.com",,"mail@sdfra.org, motorsforminds@gmail.com",https://www.firefighteraid.org/contact-us/ ,,https://www.instagram.com/sdfra1907/,https://www.facebook.com/FirefighterAid
254,,,Fist And Star Generation,California Nonprofit ,https://fistandstargen.org/,,,Nan,San Francisco,,,,"Nan, San Francisco, nan",,,Nan,gabriel@fistandstargen.org,,gabriel@fistandstargen.org,https://fistandstargen.org/contact ,,https://www.instagram.com/fistandstar/,https://www.facebook.com/fistandstargen
255,XML/202522389349300142_public.xml,330900957,Fitness Industry Suppliers,San Diego Nonprofit,WWW.FISANA.ORG,8585090034,2025,3525 Del Mar Heights Road Box 381,San Diego,CA,92130,San Diego County,"3525 Del Mar Heights Road Box 381, San Diego, CA, 92130",866942.0,706282.0,David Dinerman,"christopher.ellis@cbiz.com, christine@fisana.org, sal@fisana.org, davidinerman@fisana.org",info@fisana.org,"christopher.ellis@cbiz.com, christine@fisana.org, sal@fisana.org, davidinerman@fisana.org",https://fisana.org/contact-us/ ,,,https://www.facebook.com/profile.php?id=100075936909102
256,XML/202521709349300922_public.xml,330365351,Fletcher Hills Little League Inc,San Diego Nonprofit,https://www.fletcherhillslittleleague.com/,6198181879,2025,Po Box 19917,San Diego,CA,92159,San Diego County,"Po Box 19917, San Diego, CA, 92159",167255.0,49700.0,Ray Neder,president@fletcherhillslittleleague.com,,president@fletcherhillslittleleague.com,,,//www.instagram.com/fletcherhillslittleleague,
257,XML/202542759349301019_public.xml,330068571,Friends Of Los Penasquitos Canyon,San Diego Nonprofit,WWW.PENASQUITOS.ORG,8588637393,2025,Po Box 26523,San Diego,CA,92196,San Diego County,"Po Box 26523, San Diego, CA, 92196",31041.0,425908.0,Les Braund,"president@penasquitos.org, jeanie.anderson77@gmail.com, rrobertson@sandiego.gov, swanlaw@att.net, m.lueking10@gmail.com, cecilecowan@yahoo.com, antozamp@gmail.com, gwashington@sandiego.gov, Timothy.Leon@sdcounty.ca.gov, cindyburrascano@icloud.com, aharvey@ucsd.edu, kelly.mike8388@gmail.com",,"president@penasquitos.org, jeanie.anderson77@gmail.com, rrobertson@sandiego.gov, swanlaw@att.net, m.lueking10@gmail.com, cecilecowan@yahoo.com, antozamp@gmail.com, gwashington@sandiego.gov, Timothy.Leon@sdcounty.ca.gov, cindyburrascano@icloud.com, aharvey@ucsd.edu, kelly.mike8388@gmail.com",,,https://www.instagram.com/friendsofpqcanyon/,https://www.facebook.com/PenasquitosFriends/
258,XML/202531979349301213_public.xml,330174451,Friends Of Vista Hill Foundation,San Diego Nonprofit,VISTAHILL.ORG/FRIENDS,8585145100,2025,8910 Clairemont Mesa Blvd,San Diego,CA,92123,San Diego County,"8910 Clairemont Mesa Blvd, San Diego, CA, 92123",2894864.0,18367280.0,Richard Rushton,"jnettleton@vistahill.org, friends@vistahill.org, jsamala@vistahill.org, nchatterjee@vistahill.org, rpeniche@vistahill.org, jcairncross@vistahill.org",info@vistahill.org,"jnettleton@vistahill.org, friends@vistahill.org, jsamala@vistahill.org, nchatterjee@vistahill.org, rpeniche@vistahill.org, jcairncross@vistahill.org",,,,
259,XML/202541479349301309_public.xml,853703498,Fundamaya,San Diego Nonprofit,https://www.fundamaya.org,6198082109,2025,2609 Hartford St,San Diego,CA,92110,San Diego County,"2609 Hartford St, San Diego, CA, 92110",1255518.0,55465.0,Dwight Mara,sharonfundamaya@gmail.com,,sharonfundamaya@gmail.com,https://www.fundamaya.org/contact ,,https://www.instagram.com/fundamaya/,https://www.facebook.com/stacy.berkey.3?__cft__[0]=AZVHHVKm7n_XlwxkuSBT4KYpgwxZOPPhAP57GLTnBpQ9sHLdTvrCC6uDQg1FCIyVOBLEGBaqjxE9j85IVVU-xWo43ANmoDyk_w01S4NZAKh7jw&__tn__=-]C%2CP-R
260,,,Family Resource & Referral Center San Joaquin Dba Family Resource Center,California Nonprofit ,http://www.frcsj.org/,8314239444,,Nan,San Leandro,,,,"Nan, San Leandro, nan",,,Nan,"jobs@frcsj.org, food@frcsj.org, childcare@frcsj.org, webmaster@frcsj.org","sccinfo@frcsj.org, admin@frcsj.org","jobs@frcsj.org, food@frcsj.org, childcare@frcsj.org, webmaster@frcsj.org",https://frcsj.org/contact/ ,https://www.linkedin.com/company/family_resource_center/?viewAsMember=true,https://www.instagram.com/sjbecausekids/,https://www.facebook.com/frcsj
261,,,Family Service Agency Of The Central Coast,California Nonprofit ,http://www.fsa-cc.org/,,,104 Walnut Ave Ste 208 ,Oakland,CA,,Santa Cruz County,"104 Walnut Ave Ste 208 , Oakland, CA",,,Nan,"castillo.s@fsa-cc.org, cleveland.n@fsa-cc.org, dillehay.p@fsa-cc.org, segura.e@fsa-cc.org, kelley.b@fsa-cc.org, sims.p@fsa-cc.org, hr@fsa-cc.org, volzing.m@fsa-cc.org, alanis.s@fsa-cc.org, ledesma.d@fsa-cc.org, stratton.h@fsa-cc.org, jwaterswc@fsa-cc.org, joleen.a@fsa-cc.org, carroll.p@fsa-cc.org, mccabe.b@fsa-cc.org, nunez.a@fsa-cc.org, cuevas.c@fsa-cc.org, waters.j@fsa-cc.org, salata.b@fsa-cc.org, cisneros.c@fsa-cc.org",,"castillo.s@fsa-cc.org, cleveland.n@fsa-cc.org, dillehay.p@fsa-cc.org, segura.e@fsa-cc.org, kelley.b@fsa-cc.org, sims.p@fsa-cc.org, hr@fsa-cc.org, volzing.m@fsa-cc.org, alanis.s@fsa-cc.org, ledesma.d@fsa-cc.org, stratton.h@fsa-cc.org, jwaterswc@fsa-cc.org, joleen.a@fsa-cc.org, carroll.p@fsa-cc.org, mccabe.b@fsa-cc.org, nunez.a@fsa-cc.org, cuevas.c@fsa-cc.org, waters.j@fsa-cc.org, salata.b@fsa-cc.org, cisneros.c@fsa-cc.org",https://fsa-cc.org/contact/ ,,https://www.instagram.com/_fsa.cc_/,https://www.facebook.com/FamilyServiceAgencyCC
262,,,Fisher House Southern California,California Nonprofit ,http://fisherhousesocal.org/,,,Nan,Nan,,,,"Nan, Nan, nan",,,Nan,"AMize@FisherHouseSoCal.org, Hzappin@FisherHouseSoCal.org",,"AMize@FisherHouseSoCal.org, Hzappin@FisherHouseSoCal.org",https://fisherhousesocal.org/contact/ ,https://www.linkedin.com/company/fisher-house-southern-california/,https://www.instagram.com/fisherhousesoutherncalifornia/,https://www.facebook.com/FisherHouseSouthernCalifornia/
263,,,Five Keys Schools And Programs,California Nonprofit ,http://www.fivekeys.org/,15102281900,,70 Oak Grove Street ,Nan,CA,,San Francisco County,"70 Oak Grove Street , Nan, CA",,,Nan,recruiting@fivekeys.org,info@fivekeys.org,recruiting@fivekeys.org,http://www.fivekeys.org/contact-us ,https://www.linkedin.com/company/five-keys-schools-and-programs/posts/?feedView=all,https://www.instagram.com/fivekeysschoolsandprograms/,https://www.facebook.com/FiveKeysSchoolsAndPrograms/
264,,,Focus Forward,California Nonprofit ,http://www.focusforward.org/,,,3333 E American Ave Ste B ,San Francisco,CA,,Fresno County,"3333 E American Ave Ste B , San Francisco, CA",,,Nan,"ashleyb@focusforward.org, joseg@focusforward.org",,"ashleyb@focusforward.org, joseg@focusforward.org",http://www.focusforward.org//bright-futures-contacts ,,https://www.instagram.com/focusforward559/,https://www.facebook.com/FocusForward559/
265,XML/202522659349301607_public.xml,943019867,Folsom Street,California Nonprofit ,https://www.folsomstreet.org/,4155523247,2025,1286 Folsom St,San Francisco,CA,94103,San Francisco County,"1286 Folsom St, San Francisco, CA, 94103",689784.0,16717.0,Nan,exhibitors@folsomstreet.org,"finfo@folsomstreetevents.org, finfo@folsomstreet.org",exhibitors@folsomstreet.org,https://www.folsomstreet.org/contact-us ,,https://www.instagram.com/folsomstreet/,https://www.facebook.com/folsom.street/
266,,,"Food Forward, Inc",California Nonprofit ,http://www.foodforward.org/,,,7412 Fulton Avenue 233 ,Los Angeles,CA,,,"7412 Fulton Avenue 233 , Los Angeles, CA",,,Nan,"alia@foodforward.org, fmrecovery@foodforward.org, allison@foodforward.org, harvest@foodforward.org, harvestvc@foodforward.org, volunteer@foodforward.org, development@foodforward.org",,"alia@foodforward.org, fmrecovery@foodforward.org, allison@foodforward.org, harvest@foodforward.org, harvestvc@foodforward.org, volunteer@foodforward.org, development@foodforward.org",http://www.foodforward.org//who-we-are/contact ,https://www.linkedin.com/company/food-forward,https://www.instagram.com/foodforward/,https://www.facebook.com/foodforwardinc
267,,,Fosterhope Of Sacramento,California Nonprofit ,http://fosterhopesac.org/,,,4144 Winding Way ,Riverside,CA,,Sacramento County,"4144 Winding Way , Riverside, CA",,,Nan,foster@fosterhopesac.org,contact@example.com,foster@fosterhopesac.org,https://fosterhopesac.org/contact-us-2/ ,https://www.linkedin.com/company/fosterhope-sacramento/,https://www.instagram.com/fosterhopesac/,https://www.facebook.com/FosterHopeSac/
268,,,Foundation For Filipina Women'S Network,California Nonprofit ,http://www.filipinawomensnetwork.org/,,,Po Box 192143 ,Pasadena,CA,,San Francisco County,"Po Box 192143 , Pasadena, CA",,,Nan,"filipina@ffwn.org, filipina+web@ffwn.org",,"filipina@ffwn.org, filipina+web@ffwn.org",http://www.filipinawomensnetwork.org/contact ,,https://www.instagram.com/filipinawomen/,
269,,,Frank R. Howard Foundation,California Nonprofit ,http://www.howardfoundation.org/,,,3 Marcela Drive Suite A ,Northridge,CA,,Mendocino County,"3 Marcela Drive Suite A , Northridge, CA",,,Nan,amello@howardfoundation.org,,amello@howardfoundation.org,https://www.howardfoundation.org/contact-us ,,,https://www.facebook.com/Frank-R-Howard-Foundation-445687538935480/
270,XML/202502869349301320_public.xml,954302175,Free Speech Coalition,California Nonprofit ,http://www.freespeechcoalition.com/,8183489373,2025,Pobox 10480,Canoga Park,CA,91309,,"Pobox 10480, Canoga Park, CA, 91309",1207862.0,802500.0,Alison Bodenhemier,press@freespeechcoalition.com,info@freespeechcoalition.com,press@freespeechcoalition.com,http://www.freespeechcoalition.com/contact-us ,https://www.linkedin.com/company/free-speech-coalition/,https://www.instagram.com/freespeechcoalition/,
271,XML/202522699349300932_public.xml,274437945,Freedom 4 Youth,California Nonprofit ,https://freedom4youth.org/,8057081292,2025,Po Box 2096,Santa Barbara,CA,93120,Santa Barbara County,"Po Box 2096, Santa Barbara, CA, 93120",1081815.0,72753.0,Nan,INFO@FREEDOM4YOUTH.ORG,info@freedom4youth.org,INFO@FREEDOM4YOUTH.ORG,https://freedom4youth.org/about-us/contact-us/ ,,https://www.instagram.com/freedom4youthorg/,https://www.facebook.com/freedom4youthorg/
272,XML/202521229349301872_public.xml,522234595,Fresh Lifelines For Youth,California Nonprofit ,http://www.flyprogram.org/,4082632630,2025,568 Valley Way,Milpitas,CA,95035,Santa Clara County,"568 Valley Way, Milpitas, CA, 95035",10324129.0,6811989.0,Artavia Berry,"mdew@flyprogram.org, narriaga@flyprogram.org, dross@flyprogram.org, katehiester@flyprogram.org",,"mdew@flyprogram.org, narriaga@flyprogram.org, dross@flyprogram.org, katehiester@flyprogram.org",https://flyprogram.org/contact/ ,https://www.linkedin.com/company/fresh-lifelines-for-youth-fly-,https://www.instagram.com/flyprogram/,https://www.facebook.com/flyprogram
273,XML/202523219349103292_public.xml,990974528,Friendly El Monte Charity 4 Kids,California Nonprofit ,https://www.femc4kids.org/,,2025,1025 Bonita Ave,La Verne,CA,91750,,"1025 Bonita Ave, La Verne, CA, 91750",,,Nan,"anthonyxramirez@icloud.com, ilene@femc4kids.org, robertbravo88@gmail.com, jerryaguilar13@gmail.com, mnava@mtviewschools.net, cmike7910@gmail.com",,"anthonyxramirez@icloud.com, ilene@femc4kids.org, robertbravo88@gmail.com, jerryaguilar13@gmail.com, mnava@mtviewschools.net, cmike7910@gmail.com",,https://www.linkedin.com/company/friendly-el-monte-charity-4-kids/,https://www.instagram.com/femc4kids,
274,,,Friends Of International Friendship Park,California Nonprofit ,http://internationalfriendshippark.org/,,,Nan,Nan,,,,"Nan, Nan, nan",,,Nan,"john@friendshippark.org, dan@friendshippark.org, visitus@friendshippark.org, comunidad@friendshippark.org, visitmx@friendshippark.org",,"john@friendshippark.org, dan@friendshippark.org, visitus@friendshippark.org, comunidad@friendshippark.org, visitmx@friendshippark.org",https://internationalfriendshippark.org/contact/ ,,https://www.instagram.com/friendshipparkusmx/,https://www.facebook.com/FofPark
275,XML/202542759349301659_public.xml,651227043,Friends Of Rose Canyon,San Diego Nonprofit,rosecanyon.org,8585251489,2025,6804 Fisk Avenue,San Diego,CA,92122,San Diego County,"6804 Fisk Avenue, San Diego, CA, 92122",134305.0,587264.0,Deborah Knight,"rosecanyon@san.rr.com, rosecanyon@iCloud.com",,"rosecanyon@san.rr.com, rosecanyon@iCloud.com",,,,
276,XML/202501799349300005_public.xml,942566798,Friends Of Scrap,California Nonprofit ,http://www.scrap-sf.org/,4156471746,2025,834 Toland Street,San Francisco,CA,94124,San Francisco County,"834 Toland Street, San Francisco, CA, 94124",1187906.0,692048.0,Merritt Richmond,"kayci@scrap-sf.org, donate@scrap-sf.org, terry@scrap-sf.org, danielle@scrap-sf.org, scrap@scrap-sf.org, volunteer@scrap-sf.org",,"kayci@scrap-sf.org, donate@scrap-sf.org, terry@scrap-sf.org, danielle@scrap-sf.org, scrap@scrap-sf.org, volunteer@scrap-sf.org",,,,
277,,,Friends Of The 1883 Clarksburg Schoolhouse,California Nonprofit ,http://1883clarksburgschoolhouse.org/,7072346365,,Nan,Arcata,,,,"Nan, Arcata, nan",,,Nan,1883school@gmail.com,,1883school@gmail.com,,,,
278,,,Friends Of The Mendocino County Museum,California Nonprofit ,https://mendocinocountymuseumfriends.org/,,,Po Box 1384 ,Redondo Beach,CA,,Mendocino County,"Po Box 1384 , Redondo Beach, CA",,,Nan,fotmcm@yahoo.com,,fotmcm@yahoo.com,,,,https://www.facebook.com/557196867481002
279,,,Friends Of The River Foundation,California Nonprofit ,https://www.friendsoftheriver.org/,,,Nan,Oakland,,,,"Nan, Oakland, nan",,,Nan,"matt@stoeckerecological.com, astroud@friendsoftheriver.org, janndorman@friendsoftheriver.org, greg@friendsoftheriver.org, gbobker@friendsoftheriver.org, keiko@friendsoftheriver.org, amy@friendsoftheriver.org, rstork@friendsoftheriver.org",info@friendsoftheriver.org,"matt@stoeckerecological.com, astroud@friendsoftheriver.org, janndorman@friendsoftheriver.org, greg@friendsoftheriver.org, gbobker@friendsoftheriver.org, keiko@friendsoftheriver.org, amy@friendsoftheriver.org, rstork@friendsoftheriver.org",https://www.friendsoftheriver.org/contact/ ,,,
280,XML/202511129349301971_public.xml,464192980,Gate Academy,California Nonprofit ,http://www.gateacademy.org/,6162221700,2025,123 Flemingfield Rd,Greensboro,NC,27045,Marin County,"123 Flemingfield Rd, Greensboro, NC, 27045",8798424.0,1614080.0,Jeff Phillips,nbond@gateacademy.org,admin@gateacademy.org,nbond@gateacademy.org,http://www.gateacademy.org/contact.html ,,,
281,XML/202502459349301295_public.xml,204417327,Go2 For Lung Cancer,California Nonprofit ,https://go2.org/,2024632080,2025,2033 K Street Nw 500,Washington,DC,20006,San Mateo County,"2033 K Street Nw 500, Washington, DC, 20006",12221359.0,17189128.0,Steve Raich,support@go2.org,info@go2.org,support@go2.org,https://go2.org//about-us/contact ,https://www.linkedin.com/company/go2forlungcancer/,https://www.instagram.com/go2forlungcancer/,https://www.facebook.com/GO2forLungCancer/
282,XML/202503189349301875_public.xml,951652910,Goodwill Industries Of San Diego County,San Diego Nonprofit,WWW.SDGOODWILL.ORG,6192252200,2025,3663 Rosecrans Street,San Diego,CA,921103226,San Diego County,"3663 Rosecrans Street, San Diego, CA, 921103226",97654263.0,160867136.0,Toni M Giffin,"jcovarrubias@sdgoodwill.org, rdavis@sdgoodwill.org, apritchard@sdgoodwill.org, dwardlow@sdgoodwill.org, dcossio@sdgoodwill.org, sfyson@sdgoodwill.org, mguizar@sdgoodwill.org, jobs@sdgoodwill.org, kveeder@sdgoodwill.org, ecommerce@sdgoodwill.org, iclark@sdgoodwill.org",info@sdgoodwill.org,"jcovarrubias@sdgoodwill.org, rdavis@sdgoodwill.org, apritchard@sdgoodwill.org, dwardlow@sdgoodwill.org, dcossio@sdgoodwill.org, sfyson@sdgoodwill.org, mguizar@sdgoodwill.org, jobs@sdgoodwill.org, kveeder@sdgoodwill.org, ecommerce@sdgoodwill.org, iclark@sdgoodwill.org",https://sdgoodwill.org/aboutus/contact/ ,https://www.linkedin.com/company/goodwill-industries-of-san-diego-county,https://www.instagram.com/goodwillsandiego/,
283,XML/202532409349300828_public.xml,953434101,Greater San Diego Business Association Inc,San Diego Nonprofit,www.sdeba.org,6192964543,2025,Po Box 33848,San Diego,CA,921633848,San Diego County,"Po Box 33848, San Diego, CA, 921633848",98821.0,14977.0,Cameron Stacy,"mike@mikesd.com, nicolle@nicollemackey.com, improv@IMPROVentures.comsubject=BNG",info@sdeba.org,"mike@mikesd.com, nicolle@nicollemackey.com, improv@IMPROVentures.comsubject=BNG",https://sdeba.org/contact ,https://www.linkedin.com/company/greater-san-diego-business-association/,https://www.instagram.com/sdebalgbtqchamber/,
284,XML/202513509349300526_public.xml,231706693,Gateway School,California Nonprofit ,https://gatewaysc.org/,6106425444,2025,24 Old Gulph Road,Wynnewood,PA,19096,Santa Cruz County,"24 Old Gulph Road, Wynnewood, PA, 19096",1660584.0,3525888.0,Dawn Hahn,admissions@gatewaysc.org,,admissions@gatewaysc.org,,,https://www.instagram.com/gatewayschoolsantacruz/,https://www.facebook.com/pages/Gateway-School-Santa-Cruz/129004470477104
285,,,Gay Lesbian Bisexual Transgender Historical Society,California Nonprofit ,http://www.glbthistory.org/,,,989 Market Street Lower Level ,Nan,CA,,San Francisco County,"989 Market Street Lower Level , Nan, CA",,,Nan,"reference@glbthistory.org, membership@glbthistory.org, press@glbthistory.org",info@glbthistory.org,"reference@glbthistory.org, membership@glbthistory.org, press@glbthistory.org",,,https://www.instagram.com/glbt_history/,https://www.facebook.com/GLBTHistory
286,,,"Germania Verein, Inc.",California Nonprofit ,http://germaniaverein.org/,,,261 N Second Street ,Redding,CA,,Santa Clara County,"261 N Second Street , Redding, CA",,,Nan,"secretary@germaniaverein.org, president@germaniaverein.org, germaniasjcboard@gmail.com, treasurer@germaniaverein.org, vicepresident@germaniaverein.org, sjgermaniachor@gmail.com",info@germaniaverein.org,"secretary@germaniaverein.org, president@germaniaverein.org, germaniasjcboard@gmail.com, treasurer@germaniaverein.org, vicepresident@germaniaverein.org, sjgermaniachor@gmail.com",https://germaniaverein.org/contact/ ,,https://www.instagram.com/germaniaverein,https://www.facebook.com/germaniaverein/
287,XML/202533219349327163_public.xml,474343977,Give Us The Floor,California Nonprofit ,https://giveusthefloor.org/,4155184528,2025,943 Howard Street,San Francisco,CA,94103,,"943 Howard Street, San Francisco, CA, 94103",728930.0,219789.0,Valerie Grison-Alsop,groups@giveusthefloor.org,,groups@giveusthefloor.org,https://giveusthefloor.org/contact ,,,
288,XML/202520359349300507_public.xml,862032291,Global Village Intergalactic Educational Services,California Nonprofit ,http://www.globalvillageschool.org/,8056469792,2025,Po Box 480,Ojai,CA,93024,Ventura County,"Po Box 480, Ojai, CA, 93024",403437.0,303176.0,Louise Perry, family-services@globalvillageschool.org, info@globalvillageschool.org, family-services@globalvillageschool.org,http://www.globalvillageschool.org/contact ,,https://www.instagram.com/globalvillageschool,https://www.facebook.com/globalvillageschool
289,,,God’S Ladies In Charge,California Nonprofit ,https://www.godsladiesincharge.org/,,,Nan,Nan,,,,"Nan, Nan, nan",,,Nan,"glicroni@gmail.com, glicjanice@gmail.com, glicjasmaign@gmail.com, glicdolores@gmail.com, glicqrose@gmail.com",,"glicroni@gmail.com, glicjanice@gmail.com, glicjasmaign@gmail.com, glicdolores@gmail.com, glicqrose@gmail.com",,,,
290,,,Golden Gate Bird Alliance,California Nonprofit ,http://www.goldengatebirdalliance.org/,,,2150 Allston Way Suite 210 ,Nan,CA,,Alameda County,"2150 Allston Way Suite 210 , Nan, CA",,,Nan,"volunteer@goldengatebirds.org, donations@goldengatebirds.org, president@goldengatebirds.org, jcarpinelli@goldengatebirds.org, fieldtrips@goldengatebirds.org, gphillips@goldengatebirds.org, travelprogram@goldengatebirds.org, classes@goldengatebirds.org, ahawkins@goldengatebirds.org, rnakano@goldengatebirds.org, canderson@goldengatebirds.org, membership@goldengatebirds.org, gmarschall@goldengatebirds.org, sjain@goldengatebirds.org, wgrover@goldengatebirds.org, mpearce@goldengatebirds.org",info@goldengatebirds.org,"volunteer@goldengatebirds.org, donations@goldengatebirds.org, president@goldengatebirds.org, jcarpinelli@goldengatebirds.org, fieldtrips@goldengatebirds.org, gphillips@goldengatebirds.org, travelprogram@goldengatebirds.org, classes@goldengatebirds.org, ahawkins@goldengatebirds.org, rnakano@goldengatebirds.org, canderson@goldengatebirds.org, membership@goldengatebirds.org, gmarschall@goldengatebirds.org, sjain@goldengatebirds.org, wgrover@goldengatebirds.org, mpearce@goldengatebirds.org",,,https://www.instagram.com/goldengatebirdalliance,https://www.facebook.com/GoldenGateBirdAlliance
291,XML/202523169349308417_public.xml,954703607,Golden West Humanitarian Foundation,California Nonprofit ,http://www.goldenwesthf.org/,8187030024,2025,6355 Topanga Canyon Blvd 517,Woodland Hills,CA,91367,,"6355 Topanga Canyon Blvd 517, Woodland Hills, CA, 91367",13433089.0,7901192.0,Nan,media@goldenwesthf.org,,media@goldenwesthf.org,https://goldenwesthf.org/contact-us/ ,https://www.linkedin.com/company/golden-west-humanitarian-foundation/,,https://www.facebook.com/GoldenWestHF/
292,,,Goodwill Southern California,California Nonprofit ,https://powerofwork.goodwillsocal.org/,,,Nan,San Jose,,,,"Nan, San Jose, nan",,,Nan,developmentdept@goodwillsocal.org,info@goodwillsocal.org,developmentdept@goodwillsocal.org,,https://www.linkedin.com/company/goodwill-southern-california/,,https://www.facebook.com/GoodwillSoCal
293,,,Greater Inland Empire Black Nurses Association,California Nonprofit ,http://greaterinlandempirebna.org/,9162868600,,Nan,Los Angeles,,,,"Nan, Los Angeles, nan",,,Nan,Greaterinlandempirebna@gmail.comsubject=Join our cause ,,Greaterinlandempirebna@gmail.comsubject=Join our cause ,https://www.greaterinlandempirebna.org/contact ,,https://www.instagram.com/greater_ie_bna/,https://www.facebook.com/GreaterIEBNA
294,XML/202500849339300710_public.xml,952369545,Greater Los Angeles Zoo Association,California Nonprofit ,http://www.lazoo.org/,3236949993,2025,5333 Zoo Drive,Los Angeles,CA,900271498,Los Angeles County,"5333 Zoo Drive, Los Angeles, CA, 900271498",,,Nan,"membership@zoo.lacity.org, lazoo.press@lacity.org",lazoo.info@lacity.org,"membership@zoo.lacity.org, lazoo.press@lacity.org",https://lazoo.org/about/contact/ ,,,https://www.facebook.com/lazoo
295,XML/202501229349300010_public.xml,953374645,Griffith Observatory Foundation,California Nonprofit ,http://www.griffithobservatoryfoundation.org/,2134730879,2025,2800 East Observatory Road,Los Angeles,CA,90027,Los Angeles County,"2800 East Observatory Road, Los Angeles, CA, 90027",1876983.0,2706486.0,Julie Lacouture,inquiries@griffithmedia.org,,inquiries@griffithmedia.org,https://griffithobservatory.lacity.gov/about/contact/ ,,https://www.instagram.com/griffithobservatory/,https://www.facebook.com/GriffithObservatory/
296,XML/202531059349301848_public.xml,743184848,Groundwork San Diego-Chollas Creek,San Diego Nonprofit,groundworksandiego.org,6195430430,2025,5106 Federal Blvd 203,San Diego,CA,92105,San Diego County,"5106 Federal Blvd 203, San Diego, CA, 92105",1578323.0,1473188.0,Nan,groundworker@groundworksandiego.org,,groundworker@groundworksandiego.org,,,https://www.instagram.com/p/DJ2Y2oQy2Js/,https://www.facebook.com/GroundworkSD/
297,XML/202503389349300520_public.xml,743184848,Groundwork San Diego-Chollas Creek,San Diego Nonprofit,groundworksandiego.org,6195430430,2025,5106 Federal Blvd 203,San Diego,CA,92105,San Diego County,"5106 Federal Blvd 203, San Diego, CA, 92105",1854435.0,1852941.0,Nan,groundworker@groundworksandiego.org,,groundworker@groundworksandiego.org,,,https://www.instagram.com/p/DJ2Y2oQy2Js/,https://www.facebook.com/GroundworkSD/
298,,,Haart-High Desert Animal Assisted Rescue And Therapy At Double Barrel Desert Ranch,California Nonprofit ,http://www.haartranch.org/,,,Nan,Nan,,,,"Nan, Nan, nan",,,Nan,HAART@haartranch.org,,HAART@haartranch.org,http://www.haartranch.org/contact-us ,,,
299,XML/202501579349301560_public.xml,834274095,Harbin Shs Animal Rescue,San Diego Nonprofit,https://www.harbinshs.com/,6198089935,2025,4231 Balboa Ave 1462,San Diego,CA,92117,San Diego County,"4231 Balboa Ave 1462, San Diego, CA, 92117",1359325.0,495543.0,Jacquelynn Schoenack,"volunteer@harbinshs.com, support@harbinshs.com",,"volunteer@harbinshs.com, support@harbinshs.com",https://www.harbinshs.com/contact ,,https://www.instagram.com/slaughterhouse_survivors/,https://www.facebook.com/SlaughterhouseSurvivors/
300,XML/202541679349300024_public.xml,330799225,Heritage Christian School Of San Diego,San Diego Nonprofit,WWW.HCSSD.ORG,8585412254,2025,5725 Kearny Villa Rd,San Diego,CA,921231134,San Diego County,"5725 Kearny Villa Rd, San Diego, CA, 921231134",494148.0,458022.0,Nan,registrar@hcssd.org,,registrar@hcssd.org,,,https://www.instagram.com/hcssandiego/,https://www.facebook.com/HeritageChristianSchoolSanDiego/?ref=bookmarks
301,XML/202511329349304956_public.xml,275376894,Holly Drive Leadership Academy,San Diego Nonprofit,WWW.HDLA.ORG,6192667333,2025,4801 Elm Street,San Diego,CA,92102,San Diego County,"4801 Elm Street, San Diego, CA, 92102",2088845.0,1467796.0,Alysia Shaw-Smith,principal@hdla.org,,principal@hdla.org,https://hdla.org/contact-us/ ,,,
302,XML/202501349349303390_public.xml,203681634,Horses Of Tir Na Nog,San Diego Nonprofit,HORSESOFTIRNANOG.ORG,6194656384,2025,6364 Arms Lake Avenue,San Diego,CA,92119,San Diego County,"6364 Arms Lake Avenue, San Diego, CA, 92119",477471.0,34500.0,Amy P Rigney,horsesoftirnanog@yahoo.com,,horsesoftirnanog@yahoo.com,https://visitor.r20.constantcontact.com/manage/optin?v=001199AEsRTBi6KG1iI2uFPOQUfjtI1jTgB8MWBAdhinzmYyJHMmSh8JwlEpAoSgfCVy2_IJq7tcOYonO4vKbifReDEjz7boxgUMDgW7EVmzFTJdg6QZu_4zoPB8NGWzIBp5ODGNrpzD4XMiIS8OkD0O1-m6vO2Qt3RHahiAAuZWjo%3D ,,https://www.instagram.com/horsesoftirnanog/,https://www.facebook.com/horsestnn/
303,XML/202511269349302776_public.xml,770206356,Habitat For Humanity Monterey Bay,California Nonprofit ,http://www.habitatmontereybay.org/,8314694663,2025,108 Magnolia Street,Santa Cruz,CA,95062,,"108 Magnolia Street, Santa Cruz, CA, 95062",5154928.0,4230489.0,Nan,"donate@restoremb.orgsubject=Donation Question, development@habitatmontereybay.orgsubject=Development Question., volunteer@habitatmontereybay.orgsubject=Volunteer Contact Form, marife@habitatmontereybay.orgsubject=Family Services",,"donate@restoremb.orgsubject=Donation Question, development@habitatmontereybay.orgsubject=Development Question., volunteer@habitatmontereybay.orgsubject=Volunteer Contact Form, marife@habitatmontereybay.orgsubject=Family Services",https://www.habitatmontereybay.com/contactus ,https://www.linkedin.com/company/habitatmontereybay/,https://www.instagram.com/habitatmontereybay,https://www.facebook.com/HabitatMontereyBay/
304,XML/202501269349302445_public.xml,510172471,Harmonium Inc,San Diego Nonprofit,www.harmoniumsd.org,8586843080,2025,5440 Morehouse Drive Ste 1000,San Diego,CA,92121,San Diego County,"5440 Morehouse Drive Ste 1000, San Diego, CA, 92121",16049124.0,3340832.0,Rosa Ana Lozada,"lvarney@harmoniumsd.org, cprecruitment@harmoniumsd.org, jmontorsi@harmoniumsd.org, minhchau.nguyen@harmoniumsd.org, kgonzalez@harmoniumsd.org, rlozada@harmoniumsd.org, ptenrollment@harmoniumsd.org, dbaxter@harmoniumsd.org, nsadatrafiei@harmoniumsd.org, varteaga@harmoniumsd.org, communications@harmoniumsd.org, tceotto@harmoniumsd.org, shyde@harmoniumsd.org, srenick@harmoniumsd.org",,"lvarney@harmoniumsd.org, cprecruitment@harmoniumsd.org, jmontorsi@harmoniumsd.org, minhchau.nguyen@harmoniumsd.org, kgonzalez@harmoniumsd.org, rlozada@harmoniumsd.org, ptenrollment@harmoniumsd.org, dbaxter@harmoniumsd.org, nsadatrafiei@harmoniumsd.org, varteaga@harmoniumsd.org, communications@harmoniumsd.org, tceotto@harmoniumsd.org, shyde@harmoniumsd.org, srenick@harmoniumsd.org",https://www.harmoniumsd.org/contact#map ,https://www.linkedin.com/company/harmonium-inc/,https://www.instagram.com/harmoniumsd/,https://www.facebook.com/Harmonium-in-San-Diego-155505071138720
305,,,Harriett Buhai Center For Family Law,California Nonprofit ,http://www.hbcfl.org/,,,3250 Wilshire Blvd Ste 710 ,Nan,CA,,Los Angeles County,"3250 Wilshire Blvd Ste 710 , Nan, CA",,,Nan,"century@hbcfl.org, probono@hbcfl.org, volunteer@hbcfl.org, publications@hbcfl.org, lawstudent@hbcfl.org",info@hbcfl.org,"century@hbcfl.org, probono@hbcfl.org, volunteer@hbcfl.org, publications@hbcfl.org, lawstudent@hbcfl.org",,https://www.linkedin.com/company/harriett-buhai-center-for-family-law/,https://www.instagram.com/harriettbuhaicenter,https://www.facebook.com/harriettbuhaicenter
306,,,Have A Ball Foundation Inc.,California Nonprofit ,http://www.haveaballgolf.com/,,,Nan,Los Angeles,,,,"Nan, Los Angeles, nan",,,Nan,haveaballgolf@gmail.com,,haveaballgolf@gmail.com,,,,https://www.facebook.com/HaveABallGolf
307,,,Hazel'S Hands Inc.,California Nonprofit ,http://www.hazelshands.com/,8182752227,,12672 Limonite Ave Ste 3E 23175 ,Citrus Heights,CA,,Riverside County,"12672 Limonite Ave Ste 3E 23175 , Citrus Heights, CA",,,Nan,hazelshandsinc@gmail.com,,hazelshandsinc@gmail.com,https://www.hazelshands.com/contact ,,,
308,XML/202513179349311856_public.xml,942817843,Headlands Center For The Arts,California Nonprofit ,http://www.headlands.org/,4153312787,2025,944 Fort Barry,Sausalito,CA,94965,Marin County,"944 Fort Barry, Sausalito, CA, 94965",2849001.0,5271091.0,Louisa Gloger,comms@headlands.org,info@headlands.org,comms@headlands.org,https://www.headlands.org/contact/ ,,https://www.instagram.com/HeadlandsArts/,https://www.facebook.com/HeadlandsArts
309,,,Health Projects Center,California Nonprofit ,http://www.hpcn.org/,,,9000 Soquel Avenue Ste 103 ,San Jose,CA,,Santa Cruz County,"9000 Soquel Avenue Ste 103 , San Jose, CA",,,Nan,HR@hpcn.org,,HR@hpcn.org,https://www.hpcn.org/contact ,https://www.linkedin.com/company/health-projects-center/,https://www.instagram.com/healthprojectscenter,https://www.facebook.com/HealthProjectsCenter
310,,,Healthy Valley Foundation,California Nonprofit ,http://www.healthyvalleyfoundation.org/,,,3337 W Florida Ave 23244 ,Roseville,CA,,Riverside County,"3337 W Florida Ave 23244 , Roseville, CA",,,Nan,healthyvalleyfoundation@gmail.com,,healthyvalleyfoundation@gmail.com,http://www.healthyvalleyfoundation.org/contact ,https://www.linkedin.com/company/healthy-valley-foundation/,https://www.instagram.com/healthyvalleyfoundation,https://www.facebook.com/HealthyValleyFoundation
311,,,Heart In Home Specialties,California Nonprofit ,https://heartinhomespecialties.org/,,,Nan,Nan,,,,"Nan, Nan, nan",,,Nan,vernita@heartinhomespecialties.org,,vernita@heartinhomespecialties.org,https://heartinhomespecialties.org/#contact ,,,
312,,,Helping Paws Foundation,California Nonprofit ,https://helpingpawssandiego.org/,5108451447,,Nan,Philo,,,,"Nan, Philo, nan",,,Nan,kimberlydanker@helpingpawssandiego.org,,kimberlydanker@helpingpawssandiego.org,https://helpingpawssandiego.org/contact-helping-paws-foundation-vista-ca/ ,,https://www.instagram.com/helpingpawsfoundation,https://www.facebook.com/helpingpawssandiego/
313,XML/202520249349301212_public.xml,946109093,Hesperian Health Guides,California Nonprofit ,http://www.hesperian.org/,5108451447,2025,2860 Telegraph Ave,Oakland,CA,94609,Alameda County,"2860 Telegraph Ave, Oakland, CA, 94609",2110057.0,3521627.0,Sarah Shannon,"bookorders@hesperian.org, publicity@hesperian.org, hesperian@hesperian.org",,"bookorders@hesperian.org, publicity@hesperian.org, hesperian@hesperian.org",,https://www.linkedin.com/company/hesperianhealthguides,https://www.instagram.com/hesperianhealthguides/,https://www.facebook.com/HesperianHealthGuides
314,XML/202540589349300734_public.xml,330866869,High Tech High Foundation,San Diego Nonprofit,hightechhighfoundation.org,6199339883,2025,Po Box 371094,San Diego,CA,92137,San Diego County,"Po Box 371094, San Diego, CA, 92137",779652.0,663310.0,Susan Wiczynski,"treasurer@hightechhighfoundation.org, HTHF@hightechhighfoundation.org",,"treasurer@hightechhighfoundation.org, HTHF@hightechhighfoundation.org",,,,
315,,,Hillside School & Learning Center,California Nonprofit ,http://www.hillsideforsuccess.org/,,,4331 Oak Grove Dr ,Los Angeles,CA,,,"4331 Oak Grove Dr , Los Angeles, CA",,,Nan,woodelcik@hillsidelc.org,,woodelcik@hillsidelc.org,https://hillsideforsuccess.org/contact-us/ ,,https://www.instagram.com/hillsideschoollacanada/?hl=en,https://www.facebook.com/people/The-Hillside-School-and-Learning-Center/100057485293502/
316,XML/202502479349301420_public.xml,330623252,Hindu Mandir Society Of San Diego Inc,San Diego Nonprofit,https://shrimandirsandiego.org/,8585665644,2025,9474 Black Mountain Road Suite L,San Diego,CA,92126,San Diego County,"9474 Black Mountain Road Suite L, San Diego, CA, 92126",2278826.0,4975249.0,Rami Reddy Mutyala Dr,"srimandirsd@gmail.com, kedardave191@gmail.com, shrimandirsd@gmail.com",,"srimandirsd@gmail.com, kedardave191@gmail.com, shrimandirsd@gmail.com",https://shrimandirsandiego.org/Shrimandir/contact ,,,
317,,,Hispanas Organized For Political Equality (Hope),California Nonprofit ,http://www.latinas.org/,,,800 Wilshire Boulevard Suite 860 ,Long Beach,CA,,Los Angeles County,"800 Wilshire Boulevard Suite 860 , Long Beach, CA",,,Nan,latinas@latinas.org,,latinas@latinas.org,https://www.latinas.org/contact-hope/ ,https://www.linkedin.com/company/hopelatinas,https://www.instagram.com/hopelatinas/,https://www.facebook.com/hopelatinas
318,XML/202511349349310291_public.xml,956111591,Historical Society Of Long Beach,California Nonprofit ,http://www.hslb.org/,5624242220,2025,4260 Atlantic Avenue,Long Beach,CA,90807,Los Angeles County,"4260 Atlantic Avenue, Long Beach, CA, 90807",491743.0,777024.0,Julie Bartolotto,"julieb@hslb.org, outreach@hslb.org, nickm@hslb.org, biancam@hslb.or",,"julieb@hslb.org, outreach@hslb.org, nickm@hslb.org, biancam@hslb.or",https://hslb.org/visit/contact-us/ ,,https://www.instagram.com/historicalsocietyoflongbeach/,https://www.facebook.com/hslb.LB/
319,,,Historical Society Of Winters,California Nonprofit ,https://www.wintersmuseum.org/,19252540199,,Nan,San Jose,,,,"Nan, San Jose, nan",,,Nan,"historicalsocietyofwinters@gmail.com, wintersmuseum@gmail.com",,"historicalsocietyofwinters@gmail.com, wintersmuseum@gmail.com",,,,https://www.facebook.com/HistoricalSocietyofWinters/
320,XML/202511159349301441_public.xml,942379571,Hively,California Nonprofit ,https://behively.org/,9254178733,2025,7901 Stoneridge Drive 150,Pleasanton,CA,94588,Alameda County,"7901 Stoneridge Drive 150, Pleasanton, CA, 94588",47978267.0,9598733.0,Mary Hekl,"communications@behively.org, providersupport@behively.org, counseling@behively.org, childcaresupport@behively.org, coveredca@behively.org",hello@behively.org,"communications@behively.org, providersupport@behively.org, counseling@behively.org, childcaresupport@behively.org, coveredca@behively.org",https://behively.org/contact/#locations ,https://www.linkedin.com/company/behively/about/,https://www.instagram.com/HivelyAlamedaCounty,https://www.facebook.com/HivelyAlameda
321,XML/202543149349303549_public.xml,330867982,Hogar Infantil Inc,San Diego Nonprofit,www.hogar-infantil.org,6192003640,2025,3180 University Ave Ste 255,San Diego,CA,92104,San Diego County,"3180 University Ave Ste 255, San Diego, CA, 92104",274102.0,723268.0,Nan,"hogar.infantil.lg@gmail.com, casahogarlagloria@gmail.com",,"hogar.infantil.lg@gmail.com, casahogarlagloria@gmail.com",https://www.hogar-infantil.org/contact ,https://www.linkedin.com/hogar-infantil-inc,https://www.instagram.com/hogarinfantillagloria,https://www.facebook.com/169442389752609
322,,,Holden High School,California Nonprofit ,http://www.holdenhigh.org/,,,10 Irwin Way ,Hollywood,CA,,Contra Costa County,"10 Irwin Way , Hollywood, CA",,,Nan,admissions@holdenhigh.org,,admissions@holdenhigh.org,https://holdenhigh.org/contact-us/ ,,https://www.instagram.com/HoldenHighSchool,https://www.facebook.com/HoldenHighSchool
323,XML/202503219349316730_public.xml,942678796,Hospice Services Of Lake County,California Nonprofit ,https://www.lakecountyhospice.org/,7072636222,2025,1862 Parallel Drive,Lakeport,CA,95453,Lake County,"1862 Parallel Drive, Lakeport, CA, 95453",4601610.0,3606675.0,David Flaig,lhuntley@lakecountyhospice.org,,lhuntley@lakecountyhospice.org,https://www.lakecountyhospice.org/contact-us/ ,,https://www.instagram.com/hospicelakecountyca,https://www.facebook.com/HospiceServicesofLakeCounty
324,XML/202511359349315006_public.xml,475414850,Housing California,California Nonprofit ,http://www.housingca.org/,4432238231,2025,2201 Broadway Suite Ph-1,Oakland,CA,94612,Sacramento County,"2201 Broadway Suite Ph-1, Oakland, CA, 94612",458607.0,361435.0,Dylan Casey,"sdasilva@housingca.org, tsreekrishnan@housingca.org",,"sdasilva@housingca.org, tsreekrishnan@housingca.org",https://housingca.org/contact/ ,https://www.linkedin.com/company/housing-california,https://www.instagram.com/housingca/,https://www.facebook.com/housingca
325,XML/202542069349300414_public.xml,883243688,Housing Matters,California Nonprofit ,https://housingmatterssc.org/,2025435298,2025,14 Kennedy Street Nw,Washington,DC,20011,Santa Cruz County,"14 Kennedy Street Nw, Washington, DC, 20011",90363.0,2936243.0,Sue Marshall,"communications@housingmatterssc.org, veterans@housingmatterssc.org, families@housingmatterssc.org, outreach@housingmatterssc.org",contact@housingmatterssc.org,"communications@housingmatterssc.org, veterans@housingmatterssc.org, families@housingmatterssc.org, outreach@housingmatterssc.org",https://housingmatterssc.org/about-us/contact/ ,,https://www.instagram.com/housingmatterssc/,https://www.facebook.com/HousingMattersSC
326,,,Housing Trust Fund Ventura County,California Nonprofit ,http://www.housingtrustfundvc.org/,,,360 Mobil Ave Ste 213A ,Nan,CA,,Ventura County,"360 Mobil Ave Ste 213A , Nan, CA",,,Nan,"crcomplaints@treasury.gov, linda@housingtrustfundvc.org",,"crcomplaints@treasury.gov, linda@housingtrustfundvc.org",https://www.housingtrustfundvc.org/contact-us/ ,https://www.linkedin.com/company/housingtrustfundvc,https://www.instagram.com/housingtrustfundvc/,https://www.facebook.com/HousingTrustFundVC
327,,,"Hub For Integration, Reentry & Employment",California Nonprofit ,http://www.hireoc.org/,18778543594,,Nan,San Francisco,,,,"Nan, San Francisco, nan",,,Nan,"nwoodworth@hireoc.org, recruitment@hireoc.org",info@hireoc.org,"nwoodworth@hireoc.org, recruitment@hireoc.org",,https://www.linkedin.com/company/hireoc/,https://www.instagram.com/hireoc/,https://www.facebook.com/hireorangecounty/
328,XML/202501299349303445_public.xml,941687559,Huckleberry Youth Programs,California Nonprofit ,http://www.huckleberryyouth.org/,4156682622,2025,3450 Geary Boulevard 107,San Francisco,CA,94118,San Francisco County,"3450 Geary Boulevard 107, San Francisco, CA, 94118",8858234.0,7938518.0,Douglas Styles,"hh@huckleberryyouth.org, hyp@huckleberryyouth.org",info@huckleberryyouth.org,"hh@huckleberryyouth.org, hyp@huckleberryyouth.org",https://www.huckleberryyouth.org/contact-us/ ,https://www.linkedin.com/company/huckleberry-youth-programs/,https://www.instagram.com/huckleberryyouth/,https://www.facebook.com/huckleberryyouthprograms/
329,XML/202511299349303176_public.xml,680032176,Human Response Network,California Nonprofit ,https://www.hrntrinity.org/,5306232024,2025,111 Mountain View Street,Weaverville,CA,96093,,"111 Mountain View Street, Weaverville, CA, 96093",4323305.0,4765380.0,Sheri White,"rn@hrntrinity.org, hrn@hrntrinity.orgsubject=Question from website visitor",hrn@hrntrinity.orgsubject=Info,"rn@hrntrinity.org, hrn@hrntrinity.orgsubject=Question from website visitor",https://www.hrntrinity.org/contact ,,https://www.instagram.com/hrntrinity,https://www.facebook.com/humanresponsenetwork
330,,,Human Services Alliance Of Contra Costa,California Nonprofit ,http://www.humanservicesalliance.org/,,,2500 Bissell Avenue 2500 Bissell Avenue ,Fresno,CA,,Contra Costa County,"2500 Bissell Avenue 2500 Bissell Avenue , Fresno, CA",,,Nan,dan@humanservicesalliance.org,,dan@humanservicesalliance.org,http://www.humanservicesalliance.org/contact-us ,,,
331,XML/202522749349301412_public.xml,201461176,International Bodhisattva Sangha,San Diego Nonprofit,WWW.IBSTEMPLE.ORG,6199202828,2025,12584 Sora Way,San Diego,CA,92129,San Diego County,"12584 Sora Way, San Diego, CA, 92129",421318.0,1507527.0,Daniel Tam,ibs@ibstemple.org,,ibs@ibstemple.org,https://www.ibstemple.org/contact/ ,,,https://www.facebook.com/pages/IBS-Prison-Program-%E8%8F%A9%E8%96%A9%E5%AF%BA%E7%9B%A3%E7%8D%84%E4%BD%88%E6%95%99/250243091678239
332,XML/202543089349302119_public.xml,330412751,International Relief Teams,San Diego Nonprofit,WWW.IRTEAMS.ORG,6192847979,2025,3545 Camino Del Rio South A,San Diego,CA,92108,San Diego County,"3545 Camino Del Rio South A, San Diego, CA, 92108",48733515.0,7312217.0,Rose Uranga,media@irteams.org,,media@irteams.org,https://www.irteams.org/contact-us/ ,https://www.linkedin.com/company/international-relief-teams/,https://www.instagram.com/internationalreliefteams/,https://www.facebook.com/irteams
333,XML/202510839349301061_public.xml,30457495,International Society For,San Diego Nonprofit,ISCDD.ORG,8588882934,2025,Po Box 910411,San Diego,CA,92191,San Diego County,"Po Box 910411, San Diego, CA, 92191",332821.0,713627.0,Nan,secretariat@iscdd.org,,secretariat@iscdd.org,,,,
334,XML/202500739349300200_public.xml,30457495,International Society For,San Diego Nonprofit,ISCDD.ORG,8588882934,2025,Po Box 910411,San Diego,CA,92191,San Diego County,"Po Box 910411, San Diego, CA, 92191",332093.0,713627.0,Nan,secretariat@iscdd.org,,secretariat@iscdd.org,,,,
335,XML/202521749349301207_public.xml,131556216,International Star Class Yacht Racing Assoc,San Diego Nonprofit,WWW.STARCLASS.ORG,6192220252,2025,2812 Canon Street,San Diego,CA,92106,San Diego County,"2812 Canon Street, San Diego, CA, 92106",606138.0,839436.0,Mike Hecky,office@starclass.org,,office@starclass.org,,,https://www.instagram.com/internationalstarclass,https://www.facebook.com/ISCYRA
336,XML/202511349349312956_public.xml,42614121,Interscholastic Yacht Racing Association Inc,San Diego Nonprofit,hssailing.org,6199947245,2025,2812 Canon Street,San Diego,CA,92106,San Diego County,"2812 Canon Street, San Diego, CA, 92106",91508.0,349649.0,Casey Schnoor,"rshurd@hotmail.com, mikesego@ussclb.org, seisahssailing@gmail.com, jerelyn@odmsail.com , rrussell508@gmail.com, katie@sheridanshore.com, casey.schnoor4@gmail.com, thogan2124@gmail.com, coach@bhssailing.org, ryanhamm@sadlerandhamm.com, sailingmissa@gmail.com, mfrikker@comcast.net, sjhanavan@gmail.com, terrencejconnelly@gmail.com, hssailingphotos@gmail.com, jason.lutz@cbalincroftnj.org, aaronfeves@gmail.com, jeffbrock@me.com, instructortrainermillman@gmail.com, MASSADistrict@gmail.com, bstuart@stuartkane.com, chriscraneri@gmail.com, scottjwilson@gmail.com, stefan@sadlerandhamm.com","youthsailingdirector@spyc.org, info@hssailing.org","rshurd@hotmail.com, mikesego@ussclb.org, seisahssailing@gmail.com, jerelyn@odmsail.com , rrussell508@gmail.com, katie@sheridanshore.com, casey.schnoor4@gmail.com, thogan2124@gmail.com, coach@bhssailing.org, ryanhamm@sadlerandhamm.com, sailingmissa@gmail.com, mfrikker@comcast.net, sjhanavan@gmail.com, terrencejconnelly@gmail.com, hssailingphotos@gmail.com, jason.lutz@cbalincroftnj.org, aaronfeves@gmail.com, jeffbrock@me.com, instructortrainermillman@gmail.com, MASSADistrict@gmail.com, bstuart@stuartkane.com, chriscraneri@gmail.com, scottjwilson@gmail.com, stefan@sadlerandhamm.com",,,https://www.instagram.com/hssailing/,
337,XML/202511479349300781_public.xml,330090269,Irish Congress Of Southern California,San Diego Nonprofit,www.stpatsparade.org,6192859125,2025,3550 Camino Del Rio North 200,San Diego,CA,92108,San Diego County,"3550 Camino Del Rio North 200, San Diego, CA, 92108",229647.0,265838.0,Nan,"IrishCongress317@gmail.com, icscmedia317@gmail.com, irishcongress317@gmail.com",,"IrishCongress317@gmail.com, icscmedia317@gmail.com, irishcongress317@gmail.com",,,https://www.instagram.com/stpatsparadesd/,
338,XML/202542769349300144_public.xml,330090269,Irish Congress Of Southern California,San Diego Nonprofit,www.stpatsparade.org,6192859125,2025,3550 Camino Del Rio North 200,San Diego,CA,92108,San Diego County,"3550 Camino Del Rio North 200, San Diego, CA, 92108",202856.0,254686.0,Nan,"IrishCongress317@gmail.com, icscmedia317@gmail.com, irishcongress317@gmail.com",,"IrishCongress317@gmail.com, icscmedia317@gmail.com, irishcongress317@gmail.com",,,https://www.instagram.com/stpatsparadesd/,
339,XML/202521279349303147_public.xml,941156554,Immigration Institute Of The Bay Area,California Nonprofit ,https://iibayarea.org/,4155388100,2025,58 2Nd Street 3Rd Floor,San Francisco,CA,94105,San Francisco County,"58 2Nd Street 3Rd Floor, San Francisco, CA, 94105",8211566.0,10216841.0,Ellen Dumesnil,"petaluma@iibayarea.org, oakphones@iibayarea.org, fremont@iibayarea.org, redwoodcity@iibayarea.org, brentwood@iibayarea.org, media@iibayarea.org","sfinfo@iibayarea.org, napainfo@iibayarea.org","petaluma@iibayarea.org, oakphones@iibayarea.org, fremont@iibayarea.org, redwoodcity@iibayarea.org, brentwood@iibayarea.org, media@iibayarea.org",,,https://www.instagram.com/iiba1918/,https://www.facebook.com/IIBA1918
340,XML/202511349349304556_public.xml,920652730,Impact Fund,California Nonprofit ,http://www.impactfund.org/,8008364620,2025,2300 N St Nw Suite 501A,Washington,DC,20037,Alameda County,"2300 N St Nw Suite 501A, Washington, DC, 20037",43631068.0,24166736.0,Steve Polo,"fkorr@impactfund.org, communications@impactfund.org, noticeproject@impactfund.org, grants@impactfund.org, impactfund@impactfund.org",,"fkorr@impactfund.org, communications@impactfund.org, noticeproject@impactfund.org, grants@impactfund.org, impactfund@impactfund.org",http://www.impactfund.org//aboutus/contact-2 ,https://www.linkedin.com/company/impactfund/,,https://www.facebook.com/USimpactfund/
341,XML/202542969349301124_public.xml,680443607,Indian Cultural Organization,California Nonprofit ,http://indiancultural.org/,8058617395,2025,Po Box 1050,Bella Vista,CA,96008,Shasta County,"Po Box 1050, Bella Vista, CA, 96008",3049532.0,1035894.0,Sarah Haase,rebekah@winnemem.org,,rebekah@winnemem.org,,,,
342,XML/202501359349315355_public.xml,770000699,Infant Child Enrichment Services,California Nonprofit ,http://www.icesagency.org/,2095330377,2025,20993 Niagra River Drive,Sonora,CA,95370,Tuolumne County,"20993 Niagra River Drive, Sonora, CA, 95370",6165037.0,2647392.0,Chris Mackenzie,"ices@stl.net, ices@sti.net",info@icesagency.org,"ices@stl.net, ices@sti.net",https://icesagency.org/contact-mariposa/ ,,,https://www.facebook.com/ICESTuolumne/
343,XML/202532959349301873_public.xml,821028920,Initiate Justice,California Nonprofit ,http://initiatejustice.org/,5622704169,2025,742 S Hill Street 702,Los Angeles,CA,90014,Los Angeles County,"742 S Hill Street 702, Los Angeles, CA, 90014",3036251.0,3614552.0,Antoinette Ratcliffe,media@initiatejustice.org," info@initiatejustice.org, info@initiatejustice.org",media@initiatejustice.org,,,,
344,,,Integrity Charter School,California Nonprofit ,http://www.integritycharterschool.net/,,,701  Blvd ,Grass Valley,CA,,San Diego County,"701  Blvd , Grass Valley, CA",,,Nan,arivera@integritycharterschool.net,,arivera@integritycharterschool.net,,,,
345,,,International College Of Neuroethics And Neuroscience,California Nonprofit ,https://www.neuroethicscollege.org/,,,Nan,San Francisco,,,,"Nan, San Francisco, nan",,,Nan,Together@NeuroEthicsCollege.org,,Together@NeuroEthicsCollege.org,https://www.neuroethicscollege.org/contact ,https://www.linkedin.com/company/international-college-of-neuroethics-and-neuroscience/,https://www.instagram.com/iconn_neuroethics_college_/,https://www.facebook.com/profile.php?id=61575275098681
346,,,International Funders For Indigenous Peoples,California Nonprofit ,https://internationalfunders.org/,,,Po Box 29184 ,Roseville,CA,,San Francisco County,"Po Box 29184 , Roseville, CA",,,Nan,support@internationalfunders.org,,support@internationalfunders.org,,https://www.linkedin.com/company/international-funders-for-indigenous-peoples,https://www.instagram.com/ifip_philanthropic/,https://www.facebook.com/IFIPphilanthropy
347,,,"J-Sei, Inc.",California Nonprofit ,https://j-sei.org/,,,1285 66Th St. ,Nan,CA,,Alameda County,"1285 66Th St. , Nan, CA",,,Nan,sianne@j-sei.org,,sianne@j-sei.org,,,https://www.instagram.com/jseicommunity/,https://www.facebook.com/jseicommunity/
348,XML/202502039349300230_public.xml,330776076,Jack In The Box Foundation,San Diego Nonprofit,INVESTORS.JACKINTHEBOX.COM/ESG/COMMUNITY,8585712538,2025,9357 Spectrum Center Blvd,San Diego,CA,92123,San Diego County,"9357 Spectrum Center Blvd, San Diego, CA, 92123",3829109.0,4087048.0,Dawn Hooper,rachel.webb@jackinthebox.com,,rachel.webb@jackinthebox.com,https://investors.jackinthebox.com/resources/investor-contacts/default.aspx ,,https://www.instagram.com/jackinthebox/,https://www.facebook.com/jackinthebox
349,,,Jtm Academy,California Nonprofit ,http://www.jtmacademy.org/,9254651070,,Nan,Morgan Hill,,,,"Nan, Morgan Hill, nan",,,Nan,"registration@jtmacademy.orgsubject=Thank yuou for your inquiry about JTM Academy!, registration@jtmacademy.org, registration@jtmacademy.orgsubject=Thank you for your inquiry about JTM Academy!, registration@jtmacademy.orgsubject=Hi",,"registration@jtmacademy.orgsubject=Thank yuou for your inquiry about JTM Academy!, registration@jtmacademy.org, registration@jtmacademy.orgsubject=Thank you for your inquiry about JTM Academy!, registration@jtmacademy.orgsubject=Hi",https://www.jtmacademy.org/contact ,,https://www.instagram.com/jtm_academy/,https://www.facebook.com/JTMAcademy/
350,XML/202520979349301402_public.xml,205448416,Just In Time For Foster Youth,San Diego Nonprofit,WWW.JITFOSTERYOUTH.ORG,8586632081,2025,4560 Alvarado Canyon Rd Suite 2G,San Diego,CA,92120,San Diego County,"4560 Alvarado Canyon Rd Suite 2G, San Diego, CA, 92120",6479025.0,5064123.0,Donald Wells,"amy@jitfosteryouth.org, myfirsthome@jitfosteryouth.org, mailtto:youthservices@jitfosteryouth.org, volunteer@jitfosteryouth.org, jit@jitfosteryouth.org, evonne@jitfosteryouth.org, don@jitfosteryouth.org, jitcareers@jitfosteryouth.org, development@jitfosteryouth.org, diane@jitfosteryouth.org",,"amy@jitfosteryouth.org, myfirsthome@jitfosteryouth.org, mailtto:youthservices@jitfosteryouth.org, volunteer@jitfosteryouth.org, jit@jitfosteryouth.org, evonne@jitfosteryouth.org, don@jitfosteryouth.org, jitcareers@jitfosteryouth.org, development@jitfosteryouth.org, diane@jitfosteryouth.org",https://jitfosteryouth.org/contact-us/ ,https://www.linkedin.com/company/just-in-time-for-foster-youth/,https://www.instagram.com/jitfosteryouth/,https://www.facebook.com/jitfosteryouth
351,XML/202533209349300303_public.xml,205264558,Just Like My Child Foundation,San Diego Nonprofit,www.justlikemychild.org,8585833008,2025,Po Box 22025,San Diego,CA,92122,San Diego County,"Po Box 22025, San Diego, CA, 92122",326580.0,462782.0,Vivian Glyck,janet@scribaceous.com,info@justlikemychild.org,janet@scribaceous.com,https://justlikemychild.org/contact/ ,,http://www.instagram.com/justlikemychild,
352,,,Jack Mcgovern Coats' Disease Foundation,California Nonprofit ,https://coatsdiseasefoundation.org/,,,20 Park Road Suite E ,Nan,CA,,San Mateo County,"20 Park Road Suite E , Nan, CA",,,Nan,skopac@curecoats.org,contact@curecoats.org,skopac@curecoats.org,,https://www.linkedin.com/company/jack-mcgovern-coats-disease-foundation,https://www.instagram.com/p/CvFSwVPIhFV/,
353,,,Japanese American Citizens League Dba: Watsonville-Santa,California Nonprofit ,http://watsonvillesantacruzjacl.com/,,,Po Box 163 ,Nan,CA,,Santa Cruz County,"Po Box 163 , Nan, CA",,,Nan,"wsc.jacl@gmail.com, wsc.jacl.seniors@gmail.com",,"wsc.jacl@gmail.com, wsc.jacl.seniors@gmail.com",https://watsonvillesantacruzjacl.com/contact-us/ ,,,https://www.facebook.com/Watsonville-Santa-Cruz-JACL-1690890217793542/
354,,,Jewish Family Service La,California Nonprofit ,http://www.jfsla.org/,,,330 N.Fairfax Ave. ,San Diego,CA,,Los Angeles County,"330 N.Fairfax Ave. , San Diego, CA",,,Nan,"services@jfsla.org, development@jfsla.org, msidman@jfsla.org",,"services@jfsla.org, development@jfsla.org, msidman@jfsla.org",,,https://www.instagram.com/jfslosangeles/?hl=en,https://www.facebook.com/JFSLA/
355,XML/202501359349312585_public.xml,942536452,Jewish Family Services Of Silicon Valley,California Nonprofit ,http://www.jfssv.org/,4085560600,2025,980 University Avenue,Los Gatos,CA,95032,Santa Clara County,"980 University Avenue, Los Gatos, CA, 95032",10458506.0,5332614.0,Susan Frazer,"CACSintake@jfssv.org, jfs@jfssv.org",,"CACSintake@jfssv.org, jfs@jfssv.org",,,https://www.instagram.com/jfssiliconvalley/,https://www.facebook.com/jewishfamilyservicessv/
356,,,Jewish Public Affairs Committee Of California,California Nonprofit ,https://jpac-cal.org/,,,1270 S Alfred St 2335282 ,Nan,CA,,Los Angeles County,"1270 S Alfred St 2335282 , Nan, CA",,,Nan,cberg@govadv.com,info@jewishcal.org,cberg@govadv.com,,https://www.linkedin.com/company/JewishCalifornia/,https://www.instagram.com/jpaccalifornia,https://www.facebook.com/jewishcalifornia
357,,,Josephine S. Gumbiner Foundation,California Nonprofit ,http://www.jsgf.org/,,,333 W Broadway Ste 312 ,Nan,CA,,Los Angeles County,"333 W Broadway Ste 312 , Nan, CA",,,Nan, julie@jsgf.org,info@jsgf.org, julie@jsgf.org,,,,
358,XML/202522869349300907_public.xml,943203203,Juma Ventures,California Nonprofit ,http://www.juma.org/,4153710727,2025,131 Steuart Street 202,San Francisco,CA,94105,San Francisco County,"131 Steuart Street 202, San Francisco, CA, 94105",13071605.0,8273628.0,Abdiel Cerrud,"operations@juma.org, meganh@juma.org",devadmin@juma.org,"operations@juma.org, meganh@juma.org",https://juma.org/contact/ ,https://www.linkedin.com/company/juma-ventures,,https://www.facebook.com/jumaventures
359,,,K To College Dba Supplybank.Org,California Nonprofit ,https://supplybank.org/,,,7730 Pardee Lane ,San Francisco,CA,,Alameda County,"7730 Pardee Lane , San Francisco, CA",,,Nan,"communications@supplybank.org, procurement@supplybank.org, events@supplybank.org, programs@supplybank.org",info@supplybank.org,"communications@supplybank.org, procurement@supplybank.org, events@supplybank.org, programs@supplybank.org",https://supplybank.org/contact-us/ ,,https://www.instagram.com/supplybank/,https://www.facebook.com/SupplyBank/
360,XML/202530949349300348_public.xml,330070645,Ken Jewish Community,San Diego Nonprofit,WWW.KENJC.ORG,8587931605,2025,11860 Carmel Creek Rd Ste G,San Diego,CA,92130,San Diego County,"11860 Carmel Creek Rd Ste G, San Diego, CA, 92130",1663572.0,2317113.0,Jonathan Goldwasser,kenmail@kenjc.org,,kenmail@kenjc.org,,,,https://www.facebook.com/kenjewishcommunity/
361,XML/202510429349300946_public.xml,330731368,Kids Included Together,San Diego Nonprofit,www.kit.org,8582255680,2025,2820 Roosevelt Road 202,San Diego,CA,92072,San Diego County,"2820 Roosevelt Road 202, San Diego, CA, 92072",3774707.0,2058103.0,Tammy Bailey,supportcenter@kit.org,,supportcenter@kit.org,https://www.kit.org/contact-us/ ,https://www.linkedin.com/company/kids-included-together,https://www.instagram.com/kidsincluded/,https://www.facebook.com/KidsIncluded/
362,XML/202543219349307244_public.xml,462385583,Kilimanjaro Centre For Community,San Diego Nonprofit,KCCO.net,8196356730,2025,17602 Marymont Place,San Diego,CA,92128,San Diego County,"17602 Marymont Place, San Diego, CA, 92128",1557569.0,1357000.0,Robert Geneau,kccowhistleblowing@kcco.org,admin@kcco.org,kccowhistleblowing@kcco.org,,,,
363,XML/202530419349301223_public.xml,463278605,Kitchens For Good,San Diego Nonprofit,KITCHENSFORGOOD.ORG,6194504040,2025,2799 Health Center Dr,San Diego,CA,92123,San Diego County,"2799 Health Center Dr, San Diego, CA, 92123",5166033.0,4696355.0,Jennifer Gilmore,"kitchens@kitchensforgood.org, Shop@kitchensforgood.org",info@kitchensforgood.org,"kitchens@kitchensforgood.org, Shop@kitchensforgood.org",https://kitchensforgood.org/contact/ ,https://www.linkedin.com/company/kitchens-for-good/,https://www.instagram.com/kitchensforgood/,https://www.facebook.com/kitchensforgood
364,,,Kiwa (Koreatown Immigrant Workers Alliance),California Nonprofit ,https://www.kiwa.org/,13239373718,,941 S. Vermont Ave Ste 101 ,Nan,CA,,Los Angeles County,"941 S. Vermont Ave Ste 101 , Nan, CA",,,Nan,media@kiwa.org,info@kiwa.org,media@kiwa.org,https://www.kiwa.org/contact-1 ,,,
365,XML/202542199349300619_public.xml,330454163,Kappa Lambda Of,San Diego Nonprofit,https://www.chiomega.com/,3055827373,2025,10918 Ivy Hill Dr 4,San Diego,CA,92131,San Diego County,"10918 Ivy Hill Dr 4, San Diego, CA, 92131",200769.0,75735.0,Alyssa Duckworth,chiomega@chiomega.com,,chiomega@chiomega.com,,,https://www.instagram.com/p/DW_1ANGjUGc/,https://www.facebook.com/ChiOmegaFraternity
366,XML/202543099349302784_public.xml,330724932,Kids Turn San Diego,San Diego Nonprofit,www.kidsturnsd.org,8585210027,2025,4909 Murphy Canyon Rd Ste 515,San Diego,CA,921234301,San Diego County,"4909 Murphy Canyon Rd Ste 515, San Diego, CA, 921234301",334933.0,190785.0,Cindy Grossman,cindyg@kidsturnsd.org,,cindyg@kidsturnsd.org,,,https://www.instagram.com/kidsturnsd/,https://www.facebook.com/happykidsandparents/
367,XML/202530419349301223_public.xml,463278605,Kitchens For Good,California Nonprofit ,http://www.kitchensforgood.org/,6194504040,2025,2799 Health Center Dr,San Diego,CA,92123,San Diego County,"2799 Health Center Dr, San Diego, CA, 92123",5166033.0,4696355.0,Jennifer Gilmore,"Shop@kitchensforgood.org, kitchens@kitchensforgood.org",info@kitchensforgood.org,"Shop@kitchensforgood.org, kitchens@kitchensforgood.org",https://kitchensforgood.org/contact/ ,https://www.linkedin.com/company/kitchens-for-good/,https://www.instagram.com/kitchensforgood/,https://www.facebook.com/kitchensforgood
368,XML/202512419349301511_public.xml,237444956,Kronos Performing Arts Association,California Nonprofit ,http://www.kronosquartet.org/,4157313533,2025,1242 Ninth Avenue,San Francisco,CA,94122,San Francisco County,"1242 Ninth Avenue, San Francisco, CA, 94122",2944140.0,1929921.0,Ann-Marie Daniels,"alicia@mkiartists.com, john@mkiartists.com",,"alicia@mkiartists.com, john@mkiartists.com",https://kronosquartet.org/contact/ ,,,
369,XML/202503509349301575_public.xml,953920560,La Family Housing,California Nonprofit ,http://www.lafh.org/,8182552702,2025,7843 Lankershim Blvd,North Hollywood,CA,91605,,"7843 Lankershim Blvd, North Hollywood, CA, 91605",70709435.0,164667290.0,Lloyd Wright,development@lafh.org,info@lafh.org,development@lafh.org,,https://www.linkedin.com/company/lafamilyhousing/,https://www.instagram.com/lafamilyhousing,
370,XML/202511359349314516_public.xml,320195297,Labradors And Friends Dog Rescue,San Diego Nonprofit,WWW.LABRADORSANDFRIENDS.ORG,6199907455,2025,2307 Fenton Parkway 107-160,San Diego,CA,92108,San Diego County,"2307 Fenton Parkway 107-160, San Diego, CA, 92108",352116.0,95171.0,Lauren Dube,dogs@labradorsandfriends.org,,dogs@labradorsandfriends.org,,,,https://www.facebook.com/labradorsandfriends/
371,XML/202501359349316555_public.xml,953438317,Lawyers Club Of San Diego Inc,San Diego Nonprofit,WWW.LAWYERSCLUBSANDIEGO.COM,8587320002,2025,4241 Jutland Dr Suite 210,San Diego,CA,92117,San Diego County,"4241 Jutland Dr Suite 210, San Diego, CA, 92117",634966.0,293232.0,Ivy Kosmides,staff@lawyersclubsd.com,,staff@lawyersclubsd.com,,https://www.linkedin.com/company/lawyers-club-of-san-diego-inc,,https://www.facebook.com/pages/Lawyers-Club-of-San-Diego/183257459846?ref=ts
372,XML/202523149349304467_public.xml,262051377,Lgs Foundation Inc,San Diego Nonprofit,www.lgsfoundation.org,7183743800,2025,6030 Santo Road Ste 1 Ste 420878,San Diego,CA,92142,San Diego County,"6030 Santo Road Ste 1 Ste 420878, San Diego, CA, 92142",1248197.0,984047.0,Tracy Dixon-Salazar Phd,"research@lgsfoundation.org, giving@lgsfoundation.org, familysupport@lgsfoundation.org",info@lgsfoundation.org,"research@lgsfoundation.org, giving@lgsfoundation.org, familysupport@lgsfoundation.org",https://www.lgsfoundation.org/contact/ ,https://www.linkedin.com/company/lgs-foundation/,https://www.instagram.com/lgsfoundation/,https://www.facebook.com/lgsfoundation1
373,XML/202530739349301708_public.xml,950939292,Lions Club Of San Diego,San Diego Nonprofit,WWW.SANDIEGOLIONS.ORG,6192397264,2025,310 Market Street,San Diego,CA,92101,San Diego County,"310 Market Street, San Diego, CA, 92101",336024.0,55310.0,Jon Mosier,"thelionsvisionclinic@hotmail.com, sdlionsclub@gmail.com, hearfoundation@aol.com",,"thelionsvisionclinic@hotmail.com, sdlionsclub@gmail.com, hearfoundation@aol.com",https://sandiegolions.org/contact/ ,,,https://www.facebook.com/sdlionsclub.org
374,XML/202511349349309656_public.xml,912145223,Literacy First Charter Schools,San Diego Nonprofit,LFCSINC.ORG,6195797232,2025,698 West Main Street,El Cajon,CA,92020,San Diego County,"698 West Main Street, El Cajon, CA, 92020",33077578.0,41367396.0,Executive Director,registration@lfcsinc.org,,registration@lfcsinc.org,https://www.lfcsinc.org/contact-us/ ,,https://www.instagram.com/lfcs_k12/,https://www.facebook.com/LiteracyFirstCharter
375,XML/202542529349301964_public.xml,330752255,Little Italy Association Of San Diego,San Diego Nonprofit,https://www.littleitalysd.com,6192333898,2025,2210 Columbia Street,San Diego,CA,92101,San Diego County,"2210 Columbia Street, San Diego, CA, 92101",3412700.0,1409121.0,Nan,sydney@olivepublicrelations.com,,sydney@olivepublicrelations.com,https://www.littleitalysd.com/about/contact-us ,,,https://www.facebook.com/LittleItalySD/
376,XML/202511969349301946_public.xml,203324885,Lucky Duck Foundation,San Diego Nonprofit,WWW.LUCKYDUCKFOUNDATION.ORG,8582596003,2025,5675 Ruffin Road 100,San Diego,CA,92123,San Diego County,"5675 Ruffin Road 100, San Diego, CA, 92123",5783141.0,11562628.0,Stephanie Kilkenny,staff@LuckyDuckFoundation.org,contact@mysite.com,staff@LuckyDuckFoundation.org,https://www.luckyduckfoundation.org/contact ,https://www.linkedin.com/company/28145137/,https://www.instagram.com/luckyduckfoundation/,https://www.facebook.com/LuckyDuckFoundation
377,,,La Jolla Symphony & Chorus,California Nonprofit ,http://www.lajollasymphony.com/,,,9500 Gilman Dr. Ucsd 0361 ,Santa Monica,CA,,,"9500 Gilman Dr. Ucsd 0361 , Santa Monica, CA",,,Nan,boxoffice@ljsc.org,,boxoffice@ljsc.org,,https://www.linkedin.com/company/lajollasymphonychorus/,https://www.instagram.com/lajollasymphony/,https://www.facebook.com/LaJollaSymphony
378,,,Laguna De Santa Rosa Foundation,California Nonprofit ,http://www.lagunafoundation.org/,15304123613,,900 Sanford Road ,Laguna Beach,CA,,Sonoma County,"900 Sanford Road , Laguna Beach, CA",,,Nan,maggiehart@lagunafoundation.org,,maggiehart@lagunafoundation.org,,,https://www.instagram.com/laguna_foundation/,https://www.facebook.com/LagunadeSantaRosaFoundation/
379,XML/202531509349300908_public.xml,371522665,Le Lycee Francais Et International,San Diego Nonprofit,www.lfsd.org,8582771514,2025,8401 Aero Drive,San Diego,CA,92123,San Diego County,"8401 Aero Drive, San Diego, CA, 92123",5403179.0,14348290.0,Francois Tregouet,"principal@lfsd.org, principal@lfsd.orgsubject=LFSD Employment",,"principal@lfsd.org, principal@lfsd.orgsubject=LFSD Employment",,https://www.linkedin.com/company/lyc%C3%A9e-francais-de-san-diego,https://www.instagram.com/lyceefrancais_sd/,https://www.facebook.com/LyceeFrancaisSanDiego/
380,,,Leadership Education For Asian Pacifics Inc,California Nonprofit ,http://www.leap.org/,,,327 E. 2Nd Street Suite 226 ,Santa Barbara,CA,,Los Angeles County,"327 E. 2Nd Street Suite 226 , Santa Barbara, CA",,,Nan,leap@leap.org,,leap@leap.org,http://www.leap.org/contact ,,https://www.instagram.com/leapuncaptalent/,https://www.facebook.com/LEAPUncapTalent
381,XML/202542799349301924_public.xml,201734414,Learning Enrichment After-School Program,California Nonprofit ,http://www.leapusa.org/,2134892779,2025,15918 Wyandotte St,Van Nuys,CA,91406,,"15918 Wyandotte St, Van Nuys, CA, 91406",2623267.0,893152.0,Ryan Taylor,"arainwater@leapusa.org, meals@leapusa.org, rtaylor@leapusa.org, eflores@leapusa.org",info@leapusa.org,"arainwater@leapusa.org, meals@leapusa.org, rtaylor@leapusa.org, eflores@leapusa.org",https://leapusa.org/contact-us/ ,,,
382,,,Legacy Health Endowment,California Nonprofit ,http://legacyhealthendowment.org/,,,2881 Geer Road Suite A ,Berkeley,CA,,Stanislaus County,"2881 Geer Road Suite A , Berkeley, CA",,,Nan,jeffrey@legacyhealthendowment.org,info@legacyhealthendowment.org,jeffrey@legacyhealthendowment.org,,https://www.linkedin.com/company/legacy-health-endowment,,https://www.facebook.com/LegacyHealthEndowment
383,,,Legal Services For Prisoners With Children (Network On Women In Prison),California Nonprofit ,http://www.prisonerswithchildren.org/,,,1540 Market St Ste 490 ,Sacramento,CA,,San Francisco County,"1540 Market St Ste 490 , Sacramento, CA",,,Nan,john@prisonerswithchildren.org,,john@prisonerswithchildren.org,https://prisonerswithchildren.org/contact-coalition-for-family-unity/ ,,,
384,,,Leona Valley Improvement Association,California Nonprofit ,https://myleonavalley.org/welcome,,,Po Box 783 ,Los Angeles,CA,,,"Po Box 783 , Los Angeles, CA",,,Nan,treasurer@myleonavalley.org,,treasurer@myleonavalley.org,,,,https://www.facebook.com/LVIA
385,XML/202520559349301407_public.xml,942778848,Life Lab Science Program,California Nonprofit ,http://www.lifelab.org/,8314002016,2025,1156 High Street,Santa Cruz,CA,95064,Santa Cruz County,"1156 High Street, Santa Cruz, CA, 95064",4176191.0,1369903.0,Whitney Cohen,"daniela@lifelab.org, kelsey@lifelab.org, regi@lifelab.org, vivian@lifelab.org",admin@lifelab.org,"daniela@lifelab.org, kelsey@lifelab.org, regi@lifelab.org, vivian@lifelab.org",http://www.lifelab.org/contact ,,https://www.instagram.com/lifelabgarden/,https://www.facebook.com/LifeLabGarden/
386,XML/202501359349314095_public.xml,946104179,Lindsay Wildlife Museum,California Nonprofit ,https://lindsaywildlife.org/,9259351978,2025,1931 First Avenue,Walnut Creek,CA,94597,Contra Costa County,"1931 First Avenue, Walnut Creek, CA, 94597",3786421.0,12264028.0,Karen Deshayes,hotline@lindsaywildlife.org,,hotline@lindsaywildlife.org,https://lindsaywildlife.org/contact/ ,,,https://www.facebook.com/LindsayWildlifeExperience
387,,,Live Like Geno Foundation Inc.,California Nonprofit ,http://livelikegeno.org/,,,35 Janets Court ,Livermore,CA,,San Benito County,"35 Janets Court , Livermore, CA",,,Nan,together@livelikegeno.org,,together@livelikegeno.org,https://livelikegeno.org/contact/ ,https://www.linkedin.com/company/live-like-geno-foundation,,https://www.facebook.com/livelikegeno/
388,XML/202530929349301503_public.xml,680419182,Livermore Valley Performing Arts Center,California Nonprofit ,http://www.livermoreperformingarts.org/,9253736100,2025,2400 First Street,Livermore,CA,94550,Alameda County,"2400 First Street, Livermore, CA, 94550",3673515.0,13799245.0,Denise Watkins,boxoffice@bankheadtheater.org,,boxoffice@bankheadtheater.org,,,https://www.instagram.com/thebankheadlva/,https://www.facebook.com/thebankheadlva
389,XML/202532409349300923_public.xml,455192035,Living Classroom,California Nonprofit ,https://www.living-classroom.org/,6502248274,2025,Po Box 4121,Los Altos,CA,94024,Santa Clara County,"Po Box 4121, Los Altos, CA, 94024",508985.0,226846.0,Victoria Moore,"jessicam@living-classroom.org, oi-yanc@living-classroom.org, susanh@living-classroom.org, joiep@living-classroom.org, aprila@living-classroom.org, carolines@living-classroom.org, eileenb@living-classroom.org, pattib@living-classroom.org, sierrav@living-classroom.org, vickim@living-classroom.org, leannep@living-classroom.org, michelleb@living-classroom.org, matthewm@living-classroom.org",info@living-classroom.org,"jessicam@living-classroom.org, oi-yanc@living-classroom.org, susanh@living-classroom.org, joiep@living-classroom.org, aprila@living-classroom.org, carolines@living-classroom.org, eileenb@living-classroom.org, pattib@living-classroom.org, sierrav@living-classroom.org, vickim@living-classroom.org, leannep@living-classroom.org, michelleb@living-classroom.org, matthewm@living-classroom.org",,,,
390,XML/202503039349301715_public.xml,680435971,Lodi House,California Nonprofit ,http://www.lodihouse.org/,2093346346,2025,801 South Washington Street,Lodi,CA,95240,San Joaquin County,"801 South Washington Street, Lodi, CA, 95240",1252379.0,4391802.0,Nan,thriftstore@lodihouse.org,info@lodihouse.org,thriftstore@lodihouse.org,https://www.lodihouse.org/contact/ ,,https://www.instagram.com/lodihouse/,https://www.facebook.com/lodihouse.org
391,,,"Lompoc Museum Associates, Inc.",California Nonprofit ,http://lompocmuseum.org/,5624364800,,Nan,Long Beach,,,,"Nan, Long Beach, nan",,,Nan,lompocmuseum@gmail.com,,lompocmuseum@gmail.com,,,https://www.instagram.com/lompocmuseum,https://www.facebook.com/lompocmuseum1
392,,,Los Altos Mountain View Children'S Corner,California Nonprofit ,http://www.lamvchildrenscorner.org/,,,1565 Oak Ave ,Los Altos,CA,,Santa Clara County,"1565 Oak Ave , Los Altos, CA",,,Nan,office@lamvchildrenscorner.org,,office@lamvchildrenscorner.org,,,,
393,,,Los Angeles County Beekeepers Association,California Nonprofit ,http://losangelescountybeekeepersassociation.com/,3107213296,,Nan,Santa Monica,,,,"Nan, Santa Monica, nan",,,Nan,lacba.webmaster@gmail.com,,lacba.webmaster@gmail.com,,,https://www.instagram.com/lacbahive/,https://www.facebook.com/LACBAhive
394,XML/202532879349301333_public.xml,383687836,Los Angeles Neighborhood Land Trust,California Nonprofit ,http://www.lanlt.org/,2135720188,2025,1689 Beverly Blvd,Los Angeles,CA,90026,Los Angeles County,"1689 Beverly Blvd, Los Angeles, CA, 90026",14948118.0,27926604.0,Tori L Kjer,tkjer@lanlt.org,,tkjer@lanlt.org,http://www.lanlt.org/contact ,https://www.linkedin.com/company/los-angeles-neighborhood-land-trust,https://www.instagram.com/neighborhoodlandtrust,https://www.facebook.com/NeighborhoodLandTrust
395,,,Los Angeles Review Of Books,California Nonprofit ,http://lareviewofbooks.org/,,,672 S La Fayette Park Place Ste 30 ,Los Angeles,CA,,Los Angeles County,"672 S La Fayette Park Place Ste 30 , Los Angeles, CA",,,Nan,"press@lareviewofbooks.org, shop@lareviewofbooks.org, editorial@lareviewofbooks.org, membership@lareviewofbooks.org, adsales@lareviewofbooks.org",info@lareviewofbooks.org,"press@lareviewofbooks.org, shop@lareviewofbooks.org, editorial@lareviewofbooks.org, membership@lareviewofbooks.org, adsales@lareviewofbooks.org",http://lareviewofbooks.org//about/contact/ ,,,https://www.facebook.com/lareviewbooks/
396,XML/202522559349300602_public.xml,208730839,Lung Cancer Foundation Of America,California Nonprofit ,https://lcfamerica.org/,5073541361,2025,7381 La Tijera Blvd 451663,Los Angeles,CA,90045,,"7381 La Tijera Blvd 451663, Los Angeles, CA, 90045",2334021.0,2114168.0,Jim Baranski,"dmulligan@mandccommunications.com, LCFA@LCFAmerica.org",,"dmulligan@mandccommunications.com, LCFA@LCFAmerica.org",https://lcfamerica.org/contact-us/ ,https://www.linkedin.com/company/lung-cancer-foundation-of-america,https://www.instagram.com/LCFAmerica/,https://www.facebook.com/lungcancerfoundation
397,XML/202520649349300242_public.xml,30564240,Mckinley School Foundation Of San Diego,San Diego Nonprofit,MCKINLEYPTC.COM,6192827694,2025,3045 Felton Street,San Diego,CA,921045218,San Diego County,"3045 Felton Street, San Diego, CA, 921045218",243293.0,140966.0,Katy Strand,mckinleyelementaryptc@gmail.com,,mckinleyelementaryptc@gmail.com,https://mckinleyptc.org/communications/contact-us/ ,,https://www.instagram.com/mckinleyptc/,https://www.facebook.com/McKinleyPTC/
398,XML/202510369349300846_public.xml,330290006,Mcrd Museum Historical Society,San Diego Nonprofit,WWW.MCRDMUSEUMFOUNDATION.ORG,6195244426,2025,Po Box 400085,San Diego,CA,92140,San Diego County,"Po Box 400085, San Diego, CA, 92140",558565.0,2824331.0,Daren Erickson,marketing@mcrdmhs.org,,marketing@mcrdmhs.org,https://www.mcrdmuseumfoundation.org/about-the-museum/contact-us ,https://www.linkedin.com/company/mcrdmuseumfoundation/,https://www.instagram.com/mcrdmuseumfoundation/,https://www.facebook.com/MCRDmuseumfoundation
399,,,Mcrd Museum Foundation,California Nonprofit ,https://www.mcrdmuseumfoundation.org/,,,Po Box 400085 Building 26 ,Santa Clara,CA,,San Diego County,"Po Box 400085 Building 26 , Santa Clara, CA",,,Nan,marketing@mcrdmhs.org,,marketing@mcrdmhs.org,https://www.mcrdmuseumfoundation.org/about-the-museum/contact-us ,https://www.linkedin.com/company/mcrdmuseumfoundation/,https://www.instagram.com/mcrdmuseumfoundation/,https://www.facebook.com/MCRDmuseumfoundation
400,XML/202511489349301706_public.xml,952660509,Meals-On-Wheels Greater San Diego Inc,San Diego Nonprofit,WWW.MEALS-ON-WHEELS.ORG,6192606110,2025,9590 Cheasapeake Dr,San Diego,CA,92123,San Diego County,"9590 Cheasapeake Dr, San Diego, CA, 92123",10713136.0,30962646.0,Brent Wakefield,annmarie@scatenadaniels.com,,annmarie@scatenadaniels.com,https://meals-on-wheels.org/about/contact-us ,https://www.linkedin.com/company/meals-on-wheels-greater-san-diego-inc./,https://www.instagram.com/mealsonwheelssd/,https://www.facebook.com/mealsonwheelssd/
401,XML/202502269349302480_public.xml,330661389,Metropolitan Employees Benefits,San Diego Nonprofit,https://csbtonline.com/,6194815963,2025,1843 Hotel Circle South Suite 300,San Diego,CA,92108,San Diego County,"1843 Hotel Circle South Suite 300, San Diego, CA, 92108",71465840.0,2422512.0,Matthew Krause,advocacy@mcgregorinc.com,,advocacy@mcgregorinc.com,,,,
402,XML/202501189349300600_public.xml,202669967,Miracle League Of San Diego,San Diego Nonprofit,www.miracleleagueofsandiego.org,6196795552,2025,1420 Kettner Blvd Suite 204,San Diego,CA,92101,San Diego County,"1420 Kettner Blvd Suite 204, San Diego, CA, 92101",184585.0,176626.0,Nan,"danengel.mlsd@gmail.com, SueK.MLSD@gmail.com, suek.mlsd@gmail.com",,"danengel.mlsd@gmail.com, SueK.MLSD@gmail.com, suek.mlsd@gmail.com",https://miracleleagueofsandiego.org/about/contacts/ ,,https://www.instagram.com/miracleleaguesandiego/,https://www.facebook.com/MiracleLeagueofSanDiego/
403,XML/202520909349301117_public.xml,330630560,Miramar College Foundation Inc,San Diego Nonprofit,WWW.SDMIRAMAR.EDU/SERVICES/FOUNDATION,6193887815,2025,10440 Black Mountain Rd,San Diego,CA,92126,San Diego County,"10440 Black Mountain Rd, San Diego, CA, 92126",316779.0,927586.0,Brett Bell,lcole@sdccd.edu,,lcole@sdccd.edu,https://www.sdmiramar.edu/services/foundation/contact ,https://www.linkedin.com/school/san-diego-miramar-college/,https://www.instagram.com/sdmiramar/?hl=en,https://www.facebook.com/SanDiegoMiramarCollege
404,XML/202542939349300049_public.xml,951682754,Mission Beach Womens Club,San Diego Nonprofit,WWW.MBWC.ORG,8584881424,2025,840 Santa Clara Place,San Diego,CA,92109,San Diego County,"840 Santa Clara Place, San Diego, CA, 92109",201911.0,517196.0,Nan,nanciegeller@gmail.com,rentals@mbwcinfo.com,nanciegeller@gmail.com,,,https://www.instagram.com/missionbeachwomensclub/,https://www.facebook.com/MissionBeachWomensClub/
405,XML/202501359349316715_public.xml,454308482,Monarch School 1625 Llc,San Diego Nonprofit,WWW.MONARCHSCHOOLS.ORG,6196524129,2025,1625 Newton Avenue,San Diego,CA,92113,San Diego County,"1625 Newton Avenue, San Diego, CA, 92113",1026051.0,17912605.0,Afira Devries,"enrollment@monarchschools.org, development@monarchschools.org",,"enrollment@monarchschools.org, development@monarchschools.org",,,,https://www.facebook.com/MonarchSchool
406,XML/202503219349316255_public.xml,916056433,Mountain Rescue Association,San Diego Nonprofit,WWW.MRA.ORG,8582294295,2025,Po Box 880868,San Diego,CA,92168,San Diego County,"Po Box 880868, San Diego, CA, 92168",136331.0,508272.0,Mark Miraglia,"appalachian-region-chair@mra.org, oregon-region-chair@mra.org, desert-mountain-region-chair@mra.org, california-region-chair@mra.org, rocky-mountain-region-chair@mra.org, inter-mountain-region-chair@mra.org, alaska-region-chair@mra.org, washington-region-chair@mra.org, canadian-region-chair@mra.org",2026MRASpringConferenceInfo@juneaumountainrescue.org,"appalachian-region-chair@mra.org, oregon-region-chair@mra.org, desert-mountain-region-chair@mra.org, california-region-chair@mra.org, rocky-mountain-region-chair@mra.org, inter-mountain-region-chair@mra.org, alaska-region-chair@mra.org, washington-region-chair@mra.org, canadian-region-chair@mra.org",https://mra.org/about-mra/contact-us/region-committee-chairs/ ,,https://www.instagram.com/mtnrescueassoc/?hl=en,https://www.facebook.com/MtnRescueAssoc/?ref=py_c
407,XML/202501359349317430_public.xml,203798717,Mountain View Sports And Racquet Association,San Diego Nonprofit,www.mvsra.com,,2025,Po Box 152738,San Diego,CA,92195,San Diego County,"Po Box 152738, San Diego, CA, 92195",324463.0,44866.0,Nan,mvsratennisclub@gmail.com,,mvsratennisclub@gmail.com,https://www.mvsra.com/contact ,https://www.linkedin.com/company/mvsra/,,
408,XML/202511329349306631_public.xml,822012198,Move Mountain View,California Nonprofit ,https://www.movemv.org/,6508610181,2025,2672 Bayshore Parkway Suite 920,Mountain View,CA,94043,,"2672 Bayshore Parkway Suite 920, Mountain View, CA, 94043",2092896.0,523063.0,Brian Leong,movemvemail@gmail.com,,movemvemail@gmail.com,https://www.movemv.org/contact-us ,https://www.linkedin.com/company/move-mountain-view,https://www.instagram.com/movemountainview/?hl=en,https://www.facebook.com/movemountainview
409,,,"Moxi, The Wolf Museum Of Exploration + Innovation",California Nonprofit ,http://moxi.org/,,,125 State St ,Burbank,CA,,Santa Barbara County,"125 State St , Burbank, CA",,,Nan,"members@moxi.org, marketing@moxi.org, development@moxi.org, events@moxi.org, sales@moxi.org",info@moxi.org,"members@moxi.org, marketing@moxi.org, development@moxi.org, events@moxi.org, sales@moxi.org",https://moxi.org/about-moxi/contact/ ,https://www.linkedin.com/company/moxi-the-wolf-museum-of-exploration-innovation/,https://www.instagram.com/moxisb/,https://www.facebook.com/MOXIsb
410,XML/202503169349307585_public.xml,951679450,My Point Credit Union,San Diego Nonprofit,www.mypointcu.com,8584953400,2025,9420 Farnham Street,San Diego,CA,92123,San Diego County,"9420 Farnham Street, San Diego, CA, 92123",30712664.0,650872505.0,Nan,"mgmt@mypointcu.com, em-loans@mypointcu.com, realestate@mypointcu.com, em-general@mypointcu.com",,"mgmt@mypointcu.com, em-loans@mypointcu.com, realestate@mypointcu.com, em-general@mypointcu.com",https://www.mypointcu.com/connect/contact/contact-us ,https://www.linkedin.com/company/mypoint-credit-union,https://www.instagram.com/MyPointCU,https://www.facebook.com/MyPointCU
411,,,Magic Cabinet,California Nonprofit ,https://www.magiccabinet.org/,,,4311 11Th Ave Ne Suite 500 Seattle Wa,Santa Clara,CA,,,"4311 11Th Ave Ne Suite 500 Seattle Wa, Santa Clara, CA",,,Nan,press@magiccabinet.org,hello@magiccabinet.org,press@magiccabinet.org,https://www.magiccabinet.org/contactus/ ,https://www.linkedin.com/company/magic-cabinet/,https://www.instagram.com/magic.cabinet,https://www.facebook.com/MagicCabinet
412,XML/202510579349301336_public.xml,330320305,Mainly Mozart Inc,San Diego Nonprofit,www.mainlymozart.org,6192390100,2025,404 Euclid Avenue Apt 221,San Diego,CA,92114,San Diego County,"404 Euclid Avenue Apt 221, San Diego, CA, 92114",2455954.0,530825.0,Nancy Laturno,boxoffice@mainlymozart.org,,boxoffice@mainlymozart.org,https://www.mainlymozart.org/contact-us ,,,https://www.facebook.com/mainlymozart
413,XML/202513179339301906_public.xml,943189198,Maitri,California Nonprofit ,http://www.maitri.org/,4155583000,2025,401 Duboce Avenue,San Francisco,CA,94117,Santa Clara County,"401 Duboce Avenue, San Francisco, CA, 94117",,,Nan,"maitri@maitri.org, webmaster@maitri.org",,"maitri@maitri.org, webmaster@maitri.org",http://www.maitri.org/contact-us ,https://www.linkedin.com/company/maitribayarea/,https://www.instagram.com/maitribayarea/,https://www.facebook.com/maitribayarea/
414,,,Maitri Compassionate Care,California Nonprofit ,https://www.maitrisf.org/,,,401 Duboce Ave ,Sacramento,CA,,San Francisco County,"401 Duboce Ave , Sacramento, CA",,,Nan,"molly.herzig@maitrisf.org, marmentrout@maitrisf.org, rbautista@maitrisf.org, tmoreno@maitrisf.org, amatsuda@maitrisf.org, monique.dupree@maitrisf.org, dvalentine@maitrisf.org",,"molly.herzig@maitrisf.org, marmentrout@maitrisf.org, rbautista@maitrisf.org, tmoreno@maitrisf.org, amatsuda@maitrisf.org, monique.dupree@maitrisf.org, dvalentine@maitrisf.org",,,https://www.instagram.com/maitrisf/,https://www.facebook.com/MaitriSF/
415,,,Marin Treatment Center,California Nonprofit ,http://www.marintreatmentcenter.org/,7603474741,,1466 Lincoln Ave ,Nan,CA,,Marin County,"1466 Lincoln Ave , Nan, CA",,,Nan,"CCSProgram@dhcs.ca.gov, civilrights@dhcs.ca.gov, epsdt@dhcs.ca.gov, mmcdombudsmanoffice@dhcs.ca.gov, HCPCFC@dhcs.ca.gov, dhcsnmt@dhcs.ca.gov, dhcshospitalpe@dhcs.ca.gov, FFDEstimates@dhcs.ca.gov, fraud@dhcs.ca.gov, hrdmailbox@dhcs.ca.gov, faxghpp@dhcs.ca.gov, duiproviders@dhcs.ca.gov, mhombudsman@dhcs.ca.gov, sb-dvbe.advocate@dhcs.ca.gov, drg@dhcs.ca.gov, fampact@dhcs.ca.gov, ghppeligibility@dhcs.ca.gov, haccp@maximus.com, subpoenadesk@dhcs.ca.gov, pe@dhcs.ca.gov, itservicedesk@dhcs.ca.gov, nhsp3@dhcs.ca.gov, dhcs-tplrd.general@dhcs.ca.gov, medi-cal.benefits@dhcs.ca.gov, dhcsmandatorysuspensionsdesk@dhcs.ca.gov, hipaateam@dhcs.ca.gov, medi-calnow@dhcs.ca.gov, privacyofficer2@dhcs.ca.gov",contactus@dhcs.ca.gov,"CCSProgram@dhcs.ca.gov, civilrights@dhcs.ca.gov, epsdt@dhcs.ca.gov, mmcdombudsmanoffice@dhcs.ca.gov, HCPCFC@dhcs.ca.gov, dhcsnmt@dhcs.ca.gov, dhcshospitalpe@dhcs.ca.gov, FFDEstimates@dhcs.ca.gov, fraud@dhcs.ca.gov, hrdmailbox@dhcs.ca.gov, faxghpp@dhcs.ca.gov, duiproviders@dhcs.ca.gov, mhombudsman@dhcs.ca.gov, sb-dvbe.advocate@dhcs.ca.gov, drg@dhcs.ca.gov, fampact@dhcs.ca.gov, ghppeligibility@dhcs.ca.gov, haccp@maximus.com, subpoenadesk@dhcs.ca.gov, pe@dhcs.ca.gov, itservicedesk@dhcs.ca.gov, nhsp3@dhcs.ca.gov, dhcs-tplrd.general@dhcs.ca.gov, medi-cal.benefits@dhcs.ca.gov, dhcsmandatorysuspensionsdesk@dhcs.ca.gov, hipaateam@dhcs.ca.gov, medi-calnow@dhcs.ca.gov, privacyofficer2@dhcs.ca.gov",https://www.dhcs.ca.gov/Pages/dhcs_contact.aspx ,,,https://www.facebook.com/marintreatmentcenter
416,,,Martin Luther King Jr. Freedom Center,California Nonprofit ,http://www.mlkfreedomcenter.org/,,,333 E 8Th St ,Solvang,CA,,Alameda County,"333 E 8Th St , Solvang, CA",,,Nan,press@mlkfreedomcenter.org,,press@mlkfreedomcenter.org,https://mlkfreedomcenter.org/contact/ ,,https://www.instagram.com/mlkfreedomctr/,https://www.facebook.com/mlkfreedomcenter
417,XML/202503099349101235_public.xml,261595257,Mccune Foundation,California Nonprofit ,http://www.mccunefoundation.org/,3126306000,2025,Po Box 803878,Chicago,IL,60680,Ventura County,"Po Box 803878, Chicago, IL, 60680",,,Nan,claudia@mccunefoundation.org,,claudia@mccunefoundation.org,,,,
418,,,"Me & Korea, Inc.",California Nonprofit ,http://www.meandkorea.org/,,,Po Box 492 ,Nan,CA,,Santa Clara County,"Po Box 492 , Nan, CA",,,Nan,update.meandkorea@gmail.com,info@meandkorea.org,update.meandkorea@gmail.com,http://www.meandkorea.org/contact ,,,https://www.facebook.com/MeAndKorea/
419,,,Meadow View Learning,California Nonprofit ,https://www.meadowviewlearning.org/,,,Nan,Freedom,,,,"Nan, Freedom, nan",,,Nan,office@meadowviewlearning.org,info@meadowviewlearning.org,office@meadowviewlearning.org,https://www.meadowviewlearning.org/contact-us ,,https://www.instagram.com/meadowviewlearningoffical/,https://www.facebook.com/profile.php?id=61559436449618
420,,,Meals On Wheels San Francisco,California Nonprofit ,http://www.mowsf.org/,,,2142 Jerrold Ave. ,Nan,CA,,San Francisco County,"2142 Jerrold Ave. , Nan, CA",,,Nan,"meals@mowsf.org, jsweedler@mowsf.org, pduarte@mowsf.org, cburkett@mowsf.org, sbailey@mowsf.org, mfurlong@mowsf.org, jgoodwin@mowsf.org, hgrant@mowsf.org, joswald@mowsf.org, dmiranda@mowsf.org, dnight@mowsf.org, ngutierrez@mowsf.org, kmakarawicz@mowsf.org",info@mowsf.org,"meals@mowsf.org, jsweedler@mowsf.org, pduarte@mowsf.org, cburkett@mowsf.org, sbailey@mowsf.org, mfurlong@mowsf.org, jgoodwin@mowsf.org, hgrant@mowsf.org, joswald@mowsf.org, dmiranda@mowsf.org, dnight@mowsf.org, ngutierrez@mowsf.org, kmakarawicz@mowsf.org",https://www.mowsf.org/contact-us/ ,https://www.linkedin.com/company/meals-on-wheels-san-francisco,https://www.instagram.com/mowsf,https://www.facebook.com/MOWSF
421,XML/202540959349300109_public.xml,510139577,Meals On Wheels Santa Barbara,California Nonprofit ,http://mealsonwheelssb.org/,8056831565,2025,P O Box 6099,Santa Barbara,CA,93160,,"P O Box 6099, Santa Barbara, CA, 93160",887729.0,1963580.0,Nan,office@mealsonwheelssb.org,,office@mealsonwheelssb.org,,,,
422,XML/202542389349201254_public.xml,911876988,Mexican Heritage Center,California Nonprofit ,http://morenoinstitute.org/,2099699306,2025,Po Box 77985,Stockton,CA,95267,,"Po Box 77985, Stockton, CA, 95267",,,Nan,hi@example.com,info@morenoinstitute.org,hi@example.com,,,,
423,XML/202511359349308166_public.xml,465696964,Mid-City Community Music,San Diego Nonprofit,MidCityMusic.org,6192007498,2025,4011 Ohio St,San Diego,CA,92104,San Diego County,"4011 Ohio St, San Diego, CA, 92104",980820.0,363339.0,Nan,support@sdcommunitymusic.org,,support@sdcommunitymusic.org,,,,
424,XML/202523169349309222_public.xml,465696964,Mid-City Community Music,San Diego Nonprofit,SDCommunityMusic.org,8587751014,2025,4011 Ohio Street,San Diego,CA,92104,San Diego County,"4011 Ohio Street, San Diego, CA, 92104",271454.0,188130.0,Luke Henning,support@sdcommunitymusic.org,,support@sdcommunitymusic.org,,,,
425,XML/202513109349302141_public.xml,953492413,Mira Mesa Instrumental Music Boosters Corporation,San Diego Nonprofit,https://www.miramesabands.org,8583448289,2025,10606 Camino Ruiz Ste 8 Pmb 111,San Diego,CA,92126,San Diego County,"10606 Camino Ruiz Ste 8 Pmb 111, San Diego, CA, 92126",581441.0,249384.0,Nan,blockie@sandi.net,,blockie@sandi.net,,,,
426,,,Molly'S Angels,California Nonprofit ,http://www.mollysangels.com/,,,433 Soscol Ave Suite B151 ,Seaside,CA,,Napa County,"433 Soscol Ave Suite B151 , Seaside, CA",,,Nan,mollysangels@mollysangels.com,,mollysangels@mollysangels.com,http://www.mollysangels.com/contact ,https://www.linkedin.com/company/molly-s-angels-of-napa-valley,https://www.instagram.com/mollysangels/,https://www.facebook.com/mollysangelsofnapavalley/
427,,,Monterey Peninsula Volunteer Services,California Nonprofit ,http://mpvsbenefitshop.org/,,,Nan,Palo Alto,,,,"Nan, Palo Alto, nan",,,Nan,"marketing@mpvsbenefitshop.org, grants@mpvsbenefitshop.org, membership@mpvsbenefitshop.org, webmaster@mpvsbenefitshop.org",info@mpvsbenefitshop.org,"marketing@mpvsbenefitshop.org, grants@mpvsbenefitshop.org, membership@mpvsbenefitshop.org, webmaster@mpvsbenefitshop.org",http://mpvsbenefitshop.org/contact-us.html ,,,https://www.facebook.com/MPVSBenefitShop/
428,,,Moorpark Friends Of The Library,California Nonprofit ,https://www.mfotl.com/,,,Nan,Fresno,,,,"Nan, Fresno, nan",,,Nan,mfotlibrary@gmail.com,,mfotlibrary@gmail.com,https://www.mfotl.com/contact-us ,,https://www.instagram.com/mfotl/,https://www.facebook.com/Moorparkfriendsofthelibrary/
429,XML/202512519349301821_public.xml,992952763,Moreno Seeds Foundation,California Nonprofit ,https://morenoinstitute.org/,5592692642,2025,1625 E Shaw Ave Ste 155,Fresno,CA,93710,Fresno County,"1625 E Shaw Ave Ste 155, Fresno, CA, 93710",206696.0,138901.0,Nan,hi@example.com,info@morenoinstitute.org,hi@example.com,,,,
430,,,Mountain Homeless Coalition,California Nonprofit ,http://www.mountainhomelesscoalition.com/,,,P. O. Box 9226 ,Sacramento,CA,,,"P. O. Box 9226 , Sacramento, CA",,,Nan,wecare@mtnhomeless.com,,wecare@mtnhomeless.com,https://www.mountainhomelesscoalition.com/contact ,,https://www.instagram.com/mountainhomelesscoalition/,https://www.facebook.com/MountainHomelessCoalition/
431,XML/202513019349301721_public.xml,752971369,Mountain View Sports & Racquet Club,San Diego Nonprofit,www.mvsra.com,6193268122,2025,6401 Skyline Drive,San Diego,CA,92114,San Diego County,"6401 Skyline Drive, San Diego, CA, 92114",260019.0,256391.0,Frances Simpson Lang,mvsratennisclub@gmail.com,,mvsratennisclub@gmail.com,https://www.mvsra.com/contact ,https://www.linkedin.com/company/mvsra/,,
432,XML/202520439349201217_public.xml,141996986,Movement Strategy Center,California Nonprofit ,https://movementstrategy.org/,5104440640,2025,1625 Clay Street,Oakland,CA,94612,Alameda County,"1625 Clay Street, Oakland, CA, 94612",,,Nan,"advancement@movementstrategy.org, simone@movementstrategy.org",,"advancement@movementstrategy.org, simone@movementstrategy.org",https://movementstrategy.org/contact-us/ ,https://www.linkedin.com/company/movement-strategy-center/,https://www.instagram.com/msconthemove/,https://www.facebook.com/MovementStrategyCenter/
433,,,Mr. Holland'S Opus Foundation,California Nonprofit ,https://www.mhopus.org/,,,2550 N Hollywood Way 302 ,Chico,CA,,Los Angeles County,"2550 N Hollywood Way 302 , Chico, CA",,,Nan,"applications@mhopus.org, support@mhopus.org",,"applications@mhopus.org, support@mhopus.org",,,,https://www.facebook.com/fund/TheMrHollandsOpusFoundation
434,XML/202523219349306317_public.xml,260416747,Muttville,California Nonprofit ,https://muttville.org/,4152724172,2025,Po Box 410207,San Francisco,CA,94141,,"Po Box 410207, San Francisco, CA, 94141",10843087.0,63323926.0,Sherri Franklin,"donations@muttville.org, adoptions@muttville.org, volunteer@muttville.org, courtesy-post@muttville.org, registration@muttville.org, events@muttville.org, humaneeducation@muttville.org, plannedgiving@muttville.org, foster@muttville.org, seniorsforseniors@muttville.org, guardian@muttville.org",info@muttville.org,"donations@muttville.org, adoptions@muttville.org, volunteer@muttville.org, courtesy-post@muttville.org, registration@muttville.org, events@muttville.org, humaneeducation@muttville.org, plannedgiving@muttville.org, foster@muttville.org, seniorsforseniors@muttville.org, guardian@muttville.org",https://muttville.org/contact_us ,,https://www.instagram.com/muttvillesf/,https://www.facebook.com/Muttville.Senior.Dog.Rescue
435,XML/202501359349309695_public.xml,953503190,Naiop San Diego Chapter,San Diego Nonprofit,WWW.NAIOPSD.ORG,8585094110,2025,4653 Carmel Mountain Rd Suite 308 A,San Diego,CA,92130,San Diego County,"4653 Carmel Mountain Rd Suite 308 A, San Diego, CA, 92130",498240.0,1270205.0,Gary Katz,"Courtney@naiopsd.org, Karen@naiopsd.org, courtney@naiopsd.org, karen@naiopsd.org",,"Courtney@naiopsd.org, Karen@naiopsd.org, courtney@naiopsd.org, karen@naiopsd.org",https://naiopsd.org/contact/ ,https://www.linkedin.com/in/naiop-san-diego-chapter-70906a5,,https://www.facebook.com/naiopsd
436,XML/202501359349308845_public.xml,330122462,Nami San Diego,San Diego Nonprofit,WWW.NAMISANDIEGO.ORG,8586346580,2025,Po Box 23700,San Diego,CA,92123,San Diego County,"Po Box 23700, San Diego, CA, 92123",15075187.0,7806724.0,Cathryn Nacario,signatureprograms@namisd.org,,signatureprograms@namisd.org,https://namisandiego.org/contact/ ,https://www.linkedin.com/company/nami-san-diego/,https://www.instagram.com/NAMI.San.Diego/,https://www.facebook.com/namisandiego
437,,,Nami San Diego & Imperial Counties,California Nonprofit ,http://www.namisandiego.org/,17072549565,,Nan,Nan,,,,"Nan, Nan, nan",,,Nan,signatureprograms@namisd.org,,signatureprograms@namisd.org,https://namisandiego.org/contact/ ,https://www.linkedin.com/company/nami-san-diego/,https://www.instagram.com/NAMI.San.Diego/,https://www.facebook.com/namisandiego
438,XML/202532769349301148_public.xml,942650681,Nami San Mateo County,California Nonprofit ,https://namisanmateo.org/,6506380800,2025,1730 South Amphlett Blvd 308,San Mateo,CA,94402,,"1730 South Amphlett Blvd 308, San Mateo, CA, 94402",1545048.0,903988.0,Nan,"nami@namisanmateo.org, helpline@nami.org, namismc@sbcglobal.net",,"nami@namisanmateo.org, helpline@nami.org, namismc@sbcglobal.net",https://namisanmateo.org/contact ,,https://www.instagram.com/nami_smc/,https://www.facebook.com/namismc/
439,XML/202523009349301022_public.xml,472408605,National Board Of Physicians,San Diego Nonprofit,WWW.NBPAS.ORG,8888614448,2025,4660 La Jolla Village Drive 100,San Diego,CA,92122,San Diego County,"4660 La Jolla Village Drive 100, San Diego, CA, 92122",996001.0,511113.0,Paul Teirstein Md,documents@nbpas.org,info@nbpas.org,documents@nbpas.org,https://www.nbpas.org/pages/contact-us ,https://www.linkedin.com/company/national-board-of-physicians-and-surgeons,https://www.instagram.com/nbpasdocs/,https://www.facebook.com/nationalboardofphysiciansandsurgeons
440,XML/202542029349301534_public.xml,396050508,National Button Society,San Diego Nonprofit,WWW.NATIONALBUTTONSOCIETY.ORG,8584520833,2025,6190 Travers Way,San Diego,CA,92122,San Diego County,"6190 Travers Way, San Diego, CA, 92122",209028.0,617164.0,Marion Nebiker,calendar@nationalbuttonsociety.org,,calendar@nationalbuttonsociety.org,https://nationalbuttonsociety.org/contact/ ,https://www.linkedin.com/company/national-button-society/,https://www.instagram.com/nationalbuttonsociety/,https://www.facebook.com/NationalButtonSociety
441,XML/202501299349304060_public.xml,237172306,National University,San Diego Nonprofit,WWW.NU.EDU,8586428100,2025,9388 Lightwave Avenue,San Diego,CA,92123,San Diego County,"9388 Lightwave Avenue, San Diego, CA, 92123",544171192.0,1238112709.0,Karen Whitney,"dataprotection@nu.edu, optout@nu.edu",,"dataprotection@nu.edu, optout@nu.edu",https://www.nu.edu/contact/ ,https://www.linkedin.com/school/national-university/,https://www.instagram.com/nationaluniversity/,https://www.facebook.com/nationaluniversity
442,XML/202522599349301222_public.xml,953864195,Navy League Of The Us San Diego Council,San Diego Nonprofit,NAVYLEAGUE-SD.COM,6192300301,2025,2115 Park Blvd,San Diego,CA,92101,San Diego County,"2115 Park Blvd, San Diego, CA, 92101",285891.0,468369.0,Sheldon Margolis,"president@navyleague-sd.com, cfo@navyleague-sd.com, scholarships@navyleague-sd.com, vp@navyleague-sd.com, gregory.seepersad@hyatt.com",executivedirector@navyleague-sd.com,"president@navyleague-sd.com, cfo@navyleague-sd.com, scholarships@navyleague-sd.com, vp@navyleague-sd.com, gregory.seepersad@hyatt.com",,https://www.linkedin.com/in/navy-league-san-diego-970499193/,https://www.instagram.com/navyleaguesandiegocouncil/,https://www.facebook.com/Navy-League-San-Diego-Council-110153940545511/?modal=admin_todo_tour
443,XML/202530349349302158_public.xml,951028210,New Car Dealers Association Of San Diego,San Diego Nonprofit,WWW.NCDA.COM,6195500080,2025,10065 Mesa Ridge Court,San Diego,CA,921212916,San Diego County,"10065 Mesa Ridge Court, San Diego, CA, 921212916",979914.0,5504630.0,Scott Webb,ncda@ncda.com,,ncda@ncda.com,https://www.ncda.com/contact/ ,,,
444,XML/202503449349301650_public.xml,330527134,North Shore Girls Softball League,San Diego Nonprofit,https://northshoregirlssoftball.sportngin.com/,,2025,3830 Valley Ctr Dr Ste 705 201,San Diego,CA,92130,San Diego County,"3830 Valley Ctr Dr Ste 705 201, San Diego, CA, 92130",251260.0,157277.0,Stayce Beck,playeragent@nsgsl.com,info@nsgsl.com,playeragent@nsgsl.com,,,https://www.instagram.com/northshoregirlssoftball/&ved=2ahUKEwiEnp2L_L-LAxXxJkQIHRgeO0YQ9zB6BAgrEAc&usg=AOvVaw3rWmqh_XNMOqU92vB24TDT,https://www.facebook.com/northshoregirlssoftball/
445,XML/202540599349300039_public.xml,680349777,Napa Valley Community Foundation,California Nonprofit ,http://www.napavalleycf.org/,7072549565,2025,3299 Claremont Way 4,Napa,CA,94558,Napa County,"3299 Claremont Way 4, Napa, CA, 94558",13543928.0,79717579.0,Terence Mulligan,giving@napavalleycf.org,hello@napavalleycf.org,giving@napavalleycf.org,https://www.napavalleycf.org/contact-us/ ,,https://www.instagram.com/napavalleycf/,https://www.facebook.com/napavalleycommunityfoundation
446,,,"Nar-Anon Family Groups Headquarters, Inc",California Nonprofit ,http://nar-anon.org/,,,Nan,Nan,,,,"Nan, Nan, nan",,,Nan," newsletters@nar-anon.org,  outreach@nar-anon.org,  wso@nar-anon.org,  translations@nar-anon.org,  litcom@nar-anon.org,  webcommittee@nar-anon.org,  budgetandfinance@nar-anon.org, osm@nar-anon.org,  wccommittee@nar-anon.org,  wshrcommittee@nar-anon.org,  narateen@nar-anon.org,  pandgcommittee@nar-anon.org,  wscconference@nar-anon.org, ahou@nar-anon.org, events@nar-anon.org",," newsletters@nar-anon.org,  outreach@nar-anon.org,  wso@nar-anon.org,  translations@nar-anon.org,  litcom@nar-anon.org,  webcommittee@nar-anon.org,  budgetandfinance@nar-anon.org, osm@nar-anon.org,  wccommittee@nar-anon.org,  wshrcommittee@nar-anon.org,  narateen@nar-anon.org,  pandgcommittee@nar-anon.org,  wscconference@nar-anon.org, ahou@nar-anon.org, events@nar-anon.org",,,,
447,XML/202512899349301646_public.xml,943162871,Narika,California Nonprofit ,http://www.narika.org/,5104446068,2025,Po Box 1708,Fremont,CA,94538,,"Po Box 1708, Fremont, CA, 94538",1568402.0,2263128.0,Sanjay Singh,board@narika.org,,board@narika.org,http://www.narika.org/contact ,, https://www.instagram.com/narikabayarea/?hl=en  ,https://www.facebook.com/NarikaBayArea/
448,,,National Alliance On Mental Illness South Bay (South Bay Alliance On Mental Illness),California Nonprofit ,http://www.namisouthbay.org/,,,1652 10Th Street ,Nan,CA,,Los Angeles County,"1652 10Th Street , Nan, CA",,,Nan,"hope@namiglac.org, helpline@nami.org, pstans5@aol.com",,"hope@namiglac.org, helpline@nami.org, pstans5@aol.com",https://namisouthbay.org/contact/ ,https://www.linkedin.com/company/namisouthbay/,https://www.instagram.com/nami.southbay/,https://www.facebook.com/NamiSouthBay/
449,XML/202521979349301517_public.xml,521210536,National Center For Employee Ownership,California Nonprofit ,https://www.nceo.org/,5102081318,2025,440 N Barranca Ave 3554,Covina,CA,91723,,"440 N Barranca Ave 3554, Covina, CA, 91723",5275433.0,4341477.0,Loren Rodgers,customerservice@nceo.org,,customerservice@nceo.org,https://www.nceo.org/contact-us ,https://www.linkedin.com/company/the-national-center-for-employee-ownership-nceo-,,https://www.facebook.com/theNCEO/
450,XML/202502069349301235_public.xml,942506933,National Center For Youth Law,California Nonprofit ,https://youthlaw.org/,5108358098,2025,1212 Broadway 600,Oakland,CA,94612,,"1212 Broadway 600, Oakland, CA, 94612",18263729.0,22780127.0,Shakti Belway,wjacobson@youthlaw.org,info@youthlaw.org,wjacobson@youthlaw.org,https://youthlaw.org/contact-us/ ,,,
451,XML/202513109349303116_public.xml,200538863,National Foundation For Autism Research,San Diego Nonprofit,www.nfar.org,8586798800,2025,Po Box 502177,San Diego,CA,92150,San Diego County,"Po Box 502177, San Diego, CA, 92150",2075570.0,2487868.0,Juan F Leon,maya@NFAR.org,,maya@NFAR.org,https://nfar.org/contact-us/ ,https://www.linkedin.com/company/national-foundation-for-autism-research/,https://www.instagram.com/nfarorg/,https://www.facebook.com/235861035283_1369298071900239
452,,,National Housing Law Project,California Nonprofit ,http://www.nhlp.org/,9163464277,,90 New Montgomery Street Suite 1015 ,Pasadena,CA,,San Francisco County,"90 New Montgomery Street Suite 1015 , Pasadena, CA",,,Nan,"NHLP@NHLP.org, press@nhlp.org",,"NHLP@NHLP.org, press@nhlp.org",https://www.nhlp.org/about/contact/ ,https://www.linkedin.com/company/national-housing-law-project/?viewAsMember=true,,https://www.facebook.com/nationalhlp
453,,,New Beginnings Counseling Center,California Nonprofit ,https://sbnbcc.org/,,,530 E. Montecito St. Ste 101 ,Berkeley,CA,,Santa Barbara County,"530 E. Montecito St. Ste 101 , Berkeley, CA",,,Nan,safeparking@sbnbcc.org,,safeparking@sbnbcc.org,https://sbnbcc.org/contact/ ,https://www.linkedin.com/company/santa-barbara-new-beginnings-counseling-center/,https://www.instagram.com/newbeginnings_nonprofit/?utm_source=ig_embed&utm_campaign=loading,https://www.facebook.com/NewBeginningsCounselingCenter
454,XML/202533189349309058_public.xml,843898853,New Literary Project,California Nonprofit ,http://www.simpsonliteraryproject.org/,5109190970,2025,4100 Redwood Road 20-424,Oakland,CA,94619,Alameda County,"4100 Redwood Road 20-424, Oakland, CA, 94619",441383.0,296650.0,Diane Del Signore,diane@newliteraryproject.org,,diane@newliteraryproject.org,,https://www.linkedin.com/company/new-literary-project,https://www.instagram.com/newliteraryproject/,https://www.facebook.com/NewLiteraryProject
455,XML/202443559349301574_public.xml,942420708,Next Door Solutions To Domestic Violence,California Nonprofit ,https://www.nextdoorsolutions.org/,4085017550,2025,234 East Gish Road Suite 200,San Jose,CA,95112,Santa Clara County,"234 East Gish Road Suite 200, San Jose, CA, 95112",4451135.0,3572549.0,Colsaria Henderson,"development@nextdoor.org, volunteer@nextdoor.org",info@nextdoor.org,"development@nextdoor.org, volunteer@nextdoor.org",https://www.nextdoorsolutions.org/contact/ ,https://www.linkedin.com/company/965966,https://www.instagram.com/next_door_solutions/,https://www.facebook.com/NextDoorSolutions/
456,XML/202520229349200502_public.xml,274564722,No Time To Waste,California Nonprofit ,http://www.notimetowaste.live/,,2025,2237 Cheryl Way,San Jose,CA,951253913,Santa Clara County,"2237 Cheryl Way, San Jose, CA, 951253913",,,Nan,notime2waste.food@gmail.com,,notime2waste.food@gmail.com,http://www.notimetowaste.live/contact ,https://www.linkedin.com/in/paul-dimarco-284004b7/,https://www.instagram.com/notimetowaste_food/,https://www.facebook.com/NTTWfood/
457,,,Nonprofit Incubator Of Southern Marin,California Nonprofit ,http://www.npimarin.org/,,,Nan,Sacramento,,,,"Nan, Sacramento, nan",,,Nan,kristen@npimarin.org,,kristen@npimarin.org,,,,
458,XML/202542879349301254_public.xml,770392584,Norcal Golden Retriever Rescue,California Nonprofit ,https://ngrr.org/,6506650964,2025,405 El Camino Real 420,Menlo Park,CA,94025,San Mateo County,"405 El Camino Real 420, Menlo Park, CA, 94025",753523.0,4766393.0,Ellen Fenichel,donations@ngrr.org,info@ngrr.org,donations@ngrr.org,,,https://www.instagram.com/norcalgoldenretriever_rescue,https://www.facebook.com/ncgrr/
459,XML/202522659349301277_public.xml,61672191,North Valley Animal Disaster Group,California Nonprofit ,http://www.nvadg.org/,5308950000,2025,Po Box 441,Chico,CA,95927,Butte County,"Po Box 441, Chico, CA, 95927",640191.0,4637378.0,Garrett Needles,"treasurer@nvadg.org, volunteer@nvadg.org, webmaster@nvadg.org, president@nvadg.org, owcn@nvadg.org",info@nvadg.org,"treasurer@nvadg.org, volunteer@nvadg.org, webmaster@nvadg.org, president@nvadg.org, owcn@nvadg.org",https://www.nvadg.org/contact/ ,,https://www.instagram.com/nvadg_chico/,https://www.facebook.com/nvadg
460,,,Nourish Madagascar,California Nonprofit ,http://www.nourishmada.org/,,,346 Redondo Ave. ,San Francisco,CA,,Los Angeles County,"346 Redondo Ave. , San Francisco, CA",,,Nan,paul@nourishmada.orgsubject=Partnership,,paul@nourishmada.orgsubject=Partnership,,,,
461,XML/202523189349314447_public.xml,941179438,Novato Chamber Of Commerce,California Nonprofit ,http://www.novatochamber.com/,4158971164,2025,807 Delong Avenue,Novato,CA,949457016,Marin County,"807 Delong Avenue, Novato, CA, 949457016",596348.0,340392.0,Seth Shorett,"kimstahley@novatochamber.com, christina@novatochamber.com, kim@novatochamber.com",,"kimstahley@novatochamber.com, christina@novatochamber.com, kim@novatochamber.com",,https://www.linkedin.com/in/novatochamber/,https://www.instagram.com/novatochamber/,https://www.facebook.com/NovatoChamber
462,XML/202531139349300748_public.xml,812797287,Nxt Art Foundation Inc,California Nonprofit ,https://nowartpublic.com/,3104065055,2025,106 1/2 Judge John Aiso 314,Los Angeles,CA,90012,Los Angeles County,"106 1/2 Judge John Aiso 314, Los Angeles, CA, 90012",759285.0,121563.0,Carmen Mackinlay,"press@nowartpublic.com, murals@nowartpublic.com","info@nowartpublic.com, info@nowartla.org","press@nowartpublic.com, murals@nowartpublic.com",https://nowartpublic.com/contact/ ,https://www.linkedin.com/company/nowartla,https://www.instagram.com/nowart_la/,https://www.facebook.com/nowartla
463,XML/202501349349301105_public.xml,272167263,Ocean Ecology Network Inc,San Diego Nonprofit,WWW.OCEANECOLOGY.ORG,8582201256,2025,3672 Jackdaw Street,San Diego,CA,92103,San Diego County,"3672 Jackdaw Street, San Diego, CA, 92103",200178.0,27642.0,Manjula Tiwari,"john.dutton@oceanecology.org, catalina.reyes@oceanecology.org, manjula.tiwari@oceanecology.org",,"john.dutton@oceanecology.org, catalina.reyes@oceanecology.org, manjula.tiwari@oceanecology.org",,,,
464,XML/202502729349301330_public.xml,951543396,Old Globe Theatre,San Diego Nonprofit,WWW.THEOLDGLOBE.ORG,6192311941,2025,Po Box 122171,San Diego,CA,921122171,San Diego County,"Po Box 122171, San Diego, CA, 921122171",33161559.0,69563987.0,Tim Shields,tickets@TheOldGlobe.org,info@theoldglobe.org,tickets@TheOldGlobe.org,,,https://www.instagram.com/theoldglobe/,https://www.facebook.com/TheOldGlobe/
465,XML/202500729349300200_public.xml,812152343,Open Mobile Alliance,San Diego Nonprofit,WWW.OMASPECWORKS.ORG,8586230742,2025,2907 Shelter Island Dr Ste 105-273,San Diego,CA,92106,San Diego County,"2907 Shelter Island Dr Ste 105-273, San Diego, CA, 92106",185442.0,1938508.0,Seth Newberry,"helpdesk@omaorg.org, membership@omaorg.org",,"helpdesk@omaorg.org, membership@omaorg.org",,http://www.linkedin.com/company/52819?trk=tyah,,
466,,,Opica Adult Day Care Center,California Nonprofit ,http://www.opica.org/,,,11759 Missouri Ave ,San Diego,CA,,Los Angeles County,"11759 Missouri Ave , San Diego, CA",,,Nan,"sara@opica.org, diane@opica.org, saira@opica.org, cheryl@opica.org,  lisa@opica.org, pam@opica.org, mary@opica.org",,"sara@opica.org, diane@opica.org, saira@opica.org, cheryl@opica.org,  lisa@opica.org, pam@opica.org, mary@opica.org",https://www.opica.org/contact-us/ ,,,
467,XML/202512619349302056_public.xml,264832772,Outside The Lens,San Diego Nonprofit,WWW.OUTSIDETHELENS.ORG,8583497578,2025,125 14Th Street,San Diego,CA,92101,San Diego County,"125 14Th Street, San Diego, CA, 92101",2630374.0,1679924.0,Sarah Beckman,mediamakers@outsidethelens.org,info@outsidethelens.org,mediamakers@outsidethelens.org,https://www.outsidethelens.org/contact/ ,https://www.linkedin.com/company/outside-the-lens/,https://www.instagram.com/outsidethelens,https://www.facebook.com/OutsideTheLens
468,,,"Oak Park Preschool, Inc",California Nonprofit ,http://www.oakparkpreschoolinc.org/,,,Po Box 5511 ,Oakland,CA,,Sacramento County,"Po Box 5511 , Oakland, CA",,,Nan,oakparkpreschoolin@att.net,,oakparkpreschoolin@att.net,,,,
469,XML/202520969349301107_public.xml,770324522,Old English Sheepdog Rescue Of Southern California,California Nonprofit ,http://www.oesrescue.com/,3103923366,2025,820 Wilson Place,Santa Monica,CA,90405,,"820 Wilson Place, Santa Monica, CA, 90405",66084.0,606359.0,Jane Dempsey,oesr@earthlink.net,,oesr@earthlink.net,https://oesrescue.com/contact-old-english-sheepdog-rescue-non-profit-los-angeles/ ,,,https://www.facebook.com/profile.php?id=61561005821044
470,XML/202511339349307526_public.xml,274362839,Old Town Academy,San Diego Nonprofit,www.oldtownacademy.org,,2025,2120 San Diego Ave,San Diego,CA,92110,San Diego County,"2120 San Diego Ave, San Diego, CA, 92110",3652295.0,2635610.0,Nan,"attendance@oldtownacademy.org, mdowell@oldtownacademy.org",,"attendance@oldtownacademy.org, mdowell@oldtownacademy.org",,,https://www.instagram.com/oldtownacademy/,
471,,,Old Town Artisan Studios,California Nonprofit ,http://www.oldtownartisanstudios.org/,,,Nan,Newhall,,,,"Nan, Newhall, nan",,,Nan,"roccie@oldtownartisanstudios.org, Andy@oldtownartisanstudios.org, kennan@oldtownartisanstudios.org, wendy@oldtownartisanstudios.org, Peggy@oldtownartisanstudios.org, aprudencio@oldtownartisanstudios.org, Colby@oldtownartisanstudios.org, angel@oldtownartisanstudios.org","admin@oldtownartisanstudios.org, info@oldtownartisanstudios.org","roccie@oldtownartisanstudios.org, Andy@oldtownartisanstudios.org, kennan@oldtownartisanstudios.org, wendy@oldtownartisanstudios.org, Peggy@oldtownartisanstudios.org, aprudencio@oldtownartisanstudios.org, Colby@oldtownartisanstudios.org, angel@oldtownartisanstudios.org",https://oldtownartisanstudios.org/contact/ ,,https://www.instagram.com/oldtownartisanstudios/,https://www.facebook.com/OldTownArtisanStudio
472,XML/202531979349300328_public.xml,953221061,Open Paths Counseling Center,California Nonprofit ,http://www.openpaths.org/,3102589737,2025,301 N Prairie Ave Ste 510,Inglewood,CA,90301,Los Angeles County,"301 N Prairie Ave Ste 510, Inglewood, CA, 90301",1508043.0,1845500.0,Sierra Smith,inquiry@openpaths.org,,inquiry@openpaths.org,,,https://www.instagram.com/openpathsla/,https://www.facebook.com/OpenPathsLA
473,XML/202530629349300203_public.xml,463142361,Opera Neo,San Diego Nonprofit,operaneo.com,,2025,5325 Toscana Way Apt 6311,San Diego,CA,921225319,San Diego County,"5325 Toscana Way Apt 6311, San Diego, CA, 921225319",796219.0,46140.0,Kelley Hart,auditions@operaneo.com,"admin@operaneo.comsubject=Website Inquiry, admin@operaneo.comsubject=Contact Us - Website Inquiry",auditions@operaneo.com,,,https://www.instagram.com/opera.neo,https://www.facebook.com/operaneo/
474,,,Ore-Cal Resource Conservation And Development Area Council,California Nonprofit ,https://www.orecalrcdc.org/,,,Nan,Nan,,,,"Nan, Nan, nan",,,Nan,orecalrcanddc@gmail.com,,orecalrcanddc@gmail.com,https://www.orecalrcdc.org/contact/ ,,,https://www.facebook.com/OreCal.R.C.and.D/
475,,,"Orenda Veterans Project, Inc.",California Nonprofit ,https://orendavets.org/,,,Nan,West Hills,,,,"Nan, West Hills, nan",,,Nan,"ramonaev@orendavets.org, aweinke@orendavets.org",info@orendavets.org,"ramonaev@orendavets.org, aweinke@orendavets.org",https://orendavets.org/contact/ ,https://www.linkedin.com/company/73006824/admin/,,https://www.facebook.com/OrendaVets
476,,,Our City Forest,California Nonprofit ,http://www.ourcityforest.org/,,,1195 Clark Street ,Nan,CA,,Santa Clara County,"1195 Clark Street , Nan, CA",,,Nan,"outreach@ourcityforest.org, treenursery@ourcityforest.org, treecare@ourcityforest.org",,"outreach@ourcityforest.org, treenursery@ourcityforest.org, treecare@ourcityforest.org",http://www.ourcityforest.org/contact ,,https://www.instagram.com/ourcityforest,
477,XML/202541779349300229_public.xml,943261786,Our Family Coalition,California Nonprofit ,https://ourfamily.org/,4159811960,2025,1385 Mission Street Suite 330,San Francisco,CA,94103,San Francisco County,"1385 Mission Street Suite 330, San Francisco, CA, 94103",753724.0,569966.0,Mimi Demissew,education@ourfamily.org,info@ourfamily.org,education@ourfamily.org,https://ourfamily.org/contact-us/ ,,https://www.instagram.com/ofcoalition/,https://www.facebook.com/ourfamilycoalition
478,XML/202543189349305389_public.xml,952925410,Pacific Beach Tennis Club,San Diego Nonprofit,pbtennis.com,8582739177,2025,2639 Grand Avenue,San Diego,CA,92109,San Diego County,"2639 Grand Avenue, San Diego, CA, 92109",437880.0,207601.0,Nan,manager@pbtennis.com,,manager@pbtennis.com,,,http://www.instagram.com/pb_tennisclub,https://www.facebook.com/PBTennisClub
479,XML/202521759349301237_public.xml,330650131,Pacific Ridge Neighborhood Homeowners Association,San Diego Nonprofit,www.pacificridgehoa.com,8587691453,2025,9350 Waxie Way,San Diego,CA,92123,San Diego County,"9350 Waxie Way, San Diego, CA, 92123",490692.0,920090.0,James Mccormick,//customercare@seabreezemgmt.com,,//customercare@seabreezemgmt.com,https://www.pacificridgehoa.com/contact.php ,,,
480,XML/202543049349302694_public.xml,812350619,Padres Foundation,San Diego Nonprofit,WWW.MLB.COM/PADRES/COMMUNITY/PADRES-FOUNDATION,6197955000,2025,100 Park Blvd,San Diego,CA,92101,San Diego County,"100 Park Blvd, San Diego, CA, 92101",4440958.0,9216556.0,Tom Seidler,"groupsales@padres.com, tickets@padres.com, newmemberships@padres.com, suites@padres.com, comments@padres.com",,"groupsales@padres.com, tickets@padres.com, newmemberships@padres.com, suites@padres.com, comments@padres.com",,https://www.linkedin.com/company/sandiegopadres,https://www.instagram.com/padres,https://www.facebook.com/Padres
481,XML/202510579349301211_public.xml,823667413,Palbar Ling Center,San Diego Nonprofit,https://www.palbarling.org/,6194503704,2025,3264 West Virgo Road,San Diego,CA,92105,San Diego County,"3264 West Virgo Road, San Diego, CA, 92105",206296.0,534717.0,Tsering Motup,sales@example.com,info@palbarling.org,sales@example.com,https://www.palbarling.org/contact-us/ ,,https://www.instagram.com/palbarling,https://www.facebook.com/palbar.ling.9
482,XML/202532969349300643_public.xml,237173063,Palo Verde Ranch Homeowners,San Diego Nonprofit,PALOVERDERANCH.NET,8584950900,2025,9665 Chesapeake Drive Suite 300,San Diego,CA,92123,San Diego County,"9665 Chesapeake Drive Suite 300, San Diego, CA, 92123",743857.0,1394562.0,Adam Whitlock,"staff@paloverderanch.net, mockingbirdsing@hotmail.com, Whitlock_36542@yahoo.com, pvrhoasc@gmail.com, facilities@paloverderanch.net, jurgheuberger@gmail.com, draprilkoljonen@gmail.com",,"staff@paloverderanch.net, mockingbirdsing@hotmail.com, Whitlock_36542@yahoo.com, pvrhoasc@gmail.com, facilities@paloverderanch.net, jurgheuberger@gmail.com, draprilkoljonen@gmail.com",https://paloverderanch.net/contact-us.html ,,,
483,XML/202510239349300636_public.xml,330477390,Paloma Del Sol Association,San Diego Nonprofit,PALOMADELSOLHOA.NABRNETWORK.COM,8582774305,2025,8775 Aero Drive 335,San Diego,CA,92123,San Diego County,"8775 Aero Drive 335, San Diego, CA, 92123",2930600.0,3930921.0,Lacey Golling,palomadelsol@packard-1.com,,palomadelsol@packard-1.com,,,,
484,XML/202513019349301741_public.xml,953691162,Paralyzed Veterans Of America Cal-Diego Chapter,San Diego Nonprofit,WWW.CALDIEGOPVA.ORG,8584501443,2025,3350 La Jolla Village Drive Ste 1A1,San Diego,CA,92161,San Diego County,"3350 La Jolla Village Drive Ste 1A1, San Diego, CA, 92161",437911.0,1222848.0,Jesse Robinson,"robertk@pva.org, ChristianA@PVA.org",info@caldiegopva.org,"robertk@pva.org, ChristianA@PVA.org",https://www.caldiegopva.org/contact ,,,https://www.facebook.com/profile.php?id=61563919079105
485,XML/202521249349300407_public.xml,812835262,Parca,California Nonprofit ,http://www.parca.org/,4842629612,2025,503 Sandy Bank Road,Media,PA,190631334,San Mateo County,"503 Sandy Bank Road, Media, PA, 190631334",79487.0,46789.0,Steven Smith,parca@parca.org,,parca@parca.org,http://www.parca.org/contact ,https://www.linkedin.com/company/30660128/admin/feed/posts/,https://www.instagram.com/PARCAorg/,https://www.facebook.com/PARCA.org/
486,,,Pasadena Society Of Artists,California Nonprofit ,http://www.pasadenasocietyofartists.org/,805.966.3310,,Po Box 90074 ,Pasadena,CA,,Los Angeles County,"Po Box 90074 , Pasadena, CA",,,Nan,"VicePresident@PasadenaSocietyofArtists.org, MemberNews@PasadenaSocietyofArtists.org, newsletter@PasadenaSocietyofArtists.org, MembersAtLarge@PasadenaSocietyofArtists.org, Newsletter@PasadenaSocietyofArtists.org, Historian@PasadenaSocietyofArtists.org, MemberNews@pasadenasocietyofartists.org, News@PasadenaSocietyofArtists.org, secretary@PasadenaSocietyofArtists.org, hospitality@PasadenaSocietyofArtists.org, Grants@PasadenaSocietyofArtists.org, Fundraising@PasadenaSocietyofArtists.org, corresponding@PasadenaSocietyofArtists.org, PastPresident@PasadenaSocietyofArtists.org, Secretary@PasadenaSocietyofArtists.org, news@PasadenaSocietyofArtists.org, membership@PasadenaSocietyofArtists.org, President@PasadenaSocietyofArtists.org, fundraising@PasadenaSocietyofArtists.org, grants@PasadenaSocietyofArtists.org, Corresponding@PasadenaSocietyofArtists.org, Socialmedia@pasadenasocietyofartists.org, Exhibitions@PasadenaSocietyofArtists.org, programs@pasadenasocietyofartists.org, exhibitions@PasadenaSocietyofArtists.org, Programs@PasadenaSocietyofArtists.org, historian@PasadenaSocietyofArtists.org, MembersAtLarge@pasadenasocietyofartists.org, WebManager@PasadenaSocietyofArtists.org, Membership@PasadenaSocietyofArtists.org, Hospitality@PasadenaSocietyofArtists.org, Admin@PasadenaSocietyofArtists.org",info@PasadenaSocietyofArtists.org,"VicePresident@PasadenaSocietyofArtists.org, MemberNews@PasadenaSocietyofArtists.org, newsletter@PasadenaSocietyofArtists.org, MembersAtLarge@PasadenaSocietyofArtists.org, Newsletter@PasadenaSocietyofArtists.org, Historian@PasadenaSocietyofArtists.org, MemberNews@pasadenasocietyofartists.org, News@PasadenaSocietyofArtists.org, secretary@PasadenaSocietyofArtists.org, hospitality@PasadenaSocietyofArtists.org, Grants@PasadenaSocietyofArtists.org, Fundraising@PasadenaSocietyofArtists.org, corresponding@PasadenaSocietyofArtists.org, PastPresident@PasadenaSocietyofArtists.org, Secretary@PasadenaSocietyofArtists.org, news@PasadenaSocietyofArtists.org, membership@PasadenaSocietyofArtists.org, President@PasadenaSocietyofArtists.org, fundraising@PasadenaSocietyofArtists.org, grants@PasadenaSocietyofArtists.org, Corresponding@PasadenaSocietyofArtists.org, Socialmedia@pasadenasocietyofartists.org, Exhibitions@PasadenaSocietyofArtists.org, programs@pasadenasocietyofartists.org, exhibitions@PasadenaSocietyofArtists.org, Programs@PasadenaSocietyofArtists.org, historian@PasadenaSocietyofArtists.org, MembersAtLarge@pasadenasocietyofartists.org, WebManager@PasadenaSocietyofArtists.org, Membership@PasadenaSocietyofArtists.org, Hospitality@PasadenaSocietyofArtists.org, Admin@PasadenaSocietyofArtists.org",https://www.pasadenasocietyofartists.org/about/contact_us.html ,,https://www.instagram.com/pasadenasocietyofartists/,https://www.facebook.com/PasadenaSocietyofArtists/
487,XML/202531149349302073_public.xml,952157559,Pathfinders Of San Diego,San Diego Nonprofit,PATHFINDERSRECOVERY.ORG,6192601605,2025,2621 University Avenue,San Diego,CA,92104,San Diego County,"2621 University Avenue, San Diego, CA, 92104",2641753.0,4769427.0,Sean Verner,WeCare@FromYouFlowers.com,,WeCare@FromYouFlowers.com,,,https://www.instagram.com/fromyouflowers/,https://www.facebook.com/fromyouflowers/
488,XML/202511339349306431_public.xml,463279805,Plumbing-Heating-Cooling Contractors Academy Of San Diego,San Diego Nonprofit,www.phccsd.org,8586933855,2025,9920 Scripps Lake Dr 102,San Diego,CA,92131,San Diego County,"9920 Scripps Lake Dr 102, San Diego, CA, 92131",457689.0,333220.0,Taylor Bray,"academy@phccsd.org, training@phccsd.org, yjpalmer@fieldlogix.com, ThomasL6@autonation.com",admin@phccsd.org,"academy@phccsd.org, training@phccsd.org, yjpalmer@fieldlogix.com, ThomasL6@autonation.com",https://www.phccsd.org/contact-us ,,https://www.instagram.com/phccsandiego/,https://www.facebook.com/Phccsd
489,XML/202500929349301400_public.xml,871401636,Policy & Innovation Center,San Diego Nonprofit,WWW.THINKPIC.ORG,6192352300,2025,2508 Historic Decatur Road 120,San Diego,CA,92106,San Diego County,"2508 Historic Decatur Road 120, San Diego, CA, 92106",4491002.0,3977227.0,James Howell,"mariah@jwalcher.com, olivia@jwalcher.com",info@thinkpic.org,"mariah@jwalcher.com, olivia@jwalcher.com",https://thinkpic.org/contact/ ,https://www.linkedin.com/company/san-diego-regional-policy-innovation-center,,
490,XML/202511329349306521_public.xml,205672456,Pq-Ne Action Group,San Diego Nonprofit,SAVEPQ.ORG,6199726880,2025,14624 Wye Street,San Diego,CA,92129,San Diego County,"14624 Wye Street, San Diego, CA, 92129",19142.0,611569.0,Stephan Haight,"jpiercey@sbcglobal.net, pqneactiongroup@gmail.com",,"jpiercey@sbcglobal.net, pqneactiongroup@gmail.com",https://savepq.org/contact ,,,https://www.facebook.com/PQNEActionGroup
491,XML/202503009349300540_public.xml,330617741,Pro Kids Golf Academy Inc,San Diego Nonprofit,WWW.THEFIRSTTEESANDIEGO.ORG,6195827884,2025,4085 52Nd Street,San Diego,CA,92105,San Diego County,"4085 52Nd Street, San Diego, CA, 92105",4021969.0,9914674.0,Mark Andrews,frontdesk@prokidsonline.org,,frontdesk@prokidsonline.org,https://thefirstteesandiego.org/about/contact-us/ ,,https://www.instagram.com/prokidsgolf/?hl=en,
492,XML/202511289349302911_public.xml,455534192,Probate Attorneys Of San Diego,San Diego Nonprofit,WWW.SDPROBATEATTORNEYS.ORG,6192328377,2025,1550 Hotel Cir N 300,San Diego,CA,92108,San Diego County,"1550 Hotel Cir N 300, San Diego, CA, 92108",245358.0,401491.0,Nan,sdprobateattorneys@gmail.com,,sdprobateattorneys@gmail.com,,,,
493,XML/202511369349300016_public.xml,273752032,Project 11,San Diego Nonprofit,WWW.PROJECTONEONE.ORG,6192277222,2025,2738 Wardlow Ave,San Diego,CA,92154,San Diego County,"2738 Wardlow Ave, San Diego, CA, 92154",224183.0,0.0,Regina Gamboa,projectoneone@yahoo.com,,projectoneone@yahoo.com,,,https://www.instagram.com/magnolia_project11/?igshid=MzRlODBiNWFlZA%3D%3D,https://www.facebook.com/projectoneone.org
494,XML/202522239349301592_public.xml,952248462,Project Concern International,San Diego Nonprofit,WWW.PCIGLOBAL.ORG,8582799690,2025,5151 Murphy Canyon Road 320,San Diego,CA,92123,San Diego County,"5151 Murphy Canyon Road 320, San Diego, CA, 92123",3175471.0,1949336.0,Carrie Hessler Radelet,media@globalcommunities.org,,media@globalcommunities.org,https://globalcommunities.org/contact-us/ ,https://www.linkedin.com/legal/privacy-policy,https://www.instagram.com/globalcommunities/,https://www.facebook.com/globalcommunitiesHQ
495,XML/202423589349301082_public.xml,330188490,Prophet World Beat Productions,San Diego Nonprofit,WORLDBEATCENTER.ORG,,2025,2100 Park Boulevard,San Diego,CA,92101,San Diego County,"2100 Park Boulevard, San Diego, CA, 92101",241831.0,81140.0,Ruben Seja,"volunteers@worldbeatcenter.org, publicity@worldbeatcenter.org, events@worldbeatcenter.org, outreach@worldbeatcenter.org, makeda@worldbeatcenter.org",,"volunteers@worldbeatcenter.org, publicity@worldbeatcenter.org, events@worldbeatcenter.org, outreach@worldbeatcenter.org, makeda@worldbeatcenter.org",https://www.worldbeatcenter.org/contact-us/ ,,https://www.instagram.com/worldbeatcenter/?hl=en,https://www.facebook.com/WorldBeatCulturalCenter
496,XML/202503219349324095_public.xml,330188490,Prophet World Beat Productions,San Diego Nonprofit,WORLDBEATCENTER.ORG,6192301190,2025,2100 Park Boulevard,San Diego,CA,92101,San Diego County,"2100 Park Boulevard, San Diego, CA, 92101",1043165.0,523938.0,Ruben Seja,"volunteers@worldbeatcenter.org, publicity@worldbeatcenter.org, events@worldbeatcenter.org, outreach@worldbeatcenter.org, makeda@worldbeatcenter.org",,"volunteers@worldbeatcenter.org, publicity@worldbeatcenter.org, events@worldbeatcenter.org, outreach@worldbeatcenter.org, makeda@worldbeatcenter.org",https://www.worldbeatcenter.org/contact-us/ ,,https://www.instagram.com/worldbeatcenter/?hl=en,https://www.facebook.com/WorldBeatCulturalCenter
497,XML/202533189349315118_public.xml,951920514,Psc,San Diego Nonprofit,www.psc411.com,8586212313,2025,9880 Via Pasar Ste F,San Diego,CA,92126,San Diego County,"9880 Via Pasar Ste F, San Diego, CA, 92126",2296263.0,1456013.0,Darby Vorce,"moto@psc411.com, cps@psc411.com, wsp@psc411.com",info@psc411.com,"moto@psc411.com, cps@psc411.com, wsp@psc411.com",https://www.psc411.com/contact-us ,https://www.linkedin.com/company/pacific-safety-council,,https://www.facebook.com/pacificsafetycenter/
498,,,Pacific Collegiate Charter School,California Nonprofit ,http://www.pacificcollegiate.com/,3108228392,,3004 Mission Street ,Oakland,CA,,Santa Cruz County,"3004 Mission Street , Oakland, CA",,,Nan,pcs@pcsed.org,,pcs@pcsed.org,,,,
499,XML/202500559349300930_public.xml,941393418,Pajaro Valley Shelter Services,California Nonprofit ,http://www.pvshelter.org/,8317285649,2025,115 Brennan Street,Watsonville,CA,95076,Santa Cruz County,"115 Brennan Street, Watsonville, CA, 95076",1516064.0,5182231.0,Mike Johnson,give@pvshelter.org,,give@pvshelter.org,https://www.pvshelter.org/contact ,,https://www.instagram.com/pvshelter,https://www.facebook.com/195108613901211?ref=embed_page
500,XML/202543219349324379_public.xml,941358297,Palo Alto Humane,California Nonprofit ,http://www.paloaltohumane.org/,6504241901,2025,Po Box 60715,Palo Alto,CA,94306,Santa Clara County,"Po Box 60715, Palo Alto, CA, 94306",522954.0,2949506.0,Andrea Gandolfo,pahs@paloaltohumane.org,,pahs@paloaltohumane.org,https://www.paloaltohumane.org/contact-us/ ,,,https://www.facebook.com/paloaltohumane
501,XML/202523019349302237_public.xml,770186364,Palo Alto Partners In Education,California Nonprofit ,https://papie.org/,6503293990,2025,Po Box 1557,Palo Alto,CA,94302,Santa Clara County,"Po Box 1557, Palo Alto, CA, 94302",5426713.0,364173.0,Erika Buck,"webmaster@papie.org, volunteer@papie.org, donations@papie.org",info@papie.org,"webmaster@papie.org, volunteer@papie.org, donations@papie.org",https://papie.org/contact/ ,,https://www.instagram.com/palo.alto.pie/,https://www.facebook.com/paloaltopie
502,,,"Palomar Family Counseling Service, Inc.",California Nonprofit ,https://palomarfamilycounseling.com/,,,1002 E Grand Ave ,Vista,CA,,San Diego County,"1002 E Grand Ave , Vista, CA",,,Nan,pfcs@pfcs.agency,,pfcs@pfcs.agency,,https://www.linkedin.com/company/palomar-family-counseling-service/,https://www.instagram.com/palomar_family_counseling/,https://www.facebook.com/palomarfamilycounseling
503,,,Palomar Unitarian Universalist Fellowship,California Nonprofit ,http://www.palomaruu.org/,5597932527,,1600 Buena  Drive ,Pls Vrds Pnsl,CA,,San Diego County,"1600 Buena  Drive , Pls Vrds Pnsl, CA",,,Nan,"programs@palomaruu.org, auction@vistauu.org, webmaster@palomaruu.org, building-grounds@vistauu.org, Minister@palomaruu.org, Kathleenmoscato@gmail.com, office@palomaruu.org, da.smith@sbcglobal.net, puufsundayservices@googlegroups.com, bookkeeper@vistauu.org, puuf-board@googlegroups.com",,"programs@palomaruu.org, auction@vistauu.org, webmaster@palomaruu.org, building-grounds@vistauu.org, Minister@palomaruu.org, Kathleenmoscato@gmail.com, office@palomaruu.org, da.smith@sbcglobal.net, puufsundayservices@googlegroups.com, bookkeeper@vistauu.org, puuf-board@googlegroups.com",https://palomaruu.org/contact-us/ ,,,https://www.facebook.com/vistaUU
504,,,Parenting Network Inc,California Nonprofit ,https://parentingnetwork.org/,,,330 N. Johnson St. ,Santa Cruz,CA,,Tulare County,"330 N. Johnson St. , Santa Cruz, CA",,,Nan,"referral@parentingnetwork.org,  referral@parentingnetwork.org",,"referral@parentingnetwork.org,  referral@parentingnetwork.org",https://parentingnetwork.org/contact/ ,,,
505,XML/202511359349312706_public.xml,953900207,Pasadena Conservatory Of Music,California Nonprofit ,http://www.pasadenaconservatory.org/,6266833355,2025,100 N Hill Ave,Pasadena,CA,91106,Los Angeles County,"100 N Hill Ave, Pasadena, CA, 91106",6305314.0,21215232.0,Stephen Mccurry,music@pasadenaconservatory.org,,music@pasadenaconservatory.org,https://pasadenaconservatory.org/contact/ ,,https://www.instagram.com/pasadenaconservatoryofmusic/,https://www.facebook.com/PasadenaConservatoryMusic/
506,,,"Pasadena Meals On Wheels, Inc.",California Nonprofit ,https://www.pasadenamealsonwheels.org/?fbclid=IwAR1ikSzwOm5fsGOZk-BbAtdkyo-cbNzWWLeTgJE08WzlV6ONVrrcmffgpDs,,,500 E Colorado Blvd ,Pasadena,CA,,Los Angeles County,"500 E Colorado Blvd , Pasadena, CA",,,Nan,"pasadenamealsonwheels@gmail.comsubject=Volunteer for Meals on Wheels, pasadenamealsonwheels@gmail.comsubject=Volunteering for Meals on Wheels, pasadenamealsonwheels@gmail.comsubject=PMOW Meal Request, pasadenamealsonwheels@gmail.comsubject=POW Website Inquiry",,"pasadenamealsonwheels@gmail.comsubject=Volunteer for Meals on Wheels, pasadenamealsonwheels@gmail.comsubject=Volunteering for Meals on Wheels, pasadenamealsonwheels@gmail.comsubject=PMOW Meal Request, pasadenamealsonwheels@gmail.comsubject=POW Website Inquiry",,,,
507,XML/202510839349300866_public.xml,952371668,Pathpoint,California Nonprofit ,https://www.pathpoint.org/,8059663310,2025,901 Olive Street,Santa Barbara,CA,93101,Santa Barbara County,"901 Olive Street, Santa Barbara, CA, 93101",37100717.0,42234624.0,Yolanda Bosch,rebecca.bogdanovic@pathpoint.org,info@pathpoint.org,rebecca.bogdanovic@pathpoint.org,https://www.pathpoint.org/contact/ ,,,https://www.facebook.com/pages/PathPoint/153430117423
508,,,People Acting In Community Together (Pact),California Nonprofit ,http://www.pactsj.org/,8183488890,,1100 Shasta Ave Ste 210 ,San Diego,CA,,Santa Clara County,"1100 Shasta Ave Ste 210 , San Diego, CA",,,Nan,pactsj@pactsj.org,,pactsj@pactsj.org,,,https://www.instagram.com/pact_people_acting/?hl=en,https://www.facebook.com/PACTSJ/
509,,,People Assisting The Homeless (Path),California Nonprofit ,http://www.epath.org/,,,1250 Sixth Avenue ,San Rafael,CA,,San Diego County,"1250 Sixth Avenue , San Rafael, CA",,,Nan,"Media@epath.org, pathsandiego@epath.org, pathvolunteers@epath.org, pathsantaclara@epath.org, pathlosangeles@epath.org, giving@epath.org, path@epath.org, pathoc@epath.org",,"Media@epath.org, pathsandiego@epath.org, pathvolunteers@epath.org, pathsantaclara@epath.org, pathlosangeles@epath.org, giving@epath.org, path@epath.org, pathoc@epath.org",https://epath.org/contact/ ,https://www.linkedin.com/company/people-assisting-the-homeless-path/,https://www.instagram.com/pathpartners/,https://www.facebook.com/path.inCA
510,XML/202501159349300845_public.xml,811768753,People With Disabilities Succeeding,California Nonprofit ,http://www.pdsmarin.org/,4154590270,2025,1512 5Th Ave,San Rafael,CA,94901,Marin County,"1512 5Th Ave, San Rafael, CA, 94901",2178164.0,1069255.0,Nan,daniel@pdsmarin.org,,daniel@pdsmarin.org,https://www.pdsmarin.org/contact-us ,,,https://www.facebook.com/PDSMarin/
511,,,Pets Are Wonderful Support/Los Angeles,California Nonprofit ,http://www.pawsla.org/,,,150 W. 24H Street ,San Francisco,CA,,Los Angeles County,"150 W. 24H Street , San Francisco, CA",,,Nan,"zreyes@pawsla.org, SGALLEGOS@PAWSLA.ORG, emunguia@pawsla.org, wgutierres@pawsla.org, rhilary@pawsla.org, mmoya@pawsla.org",info@pawsla.org,"zreyes@pawsla.org, SGALLEGOS@PAWSLA.ORG, emunguia@pawsla.org, wgutierres@pawsla.org, rhilary@pawsla.org, mmoya@pawsla.org",http://www.pawsla.org/contact.html ,,https://www.instagram.com/paws_la/,https://www.facebook.com/PAWSLA/
512,,,Physicians For Social Responsibility - Los Angeles,California Nonprofit ,http://www.psr-la.org/,,,617 S Olive St Ste 1100 ,Piedmont,CA,,Los Angeles County,"617 S Olive St Ste 1100 , Piedmont, CA",,,Nan,"mhernandez@psr-la.org, membership@psr-la.org",info@psr-la.org,"mhernandez@psr-la.org, membership@psr-la.org",http://www.psr-la.org/contact ,https://www.linkedin.com/company/psrla,https://www.instagram.com/psr_la/,https://www.facebook.com/psrla
513,XML/202543149349305754_public.xml,946062822,Physicians For A Healthy California,California Nonprofit ,http://phcdocs.org/,9164445532,2025,1201 K Street Suite 800,Sacramento,CA,95814,,"1201 K Street Suite 800, Sacramento, CA, 95814",4121677.0,80412396.0,Lance R Lewis,phc@phcdocs.org,,phc@phcdocs.org,,,https://www.instagram.com/phcdocs/,https://www.facebook.com/phcdocs
514,XML/202540379349300129_public.xml,680223143,Placer Land Trust,California Nonprofit ,https://placerlandtrust.org/,5308879222,2025,922 Lincoln Way,Auburn,CA,95603,Placer County,"922 Lincoln Way, Auburn, CA, 95603",10313886.0,103685644.0,Jeff Darlington,"heather.harden@placerlandtrust.org, gary.wells@placerlandtrust.org, christy.claes@placerlandtrust.org, eden.rock@placerlandtrust.org, jward@placerlandtrust.org, elias.grant@placerlandtrust.org, elia.rivas@placerlandtrust.org, brandy.waters@placerlandtrust.org, janet.voris@placerlandtrust.org, juliabharper@placerlandtrust.org, bellamy.wooten@placerlandtrust.org, jeffd@placerlandtrust.org, joe.sims@placerlandtrust.org, kara.walker@placerlandtrust.org",info@placerlandtrust.org,"heather.harden@placerlandtrust.org, gary.wells@placerlandtrust.org, christy.claes@placerlandtrust.org, eden.rock@placerlandtrust.org, jward@placerlandtrust.org, elias.grant@placerlandtrust.org, elia.rivas@placerlandtrust.org, brandy.waters@placerlandtrust.org, janet.voris@placerlandtrust.org, juliabharper@placerlandtrust.org, bellamy.wooten@placerlandtrust.org, jeffd@placerlandtrust.org, joe.sims@placerlandtrust.org, kara.walker@placerlandtrust.org",https://placerlandtrust.org/contact/ ,,,
515,XML/202501939349300200_public.xml,822285222,Playful People Productions,California Nonprofit ,https://playfulpeople.org/,4088785362,2025,500 W Hamilton Ave 110549,Campbell,CA,95008,Santa Clara County,"500 W Hamilton Ave 110549, Campbell, CA, 95008",463684.0,55589.0,Tonya Suker, office@playfulpeople.org,, office@playfulpeople.org,https://playfulpeople.org/contact-us/ ,,https://www.instagram.com/playfulpeopleproductions/,https://www.facebook.com/playfulpeopleproductions
516,,,"Pleasantview Industries, Inc.",California Nonprofit ,http://pleasantviewindustries.org/,,,27921 Urbandale Avenue ,Quincy,CA,,Los Angeles County,"27921 Urbandale Avenue , Quincy, CA",,,Nan,ed@pleasantviewindustries.org,,ed@pleasantviewindustries.org,https://www.pleasantviewindustries.org/contact-us ,http://www.linkedin.com/company/pleasantview-industries-inc-fka-pleasantview-achievement-ctr,https://www.instagram.com/pleasantviewindustries/,https://www.facebook.com/pleasantviewind
517,XML/202530459349301683_public.xml,942722880,Plumas Rural Services,California Nonprofit ,http://www.plumasruralservices.org/,5302832735,2025,711 E Main Street,Quincy,CA,95971,,"711 E Main Street, Quincy, CA, 95971",7715723.0,4415640.0,Paula Johnston,dvs@plumasruralservices.org,,dvs@plumasruralservices.org,http://www.plumasruralservices.org/contact-us ,https://www.linkedin.com/company/plumas-rural-svc,https://www.instagram.com/plumasruralservices_inc/,https://www.facebook.com/prs.social
518,XML/202513159339301636_public.xml,680478282,Point Cabrillo Lightkeepers Association,California Nonprofit ,http://www.pointcabrillo.org/,7079376123,2025,Po Box 641,Mendocino,CA,95460,,"Po Box 641, Mendocino, CA, 95460",,,Nan,"pclk.webmaster@jhfrey.com, giftshop@pointcabrillo.org",info@pointcabrillo.org,"pclk.webmaster@jhfrey.com, giftshop@pointcabrillo.org",https://pointcabrillo.org/about-us/contact-us/ ,,https://www.instagram.com/pointcabrillo/,https://www.facebook.com/PointCabrilloLight
519,XML/202542749349301524_public.xml,942546064,Point Lobos Foundation,California Nonprofit ,http://www.pointlobos.org/,8663387227,2025,Po Box 221789,Carmel,CA,93922,,"Po Box 221789, Carmel, CA, 93922",1048888.0,2326096.0,Betty Maurutto,"ashley.wemp@parks.ca.gov, Fleccia.Wilson@parks.ca.gov, tracy@pointlobos.org, samantha.shackelton@parks.ca.gov, accountspayable@pointlobos.org, steffanie@pointlobos.org, regwriter43@gmail.com",,"ashley.wemp@parks.ca.gov, Fleccia.Wilson@parks.ca.gov, tracy@pointlobos.org, samantha.shackelton@parks.ca.gov, accountspayable@pointlobos.org, steffanie@pointlobos.org, regwriter43@gmail.com",https://www.pointlobos.org/contact/ ,,,
520,XML/202523199349303272_public.xml,954455668,Positive Results Center,California Nonprofit ,http://prc123.org/,3108533722,2025,15342 Hawthorne Blvd Suite 402,Lawndale,CA,90260,Los Angeles County,"15342 Hawthorne Blvd Suite 402, Lawndale, CA, 90260",947646.0,215803.0,Kandee Lewis,"chinarain.prc123@gmail.com, kandeele@prc123.org, kelli.prc123@gmail.com, crystal.prc123@gmail.com, daisy.prc123@gmail.com, gabriela.prc123@gmail.com, kala.prc123@gmail.com, samatha.prc123@gmail.com",info@prc123.org,"chinarain.prc123@gmail.com, kandeele@prc123.org, kelli.prc123@gmail.com, crystal.prc123@gmail.com, daisy.prc123@gmail.com, gabriela.prc123@gmail.com, kala.prc123@gmail.com, samatha.prc123@gmail.com",https://prc123.org/contact/ ,https://www.linkedin.com/in/kandeelewisceo/,https://www.instagram.com/thepositiveresults/,https://www.facebook.com/PRC123
521,XML/202522259349302132_public.xml,943282858,Prevention Institute,California Nonprofit ,http://www.preventioninstitute.org/,5104447738,2025,221 Oak Street,Oakland,CA,94607,Alameda County,"221 Oak Street, Oakland, CA, 94607",14860463.0,22473769.0,Rachel Davis,sana@preventioninstitute.org,,sana@preventioninstitute.org,,https://www.linkedin.com/company/prevention-institute,https://www.instagram.com/prevention_institute/,https://www.facebook.com/PreventionInstitute.org/
522,,,"Prison University Project, Inc Dba Mount Tamalpais College",California Nonprofit ,http://www.mttamcollege.org/,,,2165 Francisco Blvd. E Suite A ,Sacramento,CA,,Marin County,"2165 Francisco Blvd. E Suite A , Sacramento, CA",,,Nan,"swaterstone@mttamcollege.edu, development@mttamcollege.edu",,"swaterstone@mttamcollege.edu, development@mttamcollege.edu",https://www.mttamcollege.edu/about/contact-us/ ,https://www.linkedin.com/company/mt-tam-college,https://www.instagram.com/mttamcollege/,https://www.facebook.com/Mt.Tam.College
523,XML/202501299349304450_public.xml,880736423,Prorep Coalition,California Nonprofit ,https://www.prorepcoalition.org/,7039556511,2025,2108 N Street 11917,Sacramento,CA,95816,Nevada County,"2108 N Street 11917, Sacramento, CA, 95816",212654.0,127755.0,Zachary Caledon Myers,Admin@prorepcoalition.org,,Admin@prorepcoalition.org,,https://www.linkedin.com/company/prorep-coalition,https://www.instagram.com/prorepcoalition/,
524,XML/202533219349324243_public.xml,823944969,Project Alive,California Nonprofit ,http://www.projectalive.org/,2149194421,2025,2626 Cole Avenue Suite 300,Dallas,TX,75204,,"2626 Cole Avenue Suite 300, Dallas, TX, 75204",270394.0,1396.0,Brittany Barnett,give@projectalive.org,,give@projectalive.org,http://www.projectalive.org/contact ,https://www.linkedin.com/company/projectalive,https://www.instagram.com/projectalive/,https://www.facebook.com/projectalive/
525,XML/202501209349303775_public.xml,800094746,Queer Women Of Color Media Arts Project,California Nonprofit ,http://www.qwocmap.org/,4157520868,2025,1014 Torney Avenue,San Francisco,CA,94129,San Francisco County,"1014 Torney Avenue, San Francisco, CA, 94129",637511.0,850791.0,Nan,"training@qwocmap.org, distribution@qwocmap.org, festival@qwocmap.org, board@qwocmap.org, events@qwocmap.org, communications@qwocmap.org",info@qwocmap.org,"training@qwocmap.org, distribution@qwocmap.org, festival@qwocmap.org, board@qwocmap.org, events@qwocmap.org, communications@qwocmap.org",https://qwocmap.org/engage/contact/ ,,https://www.instagram.com/qwocmap/,https://www.facebook.com/QWOCMAP/
526,XML/202501349349307865_public.xml,951691313,Rady Children'S Hospital - San Diego,San Diego Nonprofit,WWW.RCHSD.ORG,8585761700,2025,3020 Childrens Way Mc 5001,San Diego,CA,921234282,San Diego County,"3020 Childrens Way Mc 5001, San Diego, CA, 921234282",1741094069.0,3968117737.0,James J Uli,"pfscustomerservices@rchsd.org, refsvc@rchsd.org, RCPMS_PFSQuestions@rchsd.org, mpfcustomerservice@rchsd.org, internationalref@rchsd.org, _recruiters@rchsd.org",,"pfscustomerservices@rchsd.org, refsvc@rchsd.org, RCPMS_PFSQuestions@rchsd.org, mpfcustomerservice@rchsd.org, internationalref@rchsd.org, _recruiters@rchsd.org",https://www.rchsd.org/contact-us/ ,https://www.linkedin.com/company/radychildrens/careers?trk=top_nav_careers,,https://www.facebook.com/radychildrens
527,XML/202511349349301426_public.xml,953545901,Rady Children'S Hospital And Health,San Diego Nonprofit,WWW.RCHSD.ORG,8585761700,2025,3020 Childrens Way Mc 5001,San Diego,CA,921234282,San Diego County,"3020 Childrens Way Mc 5001, San Diego, CA, 921234282",7529800.0,118685609.0,Patrick A Frias Md,"pfscustomerservices@rchsd.org, refsvc@rchsd.org, RCPMS_PFSQuestions@rchsd.org, mpfcustomerservice@rchsd.org, internationalref@rchsd.org, _recruiters@rchsd.org",,"pfscustomerservices@rchsd.org, refsvc@rchsd.org, RCPMS_PFSQuestions@rchsd.org, mpfcustomerservice@rchsd.org, internationalref@rchsd.org, _recruiters@rchsd.org",https://www.rchsd.org/contact-us/ ,https://www.linkedin.com/company/radychildrens/careers?trk=top_nav_careers,,https://www.facebook.com/radychildrens
528,XML/202522149349300207_public.xml,330410389,Rancho Bernardo High School Music,San Diego Nonprofit,www.rbmusic.org,8586496480,2025,P O Box 270792,San Diego,CA,92128,San Diego County,"P O Box 270792, San Diego, CA, 92128",210302.0,121136.0,George Rosello,"treasurerar@rbmusic.org, jpayne@rbmusic.org, zchristy@powayusd.com, merchandise@rbmusic.org, chaperones@rbmusic.org, dotani@powayusd.com, president@rbmusic.org, bthrockmorton@rbmusic.org, colorguard@rbmusic.org, treasurerap@rbmusic.org",tournamentdirector@rbmusic.org,"treasurerar@rbmusic.org, jpayne@rbmusic.org, zchristy@powayusd.com, merchandise@rbmusic.org, chaperones@rbmusic.org, dotani@powayusd.com, president@rbmusic.org, bthrockmorton@rbmusic.org, colorguard@rbmusic.org, treasurerap@rbmusic.org",,,,
529,XML/202541989349300204_public.xml,330410389,Rancho Bernardo High School Music,San Diego Nonprofit,www.rbmusic.org,8586496480,2025,P O Box 270792,San Diego,CA,92128,San Diego County,"P O Box 270792, San Diego, CA, 92128",193268.0,159411.0,George Rosello,"treasurerar@rbmusic.org, jpayne@rbmusic.org, zchristy@powayusd.com, merchandise@rbmusic.org, chaperones@rbmusic.org, dotani@powayusd.com, president@rbmusic.org, bthrockmorton@rbmusic.org, colorguard@rbmusic.org, treasurerap@rbmusic.org",tournamentdirector@rbmusic.org,"treasurerar@rbmusic.org, jpayne@rbmusic.org, zchristy@powayusd.com, merchandise@rbmusic.org, chaperones@rbmusic.org, dotani@powayusd.com, president@rbmusic.org, bthrockmorton@rbmusic.org, colorguard@rbmusic.org, treasurerap@rbmusic.org",,,,
530,XML/202522149349300107_public.xml,330410389,Rancho Bernardo High School Music,San Diego Nonprofit,www.rbmusic.org,8586496480,2025,P O Box 270792,San Diego,CA,92128,San Diego County,"P O Box 270792, San Diego, CA, 92128",190789.0,120121.0,George Rosello,"treasurerar@rbmusic.org, jpayne@rbmusic.org, zchristy@powayusd.com, merchandise@rbmusic.org, chaperones@rbmusic.org, dotani@powayusd.com, president@rbmusic.org, bthrockmorton@rbmusic.org, colorguard@rbmusic.org, treasurerap@rbmusic.org",tournamentdirector@rbmusic.org,"treasurerar@rbmusic.org, jpayne@rbmusic.org, zchristy@powayusd.com, merchandise@rbmusic.org, chaperones@rbmusic.org, dotani@powayusd.com, president@rbmusic.org, bthrockmorton@rbmusic.org, colorguard@rbmusic.org, treasurerap@rbmusic.org",,,,
531,XML/202502799349301745_public.xml,953251435,Rancho Penasquitos Little League,San Diego Nonprofit,www.RPLL.ORG,8582438125,2025,Po Box 720181,San Diego,CA,92172,San Diego County,"Po Box 720181, San Diego, CA, 92172",177565.0,99113.0,Nan,hotline@rpll.org,,hotline@rpll.org,,,//www.instagram.com/rpllbaseball,
532,XML/202533249349300723_public.xml,330185512,Rancho Penasquitos Tennis Association,San Diego Nonprofit,RPTCTENNIS.COM,8584840745,2025,12350 Black Mountain Rd,San Diego,CA,92129,San Diego County,"12350 Black Mountain Rd, San Diego, CA, 92129",1585584.0,515713.0,Nan,"tredcab10s@gmail.com, office@rptennis.club, actasandiego@gmail.com",,"tredcab10s@gmail.com, office@rptennis.club, actasandiego@gmail.com",,,https://www.instagram.com/actasandiego/,https://www.facebook.com/rancho.p.tennisclub?ref=hl
533,XML/202531539349300923_public.xml,330592057,Redemption Evangelistic Ministries,San Diego Nonprofit,https://missionrem.org,8585663441,2025,Po Box 26307,San Diego,CA,92196,San Diego County,"Po Box 26307, San Diego, CA, 92196",566180.0,30010.0,Nan,okhotinrem@gmail.com,info@missionrem.org,okhotinrem@gmail.com,,,,https://www.facebook.com/ministryrem/
534,XML/202511349349307271_public.xml,113723093,Regional Task Force On The Homeless,San Diego Nonprofit,RTFHSD.ORG,8582927627,2025,4699 Murphy Canyon Road 104,San Diego,CA,92123,San Diego County,"4699 Murphy Canyon Road 104, San Diego, CA, 92123",19284431.0,30993848.0,Tamera Kohler,"tony@manolatospa.com, support@rtfhsd.org",,"tony@manolatospa.com, support@rtfhsd.org",https://www.rtfhsd.org/contact/ ,https://www.linkedin.com/company/regional-task-force-on-homelessness,https://www.instagram.com/rtfhsd,https://www.facebook.com/RTFHSD
535,XML/202511359349307341_public.xml,861327444,Rv Pilar Inc,San Diego Nonprofit,RVPILAR.ORG,8585187537,2025,4342 Bayard Street,San Diego,CA,92109,San Diego County,"4342 Bayard Street, San Diego, CA, 92109",200862.0,920577.0,Joseph Russell,RVPilarSD@gmail.com,,RVPilarSD@gmail.com,,,https://www.instagram.com/rvpilar_/,https://www.facebook.com/researchvesselpilar/?modal=admin_todo_tour
536,,,Rancho Bernardo Historical Society Inc,California Nonprofit ,http://rbhistory.org/,,,Po Box 27314 ,Nan,CA,,San Diego County,"Po Box 27314 , Nan, CA",,,Nan,rbhistory1@gmail.com,,rbhistory1@gmail.com,https://rbhistory.org/contact-us/ ,,,https://www.facebook.com/rbvinesandvittles/
537,,,"Reading Is Fundamental Of Southern California, Inc.",California Nonprofit ,http://www.rifsocal.org/,,,7250 Bandini Blvd Ste 209 ,Nan,CA,,Los Angeles County,"7250 Bandini Blvd Ste 209 , Nan, CA",,,Nan,"raymon.gonis@rifsocal.org, oscar.cux@rifsocal.org, carol.henault@rifsocal.org",,"raymon.gonis@rifsocal.org, oscar.cux@rifsocal.org, carol.henault@rifsocal.org",https://www.rifsocal.org/contact-us ,,https://www.instagram.com/rifsocal/,
538,,,Rebuilding Together Sacramento,California Nonprofit ,http://rebuildingtogethersacramento.org/,,,8231 Alpine Ave Suite 3 ,San Francisco,CA,,Sacramento County,"8231 Alpine Ave Suite 3 , San Francisco, CA",,,Nan,"bpatterson@rebuildingtogethersacramento.org, rts@rebuildingtogethersacramento.org",,"bpatterson@rebuildingtogethersacramento.org, rts@rebuildingtogethersacramento.org",,https://www.linkedin.com/company/rebuilding-together-sacramento,,
539,XML/202521259349302977_public.xml,954754598,Red Hen Press,California Nonprofit ,http://www.redhen.org/,6263564760,2025,1540 Lincoln Ave,Pasadena,CA,91103,Los Angeles County,"1540 Lincoln Ave, Pasadena, CA, 91103",925136.0,929088.0,Kate Gale,"marketing@redhen.org, media@redhen.org, kamyar.jarah@redhen.org, production@redhen.org, accounting@redhen.org, development@redhen.org, editorial@redhen.org, marketingassoc@redhen.org",,"marketing@redhen.org, media@redhen.org, kamyar.jarah@redhen.org, production@redhen.org, accounting@redhen.org, development@redhen.org, editorial@redhen.org, marketingassoc@redhen.org",https://redhen.org/contact/ ,,https://www.instagram.com/redhenpress/?hl=en,https://www.facebook.com/redhenpress
540,XML/202511349349307271_public.xml,113723093,Regional Task Force On The Homeless,California Nonprofit ,http://rtfhsd.org/,8582927627,2025,4699 Murphy Canyon Road 104,San Diego,CA,92123,,"4699 Murphy Canyon Road 104, San Diego, CA, 92123",19284431.0,30993848.0,Tamera Kohler,"support@rtfhsd.org, tony@manolatospa.com",,"support@rtfhsd.org, tony@manolatospa.com",https://www.rtfhsd.org/contact/ ,https://www.linkedin.com/company/regional-task-force-on-homelessness,https://www.instagram.com/rtfhsd,https://www.facebook.com/RTFHSD
541,XML/202510809349300146_public.xml,300680123,Restoration Diversion Services,California Nonprofit ,http://restorationdiversionservices.com/,3107225604,2025,208 North Long Beach Blvd,Compton,CA,90221,Los Angeles County,"208 North Long Beach Blvd, Compton, CA, 90221",87363.0,0.0,Pamela Bryant,"Restorationdiverson@yahoo.com, Restorationdiversion@yahoo.com",,"Restorationdiverson@yahoo.com, Restorationdiversion@yahoo.com",http://restorationdiversionservices.com/contact-us/ ,,https://www.instagram.com/rdsdropin_208/,https://www.facebook.com/restoration.diversion
542,XML/202503039349300630_public.xml,237049402,Retired Employees Of San Diego Co,San Diego Nonprofit,www.resdc.net,6196889229,2025,3760 Convoy St Ste 118,San Diego,CA,92111,San Diego County,"3760 Convoy St Ste 118, San Diego, CA, 92111",539150.0,1229040.0,Nan,"RESDC@RESDC.net, melmendorf@resdc.net, msc@sdcera.org, EDsearch@resdc.net, resdc@resdc.net, asteele@resdc.net, rharo@resdc.net, board@resdc.net",,"RESDC@RESDC.net, melmendorf@resdc.net, msc@sdcera.org, EDsearch@resdc.net, resdc@resdc.net, asteele@resdc.net, rharo@resdc.net, board@resdc.net",https://www.resdc.net/contact-us/ ,https://www.linkedin.com/company/retired-employees-of-san-diego-county,,https://www.facebook.com/RetiredEmployeesofSanDiegoCounty/
543,,,Rimon Club Inc. Dba Club Z,California Nonprofit ,https://clubz.org/,15106651501,,1055 Riverton Dr ,Nan,CA,,San Mateo County,"1055 Riverton Dr , Nan, CA",,,Nan,donate@clubz.org,info@clubz.org,donate@clubz.org,https://clubz.org/contact-us/ ,https://www.linkedin.com/company/club-z,https://www.instagram.com/zionismforteens/,https://www.facebook.com/clubzteens/
544,,,Rock N' Roll Camp For Girls San Diego,California Nonprofit ,https://www.rockcampforgirlssd.org/,,,Po Box 232342 ,Redding,CA,,San Diego County,"Po Box 232342 , Redding, CA",,,Nan,rockcampforgirlsSD@gmail.com,,rockcampforgirlsSD@gmail.com,,,https://www.instagram.com/rockcampforgirlssd/,https://www.facebook.com/rocknrollcampforgirlsSD?ref=bookmarks
545,,,Rotacare Bay Area Inc.,California Nonprofit ,https://www.rotacarebayarea.org/,9164472854,,Nan,Long Beach,,,,"Nan, Long Beach, nan",,,Nan,"WestCC@rotacarebayarea.org, licensecheck@mbc.ca.gov, concordclinic@rotacarebayarea.org, coastsideclinic@rotacarebayarea.org, richmondclinic@rotacarebayarea.org, pittsburg@rotacarebayarea.org, santacruzclinic@rotacarebayarea.org, dcclinic@rotacarebayarea.org, montereyclinic@rotacarebayarea.org, sjclinic@rotacarebayarea.org, srclinic@rotacarebayarea.org",,"WestCC@rotacarebayarea.org, licensecheck@mbc.ca.gov, concordclinic@rotacarebayarea.org, coastsideclinic@rotacarebayarea.org, richmondclinic@rotacarebayarea.org, pittsburg@rotacarebayarea.org, santacruzclinic@rotacarebayarea.org, dcclinic@rotacarebayarea.org, montereyclinic@rotacarebayarea.org, sjclinic@rotacarebayarea.org, srclinic@rotacarebayarea.org",,,https://www.instagram.com/rotacarebayareainc/,
546,XML/202512249349302806_public.xml,330318714,Rotary Club Of Rancho Bernardo Sunrise,San Diego Nonprofit,rbsunrise.org,8584498665,2025,Po Box 270243,San Diego,CA,92198,San Diego County,"Po Box 270243, San Diego, CA, 92198",142797.0,204885.0,Kim Varey,David@SanDiegoOasis.org,,David@SanDiegoOasis.org,,,,https://www.facebook.com/group.php?gid=247469753192#
547,XML/202540739349301724_public.xml,942512284,Rural Community Assistance Corporation,California Nonprofit ,http://www.rcac.org/,9164472854,2025,3120 Freeboard Drive 201,West Sacramento,CA,95691,Yolo County,"3120 Freeboard Drive 201, West Sacramento, CA, 95691",58791828.0,220723819.0,Suzanne Anarde-Devenport,registration@rcac.org,,registration@rcac.org,https://www.rcac.org/about-rcac/contact-us/ ,http://www.linkedin.com/company/rcac,,https://www.facebook.com/pages/RCAC/116784531730718
548,XML/202531779349300238_public.xml,680321117,Russian Riverkeeper,California Nonprofit ,https://russianriverkeeper.org/,7074331958,2025,Po Box 1335,Healdsburg,CA,95448,,"Po Box 1335, Healdsburg, CA, 95448",1430731.0,981394.0,Robert Schwenker,"trash@russianriverkeeper.org, volunteer@russianriverkeeper.org, giving@russianriverkeeper.org, education@russianriverkeeper.org, advoacy@russianriverkeeper.org",info@russianriverkeeper.org,"trash@russianriverkeeper.org, volunteer@russianriverkeeper.org, giving@russianriverkeeper.org, education@russianriverkeeper.org, advoacy@russianriverkeeper.org",https://russianriverkeeper.org/contact/ ,https://www.linkedin.com/company/russian-riverkeeper/,https://www.instagram.com/rriverkeeper/,https://www.facebook.com/RussianRiverkeeper/
549,,,Sacnas Society For Advancement Of Chicanos/Hispanics & Native Americans In Science,California Nonprofit ,http://www.sacnas.org/,,,2261 Market Street Ste 22195 ,Nan,CA,,San Francisco County,"2261 Market Street Ste 22195 , Nan, CA",,,Nan,"members@sacnas.org, reg@sacnas.org, chapters@sacnas.org",info@sacnas.org,"members@sacnas.org, reg@sacnas.org, chapters@sacnas.org",https://www.sacnas.org/contact-us ,https://www.linkedin.com/company/sacnas/,https://www.instagram.com/sacnas/,https://www.facebook.com/SACNAS
550,XML/202521259349302102_public.xml,460549914,Sacraprofana Inc,San Diego Nonprofit,WWW.SACRAPROFANA.ORG,6196235711,2025,Po Box 712049,San Diego,CA,92171,San Diego County,"Po Box 712049, San Diego, CA, 92171",217883.0,83612.0,Karl P Bunker,stephanie@stephaniethompson.com,"info@mysite.com, info@sacraprofana.org",stephanie@stephaniethompson.com,https://www.sacraprofana.org/contact ,,https://www.instagram.com/sacraprofana,https://www.facebook.com/sacraprofana/
551,XML/202513179349309101_public.xml,800264095,San Diego Academy Of Child And,San Diego Nonprofit,https://sdacap.com,6194107745,2025,Po Box 712734,San Diego,CA,92171,San Diego County,"Po Box 712734, San Diego, CA, 92171",236976.0,321161.0,Noemi Lavoie,sandiegoacap@gmail.com,,sandiegoacap@gmail.com,https://sdacap.com/contact/ ,,,https://www.facebook.com/sandiegoacap
552,XML/202503179349306395_public.xml,946128841,San Diego Academy Of Family,San Diego Nonprofit,WWW.SANDIEGOAFP.ORG,8584589439,2025,Po Box 910144,San Diego,CA,921910144,San Diego County,"Po Box 910144, San Diego, CA, 921910144",191439.0,225288.0,Caitlin Macmillen Md,"sbazzo@sandiegoafp.org, SBAZZO@SANDIEGOAFP.ORG",,"sbazzo@sandiegoafp.org, SBAZZO@SANDIEGOAFP.ORG",,,,https://www.facebook.com/San-Diego-Academy-Of-Family-Physicians-106817322802709
553,XML/202521269349302682_public.xml,952253027,San Diego Air & Space Museum Inc,San Diego Nonprofit,www.sandiegoairandspace.org,6192348291,2025,2001 Pan American Plaza,San Diego,CA,92101,San Diego County,"2001 Pan American Plaza, San Diego, CA, 92101",6673846.0,12283230.0,James Kidrick,"nvelazquez@sdasm.org, education@sdasm.org, kpescador@sdasm.org, mculbertson@sdasm.org, dneville@sdasm.org, mparis@sdasm.org, ksmith@sdasm.org, rgoulart@sdasm.org",,"nvelazquez@sdasm.org, education@sdasm.org, kpescador@sdasm.org, mculbertson@sdasm.org, dneville@sdasm.org, mparis@sdasm.org, ksmith@sdasm.org, rgoulart@sdasm.org",https://sandiegoairandspace.org/museum/contact ,,http://www.instagram.com/sdasm,https://www.facebook.com/SDASM/
554,XML/202501209349303505_public.xml,330701029,San Diego Charitable Real Estate,San Diego Nonprofit,WWW.SDFOUNDATION.ORG/CHARITABLEREALESTATE,6192352300,2025,2508 Historic Decatur Road 200,San Diego,CA,92106,San Diego County,"2508 Historic Decatur Road 200, San Diego, CA, 92106",8045715.0,7498844.0,James Howell,"DonorServices@sdfoundation.org, lesliek@sdfoundation.org",info@sdfoundation.org,"DonorServices@sdfoundation.org, lesliek@sdfoundation.org",https://www.sdfoundation.org/charitablerealestate/contact/ ,https://www.linkedin.com/company/san-diego-foundation,https://www.instagram.com/sandiegofoundation/,https://www.facebook.com/SanDiegoFoundation
555,XML/202521299349302997_public.xml,237079373,San Diego Civic Youth Ballet,San Diego Nonprofit,WWW.SDCYB.ORG,6192333060,2025,1650 El Prado Ste 209,San Diego,CA,92101,San Diego County,"1650 El Prado Ste 209, San Diego, CA, 92101",1082513.0,757656.0,Kim Thomas,"jess@sdcyb.org, gaby@sdcyb.org, sdcyb@sdcyb.org",,"jess@sdcyb.org, gaby@sdcyb.org, sdcyb@sdcyb.org",https://www.sdcyb.org/contact ,,https://www.instagram.com/sdcyballet/,https://www.facebook.com/sdcyballet/
556,XML/202512359349300551_public.xml,330647946,San Diego Coastkeeper,San Diego Nonprofit,WWW.SDCOASTKEEPER.ORG,6197587743,2025,8305 Vickers Street 209,San Diego,CA,92111,San Diego County,"8305 Vickers Street 209, San Diego, CA, 92111",2281258.0,2881028.0,Phillip Musegaas,"camila@sdcoastkeeper.org, patrick@sdcoastkeeper.org, melanie@sdcoastkeeper.org, marie@sdcoastkeeper.org, jackson@sdcoastkeeper.org, nicky@sdcoastkeeper.org, rio@sdcoastkeeper.org, phillip@sdcoastkeeper.org, elyse@sdcoastkeeper.org, lesly@sdcoastkeeper.org, courtney@sdcoastkeeper.org",info@sdcoastkeeper.org,"camila@sdcoastkeeper.org, patrick@sdcoastkeeper.org, melanie@sdcoastkeeper.org, marie@sdcoastkeeper.org, jackson@sdcoastkeeper.org, nicky@sdcoastkeeper.org, rio@sdcoastkeeper.org, phillip@sdcoastkeeper.org, elyse@sdcoastkeeper.org, lesly@sdcoastkeeper.org, courtney@sdcoastkeeper.org",https://www.sdcoastkeeper.org/contact/ ,https://www.linkedin.com/company/san-diego-coastkeeper,https://www.instagram.com/sd_coastkeeper/,https://www.facebook.com/SanDiegoCoastkeeper
557,XML/202511089349301131_public.xml,951812810,San Diego Convention And Tourist Bureau,San Diego Nonprofit,WWW.SANDIEGO.ORG,6195572848,2025,750 B St Ste 1500,San Diego,CA,92101,San Diego County,"750 B St Ste 1500, San Diego, CA, 92101",58534473.0,19014220.0,Julie Coker,"Kavin@sandiego.org, bhilemon@sandiego.org, aparchment@sandiego.org, canderson@sdtmd.org, member@sandiego.orgsubject=Becoming a Member, nkelley@sandiego.org, rmeza@sandiego.org, kvkapich@sandiego.org, bbernasconi@sandiego.org, beastman@sandiego.org, daniel@sandiego.org, TCunningham@sandiego.org, aasuncion@sandiego.org, ads@sandiego.orgsubject=Advertising My Event, pgarcia@sandiego.org, kyap@sandiego.org",sdinfo@sandiego.org,"Kavin@sandiego.org, bhilemon@sandiego.org, aparchment@sandiego.org, canderson@sdtmd.org, member@sandiego.orgsubject=Becoming a Member, nkelley@sandiego.org, rmeza@sandiego.org, kvkapich@sandiego.org, bbernasconi@sandiego.org, beastman@sandiego.org, daniel@sandiego.org, TCunningham@sandiego.org, aasuncion@sandiego.org, ads@sandiego.orgsubject=Advertising My Event, pgarcia@sandiego.org, kyap@sandiego.org",https://www.sandiego.org/about/contact-the-san-diego-tourism-authority ,https://www.linkedin.com/company/43034,https://www.instagram.com/visitsandiego,https://www.facebook.com/SanDiego
558,XML/202513219349326681_public.xml,951732225,San Diego County Bar Association,San Diego Nonprofit,WWW.SDCBA.ORG,6192310781,2025,330 A Street,San Diego,CA,92101,San Diego County,"330 A Street, San Diego, CA, 92101",3361336.0,21213593.0,Scott Carr,bar@sdcba.org,,bar@sdcba.org,,https://www.linkedin.com/company/the-san-diego-county-bar-association/,,https://www.facebook.com/sandiegocountybar
559,XML/202543169349302784_public.xml,951436927,San Diego County Medical Society,San Diego Nonprofit,WWW.SDCMS.ORG,8585658888,2025,8690 Aero Drive Suite 115-220,San Diego,CA,92123,San Diego County,"8690 Aero Drive Suite 115-220, San Diego, CA, 92123",1281058.0,4947969.0,Paul Hegyi,"SuggestionBox@SDCMS.org, SDCMS@SDCMS.org",,"SuggestionBox@SDCMS.org, SDCMS@SDCMS.org",https://www.sdcms.org/about-sdcms/contact.aspx ,,,https://www.facebook.com/SanDiegoCountyMedicalSociety
560,XML/202511329349304141_public.xml,271477881,San Diego County Probation Officers Association,San Diego Nonprofit,WWW.SDCPOA.ORG,,2025,8388 Vickers St,San Diego,CA,92111,San Diego County,"8388 Vickers St, San Diego, CA, 92111",590104.0,823760.0,Jennifer Fox,KHRISTINA.SMITH@SDCPOA.ORG,,KHRISTINA.SMITH@SDCPOA.ORG,https://sdcpoa.org/contact-us/ ,,https://www.instagram.com/sdcpoa/?hl=en,https://www.facebook.com/sdcpoa
561,XML/202513219349324381_public.xml,956095413,San Diego Education Fund,San Diego Nonprofit,WWW.SDEF.ORG,6197257611,2025,4100 Normal Street 3251,San Diego,CA,92103,San Diego County,"4100 Normal Street 3251, San Diego, CA, 92103",223348.0,1208987.0,Rebecca Phillpott,"teamsmithrd@gmail.com, mcastleberry2719@gmail.com, adam.kaye@gmail.com, rossow.jacqueline@gmail.com, sdedfund@gmail.com",,"teamsmithrd@gmail.com, mcastleberry2719@gmail.com, adam.kaye@gmail.com, rossow.jacqueline@gmail.com, sdedfund@gmail.com",,,https://www.instagram.com/sdedfund/,https://www.facebook.com/SanDiegoEducationFund/
562,XML/202542889349302864_public.xml,956050121,San Diego Fire Relief Association,San Diego Nonprofit,WWW.SDFRA.ORG,7607290554,2025,10509 San Diego Mission Road F,San Diego,CA,92108,San Diego County,"10509 San Diego Mission Road F, San Diego, CA, 92108",1219866.0,3434022.0,Brandt Truver,mail@sdfra.org,,mail@sdfra.org,https://www.firefighteraid.org/contact-us/ ,,https://www.instagram.com/sdfra1907/,https://www.facebook.com/FirefighterAid
563,XML/202523019349302952_public.xml,330522932,San Diego Housing Federation,San Diego Nonprofit,www.housingsandiego.org,6192396693,2025,3939 Iowa Street 1,San Diego,CA,92104,San Diego County,"3939 Iowa Street 1, San Diego, CA, 92104",1189095.0,245116.0,Stephen Russell,"events@housingsandiego.org, marissa@housingsandiego.org, sdhfcomms@housingsandiego.org, sarah@housingsandiego.org",sdhfadmin@housingsandiego.org,"events@housingsandiego.org, marissa@housingsandiego.org, sdhfcomms@housingsandiego.org, sarah@housingsandiego.org",https://www.housingsandiego.org/contact ,https://www.linkedin.com/company/sdhf,,
564,XML/202521079349300537_public.xml,951661688,San Diego Humane Society & Spca,San Diego Nonprofit,WWW.SDHUMANE.ORG,6192997012,2025,5500 Gaines Street,San Diego,CA,92110,San Diego County,"5500 Gaines Street, San Diego, CA, 92110",72873511.0,132990857.0,Gary L Weitzman,donate@sdhumane.org,info@sdhumane.org,donate@sdhumane.org,https://sdhumane.org/about/contact-us/ ,https://www.linkedin.com/company/san-diego-humane-society-and-spca,https://www.instagram.com/sdhumanesociety/,https://www.facebook.com/SanDiegoHumaneSociety
565,XML/202533019349302038_public.xml,943194410,San Diego Imperial Counties,San Diego Nonprofit,WWW.FOUNDATIONFORDD.ORG,9165581515,2025,P O Box 19340,Sacramento,CA,95819,San Diego County,"P O Box 19340, Sacramento, CA, 95819",352797.0,324649.0,Nan,mail@foundationfordd.org,,mail@foundationfordd.org,https://www.foundationfordd.org/contact ,https://www.linkedin.com/company/foundationfordd/?viewAsMember=true,,https://www.facebook.com/foundationfordd/
566,XML/202501229349302910_public.xml,845190032,San Diego Jazz Ventures Inc,San Diego Nonprofit,www.sdjazzventures.org,8588837373,2025,3535 1St Avenue Unit 8A,San Diego,CA,92103,San Diego County,"3535 1St Avenue Unit 8A, San Diego, CA, 92103",229900.0,40944.0,Nan,sdjazzventures@gmail.com,,sdjazzventures@gmail.com,,,https://www.instagram.com/sdjazzventures/,https://www.facebook.com/SDJazzVentures/
567,XML/202512029349300221_public.xml,952303700,San Diego Junior Theatre,San Diego Nonprofit,JUNIORTHEATRE.COM,6192391311,2025,1650 El Prado 208,San Diego,CA,92101,San Diego County,"1650 El Prado 208, San Diego, CA, 92101",1541885.0,2134053.0,Desha Crownover,"isadora@juniortheatre.com, anthony@juniortheatre.com, lizzie@juniortheatre.com, tammy@juniortheatre.com, tessa@juniortheatre.com, isaac@juniortheatre.com, sabrina@juniortheatre.com, desha@juniortheatre.com, joey@juniortheatre.com, gordon@juniortheatre.com, elissa@juniortheatre.com, nikki@juniortheatre.com",,"isadora@juniortheatre.com, anthony@juniortheatre.com, lizzie@juniortheatre.com, tammy@juniortheatre.com, tessa@juniortheatre.com, isaac@juniortheatre.com, sabrina@juniortheatre.com, desha@juniortheatre.com, joey@juniortheatre.com, gordon@juniortheatre.com, elissa@juniortheatre.com, nikki@juniortheatre.com",https://juniortheatre.com/contact/ ,,https://www.instagram.com/juniortheatre/,
568,XML/202503579349300130_public.xml,956079626,San Diego Kiwanis Club Foundation Inc,San Diego Nonprofit,WWW.SANDIEGOKIWANISCLUBFOUNDATION.ORG,6193249853,2025,3276 Rosecrans St 202,San Diego,CA,92110,San Diego County,"3276 Rosecrans St 202, San Diego, CA, 92110",283520.0,6302989.0,Gordon Boerner,sdkiwanisfoundation@gmail.com,,sdkiwanisfoundation@gmail.com,,https://www.linkedin.com/company/kiwanissandiego/,https://www.instagram.com/kiwanissandiego/,https://www.facebook.com/kiwanissandiego/
569,XML/202510739349301326_public.xml,330299972,San Diego Lions Welfare Foundation,San Diego Nonprofit,www.sandiegolions.org/welfare-foundation.html,6192397264,2025,310 Market Street,San Diego,CA,92101,San Diego County,"310 Market Street, San Diego, CA, 92101",245585.0,5738152.0,Victoria Wierig,"thelionsvisionclinic@hotmail.com, sdlionsclub@gmail.com, hearfoundation@aol.com",,"thelionsvisionclinic@hotmail.com, sdlionsclub@gmail.com, hearfoundation@aol.com",https://sandiegolions.org/contact/ ,,,https://www.facebook.com/sdlionsclub.org
570,XML/202532669349301233_public.xml,956049910,San Diego Mineral & Gem Society,San Diego Nonprofit,WWW.SDMG.ORG,8585861637,2025,1770 Village Place,San Diego,CA,92101,San Diego County,"1770 Village Place, San Diego, CA, 92101",81856.0,602259.0,Nan,school@sdmg.org,,school@sdmg.org,,,,
571,XML/202520909349301027_public.xml,951757877,San Diego Municipal Employees Assn,San Diego Nonprofit,WWW.SDMEA.ORG,6192646632,2025,9620 Chesapeake Drive 203,San Diego,CA,92123,San Diego County,"9620 Chesapeake Drive 203, San Diego, CA, 92123",3731072.0,7262739.0,Michael Zucchet,"dkealaluhi@sdmea.org, smercure@sdmea.org, mzucchet@sdmea.org, cwilson@sdmea.org, kwalton@sdmea.org, ymiranda@sdmea.org, nwright@sdmea.org, chiggins@sdmea.org","info@sdmea.org, info@sdpeba.org","dkealaluhi@sdmea.org, smercure@sdmea.org, mzucchet@sdmea.org, cwilson@sdmea.org, kwalton@sdmea.org, ymiranda@sdmea.org, nwright@sdmea.org, chiggins@sdmea.org",,,,
572,XML/202510379349301691_public.xml,951709290,San Diego Museum Of Man,San Diego Nonprofit,WWW.MUSEUMOFUS.ORG,6192392001,2025,1350 El Prado Balboa Park,San Diego,CA,92101,San Diego County,"1350 El Prado Balboa Park, San Diego, CA, 92101",3279183.0,8453586.0,Micah D Parzen Phd Jd,"decolonizing@museumofus.org , publicprograms@museumofus.org, development@museumofus.org, membership@museumofus.org, culturalresources@museumofus.org, marketing@museumofus.org, education@museumofus.org, museum@museumofus.org",,"decolonizing@museumofus.org , publicprograms@museumofus.org, development@museumofus.org, membership@museumofus.org, culturalresources@museumofus.org, marketing@museumofus.org, education@museumofus.org, museum@museumofus.org",,,https://www.instagram.com/museumofallofus/,https://www.facebook.com/museumofallofus
573,XML/202523119349303002_public.xml,331147422,San Diego Musical Theatre,San Diego Nonprofit,WWW.SDMT.ORG,8585605740,2025,4650 Mercury Street,San Diego,CA,92111,San Diego County,"4650 Mercury Street, San Diego, CA, 92111",1522916.0,58325.0,Nan,"leorazalman@gmail.com, van@sdmt.org, jonathan@sdmt.org, gary@sdmt.org, eli@sdmt.org, rebecca@sdmt.org, xavier@sdmt.org, dottie@sdmt.org, jill@sdmt.org, erin@sdmt.org, academy@sdmt.org",info@sdmt.org,"leorazalman@gmail.com, van@sdmt.org, jonathan@sdmt.org, gary@sdmt.org, eli@sdmt.org, rebecca@sdmt.org, xavier@sdmt.org, dottie@sdmt.org, jill@sdmt.org, erin@sdmt.org, academy@sdmt.org",https://www.sdmt.org/contact/ ,,https://www.instagram.com/sandiegomusicaltheatre/,https://www.facebook.com/San-Diego-Musical-Theatre-112606775435990/
574,XML/202533189349305968_public.xml,330959608,San Diego Public Library Foundation,San Diego Nonprofit,WWW.LIBRARYFOUNDATIONSD.ORG,6192386619,2025,330 Park Boulevard,San Diego,CA,92101,San Diego County,"330 Park Boulevard, San Diego, CA, 92101",2833665.0,10779427.0,Patrick Stewart,office@libraryfoundationsd.org,,office@libraryfoundationsd.org,,https://www.linkedin.com/company/libraryfoundationsd/,https://www.instagram.com/libraryfoundationsd,https://www.facebook.com/libraryfoundationsd
575,XML/202522459349300047_public.xml,263534334,San Diego Regional Chamber Foundation,San Diego Nonprofit,WWW.SDCHAMBER.ORG,6195441300,2025,402 West Broadway 1000,San Diego,CA,921013585,San Diego County,"402 West Broadway 1000, San Diego, CA, 921013585",7278.0,147238.0,Jessica Anderson,"hmarting@sdchamber.org, jpeters@sdchamber.org",,"hmarting@sdchamber.org, jpeters@sdchamber.org",https://www.sdchamber.org/contactus/ ,https://www.linkedin.com/company/san-diego-regional-chamber-of-commerce,https://www.instagram.com/SDChamber/,https://www.facebook.com/sdchamber
576,XML/202512459349300831_public.xml,951184680,San Diego Regional Chamber Of Commerce,San Diego Nonprofit,WWW.SDCHAMBER.ORG,6195441300,2025,402 West Broadway 1000,San Diego,CA,921013585,San Diego County,"402 West Broadway 1000, San Diego, CA, 921013585",3772272.0,7451889.0,Jessica Anderson,"hmarting@sdchamber.org, jpeters@sdchamber.org",,"hmarting@sdchamber.org, jpeters@sdchamber.org",https://www.sdchamber.org/contactus/ ,https://www.linkedin.com/company/san-diego-regional-chamber-of-commerce,https://www.instagram.com/SDChamber/,https://www.facebook.com/sdchamber
577,XML/202501439349301230_public.xml,861068424,San Diego Regional Disaster Fund,San Diego Nonprofit,WWW.SDFOUNDATION.ORG,6192352300,2025,2508 Historic Decatur Road 200,San Diego,CA,92106,San Diego County,"2508 Historic Decatur Road 200, San Diego, CA, 92106",22.0,0.0,Christopher Kahnmdmph,DonorServices@sdfoundation.org,info@sdfoundation.org,DonorServices@sdfoundation.org,https://www.sdfoundation.org/contact/ ,https://www.linkedin.com/company/san-diego-foundation,https://www.instagram.com/sandiegofoundation/,https://www.facebook.com/SanDiegoFoundation
578,XML/202511209349303551_public.xml,861068424,San Diego Regional Disaster Fund,San Diego Nonprofit,WWW.SDFOUNDATION.ORG,6192352300,2025,2508 Historic Decatur Road 200,San Diego,CA,92106,San Diego County,"2508 Historic Decatur Road 200, San Diego, CA, 92106",17083.0,292327.0,Christopher Kahnmdmph,DonorServices@sdfoundation.org,info@sdfoundation.org,DonorServices@sdfoundation.org,https://www.sdfoundation.org/contact/ ,https://www.linkedin.com/company/san-diego-foundation,https://www.instagram.com/sandiegofoundation/,https://www.facebook.com/SanDiegoFoundation
579,XML/202510589349300911_public.xml,880939564,San Diego Rescue Mission Foundation,San Diego Nonprofit,WWW.SDRESCUE.ORG,6198191891,2025,Po Box 80427,San Diego,CA,92138,San Diego County,"Po Box 80427, San Diego, CA, 92138",6441230.0,13716466.0,Edvin Liku,"sbaker@sdrescue.org, nancy@intesacom.com, dispatcher@sdrescue.org, nancy@inestacom.com",sdrminfo@sdrescue.org,"sbaker@sdrescue.org, nancy@intesacom.com, dispatcher@sdrescue.org, nancy@inestacom.com",https://www.sdrescue.org/contact-us/ ,,https://www.instagram.com/sdrescue/,https://www.facebook.com/SanDiegoRescueMission
580,XML/202520589349301147_public.xml,951874073,San Diego Rescue Mission Inc,San Diego Nonprofit,WWW.SDRESCUE.ORG,6198191891,2025,Po Box 80427,San Diego,CA,92138,San Diego County,"Po Box 80427, San Diego, CA, 92138",25286002.0,47400081.0,Donnie Dee,"sbaker@sdrescue.org, nancy@intesacom.com, dispatcher@sdrescue.org, nancy@inestacom.com",sdrminfo@sdrescue.org,"sbaker@sdrescue.org, nancy@intesacom.com, dispatcher@sdrescue.org, nancy@inestacom.com",https://www.sdrescue.org/contact-us/ ,,https://www.instagram.com/sdrescue/,https://www.facebook.com/SanDiegoRescueMission
581,XML/202510629349301961_public.xml,956100556,San Diego Rose Society,San Diego Nonprofit,SANDIEGOROSESOCIETY.COM,8585313572,2025,Po Box 86124,San Diego,CA,92138,San Diego County,"Po Box 86124, San Diego, CA, 92138",44422.0,109620.0,Bill Ornelas,sandiegorosesociety@gmail.com,,sandiegorosesociety@gmail.com,https://sandiegorosesociety.com/contact ,,https://www.instagram.com/sandiegorosesociety/,https://www.facebook.com/sandiegorosesociety/
582,XML/202502599349301460_public.xml,814910505,San Diego Seniors Community Foundation,San Diego Nonprofit,SDSCF.ORG,6196849114,2025,Po Box 60515,San Diego,CA,92106,San Diego County,"Po Box 60515, San Diego, CA, 92106",751753.0,964543.0,Robert Kelly,joice@c3publicrelations.com,info@sdscf.org,joice@c3publicrelations.com,https://sdscf.org/contact/ ,https://www.linkedin.com/company/san-diego-seniors-community-foundation,https://www.instagram.com/seniorsofsd/?hl=en,https://www.facebook.com/sandiegoseniors/
583,XML/202513219349307701_public.xml,330022489,San Diego Soccer Club,San Diego Nonprofit,WWW.SANDIEGOSOCCERCLUB.ORG,4047909340,2025,11305 Rancho Bernardo Road 101,San Diego,CA,92127,San Diego County,"11305 Rancho Bernardo Road 101, San Diego, CA, 92127",3500331.0,1110244.0,Nan,j.flowers@sandiegosoccerclub.or,info@sandiegosoccerclub.org,j.flowers@sandiegosoccerclub.or,https://www.sandiegosoccerclub.org/contact ,,https://www.instagram.com/p/C3YsQvrtUAg/,https://www.facebook.com/GoSDSC/
584,XML/202510699349301126_public.xml,956042721,San Diego State University Foundation,San Diego Nonprofit,WWW.FOUNDATION.SDSU.EDU,6195941900,2025,5250 Campanile Drive Mc1947,San Diego,CA,921821947,San Diego County,"5250 Campanile Drive Mc1947, San Diego, CA, 921821947",226239172.0,298714165.0,Michele Goetz,"sdsurfap@sdsu.edu, snahapetyan@sdsu.edu, tmerkel@sdsu.edu, mgoetz@sdsu.edu, sdsurffacilities@sdsu.edu, sdsurfpayroll@sdsu.edu, sdsurffeedback@sdsu.edu, sdsurfhr@sdsu.edu, sdsurfriskmanagement@sdsu.edu, sdsurfpurchase@sdsu.edu, celee@sdsu.edu",,"sdsurfap@sdsu.edu, snahapetyan@sdsu.edu, tmerkel@sdsu.edu, mgoetz@sdsu.edu, sdsurffacilities@sdsu.edu, sdsurfpayroll@sdsu.edu, sdsurffeedback@sdsu.edu, sdsurfhr@sdsu.edu, sdsurfriskmanagement@sdsu.edu, sdsurfpurchase@sdsu.edu, celee@sdsu.edu",https://www.foundation.sdsu.edu/contact_us ,https://www.linkedin.com/company/sdsu-research-foundation?trk=tyah&trkInfo=clickedVertical%3Acompany%2CclickedEntityId%3A6207%2Cidx%3A2-1-4%2CtarId%3A1457654906708%2Ctas%3Asdsu+resear,https://www.instagram.com/sdsu_rf/,https://www.facebook.com/SanDiegoState
585,XML/202533569349300323_public.xml,141886373,San Diego Theatres Inc,San Diego Nonprofit,WWW.SANDIEGOTHEATRES.ORG,6196154043,2025,225 Broadway 300,San Diego,CA,92101,San Diego County,"225 Broadway 300, San Diego, CA, 92101",14831674.0,29264118.0,Carol Wallace,ticketing@sandiegotheatres.org,,ticketing@sandiegotheatres.org,,https://www.linkedin.com/company/sandiegotheatres,https://www.instagram.com/sdtheatres,https://www.facebook.com/TeatroMascaraMagica/
586,XML/202512659349300441_public.xml,956098282,San Diego Track & Field Association,San Diego Nonprofit,sandiegotrackclub.org,6196652411,2025,Po Box 86133,San Diego,CA,92138,San Diego County,"Po Box 86133, San Diego, CA, 92138",338149.0,300936.0,Uyen Phu,membership@sandiegotrackclub.org,,membership@sandiegotrackclub.org,,,https://www.instagram.com/sandiegotrackclub,https://www.facebook.com/SanDiegoTrackClub/
587,XML/202512959349301501_public.xml,201202924,San Diego Writers Ink,San Diego Nonprofit,www.sandiegowriters.org/,6196960363,2025,2730 Historic Decatur Road,San Diego,CA,92106,San Diego County,"2730 Historic Decatur Road, San Diego, CA, 92106",254748.0,65092.0,Sandra Younger,"programs@sandiegowriters.org, register@sandiegowriters.org",info@sandiegowriters.org,"programs@sandiegowriters.org, register@sandiegowriters.org",https://writeyourstorynow.org/about/contact/ ,,https://www.instagram.com/sdwritersink/,https://www.facebook.com/SDWritersInk
588,XML/202502669349301325_public.xml,330510953,San Diego Yacht Club Sailing Foundation,San Diego Nonprofit,WWW.SDYCSF.ORG,6192218400,2025,1011 Anchorage Lane,San Diego,CA,92106,San Diego County,"1011 Anchorage Lane, San Diego, CA, 92106",737484.0,5575508.0,Jerelyn Biehl,"sdycsf@gmail.com, jerelyn@odmsail.com",,"sdycsf@gmail.com, jerelyn@odmsail.com",,,,https://www.facebook.com/SanDiegoYachtClub/
589,XML/202522539349301957_public.xml,952648050,San Diego Youth Services,San Diego Nonprofit,WWW.SDYOUTHSERVICES.ORG,6192218600,2025,3255 Wing Street,San Diego,CA,92110,San Diego County,"3255 Wing Street, San Diego, CA, 92110",33029185.0,17310734.0,Walter Philips,"hr@sdyouthservices.org, losullivan@sdyouthservices.org",,"hr@sdyouthservices.org, losullivan@sdyouthservices.org",https://sdyouthservices.org/contact/ ,,https://www.instagram.com/sdyouthservices/,https://www.facebook.com/SanDiegoYouthServices/
590,XML/202511339349307941_public.xml,237380943,San Diego Youth Symphony & Conservatory,San Diego Nonprofit,WWW.SDYS.ORG,6192333232,2025,1650 El Prado 207A,San Diego,CA,92101,San Diego County,"1650 El Prado 207A, San Diego, CA, 92101",2524643.0,3972621.0,Michael Remson,"giving@keynote-music.org, alumni@keynote-music.org, grants@keynote-music.org, registration@keynote-music.org, hr@keynote-music.org, chimes@keynote-music.org, opus@keynote-music.org, support@keynote-music.org, tickets@keynote-music.org, marketing@keynote-music.org, website@keynote-music.org, musicdiscovery@keynote-music.org, InstrumentLibrary@keynote-music.org",,"giving@keynote-music.org, alumni@keynote-music.org, grants@keynote-music.org, registration@keynote-music.org, hr@keynote-music.org, chimes@keynote-music.org, opus@keynote-music.org, support@keynote-music.org, tickets@keynote-music.org, marketing@keynote-music.org, website@keynote-music.org, musicdiscovery@keynote-music.org, InstrumentLibrary@keynote-music.org",https://www.keynote-music.org/contact-us/ ,https://www.linkedin.com/company/sdys/?viewAsMember=true,https://www.instagram.com/sdyouthsymphony/,https://www.facebook.com/sdyouthsymphony/
591,XML/202532589349301603_public.xml,462118727,Sandiego350,San Diego Nonprofit,www.sandiego350.org,6193351265,2025,3900 Cleveland Ave A,San Diego,CA,92103,San Diego County,"3900 Cleveland Ave A, San Diego, CA, 92103",742840.0,713652.0,Nan,volunteer@sandiego350.org,,volunteer@sandiego350.org,https://sandiego350.org/about/contact-us/ ,,https://www.instagram.com/sandiego350/?hl=en,https://www.facebook.com/SanDiego350
592,,,Santa Barbara Mission Archive-Library,California Nonprofit ,https://www.sbmal.org/,,,Nan,Nan,,,,"Nan, Nan, nan",,,Nan,research@sbmal.org,,research@sbmal.org,,https://www.linkedin.com/company/sbmal,https://www.instagram.com/sbmissionarchive/,
593,XML/202511719349300431_public.xml,330298060,Scripps Ranch Soccer Club,San Diego Nonprofit,SCRIPPSRANCHSC.COM,6199448478,2025,9984 Scripps Ranch Blvd 342,San Diego,CA,92131,San Diego County,"9984 Scripps Ranch Blvd 342, San Diego, CA, 92131",855545.0,466635.0,Jody Luke,YogurtHeaven@yahoo.com,,YogurtHeaven@yahoo.com,,,,
594,XML/202521969349302387_public.xml,330873454,Scripps Ranch Softball Association,San Diego Nonprofit,WWW.SRSOFTBALL.ORG,6192311977,2025,9984 Scripps Ranch Blvd 184,San Diego,CA,92131,San Diego County,"9984 Scripps Ranch Blvd 184, San Diego, CA, 92131",177327.0,132986.0,Gidget Delos Reyes,registrar@srsoftball.org,,registrar@srsoftball.org,,,//www.instagram.com/srsoftball92131/,
595,XML/202531829349300418_public.xml,911997458,Scripps Ranch Theatre,San Diego Nonprofit,WWW.SCRIPPSRANCHTHEATRE.ORG,8585787728,2025,10755-F Scripps Poway Parkway 187,San Diego,CA,92131,San Diego County,"10755-F Scripps Poway Parkway 187, San Diego, CA, 92131",241678.0,415391.0,Nick Torres,boxoffice@scrippsranchtheatre.org,,boxoffice@scrippsranchtheatre.org,,,https://www.instagram.com/explore/locations/648099526/scripps-ranch-theatre/?hl=en,https://www.facebook.com/scrippsranchtheatre/
596,XML/202523219349326972_public.xml,208289970,Seiu Local 221,San Diego Nonprofit,WWW.SEIU221.ORG,8585600151,2025,4004 Kearny Mesa Road,San Diego,CA,92111,San Diego County,"4004 Kearny Mesa Road, San Diego, CA, 92111",6158610.0,1580870.0,Crystal Irving,"adriana.meza@seiu221.org, cierra.williams@seiu221.org, david.lagstein@seiu221.org, alisa.miller@seiu221.org, roslyn.cassidy@seiu221.org, jennifer.spirit@seiu221.org, robert.sanders@seiu221.org, norma.whitaker@seiu221.org, aidee.mariscal@seiu221.org, gabriel.davila@seiu221.org, greg.thedell@seiu221.org, christa.fink@seiu221.org, adam.ward@seiu221.org, zach.goldberg@seiu221.org, Tuan.Luu@seiu221.org, sandra.obledo@seiu221.org, alexis.graham@seiu221.org, isiah.beemen@seiu221.org, dan.castillo@seiu221.org",,"adriana.meza@seiu221.org, cierra.williams@seiu221.org, david.lagstein@seiu221.org, alisa.miller@seiu221.org, roslyn.cassidy@seiu221.org, jennifer.spirit@seiu221.org, robert.sanders@seiu221.org, norma.whitaker@seiu221.org, aidee.mariscal@seiu221.org, gabriel.davila@seiu221.org, greg.thedell@seiu221.org, christa.fink@seiu221.org, adam.ward@seiu221.org, zach.goldberg@seiu221.org, Tuan.Luu@seiu221.org, sandra.obledo@seiu221.org, alexis.graham@seiu221.org, isiah.beemen@seiu221.org, dan.castillo@seiu221.org",,,https://www.instagram.com/seiu221/,https://www.facebook.com/seiu221
597,XML/202502469349300810_public.xml,208289970,Seiu Local 221,San Diego Nonprofit,WWW.SEIU221.ORG,8585600151,2025,4004 Kearny Mesa Road,San Diego,CA,92111,San Diego County,"4004 Kearny Mesa Road, San Diego, CA, 92111",5487992.0,1021627.0,Crystal Irving,"adriana.meza@seiu221.org, cierra.williams@seiu221.org, david.lagstein@seiu221.org, alisa.miller@seiu221.org, roslyn.cassidy@seiu221.org, jennifer.spirit@seiu221.org, robert.sanders@seiu221.org, norma.whitaker@seiu221.org, aidee.mariscal@seiu221.org, gabriel.davila@seiu221.org, greg.thedell@seiu221.org, christa.fink@seiu221.org, adam.ward@seiu221.org, zach.goldberg@seiu221.org, Tuan.Luu@seiu221.org, sandra.obledo@seiu221.org, alexis.graham@seiu221.org, isiah.beemen@seiu221.org, dan.castillo@seiu221.org",,"adriana.meza@seiu221.org, cierra.williams@seiu221.org, david.lagstein@seiu221.org, alisa.miller@seiu221.org, roslyn.cassidy@seiu221.org, jennifer.spirit@seiu221.org, robert.sanders@seiu221.org, norma.whitaker@seiu221.org, aidee.mariscal@seiu221.org, gabriel.davila@seiu221.org, greg.thedell@seiu221.org, christa.fink@seiu221.org, adam.ward@seiu221.org, zach.goldberg@seiu221.org, Tuan.Luu@seiu221.org, sandra.obledo@seiu221.org, alexis.graham@seiu221.org, isiah.beemen@seiu221.org, dan.castillo@seiu221.org",,,https://www.instagram.com/seiu221/,https://www.facebook.com/seiu221
598,,,Sfartsed,California Nonprofit ,http://www.sfartsed.org/,,,135 Van Ness Ave Norse Auditorium ,San Francisco,CA,,San Francisco County,"135 Van Ness Ave Norse Auditorium , San Francisco, CA",,,Nan,"susantramontana@gmail.com, pete.b@sfartsed.org, laura.b@SFArtsED.org, kathryn.a@SFArtsED.org, tiersa.n@SFArtsED.org, emily.k@SFArtsED.org, mia.w@sfartsed.org, chad.j@SFArtsED.org",info@SFArtsED.org,"susantramontana@gmail.com, pete.b@sfartsed.org, laura.b@SFArtsED.org, kathryn.a@SFArtsED.org, tiersa.n@SFArtsED.org, emily.k@SFArtsED.org, mia.w@sfartsed.org, chad.j@SFArtsED.org",https://www.sfartsed.org/contact/ ,,https://www.instagram.com/SFArtsED/,https://www.facebook.com/SFArtsED/
599,,,Sffilm,California Nonprofit ,http://www.sffilm.org/,7074923198,,455 9Th St ,Oak View,CA,,San Francisco County,"455 9Th St , Oak View, CA",,,Nan," tl@tommylau.net, gga@sffilm.org, development@sffilm.org, jhebron@sffilm.org, ADA@sffilm.org, grants@sffilm.org, sffilmprogramming@sffilm.org, members@sffilm.org, partnerships@sffilm.org, education@sffilm.org",info@sffilm.org," tl@tommylau.net, gga@sffilm.org, development@sffilm.org, jhebron@sffilm.org, ADA@sffilm.org, grants@sffilm.org, sffilmprogramming@sffilm.org, members@sffilm.org, partnerships@sffilm.org, education@sffilm.org",,,,https://www.facebook.com/sffilm
600,XML/202532589349300233_public.xml,951892285,Silver Gate Yacht Club,San Diego Nonprofit,WWW.SGYC.ORG,6192221214,2025,2091 Shelter Island Dr,San Diego,CA,92106,San Diego County,"2091 Shelter Island Dr, San Diego, CA, 92106",1576864.0,5998139.0,Don Aitken,"manager@sgyc.org, Manager@sgyc.org, membership@sgyc.org",,"manager@sgyc.org, Manager@sgyc.org, membership@sgyc.org",,,https://www.instagram.com/silvergateyc1952/,
601,XML/202501339349303800_public.xml,237107958,Social Advocates For Youth,San Diego Nonprofit,WWW.SAYSANDIEGO.ORG,8585654148,2025,4775 Viewridge Avenue,San Diego,CA,92123,San Diego County,"4775 Viewridge Avenue, San Diego, CA, 92123",28456302.0,12705590.0,Louie Nguyen,"Development@saysandiego.org, development@saysandiego.org, sayextendeddayprograms@saysandiego.org, careers@saysandiego.org, mychild@saysandiego.org",info@saysandiego.org,"Development@saysandiego.org, development@saysandiego.org, sayextendeddayprograms@saysandiego.org, careers@saysandiego.org, mychild@saysandiego.org",https://www.saysandiego.org/about/contact/ ,https://www.linkedin.com/company/saysandiego,https://www.instagram.com/say_sandiego/,https://www.facebook.com/SAYSanDiego
602,XML/202523169349304542_public.xml,113716854,Southern California Outrigger,San Diego Nonprofit,www.scora.org,6196020755,2025,5663 Balboa Ave 433,San Diego,CA,92111,San Diego County,"5663 Balboa Ave 433, San Diego, CA, 92111",296129.0,168657.0,Nan,"malia@scora.org, cheance@scora.org, caren@scora.org, kathy@scora.org",,"malia@scora.org, cheance@scora.org, caren@scora.org, kathy@scora.org",https://www.scora.org/contact/ ,,https://www.instagram.com/socaloutrigger/,https://www.facebook.com/SouthernCaliforniaOutrigger
603,XML/202500739349301565_public.xml,464543603,Special Needs Resource Foundation Of San Diego,San Diego Nonprofit,www.snrfsd.org,6196856970,2025,1475 6Th Avenue Ste 511,San Diego,CA,92101,San Diego County,"1475 6Th Avenue Ste 511, San Diego, CA, 92101",83381.0,132400.0,Sharon Bay,specialneeds@sandiegofamily.com,,specialneeds@sandiegofamily.com,https://specialneedsresourcefoundationofsandiego.com/about/contact/ ,,http://www.instagram.com/sdspecialneeds,
604,XML/202531609349300943_public.xml,237304982,Sportfishing Association Of California,San Diego Nonprofit,WWW.CALIFORNIASPORTFISHING.ORG,6197604031,2025,5060 N Harbor Dr Suite 165,San Diego,CA,921062386,San Diego County,"5060 N Harbor Dr Suite 165, San Diego, CA, 921062386",1047995.0,1665674.0,Kenneth Franke,sacofficehelp@gmail.com,,sacofficehelp@gmail.com,https://www.californiasportfishing.org/contact ,,,https://www.facebook.com/pages/Sportfishing-Association-of-California/322863594410?ref=br_tf
605,XML/202532669349300343_public.xml,208886536,Sports For Exceptional Athletes,San Diego Nonprofit,WWW.S4EA.ORG,8585657432,2025,8380 Vickers Street Ste E,San Diego,CA,92111,San Diego County,"8380 Vickers Street Ste E, San Diego, CA, 92111",354331.0,659052.0,Walter Jackson,sds4ea@gmail.com,info@mysite.com,sds4ea@gmail.com,https://www.s4ea.org/contact ,,https://www.instagram.com/sports4exceptionalathletes/?hl=en,https://www.facebook.com/SPORTS4ea
606,,,Stand! For Families Free Of Violence,California Nonprofit ,http://www.standffov.org/,,,1410 Danzig Plz Suite 100 ,Santa Barbara,CA,,Contra Costa County,"1410 Danzig Plz Suite 100 , Santa Barbara, CA",,,Nan,"resume@standffov.org, donate@standffov.org, events@standffov.org, volunteer@standffov.org, rhondaj@standffov.org, crisisline@standffov.org",info@standffov.org,"resume@standffov.org, donate@standffov.org, events@standffov.org, volunteer@standffov.org, rhondaj@standffov.org, crisisline@standffov.org",https://www.standffov.org/contact/ ,,https://www.instagram.com/standffov/,https://www.facebook.com/STANDFFOV/
607,XML/202523209349300157_public.xml,371702184,Students Without Limits,San Diego Nonprofit,STUDENTSWITHOUTLIMITS.ORG,6107155889,2025,Po Box 90224,San Diego,CA,92169,San Diego County,"Po Box 90224, San Diego, CA, 92169",213818.0,101052.0,Amie Scully,"kevin@studentswithoutlimits.org, amie@studentswithoutlimits.org",,"kevin@studentswithoutlimits.org, amie@studentswithoutlimits.org",https://studentswithoutlimits.org/contact-us/ ,,,https://www.facebook.com/studentswithoutlimits/
608,,,Sac-Ejc,California Nonprofit ,http://www.sac-ejc.org/,9164554900,,1017 L Street Pmb23 291 Sac-Ejc.Org ,San Francisco,CA,,Sacramento County,"1017 L Street Pmb23 291 Sac-Ejc.Org , San Francisco, CA",,,Nan,Sacejc2021@gmail.com,,Sacejc2021@gmail.com,https://sac-ejc.org/contact/ ,,https://www.instagram.com/sacejc/,https://www.facebook.com/sacejc
609,XML/202510579349300231_public.xml,680051349,Sacramento Educational Cable Consortium,California Nonprofit ,http://www.secctv.org/,9169201006,2025,4630 Northgate Blvd 160,Sacramento,CA,95834,,"4630 Northgate Blvd 160, Sacramento, CA, 95834",1097423.0,1322621.0,Aaron Heinrich,secc@secctv.org,,secc@secctv.org,http://www.secctv.org//about#contact ,https://www.linkedin.com/company/sacramento-educational-cable-consortium/,https://www.instagram.com/secceducationaltv/,https://www.facebook.com/pages/Sacramento-Educational-Cable-Consortium-SECC/155464387854393?ref=hl
610,XML/202532289349300208_public.xml,680252305,Sacramento Housing Alliance,California Nonprofit ,http://www.sachousingalliance.org/,9164554900,2025,P O Box 1708,Sacramento,CA,958121708,Sacramento County,"P O Box 1708, Sacramento, CA, 958121708",364510.0,342158.0,Cathy Creswell,"sha@sachousingalliance.org, events@sachousingalliance.org",,"sha@sachousingalliance.org, events@sachousingalliance.org",https://sachousingalliance.org/contact/ ,,,https://www.facebook.com/sachousingalliance
611,XML/202501289349302940_public.xml,873148967,Safe Parking La,California Nonprofit ,https://safeparkingla.org/,3232103375,2025,Po Box 17157,Los Angeles,CA,90017,,"Po Box 17157, Los Angeles, CA, 90017",3159436.0,1515943.0,Matthew Tecle,"volunteers@safeparkingla.org, warmline@safeparkingla.org, carmelac@safeparkingla.org",info@safeparkingla.org,"volunteers@safeparkingla.org, warmline@safeparkingla.org, carmelac@safeparkingla.org",,https://www.linkedin.com/company/safe-parking-la/,https://www.instagram.com/p/DV_dQSxjL0f/,https://www.facebook.com/SafeParkingLA/
612,,,Safety Town Of Santa Barbara County,California Nonprofit ,https://www.sbsafetytown.org/,%20916%204531482,,Nan,Santa Barbara,,,,"Nan, Santa Barbara, nan",,,Nan,"Anne@sbsafetytown.org, Registration@sbsafetytown.org",,"Anne@sbsafetytown.org, Registration@sbsafetytown.org",https://www.sbsafetytown.org//temporary-contact-us/ ,,,
613,XML/202501359349305340_public.xml,464919537,San Diego African American Museum Of,San Diego Nonprofit,www.sdaamfa.org,6192538499,2025,555 Saturn Blvd Suite B 261,San Diego,CA,92154,San Diego County,"555 Saturn Blvd Suite B 261, San Diego, CA, 92154",285740.0,269492.0,Edison Nesfield,sdaamfa1@gmail.com,,sdaamfa1@gmail.com,https://www.sdaamfa.org/contact ,,https://www.instagram.com/sdaamfa,https://www.facebook.com/sdaamfa/
614,XML/202512419349300321_public.xml,330179740,San Diego Chinese Historical Society And Museum,San Diego Nonprofit,www.sdchm.org,6193389888,2025,404 3Rd Avenue,San Diego,CA,921016803,San Diego County,"404 3Rd Avenue, San Diego, CA, 921016803",539626.0,4591810.0,Dr Li-Rong Lilly Cheng,lily.birmingham@sdchm.org,info@sdchm.org,lily.birmingham@sdchm.org,,https://www.linkedin.com/company/san-diego-chinese-historical-museum/,https://www.instagram.com/thesdchm/#,https://www.facebook.com/thesdchm
615,XML/202523019349302952_public.xml,330522932,San Diego Housing Federation,California Nonprofit ,http://www.housingsandiego.org/,6192396693,2025,3939 Iowa Street 1,San Diego,CA,92104,San Diego County,"3939 Iowa Street 1, San Diego, CA, 92104",1189095.0,245116.0,Stephen Russell,"sarah@housingsandiego.org, sdhfcomms@housingsandiego.org, events@housingsandiego.org, marissa@housingsandiego.org",sdhfadmin@housingsandiego.org,"sarah@housingsandiego.org, sdhfcomms@housingsandiego.org, events@housingsandiego.org, marissa@housingsandiego.org",http://www.housingsandiego.org/contact ,https://www.linkedin.com/company/sdhf,,
616,XML/202511299349303101_public.xml,956044429,San Diego Opera Association,San Diego Nonprofit,WWW.SDOPERA.ORG,6192327636,2025,233 A Street Ste 500,San Diego,CA,92101,San Diego County,"233 A Street Ste 500, San Diego, CA, 92101",6659097.0,13529641.0,Ricardo Camberos,tickets@sdopera.org,info@sdopera.org,tickets@sdopera.org,https://www.sdopera.org/about/contact/ ,,https://www.instagram.com/sandiegoopera/,https://www.facebook.com/SanDiegoOpera
617,XML/202500979349301805_public.xml,330730817,San Diego Shores Water Polo Club,San Diego Nonprofit,www.sandiegoshores.net,6199874385,2025,1286 University Avenue Pmb 201,San Diego,CA,92103,San Diego County,"1286 University Avenue Pmb 201, San Diego, CA, 92103",0.0,0.0,Douglas Peabody,malin@sandiegoshores.org, info@sandiegoshores.net,malin@sandiegoshores.org,,,https://www.instagram.com/shoreswaterpolo/,https://www.facebook.com/sandiegoshores
618,XML/202531649349301133_public.xml,330730817,San Diego Shores Water Polo Club,San Diego Nonprofit,www.sandiegoshores.net,6199874385,2025,1286 University Avenue Pmb 201,San Diego,CA,92103,San Diego County,"1286 University Avenue Pmb 201, San Diego, CA, 92103",1810903.0,1323555.0,Douglas Peabody,malin@sandiegoshores.org, info@sandiegoshores.net,malin@sandiegoshores.org,,,https://www.instagram.com/shoreswaterpolo/,https://www.facebook.com/sandiegoshores
619,XML/202533229349302373_public.xml,201863911,San Diego Spine Foundation,San Diego Nonprofit,www.sandiegospinefoundation.org,8582466305,2025,6190 Cornerstone Ct E 212,San Diego,CA,92121,San Diego County,"6190 Cornerstone Ct E 212, San Diego, CA, 92121",616661.0,2640779.0,Gregory M Mundis Jr Md,farmer.kiersten@sandiegospinefoundation.org,,farmer.kiersten@sandiegospinefoundation.org,https://www.sandiegospinefoundation.org/about/contact-us/ ,,,https://www.facebook.com/SDSF.org/
620,,,San Dieguito River Valley Conservancy,California Nonprofit ,http://www.sdrvc.org/,5107359700,,3030 Bunker Hill St Suite 309-1 ,San Francisco,CA,,San Diego County,"3030 Bunker Hill St Suite 309-1 , San Francisco, CA",,,Nan,sdrvc@sdrvc.org,,sdrvc@sdrvc.org,https://www.sdrvc.org/contact ,,https://www.instagram.com/sdrvc,https://www.facebook.com/sdrvc
621,XML/202532179349300148_public.xml,942788588,San Francisco Bay Bird Observatory,California Nonprofit ,http://www.sfbbo.org/,4089466548,2025,524 Valley Way,Milpitas,CA,95035,Santa Clara County,"524 Valley Way, Milpitas, CA, 95035",2040487.0,917123.0,Chris Overington,outreach@sfbbo.org,,outreach@sfbbo.org,http://www.sfbbo.org/contact-us.html ,,https://www.instagram.com/sfbbo/,https://www.facebook.com/birdsSF/
622,XML/202501299339301375_public.xml,942711726,San Francisco Girls Chorus,California Nonprofit ,https://www.sfgirlschorus.org/,4158631752,2025,44 Page St Ste 200,San Francisco,CA,94102,San Francisco County,"44 Page St Ste 200, San Francisco, CA, 94102",,,Nan,"achandler@sfgirlschorus.org, awyllie@sfgirlschorus.org, kennethk@sfgirlschorus.org",info@sfgirlschorus.org,"achandler@sfgirlschorus.org, awyllie@sfgirlschorus.org, kennethk@sfgirlschorus.org",https://www.sfgirlschorus.org/contact-1 ,,,https://www.facebook.com/sfgirlschorus
623,XML/202500419349300035_public.xml,942168838,San Francisco Study Center,California Nonprofit ,http://www.studycenter.org/,4156261650,2025,1663 Mission St 310,San Francisco,CA,94103,San Francisco County,"1663 Mission St 310, San Francisco, CA, 94103",16945732.0,7711881.0,Geoffrey Link,"geoff@studycenter.org, marjorie@studycenter.org",,"geoff@studycenter.org, marjorie@studycenter.org",https://studycenter.org/contact-us/ ,,,
624,XML/202512809349300316_public.xml,941026373,San Lorenzo Village Homes Association,California Nonprofit ,http://www.slvha.com/,5102764554,2025,377 Paseo Grande,San Lorenzo,CA,94580,,"377 Paseo Grande, San Lorenzo, CA, 94580",1323337.0,2270332.0,Emanuel Robinson,ccr@slvha.com,info@slvha.com,ccr@slvha.com,https://slvha.com/contact-us/ ,,,
625,,,Santa Barbara Community Housing Corporation,California Nonprofit ,http://www.chcsb.com/,8059631873,,11 East Haley Street ,Santa Barbara,CA,,Santa Barbara County,"11 East Haley Street , Santa Barbara, CA",,,Nan,frontdesk@chcsb.com,,frontdesk@chcsb.com,,,,
626,XML/202523219349326037_public.xml,912132001,Santa Barbara Vintners Foundation,California Nonprofit ,https://www.sbvintnersfoundation.org/,8052681309,2025,Po Box 1209,Buellton,CA,93427,,"Po Box 1209, Buellton, CA, 93427",763924.0,690858.0,Jessica Gasca,emily@sbcountywines.com,,emily@sbcountywines.com,https://www.sbvintnersfoundation.org/contact ,,https://www.instagram.com/santabarbaravintnersfoundation/,https://www.facebook.com/santabarbara.vintnersfoundation/
627,XML/202502829349300405_public.xml,946081420,Santa Clara Valley Bird Alliance,California Nonprofit ,http://scvbirdalliance.org/,4082523747,2025,22221 Mcclellan Rd,Cupertino,CA,95014,Santa Clara County,"22221 Mcclellan Rd, Cupertino, CA, 95014",753812.0,2061258.0,Matthew Dodder,"programs@scvBirdAlliance.org, office@scvBirdAlliance.org, scvasbirdathon@gmail.com, scvas@scvbirdalliance.org, advocate@scvBirdAlliance.org",director@scvBirdAlliance.org,"programs@scvBirdAlliance.org, office@scvBirdAlliance.org, scvasbirdathon@gmail.com, scvas@scvbirdalliance.org, advocate@scvBirdAlliance.org",,,https://www.instagram.com/scvbirdalliance/,https://www.facebook.com/scvbirdalliance
628,,,Santa Cruz Museum Of Natural History,California Nonprofit ,http://www.santacruzmuseum.org/,,,1305 E Cliff Dr ,Nan,CA,,Santa Cruz County,"1305 E Cliff Dr , Nan, CA",,,Nan,"retail@santacruzmuseum.org, volunteer@santacruzmuseum.org, camp@santacruzmuseum.org, education@santacruzmuseum.org, events@santacruzmuseum.org, collections@santacruzmuseum.org, development@santacruzmuseum.org",info@santacruzmuseum.org,"retail@santacruzmuseum.org, volunteer@santacruzmuseum.org, camp@santacruzmuseum.org, education@santacruzmuseum.org, events@santacruzmuseum.org, collections@santacruzmuseum.org, development@santacruzmuseum.org",https://santacruzmuseum.org/about/contact-us/ ,,https://www.instagram.com/santacruzmuseum/,https://www.facebook.com/SantaCruzMuseumOfNaturalHistory
629,XML/202500599349200415_public.xml,770401624,Santa Cruz Symphony,California Nonprofit ,https://santacruzsymphony.org/,8313320113,2025,307 Church Street,Santa Cruz,CA,95060,,"307 Church Street, Santa Cruz, CA, 95060",,,Nan,"marketing@santacruzsymphony.org, personnelmanager@santacruzsymphony.org, office@santacruzsymphony.org, development@santacruzsymphony.org",info@santacruzsymphony.org,"marketing@santacruzsymphony.org, personnelmanager@santacruzsymphony.org, office@santacruzsymphony.org, development@santacruzsymphony.org",,,,
630,XML/202530559349300318_public.xml,952377671,Santa Monica Group Theatre,California Nonprofit ,http://www.santamonicaplayhouse.com/,3103949779,2025,1211 4Th Street,Santa Monica,CA,90401,Los Angeles County,"1211 4Th Street, Santa Monica, CA, 90401",426946.0,335861.0,Nan,theatre@santamonicaplayhouse.com,,theatre@santamonicaplayhouse.com,,,,
631,XML/202501359349315030_public.xml,770338060,Santa Ynez Valley People Helping People,California Nonprofit ,http://www.syvphp.org/,8056860295,2025,Po Box 1478,Solvang,CA,93464,Santa Barbara County,"Po Box 1478, Solvang, CA, 93464",1927509.0,2133954.0,Erica Flores,"jessicac@syvphp.org, php@syvphp.org, mayrat@syvphp.org, arcelia@syvphp.org, johnc@syvphp.org, kate@syvphp.org, adrianar@syvphp.org, selenes@syvphp.org, thriftology@syvphp.org, jenniferg@syvphp.org, rena@syvphp.org, valeriek@syvphp.org, luz@syvphp.org",,"jessicac@syvphp.org, php@syvphp.org, mayrat@syvphp.org, arcelia@syvphp.org, johnc@syvphp.org, kate@syvphp.org, adrianar@syvphp.org, selenes@syvphp.org, thriftology@syvphp.org, jenniferg@syvphp.org, rena@syvphp.org, valeriek@syvphp.org, luz@syvphp.org",https://www.syvphp.org/contact/ ,,https://www.instagram.com/syvpeoplehelpingpeople/,https://www.facebook.com/SYVpeoplehelpingpeople/
632,XML/202543039349302129_public.xml,237104876,Save Our Heritage Organisation,San Diego Nonprofit,sohosandiego.org,6192979327,2025,3525 Seventh Avenue,San Diego,CA,92103,San Diego County,"3525 Seventh Avenue, San Diego, CA, 92103",1410246.0,4623633.0,Bruce Coons,sohosandiego@aol.com,,sohosandiego@aol.com,,,,
633,XML/202542209349200344_public.xml,465304696,Save The Bay,California Nonprofit ,http://www.savesfbay.org/,5104636850,2025,560 14Th Street 400,Oakland,CA,94612,Alameda County,"560 14Th Street 400, Oakland, CA, 94612",,,Nan,"mlucking@savesfbay.org, mcalzada@savesfbay.org, aanderson@savesfbay.org, allison@savesfbay.org, hlim@savesfbay.org, jolson@savesfbay.org, enordby@savesfbay.org, gonorati@savesfbay.org, lcheng@savesfbay.org, abriseno@savesfbay.org, msettelmayer@savesfbay.org, rlievers@savesfbay.org, mgutkin@savesfbay.org, epang@savesfbay.org, hkantmann@savesfbay.org, jquigley@savesfbay.org, jmckeen-scott@savesfbay.org, lwalsh@savesfbay.org, gtornatore@savesfbay.org, rerickson@savesfbay.org, awillis@savesfbay.org, astoddard@savesfbay.org, gdatuin@savesfbay.org, hcurrier@savesfbay.org, dperezgarcia@savesfbay.org, dlowe@savesfbay.org, hhoffman@savesfbay.org",,"mlucking@savesfbay.org, mcalzada@savesfbay.org, aanderson@savesfbay.org, allison@savesfbay.org, hlim@savesfbay.org, jolson@savesfbay.org, enordby@savesfbay.org, gonorati@savesfbay.org, lcheng@savesfbay.org, abriseno@savesfbay.org, msettelmayer@savesfbay.org, rlievers@savesfbay.org, mgutkin@savesfbay.org, epang@savesfbay.org, hkantmann@savesfbay.org, jquigley@savesfbay.org, jmckeen-scott@savesfbay.org, lwalsh@savesfbay.org, gtornatore@savesfbay.org, rerickson@savesfbay.org, awillis@savesfbay.org, astoddard@savesfbay.org, gdatuin@savesfbay.org, hcurrier@savesfbay.org, dperezgarcia@savesfbay.org, dlowe@savesfbay.org, hhoffman@savesfbay.org",https://savesfbay.org/contact-us/ ,https://www.linkedin.com/company/savesfbay,https://www.instagram.com/savesfbay/,https://www.facebook.com/saveSFbay/
634,,,Scandinavian School,California Nonprofit ,http://www.scandinavianschool.org/,,,20 Woodside Ave ,San Francisco,CA,,San Francisco County,"20 Woodside Ave , San Francisco, CA",,,Nan,"ppersson@scandinavianschool.org, culturalcenter@scandinavianschool.org, periksson@scandinavianschool.org, mskoglund@scandinavianschool.org",,"ppersson@scandinavianschool.org, culturalcenter@scandinavianschool.org, periksson@scandinavianschool.org, mskoglund@scandinavianschool.org",http://www.scandinavianschool.org/contact ,https://www.linkedin.com/company/scandinavian-school-in-san-francisco,https://www.instagram.com/scandinavianschool,https://www.facebook.com/thescandinavianschool
635,XML/202523359349300247_public.xml,453936205,Scott River Watershed Council,California Nonprofit ,https://www.scottriver.org/,5304675511,2025,514 N Hwy 3/Po Box 355,Etna,CA,96027,Siskiyou County,"514 N Hwy 3/Po Box 355, Etna, CA, 96027",5199659.0,3593773.0,Shirley Johnson,srwc@scottriver.org,,srwc@scottriver.org,https://scottriver.org/contact/ ,,https://www.instagram.com/scottriverwatershed/,https://www.facebook.com/ScottRiverWatershedCouncil
636,XML/202512549349301691_public.xml,870495235,Seacology,California Nonprofit ,http://www.seacology.org/,5105593505,2025,1623 Solano Avenue,Berkeley,CA,94707,Alameda County,"1623 Solano Avenue, Berkeley, CA, 94707",2852831.0,12559203.0,Duane Silverstein,islands@seacology.org,,islands@seacology.org,https://www.seacology.org/contact-us/ ,,https://www.instagram.com/seacology_org/,https://www.facebook.com/Seacology/
637,,,Second Families,California Nonprofit ,http://secondfamiliessd.org/,,,Nan,Watsonville,,,,"Nan, Watsonville, nan",,,Nan, secondfamilies@hotmail.com,, secondfamilies@hotmail.com,,,,
638,,,Second Harvest Food Bank Santa Cruz County,California Nonprofit ,https://www.thefoodbank.org/,,,800 Ohlone Parkway ,Manteca,CA,,Santa Cruz County,"800 Ohlone Parkway , Manteca, CA",,,Nan,"Tina@thefoodbank.org, foodhotline@thefoodbank.org",,"Tina@thefoodbank.org, foodhotline@thefoodbank.org",https://www.thefoodbank.org/aboutus/contact-us/ ,https://www.linkedin.com/company/second-harvest-food-bank-santa-cruz-county/,https://www.instagram.com/secondharvestsantacruz/,https://www.facebook.com/SecondHarvestSantaCruz
639,XML/202513049339300016_public.xml,874154948,Senior Housing Relief For Elders,California Nonprofit ,https://seniorhousingrelief.org/,7603598697,2025,24507 Fair Oaks Lane,Menifee,CA,92584,San Diego County,"24507 Fair Oaks Lane, Menifee, CA, 92584",,,Nan,jennifer.prado@shre.org,,jennifer.prado@shre.org,https://seniorhousingrelief.org/contact-2/ ,https://www.linkedin.com/company/senior-housing-relief-for-elders/?viewAsMember=true,https://www.instagram.com/seniorhousingrelief/,https://www.facebook.com/profile.php?id=61551865622901&mibextid=LQQJ4d
640,XML/202513189349311686_public.xml,770347417,Sequoia Riverlands Trust,California Nonprofit ,http://www.sequoiariverlands.org/,5597380211,2025,427 S Garden Street,Visalia,CA,93277,Tulare County,"427 S Garden Street, Visalia, CA, 93277",4098123.0,49376293.0,Logan Robertson,thomas.ja.wise@gmail.com,,thomas.ja.wise@gmail.com,https://sequoiariverlands.org/about/contact/ ,https://www.linkedin.com/company/sequoia-riverlands-trust,https://www.instagram.com/sequoiariverlands,https://www.facebook.com/sequoiariverlands
641,,,Serving Underserved,California Nonprofit ,http://www.servingunderserved.org/,,,Po Box 31805 ,Nan,CA,,Los Angeles County,"Po Box 31805 , Nan, CA",,,Nan,macknetwork@servingunderserved.org,admin@servingunderserved.org,macknetwork@servingunderserved.org,https://servingunderserved.org/contact-us/ ,,,
642,,,Sexuality Education And Awareness,California Nonprofit ,http://sexualityeducationandawareness.org/,,,Nan,Nan,,,,"Nan, Nan, nan",,,Nan,Kimberly@sexualityeducationandawareness.org,,Kimberly@sexualityeducationandawareness.org,https://sexualityeducationandawareness.org/contact-us/ ,,https://www.instagram.com/sexualityeducationandawareness?igsh=ZTZwcnIzOWoyeGt0&utm_source=qr,https://www.facebook.com/profile.php?id=61581257433728
643,XML/202520429349300442_public.xml,942297147,Shanti Project,California Nonprofit ,https://www.shanti.org/,4156744700,2025,3170 23Rd Street,San Francisco,CA,94110,San Francisco County,"3170 23Rd Street, San Francisco, CA, 94110",7483781.0,4756238.0,Khoi Truong,"volunteerservices@shanti.org, development@shanti.org",info@shanti.org,"volunteerservices@shanti.org, development@shanti.org",https://www.shanti.org/about-us/contact-us/ ,,https://www.instagram.com/shantiprojectsf/,https://www.facebook.com/ShantiProjectSF/
644,XML/202522279349303262_public.xml,330519730,Sharp Health Plan,San Diego Nonprofit,www.sharphealthplan.com,8584998391,2025,8695 Spectrum Center Blvd,San Diego,CA,921231489,San Diego County,"8695 Spectrum Center Blvd, San Diego, CA, 921231489",1030937662.0,331009264.0,Nan,"customer.service@sharp.com, provider.relations@sharp.com, customer.service@sharp.comSubject=Contact Us, ifpsales@sharp.com, SHP.ProviderAttestations&Rosters@sharp.com, shp.credentialing@sharp.com, customer.service@sharp.comSubject=Provider Eligibility or Referral – Contact Us, shp.commercialsales@sharp.com",shp.directory@sharp.com,"customer.service@sharp.com, provider.relations@sharp.com, customer.service@sharp.comSubject=Contact Us, ifpsales@sharp.com, SHP.ProviderAttestations&Rosters@sharp.com, shp.credentialing@sharp.com, customer.service@sharp.comSubject=Provider Eligibility or Referral – Contact Us, shp.commercialsales@sharp.com",https://www.sharphealthplan.com/contact-us ,https://www.linkedin.com/company/3842158,https://www.instagram.com/sharphealthplan/,https://www.facebook.com/SharpHealthPlan
645,,,Shop With A Cop Foundation Of Silicon Valley,California Nonprofit ,http://www.shopwithacopsv.org/,,,1168 Dean Ave ,Nan,CA,,Santa Clara County,"1168 Dean Ave , Nan, CA",,,Nan,groppe@charitycamp.com,info@shopwithacopsv.com,groppe@charitycamp.com,,,,https://www.facebook.com/shopwithacopsv
646,XML/202521299349200942_public.xml,464141467,Sickle Cell 101,California Nonprofit ,https://www.sc101.org/,4158817101,2025,760 Newhall Drive Suite 1085,San Jose,CA,95110,Santa Clara County,"760 Newhall Drive Suite 1085, San Jose, CA, 95110",,,Nan,ask@sc101.org,hello@sc101.org,ask@sc101.org,https://www.sc101.org//about#contact ,,https://www.instagram.com/sicklecell101/,https://www.facebook.com/SickleCell101/
647,XML/202423559349301502_public.xml,680178607,Sierra Cascade Family Opportunities,California Nonprofit ,http://www.headstart4u.org/,5302831242,2025,424 N Mill Creek Road,Quincy,CA,95971,,"424 N Mill Creek Road, Quincy, CA, 95971",5487680.0,1308005.0,Mike Butler,bedholm@headstart4u.org,,bedholm@headstart4u.org,http://www.headstart4u.org/contact ,,,https://www.facebook.com/headstart4u.org
648,,,Sierra Health Foundation,California Nonprofit ,http://www.sierrahealth.org/,,,1321 Garden Highway ,South Lake Tahoe,CA,,Sacramento County,"1321 Garden Highway , South Lake Tahoe, CA",,,Nan,"impact@shfcenter.org, conference@sierrahealth.org",info@sierrahealth.org,"impact@shfcenter.org, conference@sierrahealth.org",,https://www.linkedin.com/company/sierra-health-foundation/,,
649,XML/202503129349300415_public.xml,43701887,Silicon Valley Community Foundation,California Nonprofit ,http://www.svcf.org/,6504505400,2025,444 Castro Street 140,Mountain View,CA,94041,Santa Clara County,"444 Castro Street 140, Mountain View, CA, 94041",21903.0,4258474.0,Nan,"humanresources@siliconvalleycf.org, media@siliconvalleycf.org, help@siliconvalleycf.org, scholarships@siliconvalleycf.org, applysvcfgrants@siliconvalleycf.org, donate@svcf.org",grantsadmin@siliconvalleycf.org,"humanresources@siliconvalleycf.org, media@siliconvalleycf.org, help@siliconvalleycf.org, scholarships@siliconvalleycf.org, applysvcfgrants@siliconvalleycf.org, donate@svcf.org",,https://www.linkedin.com/company/silicon-valley-community-foundation,https://www.instagram.com/siliconvalleycf/,https://www.facebook.com/siliconvalleycf/
650,,,Silverlake Conservatory Of Music,California Nonprofit ,http://silverlakeconservatory.org/,,,4652 Hollywood Blvd. ,Nan,CA,,Los Angeles County,"4652 Hollywood Blvd. , Nan, CA",,,Nan,reception.SCM@outlook.com,,reception.SCM@outlook.com,https://silverlakeconservatory.org/contact-us/ ,,https://www.instagram.com/silverlake_conservatory/,https://www.facebook.com/silverlake.conservatory/
651,,,Simi Valley Community Council,California Nonprofit ,http://www.svcommunitycouncil.org/,,,Nan,Weed,,,,"Nan, Weed, nan",,,Nan,"simivalleycommunitycouncil@gmail.com, SDeVillers@vitalant.org",,"simivalleycommunitycouncil@gmail.com, SDeVillers@vitalant.org",https://svcommunitycouncil.org/contact/ ,,,
652,XML/202501349349303435_public.xml,956059107,Simulation Councils Inc,San Diego Nonprofit,https://scs.org,8582773888,2025,11315 Rancho Bernardo Rd Apt 139,San Diego,CA,92127,San Diego County,"11315 Rancho Bernardo Rd Apt 139, San Diego, CA, 92127",324473.0,376962.0,Oletha Darensburg,scs@scs.org,,scs@scs.org,https://scs.org/contact-us/ ,https://www.linkedin.com/company/the-society-of-modeling-and-simulation-international/,,
653,XML/202521139349301427_public.xml,942674706,Siskiyou Child Care Council,California Nonprofit ,http://www.siskiyouchildcare.org/,5309382748,2025,Po Box 500,Weed,CA,96094,Siskiyou County,"Po Box 500, Weed, CA, 96094",4401321.0,2400413.0,Heather Solus,ctapia@siskiyouchildcare.org,,ctapia@siskiyouchildcare.org,,,,
654,,,"Sister To Sister 2, Inc Dba Serenity House",California Nonprofit ,https://www.serenityhouseoakland.org/,,,Nan,Capitola,,,,"Nan, Capitola, nan",,,Nan,"melissa@serenityhouseoakland.org, serenityhouseoakland@gmail.com, Erika@serenityhouseoakland.org",,"melissa@serenityhouseoakland.org, serenityhouseoakland@gmail.com, Erika@serenityhouseoakland.org",https://www.serenityhouseoakland.org/contactus ,https://www.linkedin.com/company/serenity-house-oakland/,https://www.instagram.com/serenityhouseoak/,https://www.facebook.com/SerenityHouseOakland
655,XML/202503149349303875_public.xml,942650838,Smith River Alliance,California Nonprofit ,https://smithriveralliance.org/,7074583355,2025,Po Box 2129,Crescent City,CA,95531,Del Norte County,"Po Box 2129, Crescent City, CA, 95531",7030680.0,6044397.0,Grant Werschkull,grant@smithriveralliance.org,info@smithriveralliance.org,grant@smithriveralliance.org,https://smithriveralliance.org/contact/ ,,https://www.instagram.com/smithriveralliance/,https://www.facebook.com/Smith-River-Alliance-210223045655445/
656,,,Social Thinking - Stevens Creek,California Nonprofit ,http://www.socialthinking.com/,4159571849,,3550 Stevens Creek Blvd Ste 200 ,Nan,CA,,Santa Clara County,"3550 Stevens Creek Blvd Ste 200 , Nan, CA",,,Nan,"conferences@socialthinking.com, ehelp@socialthinking.com, sales@socialthinking.com, sttsc@socialthinking.com","info@socialthinkingboston.com, info@socialthinking.com, clinicinfo@socialthinkingsc.com, clinicinfo@socialthinking.com","conferences@socialthinking.com, ehelp@socialthinking.com, sales@socialthinking.com, sttsc@socialthinking.com",http://www.socialthinking.com/contact ,http://www.linkedin.com/company/socialthinking,https://www.instagram.com/socialthinking/,
657,XML/202533189349311788_public.xml,941225379,Society Of California Pioneers,California Nonprofit ,http://www.californiapioneers.org/,4159571849,2025,300 4Th St,San Francisco,CA,94107,San Francisco County,"300 4Th St, San Francisco, CA, 94107",608535.0,6819539.0,Sheila Kelly,"mmdevine@californiapioneers.org, natasha@californiapioneers.org, hailee@californiapioneers.org","info@californiapioneers.org,  info@californiapioneers.org","mmdevine@californiapioneers.org, natasha@californiapioneers.org, hailee@californiapioneers.org",,,https://www.instagram.com/calpioneers/,https://www.facebook.com/SCPMuseum
658,XML/202511319349300216_public.xml,956091424,Soroptimist Federtnamericas San Diego,San Diego Nonprofit,sisandiego.org,6194755020,2025,Po Box 81766,San Diego,CA,92138,San Diego County,"Po Box 81766, San Diego, CA, 92138",79599.0,522057.0,Nan,"SISanDiego@Soroptimist.net, sisandiego@soroptimist.net, malinda@engererenterprises.com",,"SISanDiego@Soroptimist.net, sisandiego@soroptimist.net, malinda@engererenterprises.com",https://sisandiego.org/contact-us.html ,,https://www.instagram.com/sisandiego/,https://www.facebook.com/Soroptimist-International-of-San-Diego-157302577619127
659,XML/202513099349301516_public.xml,954761546,South Central Prevention Coalition,California Nonprofit ,https://southcentralpreventioncoalition.org/,3232916212,2025,3756 Santa Rosalia Drive Suite 305,Los Angeles,CA,90008,,"3756 Santa Rosalia Drive Suite 305, Los Angeles, CA, 90008",632654.0,222756.0,Erika Tate,"media.scpc@gmail.com, email@email.com",,"media.scpc@gmail.com, email@email.com",https://southcentralpreventioncoalition.org/contact ,,https://www.instagram.com/southcentralprevention/,
660,XML/202512489349300001_public.xml,274003216,Space 4 Art Inc,San Diego Nonprofit,www.sdspace4art.org,6192697230,2025,340 16Th St,San Diego,CA,92101,San Diego County,"340 16Th St, San Diego, CA, 92101",506927.0,1066318.0,Emily Knapp,sdspace4art@gmail.com,,sdspace4art@gmail.com,https://www.sdspace4art.org/contact ,https://www.linkedin.com/in/space-4-art-team-801150249/,https://www.instagram.com/sdspace4art/,https://www.facebook.com/SDSpace4Art
661,XML/202501259349300500_public.xml,954076361,Specialized Health Services Inc,California Nonprofit ,http://shsvistas.org/,8187623855,2025,5344 Vineland Ave,North Hollywood,CA,91601,,"5344 Vineland Ave, North Hollywood, CA, 91601",2375723.0,3251600.0,Patrick Knight,shs@shsvistas.org,,shs@shsvistas.org,https://shsvistas.org/contact-us/ ,https://www.linkedin.com/company/shsvistas/,https://www.instagram.com/shsvistas/,https://www.facebook.com/shsvistas
662,XML/202502889349301790_public.xml,953890767,Spondylitis Association Of America,California Nonprofit ,https://www.spondylitis.org/,8188921616,2025,16430 Ventura Blvd 300,Encino,CA,91436,,"16430 Ventura Blvd 300, Encino, CA, 91436",2024097.0,7621545.0,Cassie Shafer,jason.blackwell@spondylitis.org,"info@spondylitis.org, info@spondylitis.org ",jason.blackwell@spondylitis.org,https://spondylitis.org/contact-us/ ,,https://www.instagram.com/spondylitis/,https://www.facebook.com/spondylitis
663,,,St. Francis Foundation Of Santa Barbara,California Nonprofit ,http://www.stfrancisfoundationsb.org/,,,Po Box 1171 ,Gilroy,CA,,Santa Barbara County,"Po Box 1171 , Gilroy, CA",,,Nan,tina@stfrancisfoundationsb.org,,tina@stfrancisfoundationsb.org,http://www.stfrancisfoundationsb.org/contact-us ,,,https://www.facebook.com/St-Francis-Foundation-of-Santa-Barbara-180653305316621/
664,XML/202500379349301405_public.xml,952929455,Standing Together To End Sexual Assault,California Nonprofit ,http://www.stesa@sbstesa.org/,8059636832,2025,433 E Canon Perdido St,Santa Barbara,CA,93101,Santa Barbara County,"433 E Canon Perdido St, Santa Barbara, CA, 93101",1278973.0,3162544.0,Stacey Risotti,stesa@sbstesa.org,,stesa@sbstesa.org,,,https://www.instagram.com/sbstesa/,https://www.facebook.com/SBSTESA/
665,,,Statewide California Electronic Library Consortium,California Nonprofit ,http://scelc.org/,,,5161 Lankershim Blvd. Suite 250 ,Los Angeles,CA,,,"5161 Lankershim Blvd. Suite 250 , Los Angeles, CA",,,Nan,support@scelc.org,,support@scelc.org,http://scelc.org/contact-us ,https://www.linkedin.com/company/scelc-consortia,,
666,,,Step One Nursery School,California Nonprofit ,http://www.steponeschool.org/,,,499 Spruce St ,Santa Cruz,CA,,Alameda County,"499 Spruce St , Santa Cruz, CA",,,Nan,angie@steponeschool.org,info@steponeschool.org,angie@steponeschool.org,,,,https://www.facebook.com/steponeschool1981
667,,,Stewards Of The Coast & Redwoods,California Nonprofit ,https://stewardscr.org/,,,Po Box 2 ,Berkeley,CA,,,"Po Box 2 , Berkeley, CA",,,Nan,"devon@stewardscr.org, carlos@stewardscr.org, bette@stewardscr.org, alyse@stewardscr.org, amelia.schall@parks.ca.gov, dave@stewardscr.org, leslie@stewardscr.org, stewards@stewardscr.org, lisa@stewardscr.org, annie@stewardscr.org, ashley@stewardscr.org, andy@stewardscr.org, bill.maslach@parks.ca.gov, nik@stewardscr.org",,"devon@stewardscr.org, carlos@stewardscr.org, bette@stewardscr.org, alyse@stewardscr.org, amelia.schall@parks.ca.gov, dave@stewardscr.org, leslie@stewardscr.org, stewards@stewardscr.org, lisa@stewardscr.org, annie@stewardscr.org, ashley@stewardscr.org, andy@stewardscr.org, bill.maslach@parks.ca.gov, nik@stewardscr.org",https://stewardscr.org/contact-us/ ,,https://www.instagram.com/stewardsofcr/,https://www.facebook.com/stewardsofcr
668,XML/202511299349300111_public.xml,941156636,Stiles Hall,California Nonprofit ,http://www.stileshall.org/,5108416010,2025,2400C Bancroft Way,Berkeley,CA,94704,Alameda County,"2400C Bancroft Way, Berkeley, CA, 94704",13962717.0,18554837.0,Jonathan Nussur,jonathan@stileshall.org,,jonathan@stileshall.org,,,https://www.instagram.com/stiles_hall/?hl=en,https://www.facebook.com/Stiles-Hall-1428971690673675
669,,,Strengthunited,California Nonprofit ,https://www.csun.edu/eisner-education/strength-united,,,14651 Oxnard St. ,Costa Mesa,CA,,,"14651 Oxnard St. , Costa Mesa, CA",,,Nan,internship@strengthunited.org,,internship@strengthunited.org,,https://www.linkedin.com/school/california-state-university-northridge/,https://www.instagram.com/csun_edu/,https://www.facebook.com/calstatenorthridge
670,XML/202523149349302582_public.xml,843488479,Success Stories Program,California Nonprofit ,https://www.successstoriesprogram.org/,2027464446,2025,23638 Newhall Ave Ste 6 356,Newhall,CA,91321,Orange County,"23638 Newhall Ave Ste 6 356, Newhall, CA, 91321",1570670.0,1553715.0,Chris Johnson,"Chris@successstoriesprogram.org, Graham@successstoriesprogram.org, Chantal@successstoriesprogram.org",info@mysite.com,"Chris@successstoriesprogram.org, Graham@successstoriesprogram.org, Chantal@successstoriesprogram.org",,,https://www.instagram.com/prisonfeminism/,https://www.facebook.com/SuccessStoriesPrgm
671,XML/202501239349200200_public.xml,384097741,Surprise Farm Retreat Center,California Nonprofit ,https://www.surpriseretreatcenter.net/,7607047792,2025,18892 Old Julian Trl,Ramona,CA,92065,,"18892 Old Julian Trl, Ramona, CA, 92065",,,Nan,surprisefarmretreatcenter@gmail.com,,surprisefarmretreatcenter@gmail.com,,,https://www.instagram.com/surprisefarmretreatcenter/,https://www.facebook.com/surprisefarmretreatcenter/
672,XML/202503359349300925_public.xml,831200789,Syngap Research Fund Incorporated,San Diego Nonprofit,www.syngapresearchfund.org,6504414191,2025,2856 Curie Pl,San Diego,CA,92122,San Diego County,"2856 Curie Pl, San Diego, CA, 92122",1996806.0,2800485.0,Stefanie Decker,"volunteer@curesyngap1.org, ed@cureSYNGAP1.org, allison@cureSYNGAP1.org",info@curesyngap1.org,"volunteer@curesyngap1.org, ed@cureSYNGAP1.org, allison@cureSYNGAP1.org",https://curesyngap1.org/contact/ ,https://www.linkedin.com/company/curesyngap1,,
673,XML/202513069349300421_public.xml,330709735,Taiwanese-American Foundation Of San Diego,San Diego Nonprofit,https://www.taiwancenter.com,8585608884,2025,7838 Wilkerson Court,San Diego,CA,92111,San Diego County,"7838 Wilkerson Court, San Diego, CA, 92111",838516.0,7525813.0,Nan,taiwancenter@gmail.com,,taiwancenter@gmail.com,,,https://www.instagram.com/taiwancenter1/,https://www.facebook.com/taccsandiego
674,XML/202503189349314800_public.xml,330794608,Taking Control Of Your Diabetes,San Diego Nonprofit,WWW.TCOYD.ORG,8587555683,2025,5720 Oberlin Drive Ste 150,San Diego,CA,92121,San Diego County,"5720 Oberlin Drive Ste 150, San Diego, CA, 92121",3343170.0,4715657.0,Steven Edelman,"michelle@tcoyd.org, lynne@tcoyd.org, julie@tcoyd.org, brittany@tcoyd.org, jeremy@health.ucsd.edu, erik@tcoyd.org, tabitha@tcoyd.org, steve@tcoyd.org, tricia@tcoyd.org, whp@behavioraldiabetes.org, sboeder@health.ucsd.edu, joe@tcoyd.org",,"michelle@tcoyd.org, lynne@tcoyd.org, julie@tcoyd.org, brittany@tcoyd.org, jeremy@health.ucsd.edu, erik@tcoyd.org, tabitha@tcoyd.org, steve@tcoyd.org, tricia@tcoyd.org, whp@behavioraldiabetes.org, sboeder@health.ucsd.edu, joe@tcoyd.org",https://tcoyd.org/contact/ ,https://www.linkedin.com/company/taking-control-of-your-diabetes,https://www.instagram.com/tcoyd/,https://www.facebook.com/TCOYD/
675,XML/202530689349300118_public.xml,873819868,Team Team Inc,San Diego Nonprofit,teamteamcharitable.org,6199334098,2025,2907 Shelter Island Drive Ste 105-3,San Diego,CA,92106,San Diego County,"2907 Shelter Island Drive Ste 105-3, San Diego, CA, 92106",13674.0,13888.0,Brett Beal,brett@teamteamcharitable.org,,brett@teamteamcharitable.org,,,,https://www.facebook.com/105570208694885
676,XML/202510389349301601_public.xml,330969020,The Aja Project,San Diego Nonprofit,WWW.AJAPROJECT.ORG,6192590136,2025,4504 51St Street,San Diego,CA,92115,San Diego County,"4504 51St Street, San Diego, CA, 92115",498884.0,268558.0,Sandra Ainslie,operations@ajaproject.org,,operations@ajaproject.org,,,https://www.instagram.com/p/DU-inVgjHA6/,
677,XML/202501699349300130_public.xml,474091420,The Berry Good Food Foundation Inc,San Diego Nonprofit,WWW.BERRYGOODFOOD.ORG,6193163971,2025,10531 4S Comons Drive 146,San Diego,CA,92127,San Diego County,"10531 4S Comons Drive 146, San Diego, CA, 92127",412149.0,319684.0,Jessica Waite,alysha@berrygoodfood.org,info@berrygoodfood.org,alysha@berrygoodfood.org,https://berrygoodfood.org/contact/ ,,https://www.instagram.com/berrygoodfoodfdn/,https://www.facebook.com/BerryGoodFoodFdn/
678,XML/202520979349301782_public.xml,330959505,The Bon Temps Social Club Of San Diego,San Diego Nonprofit,WWW.ICAJUNZYDECO.COM,6192914322,2025,3330 Columbia Street,San Diego,CA,92103,San Diego County,"3330 Columbia Street, San Diego, CA, 92103",1071685.0,101797.0,Jan Maxted,BTSC@icajunzydeco.com,,BTSC@icajunzydeco.com,,,,https://www.facebook.com/Bon-Temps-Social-Club-208816275875982
679,XML/202523219349322122_public.xml,843154132,The Children'S Education Initiative,San Diego Nonprofit,WWW.TCEI.ORG,8582003830,2025,4747 Executive Drive 210,San Diego,CA,92121,San Diego County,"4747 Executive Drive 210, San Diego, CA, 92121",8468518.0,111641372.0,Michael Hearne,"donate@tcei.org, partner@tcei.org",info@tcei.org,"donate@tcei.org, partner@tcei.org",https://www.tcei.org/contact ,,,
680,XML/202511329349304291_public.xml,770587835,The Childrens Initiative Inc,San Diego Nonprofit,WWW.THECHILDRENSINITIATIVE.ORG,8585815880,2025,3625 Ruffin Rd 100,San Diego,CA,92123,San Diego County,"3625 Ruffin Rd 100, San Diego, CA, 92123",3769989.0,4442262.0,Sandra Mcbrayer,"sunlightspirit@gmail.comsubject=Webpage_Inquiries_Assistance, smostofi@theci.org",,"sunlightspirit@gmail.comsubject=Webpage_Inquiries_Assistance, smostofi@theci.org",,,,https://www.facebook.com/thechildrensinitiative/
681,XML/202511329349306821_public.xml,330018215,The Childs Primary School,San Diego Nonprofit,WWW.TCPS.ORG,,2025,3811 Mt Acadia Blvd,San Diego,CA,92111,San Diego County,"3811 Mt Acadia Blvd, San Diego, CA, 92111",1970959.0,2213957.0,Nan,admissions@tcps.org,info@tcps.org,admissions@tcps.org,https://www.tcps.org/contact ,https://www.linkedin.com/company/the-child's-primary-school/,https://www.instagram.com/thechildsprimaryschool/,https://www.facebook.com/TheChildsPrimarySchool/
682,XML/202520339349300602_public.xml,472102844,The D39C Collaborative,San Diego Nonprofit,DESIGN39COLLABORATIVE.ORG,8586766639,2025,17050 Del Sur Ridge Rd,San Diego,CA,92127,San Diego County,"17050 Del Sur Ridge Rd, San Diego, CA, 92127",513260.0,491425.0,Srilakshmi Vishnubotla,president@design39collaborative.org,,president@design39collaborative.org,https://www.design39collaborative.org/home-page/contact-us/ ,,https://www.instagram.com/design39collaborative/,https://www.facebook.com/Design39Campus
683,XML/202543189349304089_public.xml,330683658,The Jacobs Center For Neighborhood,San Diego Nonprofit,WWW.JACOBSCENTER.ORG,6195276161,2025,342 Euclid Avenue Suite 406 141,San Diego,CA,92114,San Diego County,"342 Euclid Avenue Suite 406 141, San Diego, CA, 92114",-3669759.0,37540028.0,Selena Ellis-Vizcarra,venues@jacobscenter.org,info@jacobscenter.org,venues@jacobscenter.org,https://www.jacobscenter.org/contact-us/ ,https://www.linkedin.com/company/jacobs-center-for-neighborhood-innovation,https://www.instagram.com/jacobscenter/,https://www.facebook.com/JacobsCenter/
684,XML/202500279349302215_public.xml,330587567,The Pacific Beach Community Development,San Diego Nonprofit,www.pacificbeach.org,8582733303,2025,1503 Garnet Avenue,San Diego,CA,92109,San Diego County,"1503 Garnet Avenue, San Diego, CA, 92109",674169.0,277760.0,Randall Engstrom,INFO@PACIFICBEACH.ORG,,INFO@PACIFICBEACH.ORG,https://www.pacificbeach.org/contact/ ,,https://www.instagram.com/discoverpb/,https://www.facebook.com/discoverpacificbeach/
685,XML/202533499349301448_public.xml,956037070,The Putnam Foundation,San Diego Nonprofit,www.timkenmuseum.org,6192395548,2025,2550 5Th Avenue 500,San Diego,CA,92103,San Diego County,"2550 5Th Avenue 500, San Diego, CA, 92103",2724896.0,57021993.0,Megan Pogue,"krosenberg@timkenmuseum.org, registrar@timkenmuseum.org, sales@timkenmuseum.org, marketing@timkenmuseum.org, volunteer@timkenmuseum.org, marketing@timkenmuseum.org , jcappa@timkenmuseum.org, tours@timkenmuseum.org, gromberger@timkenmuseum.org, jrice@timkenmuseum.org ",info@timkenmuseum.org,"krosenberg@timkenmuseum.org, registrar@timkenmuseum.org, sales@timkenmuseum.org, marketing@timkenmuseum.org, volunteer@timkenmuseum.org, marketing@timkenmuseum.org , jcappa@timkenmuseum.org, tours@timkenmuseum.org, gromberger@timkenmuseum.org, jrice@timkenmuseum.org ",https://www.timkenmuseum.org/about/contact/ ,,https://www.instagram.com/timkenmuseum/,https://www.facebook.com/TimkenMuseumofArt/
686,XML/202521149349301532_public.xml,952040874,The San Diego Symphony Orchestra,San Diego Nonprofit,WWW.SANDIEGOSYMPHONY.ORG,6192350800,2025,1245 Seventh Avenue,San Diego,CA,92101,San Diego County,"1245 Seventh Avenue, San Diego, CA, 92101",96468765.0,317687118.0,Martha Gilmer,"rentals@sandiegosymphony.org, jvelasco@sandiegosymphony.org, tickets@sandiegosymphony.org",info@sandiegosymphony.org,"rentals@sandiegosymphony.org, jvelasco@sandiegosymphony.org, tickets@sandiegosymphony.org",https://www.sandiegosymphony.org/about/contact-us/ ,,,https://www.facebook.com/sandiegosymphony
687,XML/202501209349303600_public.xml,330907092,The San Diego Women'S Foundation,San Diego Nonprofit,WWW.SDWOMENSFOUNDATION.ORG,6192352300,2025,2508 Historic Decatur Road 200,San Diego,CA,92106,San Diego County,"2508 Historic Decatur Road 200, San Diego, CA, 92106",823600.0,6049000.0,Krishna Kabra,sdwf@sdfoundation.org,,sdwf@sdfoundation.org,https://www.sdwomensfoundation.org/contact-us/ ,,https://www.instagram.com/sandiegowomensfoundation/,https://www.facebook.com/sdwomensfoundation
688,XML/202543169349308324_public.xml,952555350,The Tailhook Association,San Diego Nonprofit,https://www.tailhook.net/,8003224665,2025,9696 Business Park Ave,San Diego,CA,92131,San Diego County,"9696 Business Park Ave, San Diego, CA, 92131",1858826.0,3431673.0,Nan,"ella.w@tailhook.netsubject=TEF Enquiry (from Contact menu), ella.w@tailhook.net, thookmagazine@gmail.comsubject=Hook Magazine Enquiry (from Contact menu), jean.r@tailhook.netsubject=THA Enquiry (from Contact menu), bethr@tailhook.net, thookmagazine@gmail.com, janet.w@tailhook.net, janet.w@tailhook.netsubject=THA Enquiry (from Contact menu)",,"ella.w@tailhook.netsubject=TEF Enquiry (from Contact menu), ella.w@tailhook.net, thookmagazine@gmail.comsubject=Hook Magazine Enquiry (from Contact menu), jean.r@tailhook.netsubject=THA Enquiry (from Contact menu), bethr@tailhook.net, thookmagazine@gmail.com, janet.w@tailhook.net, janet.w@tailhook.netsubject=THA Enquiry (from Contact menu)",,https://www.linkedin.com/company/tailhook-association/,https://www.instagram.com/tailhookassociation/,
689,XML/202541759349301574_public.xml,953649115,The Thunderboats Unlimited Club Inc,San Diego Nonprofit,WWW.SANDIEGOBAYFAIR.ORG,7607898870,2025,9085 Kenamar Dr,San Diego,CA,92121,San Diego County,"9085 Kenamar Dr, San Diego, CA, 92121",830590.0,204250.0,Jeffrey M Thomas,Bayfair@daviesec.com,,Bayfair@daviesec.com,,,https://www.instagram.com/sdbayfair/,https://www.facebook.com/SanDiegoBayfair
690,XML/202530459349302113_public.xml,201001905,The Thursday Club Foundation,San Diego Nonprofit,WWW.THETHURSDAYCLUB.ORG,8587568887,2025,1224 Santa Barbara Street,San Diego,CA,92107,San Diego County,"1224 Santa Barbara Street, San Diego, CA, 92107",234822.0,483447.0,Linda Small,manager@thethursdayclub.org,,manager@thethursdayclub.org,,,,
691,XML/202510239349301031_public.xml,951298035,The Thursday Club San Diego California,San Diego Nonprofit,WWW.THETHURSDAYCLUB.ORG,6192245264,2025,1224 Santa Barbara Street,San Diego,CA,92107,San Diego County,"1224 Santa Barbara Street, San Diego, CA, 92107",239276.0,1274412.0,Debra Heramb,manager@thethursdayclub.org,,manager@thethursdayclub.org,,,,
692,XML/202501349349307265_public.xml,330931009,Theresa Hessling Charter School Project,San Diego Nonprofit,WWW.SDCCS.ORG,8584961613,2025,7260 Linda Vista Road,San Diego,CA,92111,San Diego County,"7260 Linda Vista Road, San Diego, CA, 92111",7035381.0,5642268.0,Sarah Saluta,"office@sdccs.org, records@sdccs.org",,"office@sdccs.org, records@sdccs.org",https://lv.sdccs.org/contact/ ,,,https://www.facebook.com/sdccs.org
693,XML/202501219349303080_public.xml,471119172,Thrive Animal Rescue Inc,San Diego Nonprofit,THRIVEANIMALRESCUE.COM,8582294972,2025,13875 Old El Camino Real,San Diego,CA,92130,San Diego County,"13875 Old El Camino Real, San Diego, CA, 92130",613803.0,1282362.0,Cece Durante Bloum,pamela@thriveanimalrescue.com,hello@thriveanimalrescue.com,pamela@thriveanimalrescue.com,,,https://www.instagram.com/thriveanimalrescue/,https://www.facebook.com/ThriveAnimalRescue
694,XML/202503179349312120_public.xml,330623634,Townspeople,San Diego Nonprofit,WWW.TOWNSPEOPLE.ORG,6192958802,2025,2047 El Cajon Blvd,San Diego,CA,92104,San Diego County,"2047 El Cajon Blvd, San Diego, CA, 92104",4169280.0,9924065.0,Melissa Peterman,emergencyhousing@townspeople.org,,emergencyhousing@townspeople.org,https://townspeople.org/contact-us/ ,https://www.linkedin.com/company/townspeople-sd,,https://www.facebook.com/Townspeople-San-Diego-103131848856134
695,XML/202503219349322930_public.xml,463689477,Traci'S Paws,San Diego Nonprofit,WWW.TRACISPAWS.ORG,2106434583,2025,7922 Blue Jay Place,San Diego,CA,92123,San Diego County,"7922 Blue Jay Place, San Diego, CA, 92123",9853.0,11177.0,Traci Wilkerson Steckel,SavePets@TracisPaws.com,savepets@tracispaws.comsubject=More info,SavePets@TracisPaws.com,https://www.tracispaws.org/contact ,,,https://www.facebook.com/TracisPaws/
696,XML/202522959349300407_public.xml,461465106,Trinity One Theatre Troupe Inc,San Diego Nonprofit,www.trinityttc.org,6195009176,2025,1640 Camino Del Rio North Suite 129,San Diego,CA,92108,San Diego County,"1640 Camino Del Rio North Suite 129, San Diego, CA, 92108",835888.0,566034.0,Sean P Boyd,boxoffice@trinityttc.org,,boxoffice@trinityttc.org,https://trinityttc.org/mc4wp-form-preview/contact-us/ ,,https://www.instagram.com/trinitytheatrettc/?hl=en,https://www.facebook.com/TrinityTheatreCompany/
697,XML/202540159349300829_public.xml,461465106,Trinity One Theatre Troupe Inc,San Diego Nonprofit,www.trinityttc.org,6195009176,2025,4531 Winona Avenue Unit 4,San Diego,CA,92115,San Diego County,"4531 Winona Avenue Unit 4, San Diego, CA, 92115",928723.0,552361.0,Sean P Boyd,boxoffice@trinityttc.org,,boxoffice@trinityttc.org,https://trinityttc.org/mc4wp-form-preview/contact-us/ ,,https://www.instagram.com/trinitytheatrettc/?hl=en,https://www.facebook.com/TrinityTheatreCompany/
698,XML/202521269349302617_public.xml,264416125,Turtleback Education Foundation,San Diego Nonprofit,www.turtlebacker.org,8586735514,2025,15855 Turtleback Rd,San Diego,CA,92127,San Diego County,"15855 Turtleback Rd, San Diego, CA, 92127",90107.0,207061.0,Nan,webmaster@turtlebacker.org,,webmaster@turtlebacker.org,,,,
699,XML/202512519349301961_public.xml,330487778,Tailhook Educational Foundation Inc,San Diego Nonprofit,www.tailhook.net,8586899223,2025,9696 Businesspark Avenue,San Diego,CA,921311643,San Diego County,"9696 Businesspark Avenue, San Diego, CA, 921311643",2121462.0,6241674.0,Rodger Welch,"ella.w@tailhook.netsubject=TEF Enquiry (from Contact menu), ella.w@tailhook.net, thookmagazine@gmail.comsubject=Hook Magazine Enquiry (from Contact menu), jean.r@tailhook.netsubject=THA Enquiry (from Contact menu), bethr@tailhook.net, thookmagazine@gmail.com, janet.w@tailhook.net, janet.w@tailhook.netsubject=THA Enquiry (from Contact menu)",,"ella.w@tailhook.netsubject=TEF Enquiry (from Contact menu), ella.w@tailhook.net, thookmagazine@gmail.comsubject=Hook Magazine Enquiry (from Contact menu), jean.r@tailhook.netsubject=THA Enquiry (from Contact menu), bethr@tailhook.net, thookmagazine@gmail.com, janet.w@tailhook.net, janet.w@tailhook.netsubject=THA Enquiry (from Contact menu)",,https://www.linkedin.com/company/tailhook-association/,https://www.instagram.com/tailhookassociation/,
700,XML/202522739349301972_public.xml,946090882,Tamalpa Institute,California Nonprofit ,https://www.tamalpa.org/,4154578555,2025,734 A Street,San Rafael,CA,94901,Marin County,"734 A Street, San Rafael, CA, 94901",497905.0,1028502.0,Daria Halprin-Khalighi,"TI-workshops@tamalpa.org, office@tamalpa.org",,"TI-workshops@tamalpa.org, office@tamalpa.org",https://tamalpa.org/about-us/contact/ ,,,https://www.facebook.com/TamalpaInstitute/
701,XML/202522209349300137_public.xml,800177487,Tap Fever Studios,San Diego Nonprofit,www.tapfever.com,8584567301,2025,2146 Garnet Ave,San Diego,CA,92109,San Diego County,"2146 Garnet Ave, San Diego, CA, 92109",141154.0,87168.0,Larisa Hall, dance@tapfever.com,, dance@tapfever.com,,,,
702,,,Tarjimly,California Nonprofit ,http://tarjimly.org/,,,Nan,San Mateo,,,,"Nan, San Mateo, nan",,,Nan,team@tarjim.ly,,team@tarjim.ly,,https://www.linkedin.com/company/tarjimly/,,
703,,,Taulama For Tongans,California Nonprofit ,https://www.taulama.org/,323%202334118,,1650 South Amphlett Boulevard Suite 105 ,Los Angeles,CA,,San Mateo County,"1650 South Amphlett Boulevard Suite 105 , Los Angeles, CA",,,Nan,"taulamafortongans@gmail.com, TaulamaforTongans@gmail.com",,"taulamafortongans@gmail.com, TaulamaforTongans@gmail.com",https://www.taulama.org/contact ,,,
704,XML/202501479349300600_public.xml,463782821,The Blue Heart Foundation,San Diego Nonprofit,https://theblueheartfoundation.org/,3238284790,2025,4331 El Cedro Ct,San Deigo,CA,92154,San Diego County,"4331 El Cedro Ct, San Deigo, CA, 92154",309138.0,637350.0,April Ray,Support@theblueheartfoundation.org,,Support@theblueheartfoundation.org,https://theblueheartfoundation.org/contact-us/ ,,,https://www.facebook.com/blueheartinc/
705,XML/202520499349301217_public.xml,943363920,The Bread Project,California Nonprofit ,https://breadproject.org/,5105941702,2025,1615 University Avenue,Berkeley,CA,94703,Alameda County,"1615 University Avenue, Berkeley, CA, 94703",680672.0,248264.0,Usha Gongal,program@breadproject.org,,program@breadproject.org,https://breadproject.org/contact/ ,https://www.linkedin.com/company/bread-project/,https://www.instagram.com/the_breadproject,https://www.facebook.com/thebreadproject/
706,,,The C.G. Jung Institute Of San Francisco,California Nonprofit ,http://www.sfjung.org/,14154542568,,2610 Mission Street ,Sacramento,CA,,San Francisco County,"2610 Mission Street , Sacramento, CA",,,Nan,jungmail@sfjung.org,,jungmail@sfjung.org,http://www.sfjung.org//about/contact-us/ ,,,
707,XML/202521279349303762_public.xml,320134195,The California Lookouts Foundation,San Diego Nonprofit,www.leaguelineup.com/callookouts,8584864914,2025,13393 Gabilan Rd,San Diego,CA,92128,San Diego County,"13393 Gabilan Rd, San Diego, CA, 92128",198456.0,50436.0,Tex Prows,lookouts.ca@gmail.com,,lookouts.ca@gmail.com,,,,
708,,,The Campaign For Legal Services,California Nonprofit ,http://www.thecampaignsv.org/,3233783225,,Po Box 391471 ,Ross,CA,,Santa Clara County,"Po Box 391471 , Ross, CA",,,Nan,thecampaignsv@gmail.com,,thecampaignsv@gmail.com,https://thecampaignsv.com/contact-us/ ,,,
709,XML/202532259349302918_public.xml,941606518,The Cedars Of Marin,California Nonprofit ,http://www.cedarslife.org/,4154551715,2025,Po Box 947,Ross,CA,94957,Marin County,"Po Box 947, Ross, CA, 94957",13255662.0,31517287.0,Charles Greene,"yasmin@cedarslife.org, rob@cedarslife.org, nicolef@cedarslife.org, natasha@cedarslife.org, lauren@cedarslife.org, katiel@cedarslife.org, cheryl@cedarslife.org, chuck@cedarslife.org",info@cedarslife.org,"yasmin@cedarslife.org, rob@cedarslife.org, nicolef@cedarslife.org, natasha@cedarslife.org, lauren@cedarslife.org, katiel@cedarslife.org, cheryl@cedarslife.org, chuck@cedarslife.org",https://www.cedarslife.org/contact ,,https://www.instagram.com/cedars__life/,https://www.facebook.com/cedarslife
710,,,The Center In Hollywood,California Nonprofit ,https://thecenterinhollywood.org/,17472132770,,6636 Selma Ave ,Del Mar,CA,,Los Angeles County,"6636 Selma Ave , Del Mar, CA",,,Nan,"Hello@thecenterinhollywood.org, Volunteer@thecenterinhollywood.org, Hello@Thecenterinhollywood.org, Development@thecenterinhollywood.org",,"Hello@thecenterinhollywood.org, Volunteer@thecenterinhollywood.org, Hello@Thecenterinhollywood.org, Development@thecenterinhollywood.org",https://thecenterinhollywood.org/contact-us ,https://www.linkedin.com/company/thecenterinhollywood,https://www.instagram.com/centerinhollywood/,
711,XML/202511199349100306_public.xml,521357927,The Chrysalis Center,California Nonprofit ,https://www.changelives.org/,3028976345,2025,2401 E Mall St,Wilmington,DE,198104202,Los Angeles County,"2401 E Mall St, Wilmington, DE, 198104202",,,Nan,"John.Sonego@ChangeLives.org, Hire@ChangeLives.org, Mallory.Loring@ChangeLives.org, CS@changelives.org",,"John.Sonego@ChangeLives.org, Hire@ChangeLives.org, Mallory.Loring@ChangeLives.org, CS@changelives.org",https://www.changelives.org/contact-us/ ,https://www.linkedin.com/company/chrysalis-socal/,https://www.instagram.com/ChrysalisSoCal,https://www.facebook.com/ChrysalisSoCal
712,,,The Easter Island Foundation,California Nonprofit ,http://www.easterislandfoundation.org/,,,1516 Corsica Dr ,Nan,CA,,Santa Barbara County,"1516 Corsica Dr , Nan, CA",,,Nan,iorana@easterislandfoundation.org,info@mysite.com,iorana@easterislandfoundation.org,https://www.easterislandfoundation.org/contact ,,,https://www.facebook.com/EasterIslandMoai
713,,,The Eli Home Inc.,California Nonprofit ,http://elihome.org/,6267933334,,Nan,Marina,,,,"Nan, Marina, nan",,,Nan,ELIHOME@ELIHOME.ORG,,ELIHOME@ELIHOME.ORG,,https://www.linkedin.com/in/the-eli-home-inc-967157278/,https://www.instagram.com/theelihome/,https://www.facebook.com/elihome
714,XML/202532839349200448_public.xml,770291953,The Friends Of The Marina Library,California Nonprofit ,https://friendsofthemarinalibrary.org/,8313843411,2025,Po Box 493,Marina,CA,939330493,Monterey County,"Po Box 493, Marina, CA, 939330493",,,Nan,"friendsofthemarinalibrary@gmail.com, friendscommunitybookstore@gmail.com",,"friendsofthemarinalibrary@gmail.com, friendscommunitybookstore@gmail.com",https://friendsofthemarinalibrary.org/contact/ ,,https://www.instagram.com/friendsofthemarinalibrary/,https://www.facebook.com/friendsofthemarinalibrary/
715,,,The Friends Of The Nevada County Libraries,California Nonprofit ,http://ncfol.org/,,,Nan,Pasadena,,,,"Nan, Pasadena, nan",,,Nan,friends@ncfol.org,,friends@ncfol.org,,,,https://www.facebook.com/profile.php?id=61559047132811
716,XML/202502259349302050_public.xml,834126446,The Gamble House Conservancy,California Nonprofit ,http://www.gamblehouse.org/,6267933334,2025,4 Westmoreland Place,Pasadena,CA,91103,Los Angeles County,"4 Westmoreland Place, Pasadena, CA, 91103",1795561.0,12880394.0,Alexandra Rasic,"jenniferm@gamblehouse.org, kelly@gamblehouse.org, joseph@gamblehouse.org, bookstore@gamblehouse.org, heather@gamblehouse.org, sara@gamblehouse.org, trotoux@gamblehouse.org, alex@gamblehouse.org, asalinas@gamblehouse.org, sheryl@gamblehouse.org",info@gamblehouse.org,"jenniferm@gamblehouse.org, kelly@gamblehouse.org, joseph@gamblehouse.org, bookstore@gamblehouse.org, heather@gamblehouse.org, sara@gamblehouse.org, trotoux@gamblehouse.org, alex@gamblehouse.org, asalinas@gamblehouse.org, sheryl@gamblehouse.org",https://gamblehouse.org/contact/ ,,https://www.instagram.com/gamblehouse/,https://www.facebook.com/thegamblehouse
717,,,The Guild Of Carillonneurs In North America,California Nonprofit ,https://www.gcna.org/,,,1607 Blossom Ln. 232 ,Lake Elsinore,CA,,Los Angeles County,"1607 Blossom Ln. 232 , Lake Elsinore, CA",,,Nan,"vp@gcna.org, rec.sec@gcna.org, treasurer@gcna.org, copyright@gcna.org, president@gcna.org, corr.sec@gcna.org, board-list@gcna.org",info@gcna.org,"vp@gcna.org, rec.sec@gcna.org, treasurer@gcna.org, copyright@gcna.org, president@gcna.org, corr.sec@gcna.org, board-list@gcna.org",https://www.gcna.org/contact ,,https://www.instagram.com/the_gcna,https://www.facebook.com/thegcna
718,,,"The Ivy Heritage Foundation, Inc.",California Nonprofit ,http://www.theivyheritagefoundation.org/,,,Po Box 452658 ,Berkeley,CA,,Los Angeles County,"Po Box 452658 , Berkeley, CA",,,Nan,TIHF@theivyheritagefoundation.org,info@mysite.com,TIHF@theivyheritagefoundation.org,https://www.theivyheritagefoundation.org/copy-of-contact ,,,
719,XML/202503189349307650_public.xml,262396330,The J Moss Foundation,San Diego Nonprofit,www.skinnygeneproject.org,8885002344,2025,10089 Willow Creek Road 200,San Diego,CA,92131,San Diego County,"10089 Willow Creek Road 200, San Diego, CA, 92131",285762.0,170653.0,Nan,healthyhome@jmossfoundation.org,"info@skinnygeneproject.org, info@jmossfoundation.org",healthyhome@jmossfoundation.org,https://www.skinnygeneproject.org/contact/ ,,https://www.instagram.com/skinnygeneproject/,https://www.facebook.com/SkinnyGeneProject/?fref=ts
720,,,The Lime Foundation,California Nonprofit ,http://www.thelimefoundation.org/,,,1400 Petaluma Hill Road ,Nan,CA,,Sonoma County,"1400 Petaluma Hill Road , Nan, CA",,,Nan,Letitia@thelimefoundation.org,,Letitia@thelimefoundation.org,https://thelimefoundation.org/contact-us/ ,,,
721,,,The Living New Deal Project,California Nonprofit ,http://www.livingnewdeal.org/,,,Nan,Santa Rosa,,,,"Nan, Santa Rosa, nan",,,Nan,webmaster@livingnewdeal.org,info@livingnewdeal.org,webmaster@livingnewdeal.org,https://livingnewdeal.org/contact/ ,,https://www.instagram.com/livingnewdealproject/,https://www.facebook.com/livingnewdeal
722,XML/202523229349201917_public.xml,392647510,The Nonprofit Institute,California Nonprofit ,http://www.sandiego.edu/soles/centers-and-institutes/nonprofit-institute,2018750220,2025,513 24Th Street,Union City,NJ,7087,,"513 24Th Street, Union City, NJ, 7087",,,Nan,nonprofit@sandiego.edu,,nonprofit@sandiego.edu,,https://www.linkedin.com/company/usdnonprofit/,https://www.instagram.com/usdnonprofit,https://www.facebook.com/USDNPInstitute
723,XML/202523429349200517_public.xml,680324863,The Pamela Trokanski Dance Theatre,California Nonprofit ,http://www.trokanski.org/,5307563949,2025,2720 Del Rio Pl,Davis,CA,95618,Yolo County,"2720 Del Rio Pl, Davis, CA, 95618",,,Nan,office@trokanski.com,,office@trokanski.com,,,https://www.instagram.com/PTDanceTheatre,https://www.facebook.com/PamelaTrokanskiDanceTheatre
724,XML/202501609349300035_public.xml,260761959,The Pastoral Center,California Nonprofit ,http://pastoral.center/,6157306196,2025,1030 Wilson Pike,Brentwood,TN,37027,Alameda County,"1030 Wilson Pike, Brentwood, TN, 37027",509668.0,79127.0,Annette Rogers-Vaughn,support@pastoral.center,,support@pastoral.center,https://pastoral.center/contact-us/ ,,,
725,,,The Place Within- Southern California,California Nonprofit ,http://www.theplacewithin.org/,,,211 S. Primrose Ave ,Berkeley,CA,,Los Angeles County,"211 S. Primrose Ave , Berkeley, CA",,,Nan,NatashaMorisawa@theplacewithin.org,,NatashaMorisawa@theplacewithin.org,,,,
726,,,The Ris Foundation,California Nonprofit ,https://risfoundation.org/,,,Nan,San Diego,,,,"Nan, San Diego, nan",,,Nan,Frontdesk@risfoundation.org,,Frontdesk@risfoundation.org,https://risfoundation.org/#contact/ ,,,
727,XML/202542809349301129_public.xml,10565671,The San Diego River Park Foundation,California Nonprofit ,http://www.sandiegoriver.org/,6192977380,2025,4891 Pacific Highway Apt 114,San Diego,CA,92110,San Diego County,"4891 Pacific Highway Apt 114, San Diego, CA, 92110",4095868.0,32020724.0,Robert A Hutsel,volunteer@sandiegoriver.org,info@sandiegoriver.org,volunteer@sandiegoriver.org,https://sandiegoriver.org/contact/ ,https://www.linkedin.com/company/san-diego-river-park-foundation,https://www.instagram.com/sandiegoriver,https://www.facebook.com/SanDiegoRiver
728,XML/202542809349301129_public.xml,10565671,The San Diego River Park Foundation,San Diego Nonprofit,www.sandiegoriver.org,6192977380,2025,4891 Pacific Highway Apt 114,San Diego,CA,92110,San Diego County,"4891 Pacific Highway Apt 114, San Diego, CA, 92110",4095868.0,32020724.0,Robert A Hutsel,volunteer@sandiegoriver.org,info@sandiegoriver.org,volunteer@sandiegoriver.org,https://sandiegoriver.org/contact/ ,https://www.linkedin.com/company/san-diego-river-park-foundation,https://www.instagram.com/sandiegoriver,https://www.facebook.com/SanDiegoRiver
729,,,The Stephan Center,California Nonprofit ,http://thestephancenter.org/,,,Po Box 77813 ,Nan,CA,,Riverside County,"Po Box 77813 , Nan, CA",,,Nan,"thestephancenter@gmail.com, thestephancenter@juno.com",,"thestephancenter@gmail.com, thestephancenter@juno.com",https://www.thestephancenter.org/contact-us/ ,,,https://www.facebook.com/lifelosses
730,,,The Towbes Foundation,California Nonprofit ,https://towbesfoundation.org/,,,33 East Carillo St. Suite 201 ,Pacifica,CA,,Santa Barbara County,"33 East Carillo St. Suite 201 , Pacifica, CA",,,Nan,"acole@towbesfoundation.org, ksullivan@towbesfoundation.org",,"acole@towbesfoundation.org, ksullivan@towbesfoundation.org",,,,
731,,,The Westlund Center,California Nonprofit ,http://www.thewestlundcenter.org/,15308775760,,Nan,Nan,,,,"Nan, Nan, nan",,,Nan,"darlene.woo@csun.edu, wgetz@whidbey.com",admin@thewestlundcenter.org,"darlene.woo@csun.edu, wgetz@whidbey.com",http://www.thewestlundcenter.org/contact-us ,,,
732,,,Theater On The Ridge,California Nonprofit ,https://www.totr.org/,,,Po Box 13 ,San Francisco,CA,,Butte County,"Po Box 13 , San Francisco, CA",,,Nan,theatreridge@gmail.com,,theatreridge@gmail.com,,,https://www.instagram.com/theatreontheridge/,https://www.facebook.com/TheatreOnTheRidge/
733,,,Theatre Bay Area,California Nonprofit ,https://www.theatrebayarea.org/,,,499 Alabama St. Suite 450 ,Los Angeles,CA,,San Francisco County,"499 Alabama St. Suite 450 , Los Angeles, CA",,,Nan,tba@theatrebayarea.org,,tba@theatrebayarea.org,https://members.theatrebayarea.org/contact-us ,,https://www.instagram.com/theatrebayareasf/,https://www.facebook.com/theatrebayarea
734,XML/202502199349302255_public.xml,455409160,Thresholds Community,San Diego Nonprofit,www.thresholdscommunity.org,6197867742,2025,2801 B St 22,San Diego,CA,92102,San Diego County,"2801 B St 22, San Diego, CA, 92102",687068.0,336343.0,Rob Yackley,rob@thresholdscommunity.org,info@thresholdscommunity.org,rob@thresholdscommunity.org,https://thresholdscommunity.org/contact/ ,,https://www.instagram.com/thresholdscommunity/,https://www.facebook.com/thresholdscommunity
735,XML/202503179349312120_public.xml,330623634,Townspeople,California Nonprofit ,https://townspeople.org/,6192958802,2025,2047 El Cajon Blvd,San Diego,CA,92104,,"2047 El Cajon Blvd, San Diego, CA, 92104",4169280.0,9924065.0,Melissa Peterman,emergencyhousing@townspeople.org,,emergencyhousing@townspeople.org,https://townspeople.org/contact-us/ ,https://www.linkedin.com/company/townspeople-sd,,https://www.facebook.com/Townspeople-San-Diego-103131848856134
736,,,Traveler'S Aid Society Of San Diego,California Nonprofit ,http://travelersaidsandiego.org/,,,2615 Camino Del Rio S Ste 103 ,Sebastopol,CA,,San Diego County,"2615 Camino Del Rio S Ste 103 , Sebastopol, CA",,,Nan,Admin@travelersaidsandiego.org,,Admin@travelersaidsandiego.org,https://travelersaidsandiego.org/contact/ ,https://www.linkedin.com/company/travelers-aid-society-of-san-diego-inc/,https://www.instagram.com/travelersaidsandiego/,https://www.facebook.com/TravelersAidSocietyofSanDiego/
737,XML/202510309349301221_public.xml,951727674,Travelers Aid Society Of San Diego,San Diego Nonprofit,www.travelersaidsandiego.org,6192958393,2025,2615 Camino Del Rio South Apt 103,San Diego,CA,92108,San Diego County,"2615 Camino Del Rio South Apt 103, San Diego, CA, 92108",784250.0,445230.0,Nan,Admin@travelersaidsandiego.org,,Admin@travelersaidsandiego.org,https://travelersaidsandiego.org/contact/ ,https://www.linkedin.com/company/travelers-aid-society-of-san-diego-inc/,https://www.instagram.com/travelersaidsandiego/,https://www.facebook.com/TravelersAidSocietyofSanDiego/
738,XML/202542629349300534_public.xml,943101687,Tri-Valley Communities Against A Radioactive Environment,California Nonprofit ,https://trivalleycares.org/,9254437148,2025,4049 First Street Suite 243,Livermore,CA,94551,Alameda County,"4049 First Street Suite 243, Livermore, CA, 94551",206203.0,386885.0,Loulina Miles,"scott@trivalleycares.orgeType=ActivityDefinitionInstance&eId=cb274bb9-9d4b-4725-8df4-48308e7373e7, ben@scelp.org, scott@trivalleycares.org, jay@nukewatch.org, tomclements329@cs.com, GullGeeCo@aol.com, tanvi@trivalleycares.org, ianzabarte@gmail.com, webmaster@sec.senate.gov",info@defusenuclearwar.org,"scott@trivalleycares.orgeType=ActivityDefinitionInstance&eId=cb274bb9-9d4b-4725-8df4-48308e7373e7, ben@scelp.org, scott@trivalleycares.org, jay@nukewatch.org, tomclements329@cs.com, GullGeeCo@aol.com, tanvi@trivalleycares.org, ianzabarte@gmail.com, webmaster@sec.senate.gov",https://www.senate.gov/general/contacting.htm ,,https://www.instagram.com/reel/DTdgPtEiHyT/?igsh=NTc4MTIwNjQ2YQ==,https://www.facebook.com/groups/trivalleycares
739,,,U.R. Love Inc,California Nonprofit ,https://www.urloveinc.org/,5102710310,,626 W 108Th St ,Nan,CA,,Los Angeles County,"626 W 108Th St , Nan, CA",,,Nan,u.r.loveinc@outlook.com,infor@urloveinc.org,u.r.loveinc@outlook.com,,,https://www.instagram.com/urloveinc/,https://www.facebook.com/URLOVEINC.ORG
740,XML/202503019349301930_public.xml,461740672,Ucp San Diego,San Diego Nonprofit,WWW.SDCOOPPRESCHOOL.ORG,6192959860,2025,4190 Front Street,San Diego,CA,92103,San Diego County,"4190 Front Street, San Diego, CA, 92103",1405579.0,924116.0,Stephanie Larson,general@sdcooppreschool.org,,general@sdcooppreschool.org,https://www.sdcooppreschool.org/contact ,,https://www.instagram.com/p/DW2FGXREkYt/,
741,XML/202512039349301706_public.xml,951318024,United Assn Of Journeymen & Apprent,San Diego Nonprofit,WWW.UALOCAL230.ORG,8585540586,2025,6313 Nancy Ridge Drive,San Diego,CA,921212247,San Diego County,"6313 Nancy Ridge Drive, San Diego, CA, 921212247",5053363.0,6669995.0,Steve Beringer,"sean@ualocal230.org, Dan.Goar@ualocal230.org, john@ualocal230.org, dispatch@ualocal230.org, steve@ualocal230.org, barry@ualocal230.org, dues@ualocal230.org, jatc@ualocal230.org, adriana@ualocal230.org",,"sean@ualocal230.org, Dan.Goar@ualocal230.org, john@ualocal230.org, dispatch@ualocal230.org, steve@ualocal230.org, barry@ualocal230.org, dues@ualocal230.org, jatc@ualocal230.org, adriana@ualocal230.org",,,,https://www.facebook.com/pages/The-United-Association-of-Plumbers-Steamfitters-Local-Union-230/216014928426415
742,,,Unitarian Universalist Congregation Of Marin,California Nonprofit ,http://www.uumarin.org/,9512691119,,240 Channing Way ,Vista,CA,,Marin County,"240 Channing Way , Vista, CA",,,Nan,"webmaster@uumarin.org, office@uumarin.org",,"webmaster@uumarin.org, office@uumarin.org",,,https://www.instagram.com/uumarin/,https://www.facebook.com/uuchurchmarin
743,,,United States Veterans Initiative - Inland Empire,California Nonprofit ,https://usvets.org/locations/inland-empire/,5592445710,,15305 6Th Street ,Nan,CA,,,"15305 6Th Street , Nan, CA",,,Nan,"kbush@usvets.org, istokes@usvets.org, usvets@usvets.org, psachs@usvets.org",,"kbush@usvets.org, istokes@usvets.org, usvets@usvets.org, psachs@usvets.org",,https://www.linkedin.com/company/usvets/?viewAsMember=true,https://www.instagram.com/usvetsinland,https://www.facebook.com/usvetsinland
744,XML/202501359349315490_public.xml,941212129,United Way Of Stanislaus County,California Nonprofit ,https://uwaystan.org/,2095234562,2025,Post Office Box 3066,Modesto,CA,95353,Stanislaus County,"Post Office Box 3066, Modesto, CA, 95353",1470022.0,3375794.0,Keristofer Seryani,cbaily@uwaystan.org,,cbaily@uwaystan.org,https://uwaystan.org/contact-us ,,https://www.instagram.com/unitedwaystan/,https://www.facebook.com/UnitedWayStan/
745,XML/202543189349314939_public.xml,800516550,United Women Of East Africa Support Team,San Diego Nonprofit,www.uweast.org,6192770402,2025,6523 University Avenue,San Diego,CA,92115,San Diego County,"6523 University Avenue, San Diego, CA, 92115",7728932.0,7534925.0,Sahra Abdi,miriam@uweast.org,info@uweast.org,miriam@uweast.org,https://www.uweast.org/contact-us/ ,,https://www.instagram.com/uweast1/?hl=en,https://www.facebook.com/uweast1
746,XML/202523509349200212_public.xml,760805859,Unity Schools,California Nonprofit ,http://www.unityschools.net/,8457833789,2025,13 Sapphire Road,Monroe,NY,10950,Alameda County,"13 Sapphire Road, Monroe, NY, 10950",,,Nan,boardmembers@unityschools.net,,boardmembers@unityschools.net,,,,
747,XML/202520919349301682_public.xml,821309235,Upwell Turtles,California Nonprofit ,http://www.upwell.org/,8312915123,2025,99 Pacific Street 375E,Monterey,CA,93940,Monterey County,"99 Pacific Street 375E, Monterey, CA, 93940",1200884.0,1191513.0,George L Shillinger,turtles@upwell.org,,turtles@upwell.org,http://www.upwell.org/contact ,https://www.linkedin.com/company/upwell-turtles,,https://www.facebook.com/UpwellTurtles
748,,,Urban Ecology Conservatory,California Nonprofit ,http://www.urbanecologyconservatory.org/,,,Nan,Oakland,,,,"Nan, Oakland, nan",,,Nan,mm@urbanecologyconservatory.org,,mm@urbanecologyconservatory.org,,,https://www.instagram.com/urbanecologyconservatory?igsh=NTc4MTIwNjQ2YQ==,
749,XML/202542939349300624_public.xml,263486606,Urban Habitat,California Nonprofit ,http://www.urbanhabitat.org/,3122835644,2025,104 S Michigan Avenue 620,Chicago,IL,60603,Alameda County,"104 S Michigan Avenue 620, Chicago, IL, 60603",6496944.0,15486149.0,Nan,ewu@urbanhabitat.org,,ewu@urbanhabitat.org,https://urbanhabitat.org/media-contacts/ ,https://www.linkedin.com/company/urban-habitat,,https://www.facebook.com/UrbanHabitat.org
750,XML/202533179349300313_public.xml,30419743,Urgent Action Fund,California Nonprofit ,http://www.urgentactionfund.org/,4155230360,2025,2601 Blanding Ave C 155,Alameda,CA,94501,Alameda County,"2601 Blanding Ave C 155, Alameda, CA, 94501",13733607.0,31155033.0,Kate Kroeger,"whistleblower@urgentactionfund.org, press@urgentactionfund.org, donate@urgentactionfund.org, proposal@urgentactionfund.org",info@urgentactionfund.org,"whistleblower@urgentactionfund.org, press@urgentactionfund.org, donate@urgentactionfund.org, proposal@urgentactionfund.org",https://urgentactionfund.org/contact/ ,https://www.linkedin.com/company/urgent-action-fund,https://www.instagram.com/urgentactionfund/,https://www.facebook.com/urgentactionfund/
751,XML/202502449349300510_public.xml,463251338,Veda Geetha Foundationorg,San Diego Nonprofit,VEDAGEETHAFOUNDATION.ORG,8583354352,2025,4578 Da Vinci St,San Diego,CA,92130,San Diego County,"4578 Da Vinci St, San Diego, CA, 92130",347705.0,822715.0,Nan,priestshastri@gmail.com,info@sbatsd.org,priestshastri@gmail.com,,,https://www.instagram.com/,https://www.facebook.com/sbatsd
752,XML/202540529349301409_public.xml,330189397,Veterans Medical Research Foundation Of,San Diego Nonprofit,WWW.VMRF.ORG,8586423070,2025,3350 La Jolla Village Dr Bldg 13,San Diego,CA,92161,San Diego County,"3350 La Jolla Village Dr Bldg 13, San Diego, CA, 92161",16594911.0,6698249.0,Maria Sittmann,vmrf@vmrf.org,,vmrf@vmrf.org,,,,
753,XML/202523209349300757_public.xml,330570564,Victim Offender Reconciliation Program Inc,San Diego Nonprofit,www.rjcalifornia.org,,2025,2341 Jefferson St Ste 102,San Diego,CA,92110,San Diego County,"2341 Jefferson St Ste 102, San Diego, CA, 92110",421663.0,26085.0,Robert Ehnow,office@sdrjmp.org,,office@sdrjmp.org,https://www.rjcalifornia.org/contact ,,,
754,XML/202511979349300926_public.xml,951944230,Vista Hill Foundation,San Diego Nonprofit,VISTAHILL.ORG,8585145100,2025,8910 Clairmont Mesa Blvd,San Diego,CA,92123,San Diego County,"8910 Clairmont Mesa Blvd, San Diego, CA, 92123",39641533.0,45950262.0,Richard Rushton,"jnettleton@vistahill.org, friends@vistahill.org, jsamala@vistahill.org, nchatterjee@vistahill.org, rpeniche@vistahill.org, jcairncross@vistahill.org",info@vistahill.org,"jnettleton@vistahill.org, friends@vistahill.org, jsamala@vistahill.org, nchatterjee@vistahill.org, rpeniche@vistahill.org, jcairncross@vistahill.org",,,,
755,XML/202511359349311641_public.xml,201585919,Voice Of San Diego,San Diego Nonprofit,VOICEOFSANDIEGO.ORG,6193250525,2025,110 West A Street Suite 650,San Diego,CA,92101,San Diego County,"110 West A Street Suite 650, San Diego, CA, 92101",2173032.0,2376816.0,Scott Lewis,"membership@voiceofsandiego.org, tips@voiceofsandiego.org",,"membership@voiceofsandiego.org, tips@voiceofsandiego.org",https://voiceofsandiego.org/about-us/contact-us/ ,,https://www.instagram.com/voiceofsandiego/,https://www.facebook.com/voiceofsandiego/
756,XML/202501349349312230_public.xml,953786047,Voices For Children,San Diego Nonprofit,WWW.SPEAKUPNOW.ORG,8585692019,2025,2851 Meadow Lark Drive,San Diego,CA,92123,San Diego County,"2851 Meadow Lark Drive, San Diego, CA, 92123",9276367.0,16511207.0,Edward P Swan,"marketing@speakupnow.org, events@speakupnow.org, bookaspeaker@speakupnow.org, CASAreferral@speakupnow.org, giving@speakupnow.org, HR@speakupnow.org, rcvolunteer@speakupnow.org, volunteer@speakupnow.org",info@speakupnow.org,"marketing@speakupnow.org, events@speakupnow.org, bookaspeaker@speakupnow.org, CASAreferral@speakupnow.org, giving@speakupnow.org, HR@speakupnow.org, rcvolunteer@speakupnow.org, volunteer@speakupnow.org",,https://www.linkedin.com/company/voices-for-children-inc/,https://www.instagram.com/voices_for_children/,https://www.facebook.com/VoicesForChildrenSD
757,XML/202513219349323141_public.xml,822363154,Voices Of Our City Choir Inc,San Diego Nonprofit,VOICESOFOURCITY.ORG,6197381232,2025,2728 6Th Ave,San Diego,CA,92103,San Diego County,"2728 6Th Ave, San Diego, CA, 92103",829957.0,857755.0,Stephanie Johnson,booking@voicesofourcity.org,info@voicesofourcity.org,booking@voicesofourcity.org,,https://www.linkedin.com/company/voices-of-our-city-choir,https://www.instagram.com/voicesofourcitychoir/,https://www.facebook.com/VoicesofOurCityChoir/
758,XML/202521129349301122_public.xml,731695864,Vvoetbal Soccer Club,San Diego Nonprofit,WWW.REBELSSCEAST.COM,6198228683,2025,2667 Camino Del Rio South Ste 309,San Diego,CA,92108,San Diego County,"2667 Camino Del Rio South Ste 309, San Diego, CA, 92108",0.0,0.0,William Vejar,k8saturated@gmail.com,,k8saturated@gmail.com,,,,
759,XML/202522099349300922_public.xml,510181149,Vajrapani Institute For Wisdom Culture,California Nonprofit ,http://www.vajrapani.org/,8313386654,2025,Po Box 2130,Boulder Creek,CA,95006,,"Po Box 2130, Boulder Creek, CA, 95006",1073249.0,3852322.0,Joseph Monahan,office@vajrapani.org,,office@vajrapani.org,https://vajrapani.org/contact/ ,,,https://www.facebook.com/Vajrapani/
760,XML/202511229349302396_public.xml,823323720,Valley Forward,California Nonprofit ,http://www.valleyfwd.org/,5592751151,2025,2721 Ventura Ave 108,Fresno,CA,93721,Fresno County,"2721 Ventura Ave 108, Fresno, CA, 93721",597248.0,91451.0,Dillon Savory,manager@valleyfwd.org,,manager@valleyfwd.org,,,https://www.instagram.com/valleyforward/,https://www.facebook.com/ValleyForward/
761,XML/202511419349300816_public.xml,812870845,Vanguard Culture,San Diego Nonprofit,www.VanguardCulture.org,6198297561,2025,703 Tarento Dr,San Diego,CA,92106,San Diego County,"703 Tarento Dr, San Diego, CA, 92106",278782.0,33055.0,Susana Peredo Swap,Opportunities@VanguardCulture.com,,Opportunities@VanguardCulture.com,,https://www.linkedin.com/company/10699051?trk=prof-exp-company-name,https://www.instagram.com/VanguardCulture,https://www.facebook.com/CulturallySavvy/
762,XML/202532899349300938_public.xml,823947930,Vital Arts,California Nonprofit ,https://www.vitalarts.org/,4152280281,2025,1831 Solano Avenue 7612,Berkeley,CA,94707,Alameda County,"1831 Solano Avenue 7612, Berkeley, CA, 94707",528452.0,410383.0,Edwin Bernbaum Phd,maryela@vitalarts.org,,maryela@vitalarts.org,,,https://www.instagram.com/vitalartsorg/,https://www.facebook.com/vitalartsorg/
763,,,Volunteer Center Of Santa Cruz County,California Nonprofit ,http://www.scvolunteercenter.org/,8182383340,,1740 17Th Ave ,Nan,CA,,Santa Cruz County,"1740 17Th Ave , Nan, CA",,,Nan,"askus@scvolunteercenter.org, cityserve@cityofsantacruz.com, VIP@scvolunteercenter.org","info@scvolunteercenter.org, info@ccsantacruz.org","askus@scvolunteercenter.org, cityserve@cityofsantacruz.com, VIP@scvolunteercenter.org",https://scvolunteercenter.org/contact/ ,https://www.linkedin.com/company/volunteer-center-of-santa-cruz-county,https://www.instagram.com/volunteercentersc/,https://www.facebook.com/pages/Volunteer-Center-of-Santa-Cruz-County/106058516081610?ref=hl
764,,,"Volunteers In Medicine - San Diego, Inc.",California Nonprofit ,http://www.vim-sandiego.org/,,,1457 East Madison Avenue ,Burbank,CA,,San Diego County,"1457 East Madison Avenue , Burbank, CA",,,Nan,patientservices@vim-sandiego.org,,patientservices@vim-sandiego.org,http://www.vim-sandiego.org/contact ,,,
765,XML/202501969349301345_public.xml,954469452,Volunteers Of The Burbank Animal Shelter,California Nonprofit ,https://www.burbankca.gov/web/parks-recreation/burbank-animal-shelter-homepage,8182846052,2025,1150 N Victory Place,Burbank,CA,91502,Los Angeles County,"1150 N Victory Place, Burbank, CA, 91502",534302.0,1558697.0,Christopher De Zorzi,websitefeedback@burbankca.gov,,websitefeedback@burbankca.gov,,,https://www.instagram.com/burbank_animalshelter/,https://www.facebook.com/burbankanimalshelter/
766,XML/202520569349301122_public.xml,942358632,Walden Environment,San Diego Nonprofit,WWW.WALDENFAMILY.ORG,6195845777,2025,8525 Gibbs Drive 100,San Diego,CA,92123,San Diego County,"8525 Gibbs Drive 100, San Diego, CA, 92123",17347241.0,9019964.0,Teresa Stivers,denise@scatenamediagroup.com,info@WaldenFamily.org,denise@scatenamediagroup.com,,https://www.linkedin.com/company/walden-family-services/?viewAsMember=true,http://www.instagram.com/waldenfamilyservices,
767,XML/202543219349323974_public.xml,455470036,Walindwa Charitable Corporation,San Diego Nonprofit,www.walindwa.org,8583955637,2025,Po Box 270024,San Diego,CA,921982024,San Diego County,"Po Box 270024, San Diego, CA, 921982024",210272.0,153140.0,Jill Weller Vampola,walindwa@walindwa.org,,walindwa@walindwa.org,https://www.walindwa.org/contact ,,,https://www.facebook.com/Walindwa/
768,XML/202521959349300947_public.xml,814569967,Warren-Walker Promise Foundation,San Diego Nonprofit,WWW.WWPROMISE.ORG,6192233663,2025,4605 Point Loma Avenue,San Diego,CA,92107,San Diego County,"4605 Point Loma Avenue, San Diego, CA, 92107",469776.0,354977.0,Raymond Volker,"jfleming@warren-walker.com, adubois@warren-walker.com",info@wwpromise.orgsubject=Thank you for contacting Warren-Walker Promise Foundation,"jfleming@warren-walker.com, adubois@warren-walker.com",https://www.wwpromise.org/contact ,,,
769,XML/202543569349300749_public.xml,270297631,West Senior Wellness Center,San Diego Nonprofit,servingseniors.org,6192356572,2025,525 14Th Street Suite 200,San Diego,CA,92101,San Diego County,"525 14Th Street Suite 200, San Diego, CA, 92101",0.0,6421853.0,Jennifer Baum,gfalkenthal@gmail.com,info@servingseniors.org,gfalkenthal@gmail.com,https://servingseniors.org/who-we-are/contact.html ,https://www.linkedin.com/company/senior-community-centers/,https://www.instagram.com/servingseniorssd/,https://www.facebook.com/ServingSeniorsSD
770,XML/202500209349301735_public.xml,270297631,West Senior Wellness Center,San Diego Nonprofit,servingseniors.org,6192356572,2025,525 14Th Street Suite 200,San Diego,CA,92101,San Diego County,"525 14Th Street Suite 200, San Diego, CA, 92101",0.0,6599408.0,Sue Schaffner,gfalkenthal@gmail.com,info@servingseniors.org,gfalkenthal@gmail.com,https://servingseniors.org/who-we-are/contact.html ,https://www.linkedin.com/company/senior-community-centers/,https://www.instagram.com/servingseniorssd/,https://www.facebook.com/ServingSeniorsSD
771,XML/202542869349301674_public.xml,453343408,Wings Of Rescue Inc,San Diego Nonprofit,WINGSOFRESCUE.ORG,3102880343,2025,Po Box 602030,San Diego,CA,92160,San Diego County,"Po Box 602030, San Diego, CA, 92160",2493324.0,2532211.0,Ric Browde,cassie@wingsofrescue.org,,cassie@wingsofrescue.org,,https://www.linkedin.com/company/wingsofrescue/,https://www.instagram.com/wingsofrescue_official,https://www.facebook.com/WingsofRescue
772,XML/202531059349302003_public.xml,954591175,Women In Animation Inc,San Diego Nonprofit,WOMENINANIMATION.ORG,3237829391,2025,6353 El Cajon Blvd 124Pm164,San Diego,CA,92115,San Diego County,"6353 El Cajon Blvd 124Pm164, San Diego, CA, 92115",1164360.0,856360.0,Paige Searer,"Events@wearewia.org, mentorship@wearewia.org, communications@wearewia.org, wia@wearewia.org",,"Events@wearewia.org, mentorship@wearewia.org, communications@wearewia.org, wia@wearewia.org",https://wearewia.org/contact-us/ ,,,
773,XML/202513189349316121_public.xml,261721255,Workshops For Warriors Inc,San Diego Nonprofit,WWW.WFW.ORG,6195501620,2025,2970 Main Street,San Diego,CA,92113,San Diego County,"2970 Main Street, San Diego, CA, 92113",9132316.0,31821086.0,Hernan Luis Y Prado,"jobhelp@wfw.org, lorena@wfw.org, lisa.record@wfw.org, rebecca@wfw.org, admissions@wfw.org, annette@wfw.org",,"jobhelp@wfw.org, lorena@wfw.org, lisa.record@wfw.org, rebecca@wfw.org, admissions@wfw.org, annette@wfw.org",https://www.wfw.org/contact/ ,https://www.linkedin.com/company/workshops-for-warriors,https://www.instagram.com/workshopsforwarriors/,https://www.facebook.com/WorkshopsforWarriors/
774,,,Walden Foundation Inc,California Nonprofit ,https://waldencenterschool.org/,,,2446 Mckinley Ave ,Nan,CA,,Alameda County,"2446 Mckinley Ave , Nan, CA",,,Nan,"alumni@waldencenterschool.org, edc@waldencenterschool.org, waldensummercamp@gmail.com, it@waldencenterschool.org, websitemanager@waldencenterschool.org, news@waldencenterschool.org, admissions@waldencenterschool.org",info@waldencenterschool.org,"alumni@waldencenterschool.org, edc@waldencenterschool.org, waldensummercamp@gmail.com, it@waldencenterschool.org, websitemanager@waldencenterschool.org, news@waldencenterschool.org, admissions@waldencenterschool.org",https://waldencenterschool.org/about/contact/ ,,https://www.instagram.com/waldencenterschool/,https://www.facebook.com/waldencenterschool
775,XML/202513189349309591_public.xml,770519882,Watsonville Wetlands Watch,California Nonprofit ,http://www.watsonvillewetlandswatch.org/,8317281156,2025,Po Box 1239,Freedom,CA,95019,,"Po Box 1239, Freedom, CA, 95019",2517510.0,3869781.0,Jonathan Pilch,"jose@watsonvillewetlandswatch.org, Brooke@watsonvillewetlandswatch.org, yesenia@watsonvillewetlandswatch.org, reyna@watsonvillewetlandswatch.org, juliette@watsonvillewetlandswatch.org, anastasia@watsonvillewetlandswatch.org, dan@watsonvillewetlandswatch.org, arianna@watsonvillewetlandswatch.org, sam@watsonvillewetlandswatch.org, stephanie@watsonvillewetlandswatch.org, miranda@watsonvillewetlandswatch.org, valerie@watsonvillewetlandswatch.org, Amanda@watsonvillewetlandswatch.org, jonathan@watsonvillewetlandswatch.org, ornella@watsonvillewetlandswatch.org",info@watsonvillewetlandswatch.org,"jose@watsonvillewetlandswatch.org, Brooke@watsonvillewetlandswatch.org, yesenia@watsonvillewetlandswatch.org, reyna@watsonvillewetlandswatch.org, juliette@watsonvillewetlandswatch.org, anastasia@watsonvillewetlandswatch.org, dan@watsonvillewetlandswatch.org, arianna@watsonvillewetlandswatch.org, sam@watsonvillewetlandswatch.org, stephanie@watsonvillewetlandswatch.org, miranda@watsonvillewetlandswatch.org, valerie@watsonvillewetlandswatch.org, Amanda@watsonvillewetlandswatch.org, jonathan@watsonvillewetlandswatch.org, ornella@watsonvillewetlandswatch.org",http://www.watsonvillewetlandswatch.org/contact ,,https://www.instagram.com/watsonvillewetlands/,https://www.facebook.com/watsonvillewetlands/?rc=p
776,XML/202501479349301225_public.xml,270277377,Wayword Inc,San Diego Nonprofit,www.waywordradio.org,6198904275,2025,Po Box 632721,San Diego,CA,92163,San Diego County,"Po Box 632721, San Diego, CA, 92163",263967.0,117759.0,Nan,"martha@waywordradio.org, grant@waywordradio.org, words@waywordradio.org",,"martha@waywordradio.org, grant@waywordradio.org, words@waywordradio.org",https://waywordradio.org/contact/ ,,https://www.instagram.com/waywordradio/,https://www.facebook.com/groups/waywordradio/
777,,,Weber Foundation Animal Network,California Nonprofit ,https://www.wfan.net/,,,6381 Evening Star Circle ,Los Angeles,CA,,Orange County,"6381 Evening Star Circle , Los Angeles, CA",,,Nan,rechecanyon@wfan.net,,rechecanyon@wfan.net,,,,
778,XML/202501339349308890_public.xml,43795698,Welcome Home Housing,California Nonprofit ,http://www.welcomehomehousing.org/,9168990951,2025,Po Box 161526,Sacramento,CA,95816,Sacramento County,"Po Box 161526, Sacramento, CA, 95816",250905.0,90019.0,Deborah Coughlin,dcoughlin@welcomehomehousing.org,,dcoughlin@welcomehomehousing.org,,,,https://www.facebook.com/WelcomeHomeHousing/
779,,,Western Neuropathy Association,California Nonprofit ,https://www.pnhelp.org/,3239382531,,Nan,Laguna Hills,,,,"Nan, Laguna Hills, nan",,,Nan,"klstenzel@hotmail.com, jeff_creech@msn.com",info@pnhelp.org,"klstenzel@hotmail.com, jeff_creech@msn.com",https://www.pnhelp.org/contact-us ,,https://www.instagram.com/pnhelpwna/,https://www.facebook.com/PNHelpWNA
780,XML/202541929349301859_public.xml,953685875,Westside Food Bank,California Nonprofit ,http://www.westsidefoodbankca.org/,3108286016,2025,1710 22Nd Street,Santa Monica,CA,90404,Los Angeles County,"1710 22Nd Street, Santa Monica, CA, 90404",9118870.0,10630138.0,Shivaun Cooney,"development@wsfb.org, media@wsfb.org",,"development@wsfb.org, media@wsfb.org",https://www.wsfb.org/about-us/contact-us/ ,,https://www.instagram.com/westsidefoodbank/,https://www.facebook.com/westsidefoodbank
781,XML/202501729349300300_public.xml,934937962,Westview Gold Boosters,San Diego Nonprofit,westviewgold.org,8584010118,2025,13500 Camino Del Sur,San Diego,CA,92129,San Diego County,"13500 Camino Del Sur, San Diego, CA, 92129",29938.0,130582.0,Vincent Kramer,"wvgoldcommunications@gmail.com, wvgoldwebsite@gmail.com",,"wvgoldcommunications@gmail.com, wvgoldwebsite@gmail.com",,,https://www.instagram.com/wvgold/,https://www.facebook.com/groups/westviewgold/
782,XML/202511069349300741_public.xml,986061293,Wild Horizons Wildlife Orphanage And Sanctuary,San Diego Nonprofit,vicfallswildlifetrust.org,6198865592,2025,Po Box 23183,San Diego,CA,92193,San Diego County,"Po Box 23183, San Diego, CA, 92193",566664.0,561996.0,Barbara Murasiranwa,"lesley@vicfallswildlifetrust.org, val@vicfallswildlifetrust.org",info@vicfallswildlifetrust.org,"lesley@vicfallswildlifetrust.org, val@vicfallswildlifetrust.org",https://vfwt.org/contact-us/ ,,https://www.instagram.com/victoriafallswildlifetrust/,https://www.facebook.com/vicfallswildlifetrust/
783,,,Wildlife Conservation Network,California Nonprofit ,http://www.wildnet.org/,,,209 Mississippi St ,San Diego,CA,,San Francisco County,"209 Mississippi St , San Diego, CA",,,Nan,press@wildnet.org,info@wildnet.org,press@wildnet.org,https://wildnet.org/contact-us/ ,https://www.linkedin.com/company/wildnetorg/,https://www.instagram.com/wildnetorg/,
784,,,Women Helping Other Women (Whow),California Nonprofit ,http://whowlivelovelearn.org/,5108090203,,Nan,Sunnyvale,,,,"Nan, Sunnyvale, nan",,,Nan,whowboard@gmail.com,,whowboard@gmail.com,,,,https://www.facebook.com/groups/womanwithadream
785,,,Women Winemakers & Culinarians Foundation,California Nonprofit ,https://sbwomenwinemakers.com/,,,Nan,Berkeley,,,,"Nan, Berkeley, nan",,,Nan,"restaurants@stilettomarketing.com, karen@seagrapewinecompany.com",,"restaurants@stilettomarketing.com, karen@seagrapewinecompany.com",,,https://www.instagram.com/womenwinemakersandculinarians/,https://www.facebook.com/WomenWinemakersCulinariansFoundation/
786,,,Women'S Cancer Resource Center,California Nonprofit ,http://wcrc.org/,,,2908 Ellsworth St. ,Oakland,CA,,Alameda County,"2908 Ellsworth St. , Oakland, CA",,,Nan,"wcrc@wcrc.org, development@wcrc.org, wcrc@wcrc.org;",,"wcrc@wcrc.org, development@wcrc.org, wcrc@wcrc.org;",https://www.wcrc.org/contact-us/ ,https://www.linkedin.com/company/women's-cancer-resource-center/,https://www.instagram.com/wcrcinberkeley/,https://www.facebook.com/WCRCEastBay
787,,,Women'S Intercultural Network,California Nonprofit ,http://winaction.org/,,,24820 Orchard Village Rd Ste A. 23205 ,Nan,CA,,Los Angeles County,"24820 Orchard Village Rd Ste A. 23205 , Nan, CA",,,Nan,WIN@winaction.org,,WIN@winaction.org,https://winaction.org/#contact ,,https://www.instagram.com/womensinterculturalnetwork/,https://www.facebook.com/people/Womens-Intercultural-Network-WIN/100064739434572/
788,XML/202521759349300022_public.xml,952039198,Ymca Of San Diego County,San Diego Nonprofit,WWW.YMCASD.ORG,8582929622,2025,3708 Ruffin Rd,San Diego,CA,92123,San Diego County,"3708 Ruffin Rd, San Diego, CA, 92123",317348075.0,250589119.0,Todd Tibbits,communications@ymcasd.org,,communications@ymcasd.org,,https://www.linkedin.com/company/ymca-of-san-diego-county,https://www.instagram.com/ymcasandiego/,https://www.facebook.com/YMCASanDiego/
789,XML/202533189349300223_public.xml,201136202,Youth Philharmonic Orchestra,San Diego Nonprofit,cityheightsmusicschool.org,8585350330,2025,2535 Camino Del Rio South Ste 245,San Diego,CA,92108,San Diego County,"2535 Camino Del Rio South Ste 245, San Diego, CA, 92108",663950.0,188418.0,Marshall A Lewis Chairman Ceo,"Victoria@cityheightsmusicschool.org, victoria@cityheightsmusicschool.org",,"Victoria@cityheightsmusicschool.org, victoria@cityheightsmusicschool.org",https://cityheightsmusicschool.org/contact-us-1 ,,https://www.instagram.com/cityheightsmusicschool,https://www.facebook.com/cityheightsmusicschool
790,XML/202503189349306430_public.xml,992013083,Youthbeat,California Nonprofit ,http://youthbeat.org/,5109220060,2025,Po Box 30071,Oakland,CA,94604,,"Po Box 30071, Oakland, CA, 94604",646142.0,620366.0,James Schoneker,youthbeatmedia@gmail.com,,youthbeatmedia@gmail.com,http://youthbeat.org/contact ,,https://www.instagram.com/youthbeatmedia/?hl=en,https://www.facebook.com/YouthBeatMedia/
791,XML/202502059349301525_public.xml,842331152,Yogananda Seva,California Nonprofit ,https://yoganandaseva.org/,,2025,1139 Second St,Encinitas,CA,92024,San Diego County,"1139 Second St, Encinitas, CA, 92024",3821719.0,828073.0,Patrick Conahan,support@yoganandaseva.org,,support@yoganandaseva.org,https://yoganandaseva.org/contact/ ,,,
792,XML/202512889349303106_public.xml,463429734,Yours Humanly,California Nonprofit ,http://www.yourshumanly.org/,9256809700,2025,Po Box 5501,Walnut Creek,CA,94596,Contra Costa County,"Po Box 5501, Walnut Creek, CA, 94596",330099.0,81808.0,Sunny Singh,"media@yourshumanly.org, volunteer@yourshumanly.org",info@yourshumanly.org,"media@yourshumanly.org, volunteer@yourshumanly.org",https://yourshumanly.org/get-involved/contact-us/ ,https://www.linkedin.com/company/yours-humanly,https://www.instagram.com/yourshumanly/,https://www.facebook.com/yourshumanly
793,,,"Youth Homes, Inc.",California Nonprofit ,https://youthhomes.org/,,,Nan,Nan,,,,"Nan, Nan, nan",,,Nan,recordsrelease@youthhomes.org,,recordsrelease@youthhomes.org,https://youthhomes.org/contact ,https://www.linkedin.com/company/youth-homes-inc/,https://www.instagram.com/yhthriftshop/,https://www.facebook.com/YouthHomesThriftShop/
794,,,Youth Recovery Connections,California Nonprofit ,https://www.youthrecoveryconnections.org/,5109220060,,721 Monterey St ,Nan,CA,,,"721 Monterey St , Nan, CA",,,Nan,msalinas@yrconnections.org,,msalinas@yrconnections.org,https://www.youthrecoveryconnections.org/contact ,,,
795,XML/202501479349301505_public.xml,851634340,Youth Transforming Justice,California Nonprofit ,https://www.ytjustice.org/,4156861356,2025,734 A Street,San Rafael,CA,94901,,"734 A Street, San Rafael, CA, 94901",935070.0,1496247.0,Noah Block,"moviedo@ytjustice.org, dcarney@ytjustice.org, worrego@ytjustice.org, azavala@ytjustice.org, jchi@ytjustice.org",,"moviedo@ytjustice.org, dcarney@ytjustice.org, worrego@ytjustice.org, azavala@ytjustice.org, jchi@ytjustice.org",,,https://www.instagram.com/youthtransformingjustice/?hl=en,https://www.facebook.com/youthtransformingjustice/
796,,,Youthwell,California Nonprofit ,http://youthwell.org/,,,Nan,Berkeley,,,,"Nan, Berkeley, nan",,,Nan,calendar@youthwell.org,directory@youthwell.org,calendar@youthwell.org,https://youthwell.org/contact/ ,https://www.linkedin.com/company/youthwell/,https://www.instagram.com/youthwell/,https://www.facebook.com/youthwell
797,XML/202510499349302046_public.xml,951399555,Zlac Rowing Club Ltd,San Diego Nonprofit,WWW.ZLAC.ORG,8582740661,2025,1111 Pacific Beach Drive,San Diego,CA,92109,San Diego County,"1111 Pacific Beach Drive, San Diego, CA, 92109",338053.0,798760.0,Kit Aaboe,"masters@zlac.org, athletics@zlac.org, juniors@zlac.org, rentals@zlac.org",info@zlac.org,"masters@zlac.org, athletics@zlac.org, juniors@zlac.org, rentals@zlac.org",https://www.zlac.org/contact ,,,
798,XML/202500459349301655_public.xml,815467728,Zaca Center Preschool,California Nonprofit ,https://www.zacacenterpreschool.org/,8056880050,2025,27 Six Flags Circle,Buellton,CA,93427,,"27 Six Flags Circle, Buellton, CA, 93427",506869.0,385724.0,Leslie Franklin,zacacenter@verizon.net,,zacacenter@verizon.net,https://www.zacacenterpreschool.org/contact-us ,,,
799,,,Di Rosa Center For Contemporary Art,California Nonprofit ,http://www.dirosaart.org/,15106442555,,5200 Sonoma Hwy ,Napa,CA,,Napa County,"5200 Sonoma Hwy , Napa, CA",,,Nan,"education@dirosaart.org, events@dirosaart.org, visit@dirosaart.org, curatorial@dirosaart.org, gonzalo.magdaleno@dirosaart.org, development@dirosaart.org, marketing@dirosaart.org",admin@dirosaart.org,"education@dirosaart.org, events@dirosaart.org, visit@dirosaart.org, curatorial@dirosaart.org, gonzalo.magdaleno@dirosaart.org, development@dirosaart.org, marketing@dirosaart.org",,,https://www.instagram.com/dirosaart/,https://www.facebook.com/dirosaart/
800,,,"imagine1day USA, Inc.",California Nonprofit ,https://imagine1day.org/,,,2355 Westwood Blvd 231871 ,,CA,,Los Angeles County,,,,,usa@imagine1day.org,info@imagine1day.org,usa@imagine1day.org,https://imagine1day.org/who-we-are/contact/ ,https://www.linkedin.com/company/imagine1day/,https://www.instagram.com/imagine1day/,https://www.facebook.com/imagine1day.org
