ein,org_city,org_state,org_zip,subsection_code,latest_tax_year,latest_total_revenue,latest_total_expenses,latest_total_assets,status
820973253,San Diego,CA,92110-2767,3,,,,,
260457477,San Diego,CA,92121-2934,3,2023.0,81172109.0,87467332.0,13391451.0,
953035557,San Diego,CA,92108-1647,3,2024.0,37833041.0,36700224.0,22391966.0,
330122462,San Diego,CA,92123-1354,3,2023.0,12855737.0,12331113.0,5200798.0,
481291867,San Diego,CA,92101-3245,3,2018.0,3929927.0,4191199.0,2654332.0,
475534541,San Diego,CA,92123-1880,3,2023.0,2917722.0,3052762.0,4996290.0,
330647946,San Diego,CA,92111-2111,3,2023.0,921217.0,1090517.0,2363056.0,
853336715,San Diego,CA,92122-4449,3,2023.0,1319826.0,1001192.0,2879066.0,
461740672,San Diego,CA,92103-2030,3,2024.0,1118520.0,1066528.0,720678.0,
330461414,San Diego,CA,92106-6172,3,2023.0,968733.0,969120.0,480101.0,
465183143,San Diego,CA,92166-0324,3,2023.0,759385.0,742220.0,930429.0,
922808547,San Diego,CA,92113-1109,3,,,,,
471425941,San Diego,CA,92129-3011,3,2024.0,169449.0,141870.0,103363.0,
383787597,San Diego,CA,92175-5473,3,2022.0,280931.0,275822.0,49732.0,
811777747,San Diego,CA,92101-3539,3,2023.0,298735.0,303012.0,82070.0,
953068100,San Diego,CA,92117,3,2015.0,229685.0,232536.0,5632.0,
471398771,San Diego,CA,92112-3054,3,2019.0,213022.0,299850.0,168781.0,
330860813,San Diego,CA,92165-5631,3,2024.0,73181.0,56893.0,268101.0,
833244841,San Diego,CA,92104-3510,3,2023.0,50473.0,40000.0,17257.0,
460817449,San Diego,CA,92116-3207,3,2015.0,63056.0,48812.0,15783.0,
862140003,San Diego,CA,92120-2705,3,2021.0,124737.0,53622.0,71115.0,
464354307,San Diego,CA,92174-0211,3,2023.0,16505.0,15688.0,14752.0,
462522536,San Diego,CA,92130-3728,3,2016.0,8797.0,12378.0,15112.0,
883005898,San Diego,CA,92120-1820,3,2023.0,1.0,0.0,33321.0,
330377908,San Diego,CA,92112,3,2014.0,25659.0,42206.0,3199.0,
871070537,San Diego,CA,92127-3422,3,,,,,
851186253,San Diego,CA,92116-2594,3,,,,,
832048834,San Diego,CA,92110-2757,3,,,,,
870820459,San Diego,CA,92111-2111,3,,,,,
474445188,San Diego,CA,92104-3324,3,2019.0,58677.0,34524.0,96300.0,
812850118,San Diego,CA,92131-3657,3,,,,,
882745357,San Diego,CA,92163-4495,3,,,,,
274607869,San Diego,CA,92163-3918,3,2014.0,49560.0,40091.0,105122.0,
832125308,San Diego,CA,92105-1504,3,,,,,
834204024,San Diego,CA,92101-7505,3,,,,,
800828986,San Diego,CA,92123-3329,3,,,,,
811554088,San Diego,CA,92127-3633,3,2016.0,4175.0,0.0,1.0,
821521195,San Diego,CA,92127-3707,3,2020.0,5205.0,21434.0,24725.0,
260320121,San Diego,CA,92131-2924,3,,,,,
923536947,San Diego,CA,92105-4652,3,,,,,
852188456,San Diego,CA,92117-5504,3,,,,,
992976517,San Diego,CA,92111-2510,3,,,,,
813610031,San Diego,CA,92193-1208,3,,,,,
463138369,San Diego,CA,92150-8042,3,,,,,
994931393,San Diego,CA,92103-1398,3,,,,,
332129675,San Diego,CA,92154-4709,3,,,,,
812687372,San Diego,CA,92126-4720,3,2017.0,59000.0,55297.0,3703.0,
332393540,San Diego,CA,92122-3904,3,,,,,
394994690,San Diego,CA,92110-4008,3,,,,,
814828007,San Diego,CA,92108-1661,3,,,,,
274607880,San Diego,CA,92101-8576,3,,,,,
394935248,San Diego,CA,92103-5534,3,,,,,
205305449,San Diego,CA,92104-4247,3,2022.0,70407.0,58755.0,45711.0,
201883660,San Diego,CA,92120-4305,3,,,,,
330929350,San Diego,CA,92121-2964,3,2023.0,33467839.0,34628471.0,58889593.0,
820839046,Encinitas,CA,92024-3558,3,2023.0,563068.0,437072.0,100024.0,
473951260,Lemon Grove,CA,91945-2401,3,2024.0,627446.0,644817.0,57973.0,
452499705,El Cajon,CA,92020-1637,3,2023.0,591486.0,872525.0,1247676.0,
853605057,Poway,CA,92064-4635,3,2023.0,53467.0,51668.0,1799.0,
871149047,Temecula,CA,92591-6967,3,2022.0,4032.0,3638.0,1002.0,
320600360,Carlsbad,CA,92009-8239,3,,,,,
201479064,Imperial Bch,CA,91932-2316,3,2023.0,101430.0,97890.0,44459.0,
851231784,San Ysidro,CA,92173-1537,3,,,,,
993947667,Carlsbad,CA,92008-7208,3,,,,,
993830450,La Mesa,CA,91942-6531,3,,,,,
844484937,Modesto,CA,95355-2801,3,,,,,
951816047,National City,CA,91950-3057,3,,,,,
952243016,San Jacinto,CA,92583-0000,3,,,,,
852909852,San Diego,CA,92114-1623,3,,,,,
952544535,San Diego,CA,92110-8001,3,2023.0,554548971.0,563765452.0,1767903401.0,
952942582,San Diego,CA,92106-6138,3,2023.0,268696192.0,159687256.0,1449190327.0,
951696732,San Diego,CA,92102-4508,3,2023.0,52941207.0,55018927.0,41102452.0,
952700856,San Diego,CA,92111-6342,3,2024.0,34223206.0,33529840.0,23115641.0,
953072188,San Diego,CA,92117-3600,3,2023.0,34082632.0,29060270.0,44075481.0,
952648050,San Diego,CA,92110-4638,3,2023.0,22519823.0,23159603.0,12437674.0,
953287745,San Diego,CA,92130-2474,3,2023.0,27139045.0,28072500.0,63557550.0,
272938491,San Diego,CA,92106-6146,3,2023.0,9968292.0,11951930.0,6651643.0,
141886373,San Diego,CA,92101-5010,3,2024.0,14954198.0,11601289.0,24988487.0,
452609877,San Diego,CA,92101-3359,3,2023.0,5940102.0,5699029.0,4381408.0,
956095644,San Diego,CA,92107-1006,3,2023.0,6090932.0,3785083.0,8257442.0,
956044429,San Diego,CA,92101-4095,3,2023.0,7236335.0,11104070.0,13243536.0,
141858753,San Diego,CA,92101-4302,3,2023.0,4337118.0,6548928.0,110066866.0,
956089611,San Diego,CA,92123-4446,3,2023.0,6968186.0,6498105.0,5754152.0,
330823218,San Diego,CA,92127-2428,3,2023.0,3493588.0,2833266.0,2027863.0,
330022489,San Diego,CA,92127-1400,3,2023.0,3006081.0,2927702.0,1084676.0,
330785173,San Diego,CA,92101-8550,3,2023.0,1631761.0,1461543.0,1871691.0,
952157559,San Diego,CA,92104-2809,3,2023.0,2398526.0,2975537.0,5013727.0,
262237918,San Diego,CA,92105-5455,3,2023.0,1888243.0,1971255.0,1004346.0,
237380943,San Diego,CA,92101-1684,3,2023.0,2432524.0,2696817.0,3919879.0,
951728991,San Diego,CA,92101-1664,3,2023.0,1238543.0,2346189.0,5753235.0,
330883460,San Diego,CA,92105-1289,3,2023.0,2990999.0,2344670.0,4510558.0,
274529565,San Diego,CA,92110-4638,3,2023.0,2116434.0,1851591.0,14973784.0,
201585919,San Diego,CA,92101-3708,3,2023.0,1920810.0,2229413.0,2170892.0,
952880426,San Diego,CA,92123-1305,3,2023.0,2517328.0,2067484.0,2918829.0,
832553368,San Diego,CA,92114-2203,3,2023.0,1425033.0,1115696.0,798963.0,
956100273,San Diego,CA,92117-4547,3,2024.0,1729535.0,1897558.0,7569743.0,
300507718,San Diego,CA,92101-8098,3,2023.0,2045549.0,2143730.0,943813.0,
952303700,San Diego,CA,92101-1684,3,2023.0,1863686.0,1271076.0,1845208.0,
951185630,San Diego,CA,92109-7404,3,2023.0,1434418.0,1524940.0,2503968.0,
331147422,San Diego,CA,92111-2420,3,2024.0,1294334.0,1535759.0,110452.0,
330821060,San Diego,CA,92114-2222,3,2023.0,882255.0,986923.0,944248.0,
330522932,San Diego,CA,92104-4089,3,2023.0,1370058.0,1492920.0,362949.0,
953284521,San Diego,CA,92113-2047,3,2023.0,785890.0,925067.0,834136.0,
330488298,San Diego,CA,92101-3552,3,2023.0,1105806.0,989619.0,297460.0,
953477071,San Diego,CA,92105-1696,3,2024.0,833276.0,762918.0,607143.0,
330907092,San Diego,CA,92106-6138,3,2023.0,1026080.0,723115.0,5738521.0,
953699122,San Diego,CA,92101-3585,3,2023.0,712398.0,541835.0,1091355.0,
953405753,San Diego,CA,92168-1456,3,2023.0,1489809.0,645233.0,1640965.0,
952856451,San Diego,CA,92101-7233,3,2023.0,597608.0,387855.0,11025900.0,
201863911,San Diego,CA,92121-4701,3,2023.0,439308.0,357081.0,2521354.0,
832581315,San Diego,CA,92106-6145,3,2023.0,359936.0,346597.0,286354.0,
571200845,San Diego,CA,92107-3763,3,2024.0,541597.0,541487.0,74528.0,
237451291,San Diego,CA,92108-3604,3,2024.0,473058.0,458726.0,307944.0,
237112940,San Diego,CA,92106-6172,3,2023.0,700835.0,526140.0,252815.0,
953153264,San Diego,CA,92106-6147,3,2024.0,421311.0,451939.0,555536.0,
330439092,San Diego,CA,92103-3193,3,2024.0,544218.0,469364.0,868240.0,
260577630,San Diego,CA,92130-1407,3,2023.0,387928.0,402857.0,250169.0,
330724932,San Diego,CA,92123-4301,3,2023.0,420291.0,371781.0,232272.0,
821998118,San Diego,CA,92195-3773,3,2023.0,187703.0,229036.0,66336.0,
462537706,San Diego,CA,92130-6650,3,2023.0,264331.0,279417.0,570473.0,
274171187,San Diego,CA,92172-1030,3,2022.0,266545.0,223834.0,4261.0,
330475238,San Diego,CA,92103-1820,3,2023.0,766075.0,385865.0,617998.0,
201202924,San Diego,CA,92106-6013,3,2024.0,255503.0,261186.0,47369.0,
330676518,San Diego,CA,92123-1734,3,2023.0,179486.0,290631.0,831194.0,
204887000,San Diego,CA,92103-4230,3,2024.0,223255.0,224320.0,61463.0,
956095413,San Diego,CA,92103-2653,3,2023.0,181113.0,179396.0,1383231.0,
330523537,San Diego,CA,92102-3230,3,2023.0,207739.0,282872.0,2260174.0,
330830433,San Diego,CA,92109-3116,3,2023.0,90372.0,102778.0,159921.0,
460753740,San Diego,CA,92128-5026,3,2023.0,224116.0,227585.0,37818.0,
330290580,San Diego,CA,92191-0093,3,2023.0,167178.0,155589.0,488190.0,
951794720,San Diego,CA,92120-2454,3,2023.0,174668.0,168040.0,243162.0,
853357743,San Diego,CA,92163-1278,3,2023.0,243350.0,213535.0,75851.0,
330683961,San Diego,CA,92163-2794,3,2024.0,174427.0,180918.0,301142.0,
473812575,San Diego,CA,92114-2221,3,2022.0,166511.0,165609.0,0.0,
261510893,San Diego,CA,92109-6505,3,,,,,
264114723,San Diego,CA,92123-4236,3,2019.0,124218.0,128221.0,29739.0,
320760585,San Diego,CA,92121-4701,3,,,,,
825338671,San Diego,CA,92106-6147,3,2023.0,90558.0,96287.0,114688.0,
884357343,San Diego,CA,92115-2655,3,2023.0,203433.0,83044.0,120389.0,
952477895,San Diego,CA,92117-4358,3,2023.0,141142.0,150440.0,1336584.0,
952822318,San Diego,CA,92131-3924,3,2023.0,167330.0,645457.0,1684712.0,
953513927,San Diego,CA,92112-2228,3,2023.0,121837.0,159610.0,126600.0,
237051020,San Diego,CA,92138-6037,3,2023.0,53555.0,45303.0,99644.0,
611685596,San Diego,CA,92115,3,2015.0,28092.0,37969.0,574.0,
956049872,San Diego,CA,92105-1033,3,2022.0,56447.0,52023.0,69563.0,
330512868,San Diego,CA,92138-2762,3,2023.0,70687.0,72025.0,54011.0,
263864747,San Diego,CA,92110-4710,3,2024.0,57292.0,53421.0,23168.0,
510183640,San Diego,CA,92193-3215,3,2024.0,70153.0,94659.0,289115.0,
330951723,San Diego,CA,92106-2674,3,2023.0,87202.0,51187.0,390602.0,
330063395,San Diego,CA,92123-1565,3,2023.0,45408.0,39078.0,16708.0,
464434088,San Diego,CA,92130-1372,3,,,,,
463297383,San Diego,CA,92129-2813,3,,,,,
330893362,San Diego,CA,92117-3136,3,2016.0,160391.0,155732.0,38314.0,
452444163,San Diego,CA,92121-2700,3,2021.0,32725.0,35738.0,85058.0,
934239962,San Diego,CA,92116-2041,3,,,,,
330175231,San Diego,CA,92169-1025,3,2023.0,39536.0,42304.0,34715.0,
953446493,San Diego,CA,92130-1855,3,2023.0,54304.0,54744.0,41827.0,
843158163,San Diego,CA,92105-5357,3,2023.0,39000.0,41360.0,6970.0,
463932011,San Diego,CA,92106-6050,3,2023.0,98542.0,66004.0,112530.0,
463152604,San Diego,CA,92130-2051,3,2023.0,39641.0,78895.0,1480.0,
330864669,San Diego,CA,92111-7510,3,2023.0,38920.0,45400.0,66767.0,
851074150,San Diego,CA,92127-1369,3,2023.0,39147.0,21440.0,32862.0,
814242604,San Diego,CA,92113-1208,3,2023.0,7490.0,7791.0,1.0,
330494795,San Diego,CA,92109-2306,3,2023.0,1503.0,10668.0,36884.0,
453180885,San Diego,CA,92123-4802,3,2023.0,12357.0,16393.0,22214.0,
330546094,San Diego,CA,92128-3779,3,2020.0,12032.0,12015.0,2220.0,
330761524,San Diego,CA,92175-5292,3,2022.0,9197.0,9969.0,74663.0,
833121034,San Diego,CA,92110-2451,3,2021.0,0.0,0.0,0.0,
464408086,San Diego,CA,92127-3517,3,2017.0,115001.0,384602.0,225766.0,
271372487,San Diego,CA,92108-1328,3,2022.0,37.0,75.0,1216.0,
330821042,San Diego,CA,92117-1912,3,2021.0,200.0,1269.0,40862.0,
933824127,San Diego,CA,92139-4017,3,,,,,
593818295,San Diego,CA,92123-3714,3,,,,,
271560315,San Diego,CA,92104-3623,3,2021.0,0.0,0.0,1.0,
475453046,San Diego,CA,92174-0636,3,,,,,
201323759,San Diego,CA,92163-1151,3,,,,,
843565653,San Diego,CA,92121-4138,3,,,,,
471869847,San Diego,CA,92123-4379,3,2015.0,29828.0,15065.0,14763.0,
471524371,San Diego,CA,92142-0794,3,,,,,
237307341,San Diego,CA,92163-0000,3,,,,,
330120979,San Diego,CA,92110-2233,3,,,,,
934662956,San Diego,CA,92115-6135,3,,,,,
823696828,San Diego,CA,92195-3972,3,,,,,
471135359,San Diego,CA,92124-1150,3,,,,,
824602041,San Diego,CA,92120-2116,3,,,,,
330766962,San Diego,CA,92123-4491,3,,,,,
923380840,San Diego,CA,92130-6621,3,,,,,
851439461,San Diego,CA,92159-1072,3,,,,,
383990030,San Diego,CA,92122-2309,3,,,,,
993419218,San Diego,CA,92126-6110,3,,,,,
463075377,San Diego,CA,92118-2618,3,,,,,
510135672,San Diego,CA,92163-2903,3,,,,,
463039179,San Diego,CA,92114-7135,3,2021.0,0.0,0.0,1.0,
330877466,San Diego,CA,92177-7560,3,2023.0,9757.0,15194.0,34305.0,
271654925,San Diego,CA,92101-1605,3,,,,,
931939344,San Diego,CA,92114-4316,3,,,,,
453850870,San Diego,CA,92130-1426,3,,,,,
680621441,San Diego,CA,92159-0092,3,,,,,
453746757,San Diego,CA,92121-4311,3,,,,,
271787449,San Diego,CA,92118-2618,3,,,,,
237262124,San Diego,CA,92123-1565,3,2018.0,1.0,1960.0,14931.0,
260670991,San Diego,CA,92106-2210,3,,,,,
454177895,San Diego,CA,92110-2087,3,2017.0,6800.0,4598.0,9055.0,
330299302,San Diego,CA,92138-4682,3,,,,,
311739584,San Diego,CA,92120-2418,3,,,,,
923127625,San Diego,CA,92119-2767,3,,,,,
953755649,San Diego,CA,92108-4324,3,2022.0,0.0,0.0,1.0,
510602316,San Diego,CA,92103-3312,3,2013.0,2601.0,0.0,3365.0,
934768510,San Diego,CA,92106-2797,3,,,,,
300511396,San Diego,CA,92108-4105,3,,,,,
352492088,San Diego,CA,92127,3,2017.0,0.0,0.0,1.0,
123866056,San Diego,CA,92150-0911,3,,,,,
953458595,San Diego,CA,92101-0000,3,,,,,
912162618,San Diego,CA,92130-2045,3,2013.0,0.0,0.0,2748.0,
201824380,San Diego,CA,92120-1917,3,2011.0,33224.0,37850.0,7653.0,
330326751,San Diego,CA,92110-3725,3,2014.0,18448.0,18035.0,30994.0,
822749652,San Diego,CA,92122-2902,3,2018.0,21908.0,14255.0,7652.0,
330498758,San Diego,CA,92115-6330,3,2013.0,19323.0,20325.0,401804.0,
956079748,San Diego,CA,92163-5057,3,2015.0,38775.0,31210.0,156864.0,
200612830,San Diego,CA,92103-3312,3,2015.0,2633.0,2620.0,13.0,
330962920,San Diego,CA,92175-1524,3,,,,,
330205142,San Diego,CA,92150-3835,3,2017.0,1535.0,1133.0,589.0,
921693949,San Diego,CA,92119,3,,,,,
301290831,San Diego,CA,92128-3350,3,,,,,
833191561,San Diego,CA,92150-1643,3,,,,,
873094691,San Diego,CA,92109-5025,3,,,,,
330833642,San Diego,CA,92127-3449,3,,,,,
593798978,San Diego,CA,92109-6518,3,,,,,
953619032,San Diego,CA,92160-0113,3,2020.0,16468.0,25287.0,21106.0,
882259102,San Diego,CA,92195-7047,3,,,,,
263734590,San Diego,CA,92191-0000,3,2015.0,21188.0,21180.0,1221.0,
843556495,San Diego,CA,92126-3530,3,,,,,
465156400,San Diego,CA,92198-0177,3,,,,,
883061096,San Diego,CA,92198-1642,3,,,,,
843624529,San Diego,CA,92122-1914,3,,,,,
330743295,San Diego,CA,92112-0465,3,,,,,
814082393,San Diego,CA,92128-1004,3,,,,,
330825139,San Diego,CA,92120-1804,3,,,,,
330103012,San Diego,CA,92166-0000,3,2022.0,42.0,1705.0,4401.0,
205019832,San Diego,CA,92111-4020,3,,,,,
824448760,San Diego,CA,92101-6096,3,,,,,
992598922,San Diego,CA,92130-2639,3,,,,,
813699232,San Diego,CA,92101-1502,3,,,,,
460858513,San Diego,CA,92105-4022,3,,,,,
274301740,San Diego,CA,92117-6229,3,2016.0,13391.0,12365.0,1714.0,
823252129,San Diego,CA,92129-2813,3,2019.0,138328.0,41346.0,96982.0,
873951101,San Diego,CA,92120-4628,3,2021.0,0.0,0.0,1.0,
810647660,San Diego,CA,92119-1612,3,,,,,
832403953,San Diego,CA,92160-7039,3,,,,,
871147383,San Diego,CA,92109-4404,3,,,,,
821424334,San Diego,CA,92102-2111,3,,,,,
330821345,San Diego,CA,92107-1167,3,2012.0,24290.0,34797.0,11226.0,
412077165,San Diego,CA,92129-2889,3,,,,,
010736017,San Diego,CA,92154-4302,3,,,,,
934236317,San Diego,CA,92101-8131,3,,,,,
331035597,San Diego,CA,92150-2345,3,,,,,
811425641,San Diego,CA,92124-2118,3,,,,,
834074233,San Diego,CA,92103-1931,3,,,,,
870715085,San Diego,CA,92110-1445,3,2011.0,66004.0,66004.0,0.0,
455050462,San Diego,CA,92106-1328,3,,,,,
371709722,San Diego,CA,92127-3852,3,,,,,
330911341,San Diego,CA,92131-3633,3,2022.0,0.0,957.0,21165.0,
331294596,San Diego,CA,92126-4593,3,,,,,
201330136,San Diego,CA,92196-2367,3,,,,,
821878381,San Diego,CA,92113-2117,3,,,,,
331921953,San Diego,CA,92130-4891,3,,,,,
994377443,San Diego,CA,92127-4156,3,,,,,
883554704,San Diego,CA,92110-4152,3,,,,,
450533339,San Diego,CA,92103-3862,3,,,,,
463294157,San Diego,CA,92101-7091,3,,,,,
956112989,San Diego,CA,92121-2976,3,,,,,
922959952,San Diego,CA,92154-6710,3,,,,,
333046009,San Diego,CA,92111-1922,3,,,,,
833598471,San Diego,CA,92103-2110,3,,,,,
993762317,San Diego,CA,92129-5080,3,,,,,
852977650,San Diego,CA,92154-6701,3,,,,,
330458158,San Diego,CA,92102-2631,3,,,,,
452810605,San Diego,CA,92110-3519,3,,,,,
262497955,San Diego,CA,92121-6303,3,,,,,
953320055,San Diego,CA,92119-1775,3,,,,,
330856887,San Diego,CA,92114-2205,3,,,,,
364769253,San Diego,CA,92111-1327,3,,,,,
953838693,San Diego,CA,92116-2643,3,,,,,
844596732,San Diego,CA,92121-3232,3,,,,,
953826794,San Diego,CA,92117-1927,3,,,,,
884300488,San Diego,CA,92115-1602,3,,,,,
330036542,San Diego,CA,92128-4021,3,,,,,
392254903,San Diego,CA,92103-5283,3,,,,,
821733550,San Diego,CA,92131-2912,3,,,,,
956226828,San Diego,CA,92123-3934,3,,,,,
843139589,San Diego,CA,92106-3123,3,,,,,
237008268,San Diego,CA,92103-3012,3,,,,,
952635844,San Diego,CA,92139-3600,3,,,,,
452305329,San Diego,CA,92121-3095,3,,,,,
953850356,San Diego,CA,92115-1737,3,,,,,
822917400,San Diego,CA,92121-2348,3,,,,,
813252292,San Diego,CA,92127-5904,3,,,,,
330661442,San Diego,CA,92112-6486,3,,,,,
863107749,San Diego,CA,92109-2057,3,,,,,
203444976,San Diego,CA,92126-4470,3,,,,,
831105203,San Diego,CA,92130-2199,3,,,,,
392956161,San Diego,CA,92122-5636,3,,,,,
330888725,San Diego,CA,92106-1988,3,,,,,
813034279,San Diego,CA,92117-5504,3,,,,,
334247290,San Diego,CA,92122-1711,3,,,,,
933366940,San Diego,CA,92137-1067,3,,,,,
394767841,San Diego,CA,92105-2405,3,,,,,
922098438,San Diego,CA,92111-2808,3,,,,,
956102290,San Diego,CA,92108-4101,3,,,,,
330407710,San Diego,CA,92113-3315,3,,,,,
383814266,San Diego,CA,92113-2209,3,2018.0,124680.0,131691.0,28440.0,
993994690,San Diego,CA,92113-1644,3,,,,,
993810635,Vista,CA,92084-3242,3,,,,,
273947196,San Diego,CA,92186-5728,3,,,,,
464471405,San Diego,CA,92129-0000,3,,,,,
330906648,San Diego,CA,92103-5918,3,2023.0,3341781.0,1132239.0,38404442.0,
273925891,San Diego,CA,92114-6612,3,,,,,
951816068,San Diego,CA,92101-1617,3,2023.0,2083714.0,2305712.0,6300448.0,
854272479,San Diego,CA,92166-0435,3,,,,,
330416663,San Diego,CA,92198-0884,3,,,,,
843551638,San Diego,CA,92105-6720,3,,,,,
951691313,San Diego,CA,92123-4223,3,2023.0,1933133560.0,1516783295.0,3644801360.0,
951648219,San Diego,CA,92112-0551,3,2023.0,411019877.0,365011304.0,954802422.0,
952039198,San Diego,CA,92123-1812,3,2023.0,240169000.0,262290000.0,227617000.0,
956042721,San Diego,CA,92182-1901,3,2023.0,212399519.0,202001372.0,283318319.0,
952040874,San Diego,CA,92101-4302,3,2023.0,92959770.0,53733025.0,259140120.0,
951863913,San Diego,CA,92102-3230,3,2023.0,43120925.0,35757784.0,43461107.0,
330660504,San Diego,CA,92123-6411,3,2023.0,33586977.0,33066012.0,23517954.0,
951661089,San Diego,CA,92111-5702,3,2023.0,28917082.0,29077349.0,24503213.0,
951874073,San Diego,CA,92101-2602,3,2023.0,25339336.0,23333662.0,44951952.0,
953649525,San Diego,CA,92110-2030,3,2023.0,23016021.0,23177317.0,48861206.0,
330352148,San Diego,CA,92138-0156,3,2023.0,23728997.0,16135225.0,16027742.0,
951696715,San Diego,CA,92101-1618,3,2023.0,10450340.0,15583217.0,78749340.0,
330661980,San Diego,CA,92111-2127,3,2023.0,2375487.0,2116804.0,11727624.0,
953072483,San Diego,CA,92123-1639,3,2023.0,6090271.0,4488272.0,11709664.0,
463481092,San Diego,CA,92121-1176,3,2023.0,6229349.0,7394007.0,17549471.0,
272249136,San Diego,CA,92116-3423,3,2023.0,6319670.0,6221211.0,6352600.0,
952253027,San Diego,CA,92101-1636,3,2023.0,6256233.0,5577038.0,11466017.0,
953128560,San Diego,CA,92123-1394,3,2023.0,6283512.0,7149009.0,2235103.0,
880939564,San Diego,CA,92138-0427,3,2023.0,70480.0,16169.0,7295453.0,
330539640,San Diego,CA,92114-4213,3,2023.0,3922380.0,4504129.0,6714354.0,
010565671,San Diego,CA,92110-4026,3,2023.0,3004781.0,1359965.0,27779231.0,
953080619,San Diego,CA,92105-2506,3,2023.0,3419161.0,3806119.0,3724103.0,
330147359,San Diego,CA,92101-1636,3,2023.0,3760072.0,2450762.0,6173888.0,
263305140,San Diego,CA,92113-1915,3,2023.0,3078021.0,2834115.0,1849873.0,
951709290,San Diego,CA,92101-1616,3,2023.0,2922614.0,3172038.0,7947569.0,
330961464,San Diego,CA,92101-4224,3,2023.0,1363624.0,1374559.0,319044.0,
330959608,San Diego,CA,92101-7416,3,2024.0,4252426.0,3125189.0,10673573.0,
951661119,San Diego,CA,92101-5522,3,2023.0,3056913.0,3173301.0,14630006.0,
330871577,San Diego,CA,92101-7420,3,2023.0,1761073.0,1987504.0,978895.0,
743184848,San Diego,CA,92105-5455,3,2023.0,1432695.0,1404062.0,1708178.0,
842242207,San Diego,CA,92101-8098,3,2023.0,2060294.0,1294833.0,1233249.0,
272917644,San Diego,CA,92105-2204,3,2023.0,1654703.0,1732644.0,1080360.0,
953374335,San Diego,CA,92123-1062,3,2024.0,1041574.0,1031259.0,1925499.0,
203461105,San Diego,CA,92123-4380,3,2023.0,342975.0,383952.0,413667.0,
931132987,San Diego,CA,92123-4397,3,2023.0,537065.0,409466.0,817274.0,
201701837,San Diego,CA,92168-1491,3,2023.0,508375.0,511383.0,154685.0,
953276681,San Diego,CA,92109-8301,3,2024.0,780536.0,757012.0,339086.0,
814910505,San Diego,CA,92106-2822,3,2024.0,1007141.0,755478.0,956234.0,
237261624,San Diego,CA,92101-4712,3,2022.0,1192317.0,279550.0,3731829.0,
330510791,San Diego,CA,92130-3307,3,2021.0,675094.0,705862.0,87678.0,
952464304,San Diego,CA,92103-3312,3,2024.0,717642.0,758524.0,588090.0,
330418006,San Diego,CA,92101-7533,3,2023.0,451121.0,420525.0,297176.0,
262861681,San Diego,CA,92126-6350,3,2022.0,2607696.0,1724432.0,977281.0,
330965545,San Diego,CA,92110-5254,3,2023.0,422579.0,498322.0,52550.0,
330012984,San Diego,CA,92138-2008,3,2023.0,251609.0,185156.0,308936.0,
330008140,San Diego,CA,92126-4581,3,2023.0,331187.0,330419.0,1015513.0,
953432182,San Diego,CA,92122-5973,3,2023.0,314229.0,264655.0,66435.0,
834493303,San Diego,CA,92108-4006,3,2023.0,350468.0,350468.0,35735.0,
953842950,San Diego,CA,92121-2812,3,2023.0,335233.0,269280.0,529684.0,
953497223,San Diego,CA,92129-2698,3,2023.0,264087.0,358024.0,1017263.0,
953413430,San Diego,CA,92126-4852,3,2024.0,346210.0,274654.0,361005.0,
953655610,San Diego,CA,92192-7300,3,2024.0,234770.0,217138.0,365684.0,
263224365,San Diego,CA,92159-1425,3,2023.0,87017.0,115597.0,114097.0,
330709428,San Diego,CA,92103-1946,3,2023.0,225839.0,192903.0,3297321.0,
330402620,San Diego,CA,92116-2668,3,2023.0,143803.0,377046.0,711762.0,
956079626,San Diego,CA,92110-4838,3,2023.0,529183.0,373532.0,5515298.0,
953124579,San Diego,CA,92137-1322,3,2024.0,221148.0,220467.0,288304.0,
956061412,San Diego,CA,92102,3,,,,,
811192837,San Diego,CA,92120-2306,3,2023.0,60444.0,96608.0,123566.0,
455467123,San Diego,CA,92102-2208,3,2023.0,215025.0,127762.0,158159.0,
852441648,San Diego,CA,92121-0000,3,2022.0,259225.0,305187.0,35154.0,
330383919,San Diego,CA,92101,3,2014.0,68120.0,23444.0,1278251.0,
330354443,San Diego,CA,92106-6175,3,2023.0,175771.0,273219.0,144836.0,
330299972,San Diego,CA,92101-6944,3,2023.0,316058.0,404551.0,5380184.0,
845190032,San Diego,CA,92103-7804,3,2023.0,107000.0,8979.0,100353.0,
833054768,San Diego,CA,92101-1023,3,2022.0,214059.0,208496.0,248571.0,
330038259,San Diego,CA,92101-0000,3,2024.0,72945.0,139553.0,263876.0,
202669967,San Diego,CA,92101-2421,3,2023.0,159184.0,159803.0,165767.0,
330895681,San Diego,CA,92110-2767,3,2024.0,182111.0,202034.0,23459.0,
330390376,San Diego,CA,92104-2009,3,2024.0,513155.0,565780.0,122369.0,
472882798,San Diego,CA,92166-0994,3,2023.0,89103.0,52148.0,159691.0,
330055336,San Diego,CA,92130-6816,3,2023.0,405570.0,136133.0,1849585.0,
842083463,San Diego,CA,92128-2524,3,,,,,
330802871,San Diego,CA,92117-2714,3,2023.0,132486.0,155804.0,50882.0,
953340806,San Diego,CA,92104-4032,3,2023.0,128044.0,178421.0,228046.0,
273253781,San Diego,CA,92111-2252,3,2023.0,159719.0,153789.0,5930.0,
200551778,San Diego,CA,92123-1698,3,2023.0,131990.0,304177.0,330338.0,
863819628,San Diego,CA,92120-2705,3,2024.0,140441.0,314333.0,3525018.0,
330490481,San Diego,CA,92160-0007,3,2023.0,119149.0,118158.0,35485.0,
710926652,San Diego,CA,92108-3845,3,2023.0,94659.0,81166.0,76077.0,
237122611,San Diego,CA,92176-1020,3,2022.0,106595.0,101040.0,106513.0,
800584352,San Diego,CA,92163-2077,3,2023.0,77612.0,81473.0,17412.0,
852720161,San Diego,CA,92128-5296,3,2023.0,85812.0,83514.0,75723.0,
956098089,San Diego,CA,92103-5516,3,2023.0,213594.0,124753.0,674606.0,
043842913,San Diego,CA,92195-3792,3,2022.0,102651.0,137170.0,125971.0,
330573601,San Diego,CA,92114,3,2015.0,99839.0,118749.0,28726.0,
330628755,San Diego,CA,92168-1241,3,2018.0,95161.0,4359.0,124994.0,
824307092,San Diego,CA,92102-3802,3,2023.0,92400.0,77126.0,92049.0,
330453013,San Diego,CA,92103-2512,3,2023.0,79928.0,88102.0,30895.0,
461924716,San Diego,CA,92172-0332,3,2023.0,330579.0,273038.0,235119.0,
842547961,San Diego,CA,92127-3517,3,2024.0,91671.0,75844.0,28913.0,
473583767,San Diego,CA,92110-3302,3,2023.0,34394.0,84463.0,79026.0,
300176205,San Diego,CA,92127-2115,3,2023.0,49967.0,49185.0,44387.0,
813177205,San Diego,CA,92113-1009,3,2021.0,60844.0,59134.0,42395.0,
453934403,San Diego,CA,92171-2592,3,2023.0,46348.0,58107.0,173024.0,
571154286,San Diego,CA,92138-7073,3,2022.0,41747.0,26706.0,94805.0,
330752257,San Diego,CA,92112-2724,3,,,,,
223953776,San Diego,CA,92108-3789,3,2023.0,106600.0,106600.0,25930.0,
900677218,San Diego,CA,92124-2883,3,,,,,
880542916,San Diego,CA,92101-8522,3,2023.0,45205.0,1315.0,94641.0,
874234965,San Diego,CA,92129-2211,3,2023.0,65115.0,46098.0,27798.0,
330641457,San Diego,CA,92111,3,2017.0,46407.0,84345.0,91227.0,
920782982,San Diego,CA,92126-3426,3,2023.0,30915.0,158541.0,1368686.0,
956047745,San Diego,CA,92101-0000,3,2023.0,68332.0,57826.0,135364.0,
912151694,San Diego,CA,92124-1178,3,2023.0,43955.0,46395.0,122706.0,
330640963,San Diego,CA,92138-0562,3,2023.0,34229.0,51891.0,50876.0,
300125828,San Diego,CA,92101-6108,3,2023.0,48449.0,93428.0,347804.0,
330840790,San Diego,CA,92107-1006,3,2021.0,1630837.0,1576789.0,1857055.0,
854217013,San Diego,CA,92117-6740,3,2023.0,0.0,18128.0,10564.0,
931136639,San Diego,CA,92127-6195,3,2023.0,33888.0,12845.0,44167.0,
330396059,San Diego,CA,92109-8301,3,2024.0,23401.0,45737.0,1017235.0,
934616750,San Diego,CA,92123-2674,3,,,,,
330321448,San Diego,CA,92138-1981,3,2018.0,11801.0,18803.0,19868.0,
204988114,San Diego,CA,92111-4640,3,2016.0,11459.0,8596.0,3210.0,
912143098,San Diego,CA,92126-4432,3,2019.0,9933.0,263339.0,1124207.0,
953685182,San Diego,CA,92174-2274,3,2024.0,6724.0,303.0,30311.0,
263534334,San Diego,CA,92101-3585,3,2023.0,46392.0,23225.0,143334.0,
208440781,San Diego,CA,92103-6207,3,2023.0,1830.0,7690.0,51691.0,
462736707,San Diego,CA,92102-1833,3,2022.0,3233.0,3957.0,1557.0,
863941158,San Diego,CA,92108-1604,3,2024.0,2020.0,2170.0,1812.0,
923201244,San Diego,CA,92103-2076,3,2023.0,5090.0,2022.0,3121.0,
850919079,San Diego,CA,92128-2552,3,2023.0,20264.0,16942.0,14009.0,
202614848,San Diego,CA,92130-3320,3,2024.0,248106.0,279765.0,85845.0,
261991511,San Diego,CA,92128-3025,3,2023.0,256155.0,4455.0,237.0,
912006217,San Diego,CA,92176-1163,3,2017.0,50.0,1906.0,2765.0,
330875171,San Diego,CA,92111-2109,3,2023.0,26877.0,34793.0,1074124.0,
861068424,San Diego,CA,92106-6138,3,2023.0,13384.0,4855.0,281727.0,
952788790,San Diego,CA,92104-2601,3,,,,,
352576277,San Diego,CA,92116-4419,3,2018.0,0.0,0.0,1.0,
853833718,San Diego,CA,92150-8079,3,,,,,
330908468,San Diego,CA,92111-1321,3,2017.0,71684.0,19997.0,93475.0,
460533969,San Diego,CA,92138-3973,3,2017.0,6958.0,7895.0,6953.0,
473674586,San Diego,CA,92107-2423,3,2015.0,12992.0,11976.0,1000.0,
471497958,San Diego,CA,92115-3529,3,,,,,
821788682,San Diego,CA,92128-2821,3,2018.0,646.0,646.0,50.0,
272343430,San Diego,CA,92117-3422,3,2023.0,777.0,5922.0,18669.0,
330814611,San Diego,CA,92121-2653,3,,,,,
562455405,San Diego,CA,92117-6206,3,,,,,
462329019,San Diego,CA,92101-2703,3,2015.0,150953.0,139821.0,27651.0,
451678535,San Diego,CA,92128-1146,3,,,,,
953539422,San Diego,CA,92124-1630,3,2013.0,36258.0,36822.0,59999.0,
331524786,San Diego,CA,92127-5810,3,,,,,
465627648,San Diego,CA,92101-0000,3,,,,,
471209775,San Diego,CA,92113-1678,3,2023.0,0.0,0.0,-62925.0,
844330507,San Diego,CA,92115-2633,3,,,,,
330355312,San Diego,CA,92106-1322,3,2021.0,10474.0,11777.0,8945.0,
870963019,San Diego,CA,92127-1227,3,,,,,
223880630,San Diego,CA,92114-5618,3,,,,,
920879001,San Diego,CA,92136-5030,3,,,,,
460507999,San Diego,CA,92192-2253,3,,,,,
260081117,San Diego,CA,92119-2946,3,,,,,
475248912,San Diego,CA,92120-2909,3,,,,,
871753964,San Diego,CA,92108-5822,3,,,,,
392130730,San Diego,CA,92102-1106,3,,,,,
330807749,San Diego,CA,92110-4638,3,2013.0,33651.0,37591.0,1790.0,
992163812,San Diego,CA,92193-3215,3,,,,,
461525539,San Diego,CA,92115-3140,3,,,,,
352777696,San Diego,CA,92123-2651,3,,,,,
933287807,San Diego,CA,92114-4201,3,,,,,
953749751,San Diego,CA,92163-3262,3,,,,,
953859329,San Diego,CA,92112-7244,3,2021.0,73320.0,43107.0,229440.0,
953159075,San Diego,CA,92102-2012,3,,,,,
611595086,San Diego,CA,92172-2842,3,,,,,
471281768,San Diego,CA,92115-3625,3,,,,,
455447607,San Diego,CA,92122-1818,3,,,,,
273995914,San Diego,CA,92101-1728,3,,,,,
200917236,San Diego,CA,92126-1507,3,,,,,
854327423,San Diego,CA,92108-3837,3,,,,,
237366613,San Diego,CA,92138-1106,3,,,,,
330539976,San Diego,CA,92108-1440,3,,,,,
990392762,San Diego,CA,92120-3224,3,,,,,
473228453,San Diego,CA,92103-3019,3,,,,,
330084042,San Diego,CA,92116-3711,3,,,,,
330819224,San Diego,CA,92115-3107,3,2022.0,46900.0,32302.0,14739.0,
330875623,San Diego,CA,92168-0594,3,2023.0,2344.0,1184.0,1160.0,
831213218,San Diego,CA,92111-1625,3,2021.0,25000.0,4546.0,70454.0,
330366694,San Diego,CA,92161-0001,3,2024.0,1.0,535.0,35193.0,
454567557,San Diego,CA,92105-6403,3,2021.0,212990.0,208894.0,6115.0,
330306477,San Diego,CA,92111-6342,3,2015.0,0.0,44.0,1012.0,
330299188,San Diego,CA,92163-1999,3,2013.0,33524.0,34859.0,7365.0,
201118434,San Diego,CA,92115-1616,3,,,,,
201716650,San Diego,CA,92160-7020,3,,,,,
931383351,San Diego,CA,92130-0000,3,,,,,
453159648,San Diego,CA,92116-2709,3,,,,,
274371174,San Diego,CA,92111-6229,3,2011.0,2500.0,1637.0,863.0,
330501587,San Diego,CA,92117-1118,3,,,,,
841817910,San Diego,CA,92150-0163,3,,,,,
371762366,San Diego,CA,92131-1561,3,,,,,
452812489,San Diego,CA,92103-3576,3,,,,,
813688342,San Diego,CA,92101-3536,3,,,,,
264207274,San Diego,CA,92101-1664,3,,,,,
952547959,San Diego,CA,92138-1602,3,,,,,
200774370,San Diego,CA,92110-3226,3,2018.0,60372.0,65588.0,82672.0,
330343114,San Diego,CA,92176-6632,3,,,,,
992038801,San Diego,CA,92137-1343,3,,,,,
330371296,San Diego,CA,92142-0148,3,2020.0,1035.0,3307.0,2187.0,
473643564,San Diego,CA,92108-4550,3,,,,,
273010063,San Diego,CA,92117-3817,3,2016.0,1.0,0.0,1.0,
461153908,San Diego,CA,92101-5647,3,,,,,
264393743,San Diego,CA,92129-2698,3,,,,,
262566366,San Diego,CA,92127-2003,3,2022.0,0.0,0.0,7512.0,
330245354,San Diego,CA,92171-2859,3,2015.0,28534.0,33700.0,41241.0,
830546339,San Diego,CA,92122-2522,3,,,,,
330473166,San Diego,CA,92103-1946,3,,,,,
463617330,San Diego,CA,92104-4532,3,,,,,
330259349,San Diego,CA,92117-2739,3,,,,,
330241500,San Diego,CA,92186-5098,3,2023.0,291.0,3525.0,77913.0,
330150170,San Diego,CA,92111-3606,3,,,,,
203151534,San Diego,CA,92129-3779,3,,,,,
932838009,San Diego,CA,92122-5324,3,,,,,
612103252,San Diego,CA,92104-3819,3,,,,,
463397987,San Diego,CA,92108-4324,3,,,,,
872470425,San Diego,CA,92124-1915,3,,,,,
455600847,San Diego,CA,92129-2813,3,,,,,
831534675,San Diego,CA,92154-4268,3,,,,,
300065132,San Diego,CA,92108-4746,3,,,,,
264239279,San Diego,CA,92102-4135,3,2020.0,222429.0,223531.0,-1102.0,
352679601,San Diego,CA,92102-4135,3,2023.0,141588.0,134459.0,9324.0,
743030477,San Diego,CA,92115-3625,3,,,,,
364903328,San Diego,CA,92101-3536,3,,,,,
464199188,San Diego,CA,92117-5504,3,,,,,
463964099,San Diego,CA,92102-2208,3,,,,,
884299436,San Diego,CA,92176-6823,3,,,,,
812716025,San Diego,CA,92127-2190,3,,,,,
821772039,San Diego,CA,92126-1551,3,2017.0,2155.0,1605.0,550.0,
330184468,San Diego,CA,92176-1068,3,,,,,
330001712,San Diego,CA,92138-7402,3,2010.0,10692.0,10198.0,5589.0,
953032308,San Diego,CA,92112-3130,3,2024.0,154253.0,113128.0,136748.0,
852575826,San Diego,CA,92111-1803,3,,,,,
394976582,San Diego,CA,92139-2117,3,,,,,
953500912,San Diego,CA,92111-6341,3,,,,,
330482989,San Diego,CA,92128-4539,3,,,,,
330461648,San Diego,CA,92130-2451,3,,,,,
953613118,San Diego,CA,92117-3319,3,,,,,
510176412,San Diego,CA,92124-2622,3,,,,,
274319294,San Diego,CA,92122-1724,3,,,,,
330818343,San Diego,CA,92101-5629,3,2017.0,51371.0,92724.0,1.0,
822166791,San Diego,CA,92111-5525,3,,,,,
995023061,San Diego,CA,92101-7792,3,,,,,
952861286,San Diego,CA,92107-2535,3,,,,,
920601508,San Diego,CA,92154-2319,3,,,,,
850492741,San Diego,CA,92101-8705,3,,,,,
330217537,San Diego,CA,92116-3163,3,,,,,
472855509,San Diego,CA,92121-2102,3,,,,,
821108857,San Diego,CA,92111-1922,3,,,,,
330512874,San Diego,CA,92101-6039,3,,,,,
994906788,San Diego,CA,92109-1209,3,,,,,
474302932,San Diego,CA,92139-3550,3,,,,,
311128777,San Diego,CA,92111-3400,3,,,,,
953800740,San Diego,CA,92105-3005,3,,,,,
470899158,San Diego,CA,92120-1332,3,,,,,
330727960,San Diego,CA,92116-2401,3,,,,,
853740599,San Diego,CA,92131-0000,3,,,,,
330266434,San Diego,CA,92123-2837,3,,,,,
330590103,San Diego,CA,92114-6737,3,,,,,
952673301,San Diego,CA,92163-3291,3,,,,,
812018204,San Diego,CA,92175-5652,3,,,,,
952910969,San Diego,CA,92154-1428,3,,,,,
474833781,San Diego,CA,92149-7001,3,,,,,
813211619,San Diego,CA,92124-2616,3,,,,,
921512749,San Diego,CA,92111-2236,3,,,,,
883989793,San Diego,CA,92165-5142,3,,,,,
946001188,San Diego,CA,92101-7490,3,,,,,
330883579,San Diego,CA,92129-1604,3,,,,,
330697503,San Diego,CA,92106-2857,3,,,,,
931840110,San Diego,CA,92129-4483,3,,,,,
900755910,San Diego,CA,92117-5937,3,,,,,
330333698,San Diego,CA,92111-6341,3,,,,,
932419686,San Diego,CA,92121-4355,3,,,,,
510152417,San Diego,CA,92116-4247,3,,,,,
237328620,San Diego,CA,92117-2602,3,,,,,
330291554,San Diego,CA,92129-0000,3,,,,,
821899547,San Diego,CA,92107-2231,3,,,,,
330787189,San Diego,CA,92115-1546,3,,,,,
953124539,San Diego,CA,92126-4553,3,,,,,
833160175,San Diego,CA,92103-6207,3,,,,,
330107636,San Diego,CA,92101-7822,3,,,,,
332995818,San Diego,CA,92117-6224,3,,,,,
953424141,San Diego,CA,92101-4806,3,2014.0,461289.0,2289524.0,1.0,
330723206,San Diego,CA,92138-0952,3,,,,,
333126955,San Diego,CA,92115-1415,3,,,,,
330915872,San Diego,CA,92159-0625,3,,,,,
392954006,San Diego,CA,92109-1936,3,,,,,
884228745,San Diego,CA,92111-2236,3,,,,,
202471944,San Diego,CA,92127-0000,3,,,,,
460704387,San Diego,CA,92111-1327,3,,,,,
205394473,San Diego,CA,92115-6832,3,,,,,
952281403,San Diego,CA,92111-2612,3,,,,,
270647626,San Diego,CA,92102-3612,3,,,,,
333142341,San Diego,CA,92123-2625,3,,,,,
473820517,San Diego,CA,92176-6653,3,,,,,
330743305,San Diego,CA,92110-3519,3,,,,,
413009753,San Diego,CA,92130-1364,3,,,,,
330076719,San Diego,CA,92103-3410,3,,,,,
334689553,San Diego,CA,92115-5533,3,,,,,
474278387,San Diego,CA,92170-3602,3,,,,,
953256052,San Diego,CA,92103-2076,3,,,,,
952583869,San Diego,CA,92120-4632,3,,,,,
611418016,San Diego,CA,92103-3408,3,,,,,
825446081,San Diego,CA,92154-4709,3,,,,,
874813263,San Diego,CA,92114-2716,3,,,,,
933199412,San Diego,CA,92115-4731,3,,,,,
861247062,San Diego,CA,92121-2314,3,,,,,
330607929,San Diego,CA,92127-2824,3,,,,,
334892349,San Diego,CA,92109-6439,3,,,,,
331029843,San Diego,CA,92123-4802,3,2023.0,27234985.0,26220129.0,13427054.0,
010635895,San Diego,CA,92192-7068,3,2023.0,330889.0,315915.0,493557.0,
951455284,Encinitas,CA,92024-2791,3,2023.0,21890086.0,24414829.0,42894866.0,
952668328,Santee,CA,92071-5832,3,2023.0,11884811.0,11421631.0,9897293.0,
821252886,Simi Valley,CA,93065-1659,3,2023.0,2215292.0,2215024.0,1156016.0,
463687213,Carlsbad,CA,92011-3227,3,2018.0,2256652.0,2137094.0,1068596.0,
542084082,Del Mar,CA,92014-1911,3,2023.0,1083956.0,1020865.0,353214.0,
273317344,El Cajon,CA,92020-5128,3,2024.0,944951.0,895611.0,381936.0,
870765789,Temecula,CA,92589-0850,3,2023.0,1074396.0,1148700.0,512933.0,
273792604,Coronado,CA,92178-1309,3,2023.0,486981.0,518388.0,681640.0,
881119469,La Mesa,CA,91942-1929,3,2023.0,360775.0,322011.0,49109.0,
330574573,Escondido,CA,92027-7001,3,2023.0,493341.0,404807.0,743173.0,
844516040,Encinitas,CA,92024-2930,3,2023.0,117581.0,80512.0,75446.0,
472037818,Chula Vista,CA,91910-6436,3,,,,,
412093108,Escondido,CA,92029-4332,3,2023.0,74335.0,133658.0,130994.0,
800201329,Spring Valley,CA,91977-5748,3,2023.0,103334.0,97769.0,33425.0,
912166107,La Mesa,CA,91942-0335,3,2019.0,72432.0,73647.0,66964.0,
471217505,Poway,CA,92064-6442,3,2024.0,48188.0,36054.0,435474.0,
203117781,La Jolla,CA,92037-5199,3,2023.0,29535.0,109886.0,913823.0,
871055926,Encinitas,CA,92024-2388,3,2022.0,40405.0,40405.0,1.0,
201800690,Lakeside,CA,92040-2740,3,2023.0,42824.0,25405.0,587254.0,
753013676,Encinitas,CA,92023-1869,3,2023.0,32520.0,48593.0,198014.0,
330499812,Santee,CA,92072-1534,3,2023.0,32394.0,36748.0,6560.0,
263401870,Poway,CA,92064-1327,3,2023.0,33177.0,49130.0,292915.0,
901219798,Encinitas,CA,92024-2845,3,2023.0,75819.0,80962.0,7792.0,
862083002,Oceanside,CA,92058-1633,3,2023.0,1.0,325.0,232839.0,
863740858,Ramona,CA,92065-3928,3,2021.0,300.0,300.0,1.0,
933683660,Solana Beach,CA,92075-2438,3,,,,,
992443812,Encinitas,CA,92024-2424,3,,,,,
462460220,Santee,CA,92071-7521,3,,,,,
953694746,Fallbrook,CA,92028-2626,3,2019.0,77521.0,65656.0,18627.0,
844055057,Carlsbad,CA,92009-9308,3,,,,,
933709621,Sacramento,CA,95825-1474,3,,,,,
475557122,Del Mar,CA,92014-3757,3,,,,,
332439340,Sacramento,CA,95816-5712,3,,,,,
462594740,La Jolla,CA,92037-1421,3,2020.0,250.0,2277.0,37866.0,
330418759,Poway,CA,92064-1129,3,,,,,
452522456,Rcho Santa Fe,CA,92067-5010,3,,,,,
330491565,Escondido,CA,92033-3622,3,,,,,
832405827,Oceanside,CA,92056-4864,3,,,,,
330785211,El Cajon,CA,92019-2201,3,2011.0,1918.0,243.0,0.0,
371692216,Solana Beach,CA,92075-2004,3,,,,,
330072925,Carlsbad,CA,92009-7053,3,,,,,
300106276,El Cajon,CA,92021-2343,3,,,,,
934035924,Chula Vista,CA,91913-1659,3,,,,,
823466459,Cardiff,CA,92007-2342,3,,,,,
811238713,Santee,CA,92071-2864,3,,,,,
330274557,La Mesa,CA,91944-3191,3,,,,,
953370397,Oceanside,CA,92058-1633,3,,,,,
863379906,Spring Valley,CA,91977-2626,3,,,,,
475206010,Del Mar,CA,92014-2926,3,,,,,
272889309,Sacramento,CA,95811-5226,3,,,,,
953370350,Encinitas,CA,92023-0988,3,,,,,
301399435,Chula Vista,CA,91914-2622,3,,,,,
922750145,Chula Vista,CA,91910-2519,3,,,,,
201663069,Escondido,CA,92025-7414,3,,,,,
833765309,Cardiff,CA,92007-1319,3,2019.0,17939.0,2881.0,15058.0,
874455828,La Jolla,CA,92037-5025,3,,,,,
934848324,La Jolla,CA,92037-3204,3,,,,,
811974386,La Jolla,CA,92037-3669,3,,,,,
393194493,La Mesa,CA,91942-9555,3,,,,,
862204995,Encinitas,CA,92024-4913,3,,,,,
871424763,Lakeside,CA,92040-3761,3,,,,,
203364198,Poway,CA,92064-3505,3,,,,,
331326872,El Cajon,CA,92021-1101,3,,,,,
881758299,Imperial Bch,CA,91932-3244,3,,,,,
471381649,Clovis,CA,93611-5418,3,,,,,
990893770,Chula Vista,CA,91910-4823,3,,,,,
471269115,Carlsbad,CA,92009-8711,3,,,,,
843632732,Chula Vista,CA,91911-5569,3,,,,,
920890790,Lakeside,CA,92040-5640,3,,,,,
991136224,San Marcos,CA,92078-6903,3,,,,,
813995369,Poway,CA,92064-5925,3,,,,,
952513699,Chula Vista,CA,91911-5848,3,,,,,
883122290,San Marcos,CA,92069-1236,3,,,,,
852202018,National City,CA,91950-2736,3,,,,,
861616716,La Mesa,CA,91942-7419,3,,,,,
260530440,Lakeside,CA,92040-4622,3,,,,,
921943806,Chula Vista,CA,91910-3913,3,,,,,
841805502,San Diego,CA,92163-1411,3,,,,,
825251711,San Diego,CA,92108-2429,3,,,,,
273859180,San Diego,CA,92186-5728,3,,,,,
273936263,San Diego,CA,92186-5728,3,,,,,
273947284,San Diego,CA,92186-5728,3,,,,,
262975168,San Diego,CA,92124-2616,3,2023.0,58102.0,87738.0,284483.0,
463397293,San Diego,CA,92117-2721,3,2024.0,25123.0,52980.0,85527.0,
852725231,San Diego,CA,92127-3434,3,,,,,
882131688,San Diego,CA,92108-1624,3,,,,,
463987116,San Diego,CA,92195-3421,3,,,,,
264543954,San Diego,CA,92115-4564,3,2019.0,174050.0,164760.0,9290.0,
393360322,San Diego,CA,92117-5504,3,,,,,
330802242,San Diego,CA,92127-3420,3,,,,,
460550661,San Diego,CA,92123-4800,3,2023.0,4129262.0,3414969.0,2322865.0,
844790238,San Diego,CA,92127-7618,3,2023.0,205755.0,185169.0,55583.0,
951981182,San Diego,CA,92104-1091,3,2023.0,593773.0,750419.0,1846012.0,
953625786,San Diego,CA,92121-1017,3,2020.0,0.0,30.0,43848.0,
330072774,San Diego,CA,92138-4601,3,2023.0,1638461.0,1530495.0,1848993.0,
364977247,San Diego,CA,92109-3352,3,2023.0,61544.0,56873.0,54493.0,
264501884,San Diego,CA,92101-4474,3,,,,,
461744506,San Diego,CA,92142-1184,3,2019.0,17971.0,21402.0,16755.0,
364737415,San Diego,CA,92130-2553,3,,,,,
330877042,San Diego,CA,92192-7595,3,,,,,
394898775,San Diego,CA,92108-2942,3,,,,,
956067253,San Diego,CA,92103-5213,3,2023.0,78642.0,128658.0,1802671.0,
330853316,San Diego,CA,92103-6522,3,2023.0,143999434.0,135655964.0,97352563.0,
811973424,La Mesa,CA,91942-7434,3,2020.0,39688.0,59583.0,14028.0,
330467982,San Diego,CA,92160-0481,3,2023.0,75933.0,102129.0,125216.0,
330619449,San Diego,CA,92104-3555,3,2023.0,5757675.0,5879856.0,4255840.0,
471583475,San Diego,CA,92114-2222,3,2023.0,1326696.0,750217.0,601259.0,
843848530,San Diego,CA,92129-2845,3,,,,,
952504044,San Diego,CA,92123-4900,3,2023.0,172547847.0,178976298.0,671468910.0,
951644024,San Diego,CA,92123-1506,3,2023.0,78117604.0,78381471.0,99399295.0,
204374795,San Diego,CA,92121-2320,3,2023.0,97825585.0,93097821.0,84889874.0,
951652910,San Diego,CA,92110-3226,3,2023.0,81827749.0,72537496.0,146890126.0,
330278018,San Diego,CA,92123-4282,3,2023.0,63446100.0,56940014.0,14619437.0,
330170626,San Diego,CA,92123-4282,3,2023.0,71674594.0,78979858.0,196997890.0,
952678506,San Diego,CA,92101-5030,3,2023.0,33129976.0,33483686.0,4495684.0,
330927692,San Diego,CA,92101-2429,3,2023.0,33435055.0,34816471.0,16074173.0,
951869806,San Diego,CA,92114-3701,3,2023.0,27044157.0,25766774.0,18039721.0,
951319015,San Diego,CA,92123-4900,3,2023.0,7849261.0,8855509.0,18941309.0,
953397369,San Diego,CA,92103-6599,3,2023.0,9871522.0,9449400.0,21015093.0,
330427639,San Diego,CA,92101-5629,3,2023.0,7262398.0,5794600.0,65244689.0,
952408518,San Diego,CA,92108-2001,3,2023.0,8115753.0,9783386.0,11254182.0,
330701029,San Diego,CA,92106-6138,3,2023.0,4153801.0,511742.0,4080844.0,
952130325,San Diego,CA,92101-3309,3,2023.0,4434943.0,4976330.0,17260221.0,
952213995,San Diego,CA,92123-4320,3,2024.0,6222118.0,6737469.0,16476060.0,
474949185,San Diego,CA,92117-3467,3,2023.0,3504423.0,3257682.0,46754292.0,
813389364,San Diego,CA,92123-1643,3,2023.0,4964605.0,4829381.0,3857445.0,
330016681,San Diego,CA,92101-3702,3,2023.0,4288905.0,4220668.0,5978281.0,
952305570,San Diego,CA,92123-2101,3,2023.0,5619489.0,4465414.0,4789529.0,
912065038,San Diego,CA,92105-8025,3,2024.0,4795169.0,3455010.0,2095053.0,
330731368,San Diego,CA,92126-4533,3,2023.0,3779806.0,3757982.0,2229526.0,
330752255,San Diego,CA,92101-1713,3,2023.0,3571159.0,3584079.0,1341769.0,
951727087,San Diego,CA,92120-4227,3,2023.0,4332671.0,3175540.0,10941346.0,
330868261,San Diego,CA,92122-5977,3,2023.0,10051312.0,9928116.0,8246419.0,
261712580,San Diego,CA,92112-3266,3,2023.0,2419893.0,3629418.0,6001810.0,
952663101,San Diego,CA,92115-7134,3,2023.0,2806525.0,2788173.0,2078252.0,
330127369,San Diego,CA,92111-2109,3,2023.0,1935305.0,529201.0,2655375.0,
951772854,San Diego,CA,92105-1898,3,2023.0,2318605.0,1932445.0,1813570.0,
330730817,San Diego,CA,92104-4012,3,2023.0,1718425.0,1622229.0,1026681.0,
953522268,San Diego,CA,92101-1662,3,2023.0,1056398.0,1075437.0,1758131.0,
953076944,San Diego,CA,92115-3826,3,2023.0,1394641.0,1791300.0,8217118.0,
237079373,San Diego,CA,92101-1684,3,2023.0,1009958.0,954609.0,915675.0,
330830308,San Diego,CA,92122-1222,3,2021.0,953192.0,1036530.0,296977.0,
371651522,San Diego,CA,92108-4006,3,2023.0,1404871.0,1108000.0,496629.0,
956110237,San Diego,CA,92103-3007,3,2024.0,903428.0,746716.0,1406031.0,
330141259,San Diego,CA,92111-4902,3,2023.0,492082.0,444663.0,4924429.0,
330709735,San Diego,CA,92111-3606,3,2023.0,776998.0,217349.0,6964942.0,
330992658,San Diego,CA,92101-7420,3,2023.0,553000.0,662199.0,404319.0,
900961402,San Diego,CA,92123-1757,3,2023.0,233774.0,888306.0,69765.0,
330510953,San Diego,CA,92106-3005,3,2023.0,156480.0,158074.0,4958696.0,
921280609,San Diego,CA,92103-6637,3,2023.0,310145.0,196070.0,120557.0,
651262427,San Diego,CA,92111-2124,3,2023.0,631202.0,628856.0,1014909.0,
330903864,San Diego,CA,92109-5754,3,2021.0,2015.0,16603.0,21624.0,
952630300,San Diego,CA,92108-1746,3,2023.0,616689.0,714009.0,2005921.0,
330014261,San Diego,CA,92131-1130,3,2023.0,589507.0,558438.0,419006.0,
330428972,San Diego,CA,92108-3807,3,2023.0,855673.0,572254.0,1928523.0,
237006183,San Diego,CA,92123-4397,3,2023.0,493649.0,475795.0,275230.0,
330522770,San Diego,CA,92163-3825,3,2023.0,513850.0,598338.0,297856.0,
956111706,San Diego,CA,92198-0602,3,2023.0,155057.0,180749.0,1899454.0,
562602461,San Diego,CA,92108-4009,3,2023.0,318241.0,368676.0,271547.0,
956143944,San Diego,CA,92108,3,2015.0,504004.0,589917.0,99575.0,
330535624,San Diego,CA,92138-6504,3,2024.0,235648.0,258474.0,700077.0,
330799225,San Diego,CA,92123-1134,3,2023.0,469094.0,427685.0,455737.0,
421616157,San Diego,CA,92130-1350,3,2023.0,385919.0,455355.0,133831.0,
510205056,San Diego,CA,92163-3043,3,2024.0,307114.0,307936.0,5858.0,
203537504,San Diego,CA,92128-1144,3,2021.0,397692.0,399984.0,51852.0,
330718473,San Diego,CA,92108-3522,3,2023.0,387583.0,190735.0,3786295.0,
462438392,San Diego,CA,92101-4224,3,,,,,
030564240,San Diego,CA,92104-5218,3,2023.0,298682.0,357702.0,195042.0,
952090569,San Diego,CA,92103-6521,3,2023.0,217183.0,198825.0,2322839.0,
330773691,San Diego,CA,92159-0366,3,2023.0,312283.0,339172.0,41419.0,
223922763,San Diego,CA,92117-4950,3,2023.0,418391.0,376486.0,184386.0,
237252243,San Diego,CA,92108-1738,3,2021.0,277450.0,234806.0,193670.0,
300216827,San Diego,CA,92101-3536,3,2023.0,288159.0,119133.0,715228.0,
330374479,San Diego,CA,92163-3181,3,2023.0,53497.0,52406.0,143160.0,
264824510,San Diego,CA,92169-2622,3,2023.0,116134.0,268204.0,264232.0,
330720596,San Diego,CA,92114-5706,3,2023.0,201553.0,56427.0,1882825.0,
956193512,San Diego,CA,92112-2842,3,2024.0,189317.0,170954.0,18363.0,
452728912,San Diego,CA,92126-1233,3,2023.0,169258.0,142156.0,170344.0,
956100082,San Diego,CA,92101-2422,3,2023.0,125357.0,134670.0,153448.0,
330072115,San Diego,CA,92131-2439,3,2023.0,49824.0,106380.0,166872.0,
300260008,San Diego,CA,92105-1226,3,2021.0,148104.0,118435.0,36715.0,
330596091,San Diego,CA,92138-0336,3,2024.0,140712.0,216328.0,2277587.0,
330823474,San Diego,CA,92104-4032,3,2023.0,136950.0,31420.0,278498.0,
953668157,San Diego,CA,92101-4753,3,2024.0,131166.0,56675.0,100059.0,
850958355,San Diego,CA,92114-3545,3,2023.0,3135081.0,168379.0,3364947.0,
330572581,San Diego,CA,92163-4104,3,2022.0,181874.0,101007.0,80867.0,
330473843,San Diego,CA,92101-5122,3,2023.0,277303.0,147483.0,260602.0,
951793706,San Diego,CA,92103-5619,3,2023.0,374326.0,286369.0,515445.0,
020582401,San Diego,CA,92113-4471,3,2020.0,95231.0,85128.0,35330.0,
320636512,San Diego,CA,92114-4317,3,,,,,
872932092,San Diego,CA,92115-2646,3,2023.0,151136.0,61752.0,265466.0,
452970606,San Diego,CA,92117-4547,3,2024.0,78685.0,64711.0,58853.0,
200501101,San Diego,CA,92123,3,2015.0,584557.0,224490.0,460835.0,
201328781,San Diego,CA,92101,3,2014.0,35805.0,0.0,2963878.0,
953125766,San Diego,CA,92111-1926,3,2023.0,57266.0,61592.0,6658.0,
956049910,San Diego,CA,92101-1651,3,2024.0,93165.0,71690.0,570889.0,
812614270,San Diego,CA,92150-9066,3,2023.0,71307.0,66970.0,8250.0,
953415118,San Diego,CA,92106-2411,3,2020.0,80695.0,62965.0,133646.0,
953165614,San Diego,CA,92112-4821,3,2023.0,73297.0,82824.0,117865.0,
330827323,San Diego,CA,92138-1982,3,2022.0,76360.0,72980.0,76792.0,
811048646,San Diego,CA,92123-1812,3,2023.0,22608000.0,968000.0,23194000.0,
921636610,San Diego,CA,92110-3533,3,2023.0,59950.0,22816.0,37134.0,
953330228,San Diego,CA,92101-3389,3,2022.0,72981.0,38517.0,75457.0,
823807277,San Diego,CA,92128-2816,3,2022.0,48321.0,44374.0,4311.0,
861288670,San Diego,CA,92142-0211,3,2024.0,43277.0,45772.0,19220.0,
474106436,San Diego,CA,92123-4397,3,2017.0,49216.0,50018.0,383.0,
330220955,San Diego,CA,92120-4911,3,2023.0,26912.0,45077.0,37487.0,
330478688,San Diego,CA,92138-1087,3,2017.0,33710.0,20480.0,322438.0,
330197697,San Diego,CA,92111-7319,3,2023.0,70352.0,35711.0,92303.0,
330437019,San Diego,CA,92103-2110,3,2023.0,37279.0,33319.0,35962.0,
463934604,San Diego,CA,92103-4405,3,2023.0,54483.0,69431.0,36370.0,
330340132,San Diego,CA,92105-1267,3,2022.0,29356.0,30692.0,23927.0,
275272533,San Diego,CA,92117-4304,3,2022.0,26526.0,63007.0,2753.0,
861553940,San Diego,CA,92108-2826,3,2023.0,13615.0,15240.0,60553.0,
330452781,San Diego,CA,92105-1410,3,2023.0,15909.0,17431.0,164754.0,
330801100,San Diego,CA,92116-2404,3,2023.0,8739.0,8739.0,1298.0,
953594247,San Diego,CA,92105-5113,3,2023.0,7709.0,14215.0,68285.0,
273414257,San Diego,CA,92131-6152,3,2023.0,129360.0,39122.0,125485.0,
830463893,San Diego,CA,92122-4121,3,2019.0,6465.0,9050.0,515.0,
330737394,San Diego,CA,92104-1192,3,2023.0,2703.0,0.0,0.0,
952998362,San Diego,CA,92104-5215,3,2023.0,2059.0,2417.0,4010.0,
237392777,San Diego,CA,92175-5674,3,2023.0,4496.0,1793.0,18009.0,
472090446,San Diego,CA,92101-3536,3,2023.0,2090.0,8456.0,3299.0,
954350860,San Diego,CA,92114-0000,3,2017.0,138.0,9727.0,47170.0,
821332244,San Diego,CA,92131-6136,3,,,,,
330215999,San Diego,CA,92116-2331,3,,,,,
320329160,San Diego,CA,92113-1712,3,,,,,
043669003,San Diego,CA,92174-2444,3,2012.0,63522.0,62216.0,134.0,
330846085,San Diego,CA,92163-4077,3,,,,,
824633030,San Diego,CA,92105-8025,3,2021.0,5288.0,10652.0,95.0,
463801736,San Diego,CA,92126-1925,3,,,,,
330144282,San Diego,CA,92108-3755,3,,,,,
912165741,San Diego,CA,92110-1441,3,,,,,
237172058,San Diego,CA,92109-8215,3,,,,,
300170181,San Diego,CA,92104-4210,3,2012.0,20573.0,23592.0,22413.0,
874094814,San Diego,CA,92114-3545,3,,,,,
952890660,San Diego,CA,92150-2315,3,,,,,
330938941,San Diego,CA,92114-0000,3,,,,,
872307659,San Diego,CA,92154-4739,3,,,,,
651198502,San Diego,CA,92104-5732,3,,,,,
472585851,San Diego,CA,92122-2253,3,,,,,
881485118,San Diego,CA,92106-6061,3,,,,,
851099345,San Diego,CA,92139-3515,3,,,,,
845146800,San Diego,CA,92114-6302,3,,,,,
453411894,San Diego,CA,92103-6610,3,,,,,
882745220,San Diego,CA,92126-1179,3,,,,,
863975627,San Diego,CA,92116-2594,3,2023.0,57226.0,30263.0,39319.0,
472351035,San Diego,CA,92104-0000,3,2019.0,54925.0,47581.0,52046.0,
464450744,San Diego,CA,92139-3617,3,2016.0,46029.0,41555.0,18485.0,
923856051,San Diego,CA,92123-4336,3,,,,,
873892260,San Diego,CA,92119-1448,3,2022.0,113198.0,80561.0,37256.0,
251910027,San Diego,CA,92101-1636,3,,,,,
320393317,San Diego,CA,92126-4702,3,,,,,
330908301,San Diego,CA,92168-0815,3,,,,,
208769322,San Diego,CA,92111-1803,3,2014.0,19775.0,16213.0,76800.0,
872839729,San Diego,CA,92108-3604,3,,,,,
831970965,San Diego,CA,92110-3231,3,,,,,
871353826,San Diego,CA,92130-4889,3,,,,,
311627297,San Diego,CA,92101-7726,3,,,,,
474150798,San Diego,CA,92168-0075,3,,,,,
813867936,San Diego,CA,92114-4529,3,,,,,
330710251,San Diego,CA,92106-2797,3,2023.0,97334.0,64407.0,57127.0,
262269320,San Diego,CA,92101-3300,3,2014.0,10961.0,11564.0,4119.0,
462291177,San Diego,CA,92120-2705,3,,,,,
993120096,San Diego,CA,92139-3927,3,,,,,
320406550,San Diego,CA,92101-0000,3,,,,,
330531361,San Diego,CA,92142-1515,3,2016.0,1395.0,6466.0,8825.0,
330902043,San Diego,CA,92111-1228,3,,,,,
811085738,San Diego,CA,92121-1928,3,,,,,
853847269,San Diego,CA,92174-1946,3,,,,,
330558322,San Diego,CA,92112-1617,3,,,,,
812175357,San Diego,CA,92131-1561,3,,,,,
330946504,San Diego,CA,92160-1776,3,,,,,
475415098,San Diego,CA,92111-4902,3,,,,,
475561442,San Diego,CA,92127-4208,3,,,,,
463238197,San Diego,CA,92130-2260,3,,,,,
815122886,San Diego,CA,92128-4331,3,,,,,
203835662,San Diego,CA,92122-4029,3,,,,,
330940786,San Diego,CA,92115-4334,3,2023.0,0.0,5260.0,52445.0,
010920860,San Diego,CA,92182-0001,3,,,,,
825166094,San Diego,CA,92101-4239,3,,,,,
261923834,San Diego,CA,92129-3548,3,,,,,
330236939,San Diego,CA,92128-2701,3,,,,,
260355503,San Diego,CA,92116-1813,3,,,,,
951831086,San Diego,CA,92159,3,2015.0,0.0,0.0,0.0,
462498438,San Diego,CA,92108-4344,3,,,,,
330571701,San Diego,CA,92160-0521,3,,,,,
270621963,San Diego,CA,92111-2247,3,,,,,
474034814,San Diego,CA,92131-3681,3,2017.0,9296.0,10.0,7977.0,
330349256,San Diego,CA,92110-2572,3,2024.0,0.0,0.0,1.0,
330183432,San Diego,CA,92108-4340,3,2023.0,0.0,1623.0,11909.0,
956005694,San Diego,CA,92101-1683,3,2016.0,19695.0,21796.0,23470.0,
920838583,San Diego,CA,92174-1760,3,,,,,
993231766,San Diego,CA,92111-2239,3,,,,,
952584553,San Diego,CA,92163-1040,3,,,,,
384010480,San Diego,CA,92101-1128,3,,,,,
271651775,San Diego,CA,92111-1539,3,,,,,
264570058,San Diego,CA,92105-2526,3,,,,,
952372555,San Diego,CA,92114-4204,3,,,,,
330665652,San Diego,CA,92175-1226,3,,,,,
020762679,San Diego,CA,92111-1922,3,,,,,
991059236,San Diego,CA,92105-8025,3,,,,,
330260506,San Diego,CA,92128-3783,3,,,,,
953388561,San Diego,CA,92111-6110,3,,,,,
464065132,San Diego,CA,92126-5590,3,,,,,
945710111,San Diego,CA,92102-1722,3,,,,,
953095279,San Diego,CA,92115-6341,3,,,,,
954508893,San Diego,CA,92101-4209,3,,,,,
956006197,San Diego,CA,92119-1827,3,,,,,
952751166,San Diego,CA,92165-5350,3,,,,,
237131725,San Diego,CA,92105-3005,3,,,,,
330602942,San Diego,CA,92105-4924,3,,,,,
330500566,San Diego,CA,92114-7173,3,,,,,
952318455,San Diego,CA,92111-6110,3,,,,,
330928108,San Diego,CA,92154-2856,3,,,,,
851470550,San Diego,CA,92154-2319,3,,,,,
851194910,San Diego,CA,92115-3074,3,,,,,
951660351,San Diego,CA,92122-2845,3,,,,,
956123631,San Diego,CA,92101-4308,3,,,,,
330147470,San Diego,CA,92131-1838,3,,,,,
831200502,San Diego,CA,92139-3016,3,,,,,
954703215,San Diego,CA,92126-4581,3,,,,,
330952574,San Diego,CA,92127-3868,3,,,,,
811906520,San Diego,CA,92126-2406,3,,,,,
471537364,San Diego,CA,92123-3931,3,,,,,
260469157,San Diego,CA,92128-4526,3,,,,,
330861059,San Diego,CA,92126-4434,3,,,,,
020731079,San Diego,CA,92127-1830,3,,,,,
260642093,San Diego,CA,92130-6946,3,,,,,
921366778,San Diego,CA,92121-2325,3,,,,,
202095673,San Diego,CA,92119-3030,3,,,,,
320207006,San Diego,CA,92108-2409,3,,,,,
811015735,San Diego,CA,92192-1125,3,,,,,
237229464,San Diego,CA,92113-1006,3,,,,,
474177416,San Diego,CA,92101-0000,3,,,,,
260261886,San Diego,CA,92114-5121,3,,,,,
951644613,San Diego,CA,92186-5728,3,,,,,
830763595,San Diego,CA,92186-5728,3,,,,,
330194946,San Diego,CA,92162-0103,3,,,,,
843509203,San Diego,CA,92154-7209,3,,,,,
953508412,San Diego,CA,92131-1087,3,,,,,
951950602,San Diego,CA,92192-8559,3,,,,,
813659392,San Diego,CA,92124-1537,3,,,,,
953867550,San Diego,CA,92103-4203,3,,,,,
956138756,San Diego,CA,92116-3227,3,,,,,
332679276,San Diego,CA,92110-3707,3,,,,,
330754944,San Diego,CA,92120-2801,3,,,,,
810739480,San Diego,CA,92117-1600,3,,,,,
272228596,San Diego,CA,92124-1194,3,,,,,
333559136,San Diego,CA,92111-3771,3,,,,,
952664050,San Diego,CA,92102-2711,3,,,,,
330007484,San Diego,CA,92129-6063,3,,,,,
237387420,San Diego,CA,92115-4235,3,,,,,
956056530,San Diego,CA,92105-3007,3,,,,,
953537233,San Diego,CA,92117-3622,3,,,,,
831844297,San Diego,CA,92114-1929,3,,,,,
953864093,San Diego,CA,92109-3551,3,,,,,
912166224,San Diego,CA,92112-2470,3,2023.0,74959.0,80482.0,126777.0,
814909090,San Diego,CA,92126-4533,3,2023.0,35376.0,29995.0,7876.0,
951644585,San Diego,CA,92103-5127,3,2023.0,13268955.0,14181260.0,30208540.0,
823430750,San Diego,CA,92122-2848,3,2018.0,6760.0,6184.0,711.0,
412232284,San Diego,CA,92101-5508,3,,,,,
953281843,San Diego,CA,92163-3380,3,,,,,
912158512,San Diego,CA,92122-2845,3,,,,,
952872494,La Jolla,CA,92093-0940,3,2023.0,217345772.0,168718287.0,1737799751.0,
223871537,Simi Valley,CA,93065-1659,3,2023.0,44754196.0,42962758.0,14241447.0,
952593136,Lemon Grove,CA,91945-1822,3,2023.0,4064840.0,1182827.0,59136804.0,
952145967,La Jolla,CA,92037-1377,3,2023.0,15248352.0,13138242.0,4392481.0,
930992063,La Jolla,CA,92037-5835,3,2024.0,10086593.0,12033311.0,41793370.0,
330919418,Costa Mesa,CA,92626-7032,3,2023.0,5571706.0,4931627.0,37571034.0,
952997398,Campo,CA,91906-2022,3,2023.0,2929056.0,3084820.0,3951605.0,
465359485,Encinitas,CA,92024-1334,3,2023.0,3931497.0,3789751.0,2429274.0,
921427597,La Mesa,CA,91942-8710,3,,,,,
330912735,Escondido,CA,92025-2716,3,2023.0,2247620.0,2136417.0,2737987.0,
461127723,Murrieta,CA,92563-8421,3,2022.0,1463837.0,1433452.0,365961.0,
760817487,La Mesa,CA,91944-3030,3,2022.0,1181802.0,1191514.0,197003.0,
452060520,Alpine,CA,91901-1101,3,2023.0,517601.0,640690.0,175386.0,
330202834,National City,CA,91950-6428,3,2023.0,24393.0,21917.0,329021.0,
843852627,El Cajon,CA,92019-4122,3,2024.0,455592.0,398059.0,131683.0,
330712582,La Jolla,CA,92037-1610,3,2023.0,78938.0,618616.0,233169.0,
953366651,Fresno,CA,93726-0517,3,2023.0,250965.0,548730.0,1560473.0,
912156002,Bonita,CA,91902-1328,3,2024.0,260253.0,238440.0,226763.0,
273978857,Lakeside,CA,92040-1407,3,2023.0,57649.0,49820.0,16932.0,
261099989,Encinitas,CA,92024-4345,3,2023.0,245475.0,307176.0,840520.0,
330204237,El Cajon,CA,92020-2107,3,2022.0,165015.0,224180.0,7134.0,
953539453,La Jolla,CA,92039-2186,3,2023.0,134073.0,134504.0,57925.0,
611441569,Encinitas,CA,92024-1404,3,2018.0,113546.0,103834.0,18519.0,
330138881,La Mesa,CA,91944-6901,3,2023.0,110655.0,97257.0,136200.0,
330804705,Encinitas,CA,92024-3721,3,2024.0,91364.0,121408.0,40340.0,
461389718,National City,CA,91950-3664,3,2023.0,47623.0,64197.0,12961.0,
753221534,El Cajon,CA,92019-4319,3,2023.0,108121.0,104982.0,43850.0,
330808134,El Cajon,CA,92019-4492,3,2023.0,68112.0,53675.0,14437.0,
330296029,Encinitas,CA,92024-2791,3,2023.0,70000.0,70000.0,1.0,
862389338,Bonita,CA,91902-1421,3,,,,,
330578072,Chula Vista,CA,91910-6339,3,2023.0,249398.0,176671.0,319429.0,
237455646,El Cajon,CA,92021-8814,3,2020.0,62236.0,53835.0,44946.0,
853106622,El Monte,CA,91734-0000,3,2022.0,61864.0,45085.0,36343.0,
452860912,Boulevard,CA,91905-0400,3,2023.0,82055.0,65672.0,84706.0,
814052261,Santee,CA,92071-3307,3,2023.0,87545.0,84375.0,37038.0,
452632827,Del Mar,CA,92014-3854,3,2024.0,56515.0,47216.0,35944.0,
821567715,Carlsbad,CA,92013-1593,3,2018.0,55633.0,47510.0,10246.0,
330938826,Los Angeles,CA,90039-1642,3,,,,,
237134080,Poway,CA,92064-6835,3,2022.0,28058.0,27865.0,67890.0,
881132161,Chula Vista,CA,91910-7534,3,2023.0,45096.0,53213.0,3706.0,
884283342,Encinitas,CA,92024-2101,3,2023.0,170701.0,192523.0,7984.0,
262131406,Imperial Bch,CA,91933-0153,3,2023.0,191355.0,4441.0,190959.0,
201844410,Chula Vista,CA,91914-4427,3,2023.0,46425.0,45476.0,949.0,
264655298,Oceanside,CA,92057-8514,3,2021.0,36281.0,694225.0,74286.0,
330891365,Chula Vista,CA,91912-1392,3,2023.0,37068.0,22077.0,41147.0,
990869273,Vista,CA,92081-6735,3,2023.0,1.0,0.0,1.0,
260807276,Chula Vista,CA,91915-1004,3,2016.0,28585.0,29855.0,213.0,
262684307,Chula Vista,CA,91914-2017,3,2022.0,25954.0,36960.0,20669.0,
472098053,Carlsbad,CA,92010-6651,3,2023.0,23093.0,27165.0,7484.0,
330855202,La Jolla,CA,92038-2016,3,2023.0,19083.0,25737.0,774.0,
330970245,Carlsbad,CA,92010-2129,3,2023.0,17113.0,15724.0,380518.0,
912146860,Encinitas,CA,92024-3572,3,2023.0,15261.0,14265.0,2533.0,
844525325,Vista,CA,92083-7228,3,2023.0,7072.0,8083.0,2125.0,
473542970,San Marcos,CA,92078-3824,3,2018.0,4796.0,3775.0,2981.0,
956336024,Escondido,CA,92033-0482,3,2018.0,313873.0,5889327.0,1797273.0,
873195962,Julian,CA,92036-9503,3,,,,,
450524834,Vista,CA,92081-5006,3,2024.0,10879.0,3120.0,29407.0,
330617562,Carlsbad,CA,92009-7523,3,2021.0,168.0,10397.0,325.0,
464226480,Carlsbad,CA,92010-2166,3,2023.0,6112.0,8632.0,28204.0,
204016556,Tecate,CA,91980-1128,3,2013.0,0.0,0.0,3200.0,
850732279,Coronado,CA,92118-1951,3,,,,,
651229859,Poway,CA,92074-1469,3,,,,,
990641054,Chula Vista,CA,91921-1152,3,,,,,
352489649,La Jolla,CA,92037-5643,3,,,,,
237059056,La Jolla,CA,92037-7154,3,,,,,
863930296,La Mesa,CA,91942-5834,3,,,,,
871909803,Chula Vista,CA,91921-2701,3,,,,,
263494391,Escondido,CA,92026-8714,3,,,,,
863965585,San Marcos,CA,92078-1003,3,,,,,
330467319,Del Mar,CA,92014-5863,3,,,,,
330752281,Del Mar,CA,92014-3301,3,2022.0,1.0,65.0,4704.0,
824105113,National City,CA,91950-8150,3,,,,,
933969623,Valley Center,CA,92082-0073,3,,,,,
330552152,Valley Center,CA,92082-6607,3,,,,,
824105230,National City,CA,91950-8150,3,,,,,
954092861,Lake View Ter,CA,91342-6506,3,2023.0,0.0,0.0,1.0,
922798454,Coronado,CA,92118-3258,3,2023.0,2223.0,2223.0,1.0,
863311879,Oceanside,CA,92057-6434,3,2021.0,0.0,0.0,1.0,
870979105,Imperial Bch,CA,91933-1203,3,,,,,
330360759,Encinitas,CA,92023-0135,3,2019.0,54.0,0.0,8647.0,
311577014,Santee,CA,92071-4605,3,,,,,
832592839,Carlsbad,CA,92008-2990,3,,,,,
463770867,Chula Vista,CA,91915-2376,3,,,,,
922158831,Bonita,CA,91902-1603,3,,,,,
330908768,Del Mar,CA,92014-0011,3,,,,,
113806131,Carlsbad,CA,92009-7836,3,,,,,
611773574,La Jolla,CA,92037-1484,3,,,,,
463645925,Carlsbad,CA,92008-7208,3,,,,,
814769461,Encinitas,CA,92024-5031,3,,,,,
813038329,La Mesa,CA,91941-5718,3,,,,,
824980018,Chula Vista,CA,91915-1361,3,,,,,
453973733,Encinitas,CA,92024-1320,3,,,,,
810729828,La Mesa,CA,91942-0335,3,2018.0,8815.0,7843.0,8637.0,
464128384,Coronado,CA,92178-1713,3,,,,,
824300877,Chula Vista,CA,91909-3611,3,,,,,
874608422,Lemon Grove,CA,91945-2667,3,,,,,
990622554,Vista,CA,92084-3263,3,,,,,
465043385,Santee,CA,92071-6103,3,,,,,
205236966,Solana Beach,CA,92075-1807,3,2018.0,7446.0,8025.0,-579.0,
271348850,Fallbrook,CA,92028-9785,3,,,,,
922042865,Chula Vista,CA,91913-3993,3,,,,,
474791606,Escondido,CA,92029-3302,3,,,,,
820874291,Carlsbad,CA,92010-7249,3,,,,,
991562223,San Marcos,CA,92069-3592,3,,,,,
475082809,Lemon Grove,CA,91945-2118,3,,,,,
921704190,Spring Valley,CA,91977-5843,3,,,,,
824290296,Carlsbad,CA,92010-5522,3,,,,,
815332892,Poway,CA,92064-3655,3,,,,,
462352274,Poway,CA,92064-1450,3,,,,,
271949152,Escondido,CA,92029-2283,3,2014.0,6672.0,4633.0,7962.0,
811935497,La Mesa,CA,91942-9322,3,2023.0,0.0,0.0,0.0,
330500839,Fallbrook,CA,92028-8059,3,2021.0,0.0,0.0,40113.0,
463371330,National City,CA,91950-2656,3,,,,,
330475085,Lakeside,CA,92040-4947,3,,,,,
330769905,Rcho Santa Fe,CA,92091-0316,3,2014.0,48529.0,22491.0,171520.0,
264838714,Vista,CA,92081-0000,3,,,,,
874349029,La Mesa,CA,91942-8954,3,,,,,
270019228,Lakeside,CA,92040-0911,3,2015.0,38.0,0.0,57.0,
463694950,Carlsbad,CA,92009-8654,3,,,,,
831362861,Lemon Grove,CA,91945-0000,3,,,,,
330312125,Carlsbad,CA,92010-6579,3,,,,,
472413114,Santee,CA,92071-2303,3,,,,,
831629943,Santee,CA,92072-1946,3,,,,,
833066629,Carlsbad,CA,92009-9109,3,,,,,
812757273,El Cajon,CA,92021-0781,3,,,,,
331029383,Vista,CA,92084-1521,3,,,,,
880807020,Chula Vista,CA,91911-2808,3,,,,,
330168318,Chula Vista,CA,91913-1719,3,,,,,
330161889,La Mesa,CA,91941-7328,3,,,,,
833629288,Fallbrook,CA,92028-9616,3,,,,,
883784862,Lakeside,CA,92040-1050,3,,,,,
934313572,Sn Bernrdno,CA,92407-0573,3,,,,,
330112346,Lakeside,CA,92040-0000,3,,,,,
842574612,Chula Vista,CA,91911-5845,3,,,,,
611902758,Santee,CA,92071-5025,3,,,,,
821404144,Oceanside,CA,92057-7633,3,,,,,
464453958,Chula Vista,CA,91913-1770,3,,,,,
465498860,Chula Vista,CA,91914-3516,3,,,,,
332489285,Santa Clara,CA,95051-5520,3,,,,,
953736973,Poway,CA,92064-3058,3,,,,,
371951400,La Mesa,CA,91944-1284,3,,,,,
204841287,Spring Valley,CA,91979-1231,3,,,,,
365097349,Chula Vista,CA,91910-6024,3,,,,,
333584164,Poway,CA,92064-2802,3,,,,,
710895144,Lemon Grove,CA,91945-2110,3,,,,,
330803138,El Cajon,CA,92019-3753,3,,,,,
900528685,Chula Vista,CA,91921-2543,3,,,,,
510429106,Bonita,CA,91908-1351,3,,,,,
333587319,Carlsbad,CA,92011-1014,3,,,,,
933637918,El Cajon,CA,92021-3304,3,,,,,
871070839,Carlsbad,CA,92011-4154,3,,,,,
844601147,El Cajon,CA,92021-0000,3,,,,,
330167493,La Mesa,CA,91941-4803,3,,,,,
392468170,Escondido,CA,92025-7369,3,,,,,
953368044,Escondido,CA,92025-4013,3,,,,,
814033010,San Marcos,CA,92078-7801,3,2019.0,128412.0,133279.0,107386.0,
992047699,Santee,CA,92071-2302,3,,,,,
383737193,La Jolla,CA,92037-6747,3,,,,,
452582683,La Jolla,CA,92037-1609,3,,,,,
330549770,La Mesa,CA,91942-2900,3,,,,,
330337812,National City,CA,91950-5012,3,,,,,
473215629,La Jolla,CA,92037-2930,3,,,,,
821828737,El Cajon,CA,92019-1425,3,,,,,
992897804,Bonita,CA,91902-3077,3,,,,,
330306036,La Mesa,CA,91942-8710,3,,,,,
912160595,La Jolla,CA,92037-5966,3,,,,,
330907189,Fallbrook,CA,92028-9175,3,,,,,
883231559,Murrieta,CA,92563-2546,3,,,,,
330300336,Escondido,CA,92029-3111,3,,,,,
392650908,La Jolla,CA,92093-0078,3,,,,,
043682806,Chula Vista,CA,91912-1501,3,,,,,
832585026,Encinitas,CA,92024-4913,3,,,,,
330438767,San Diego,CA,92102-1123,3,2022.0,0.0,0.0,8692.0,
832704855,San Diego,CA,92168-0161,3,2023.0,26687.0,19196.0,12469.0,
330886247,San Diego,CA,92115-0000,3,2023.0,2705573.0,2696788.0,6924133.0,
952151829,San Diego,CA,92105-3910,3,2024.0,2196367.0,1900465.0,2046814.0,
270996489,San Diego,CA,92123-1683,3,2023.0,133322.0,136818.0,1358.0,
161770466,San Diego,CA,92114-2709,3,2014.0,15260.0,14422.0,2707.0,
952553906,San Diego,CA,92111-3812,3,,,,,
334283114,San Diego,CA,92111-4511,3,,,,,
852816965,La Mesa,CA,91941-6865,3,,,,,
264460338,Irvine,CA,92617-4048,3,2015.0,20302.0,19825.0,2287.0,
330966252,San Diego,CA,92130-5104,3,,,,,
330699917,San Diego,CA,92111-6933,3,,,,,
850673706,La Mesa,CA,91943-2521,3,2023.0,352667.0,301019.0,101217.0,
933599109,La Mesa,CA,91942-1929,3,,,,,
952568714,San Diego,CA,92123-4397,3,2023.0,3745072.0,3156488.0,2491214.0,
330261379,San Diego,CA,92115-1318,3,,,,,
330105687,San Diego,CA,92192-7751,3,,,,,
932286623,San Diego,CA,92110-5113,3,,,,,
208299891,Solana Beach,CA,92075-2004,3,,,,,
953266943,San Diego,CA,92128-3223,3,,,,,
953735517,San Diego,CA,92123-4306,3,2023.0,709639025.0,709195540.0,149224718.0,
952833205,San Diego,CA,92102-4541,3,2023.0,369802601.0,312105783.0,579696481.0,
956042622,San Diego,CA,92182-0001,3,2023.0,39718686.0,37964203.0,38506759.0,
237107958,San Diego,CA,92123-1641,3,2023.0,21938002.0,22030626.0,12788195.0,
237085960,San Diego,CA,92104-2074,3,2023.0,21199465.0,21959273.0,18908477.0,
463504414,San Diego,CA,92123-1812,3,2020.0,183000.0,1079000.0,27706000.0,
951865988,San Diego,CA,92117-2004,3,2023.0,11682831.0,15183898.0,36545662.0,
952660509,San Diego,CA,92123-1305,3,2023.0,9136190.0,8912086.0,29709930.0,
953641387,San Diego,CA,92105-3612,3,2023.0,6394957.0,6696936.0,5291296.0,
821922472,San Diego,CA,92113-3230,3,2023.0,2853768.0,2919376.0,838469.0,
882312862,San Diego,CA,92101-7420,3,2023.0,840189.0,984934.0,146080.0,
043786916,San Diego,CA,92123-1639,3,2023.0,3687263.0,3723367.0,288947.0,
472064997,San Diego,CA,92129-3767,3,2023.0,1320806.0,220985.0,42055840.0,
951948185,San Diego,CA,92104-2601,3,2023.0,2235815.0,1922715.0,706614.0,
510197097,San Diego,CA,92108-1666,3,2023.0,2002626.0,2003942.0,2234914.0,
952670333,San Diego,CA,92102-2107,3,2023.0,1695207.0,1685824.0,2656621.0,
956095411,San Diego,CA,92123-4415,3,2023.0,1837576.0,1735884.0,1713354.0,
471766606,San Diego,CA,92110-2943,3,2023.0,732042.0,368743.0,1130356.0,
330959505,San Diego,CA,92103-5302,3,2023.0,857268.0,854709.0,160501.0,
330693051,San Diego,CA,92105-1607,3,2023.0,558338.0,371806.0,679591.0,
951727674,San Diego,CA,92108-3835,3,2023.0,546185.0,525990.0,387947.0,
330745701,San Diego,CA,92126-6301,3,2023.0,681491.0,651039.0,2059332.0,
956082407,San Diego,CA,92101-6803,3,2023.0,286717.0,252108.0,602828.0,
952545484,San Diego,CA,92102-2012,3,2023.0,571818.0,658053.0,555260.0,
330179740,San Diego,CA,92101-6803,3,2024.0,478315.0,374790.0,4448632.0,
912148769,San Diego,CA,92111-2282,3,2023.0,274448.0,255284.0,45581.0,
203588183,San Diego,CA,92111-2017,3,2024.0,450930.0,568054.0,193264.0,
943473887,San Diego,CA,92126-4852,3,2024.0,343785.0,244743.0,378851.0,
264465056,San Diego,CA,92111-2261,3,2023.0,295870.0,284623.0,1284086.0,
330055383,San Diego,CA,92177-8569,3,2023.0,1714627.0,204370.0,7810997.0,
208999776,San Diego,CA,92104-3607,3,2023.0,266043.0,235617.0,85037.0,
330538891,San Diego,CA,92150-1205,3,2023.0,115544.0,105507.0,2417.0,
330810289,San Diego,CA,92113-4544,3,2023.0,131237.0,132295.0,67411.0,
330536187,San Diego,CA,92123-1222,3,2024.0,75564.0,89745.0,114809.0,
330517689,San Diego,CA,92105-4011,3,2023.0,161470.0,229750.0,276596.0,
311561934,San Diego,CA,92142-0094,3,2023.0,71811.0,1235.0,473404.0,
952807343,San Diego,CA,92101-6976,3,2024.0,61248.0,100188.0,366088.0,
464543603,San Diego,CA,92101-3245,3,2023.0,85396.0,74802.0,120967.0,
432016623,San Diego,CA,92111-1010,3,2023.0,69292.0,88691.0,215842.0,
452038760,San Diego,CA,92103-3312,3,2023.0,73937.0,67092.0,67572.0,
330685882,San Diego,CA,92127-3720,3,2023.0,1402.0,184.0,33162.0,
953477380,San Diego,CA,92154-5707,3,2021.0,42150.0,42150.0,216900.0,
330662324,San Diego,CA,92124-1104,3,2024.0,51546.0,40625.0,19295.0,
953743566,San Diego,CA,92138-6342,3,2023.0,44938.0,48388.0,52738.0,
300285918,San Diego,CA,92163-1770,3,2023.0,28249.0,13832.0,76391.0,
330346295,San Diego,CA,92111-5104,3,2018.0,31756.0,33149.0,315361.0,
330123083,San Diego,CA,92105-1808,3,2024.0,61700.0,25890.0,886036.0,
330845173,San Diego,CA,92106-6116,3,2023.0,31369.0,46155.0,1908554.0,
330614561,San Diego,CA,92168-1706,3,2013.0,14316.0,15453.0,15348.0,
370740251,San Diego,CA,92108-2134,3,2023.0,10666.0,15343.0,83156.0,
330545494,San Diego,CA,92114-4243,3,2023.0,16809.0,8987.0,77553.0,
010895410,San Diego,CA,92129-4654,3,2023.0,1100.0,1946.0,13375.0,
330484136,San Diego,CA,92124-3029,3,2024.0,81462.0,10718.0,341877.0,
275419542,San Diego,CA,92106-2674,3,2023.0,3231.0,1562.0,279078.0,
842255177,San Diego,CA,92131-3717,3,2023.0,1356.0,1356.0,195599.0,
270683247,San Diego,CA,92110-3805,3,,,,,
882564739,San Diego,CA,92130-6650,3,2023.0,11662.0,2787.0,10163.0,
333547346,San Diego,CA,92103-6223,3,,,,,
260254682,San Diego,CA,92129-2208,3,,,,,
912163620,San Diego,CA,92101-4201,3,,,,,
202925466,San Diego,CA,92150-3246,3,,,,,
883591462,San Diego,CA,92128-4752,3,,,,,
208456251,San Diego,CA,92112-0551,3,2023.0,0.0,0.0,1.0,
330804131,San Diego,CA,92108-5715,3,2023.0,0.0,0.0,1.0,
371734117,San Diego,CA,92131-3227,3,2019.0,6500.0,5744.0,6631.0,
330585146,San Diego,CA,92124-4130,3,2016.0,46000.0,0.0,27533.0,
320315151,San Diego,CA,92119-3113,3,2012.0,6199.0,6782.0,3790.0,
472442340,San Diego,CA,92111-2228,3,,,,,
932861674,San Diego,CA,92116-2594,3,,,,,
884230612,San Diego,CA,92124-2922,3,,,,,
853111000,San Diego,CA,92111-2247,3,,,,,
901110440,San Diego,CA,92105-5351,3,2020.0,19428.0,17575.0,23626.0,
330284755,San Diego,CA,92192-2213,3,2021.0,37666.0,38006.0,54335.0,
330711893,San Diego,CA,92103-5856,3,,,,,
471080395,San Diego,CA,92172-2273,3,,,,,
922715756,San Diego,CA,92103-5536,3,,,,,
330726501,San Diego,CA,92174-1956,3,,,,,
202566840,San Diego,CA,92117-4058,3,,,,,
863839491,San Diego,CA,92101-0300,3,,,,,
990450948,San Diego,CA,92103-2057,3,,,,,
823902329,San Diego,CA,92106-1502,3,,,,,
330869383,San Diego,CA,92168-0133,3,2016.0,14689.0,23521.0,63698.0,
271000729,San Diego,CA,92103-2110,3,,,,,
330371562,San Diego,CA,92193-3774,3,,,,,
311701751,San Diego,CA,92101-8897,3,,,,,
833637816,San Diego,CA,92131-3614,3,,,,,
842906427,San Diego,CA,92159-0354,3,,,,,
883648140,San Diego,CA,92126-2204,3,,,,,
471202090,San Diego,CA,92102-1712,3,,,,,
330521787,San Diego,CA,92129-5189,3,,,,,
464052981,San Diego,CA,92105-1253,3,,,,,
203806037,San Diego,CA,92110-3314,3,2012.0,325613.0,406645.0,11316.0,
320222293,San Diego,CA,92124-3405,3,2019.0,0.0,0.0,1.0,
202944357,San Diego,CA,92138-4372,3,,,,,
471015916,San Diego,CA,92108-4550,3,,,,,
330820952,San Diego,CA,92154-3833,3,,,,,
820781650,San Diego,CA,92101-3825,3,2022.0,-384.0,0.0,4421.0,
330078761,San Diego,CA,92108-1331,3,,,,,
810057019,San Diego,CA,92117-2342,3,,,,,
953676226,San Diego,CA,92119-1534,3,,,,,
811324377,San Diego,CA,92131-5708,3,,,,,
330842929,San Diego,CA,92163-4505,3,2010.0,115922.0,111789.0,8574.0,
330407394,San Diego,CA,92126-6509,3,,,,,
912148365,San Diego,CA,92149-0387,3,,,,,
951648181,San Diego,CA,92115-3906,3,,,,,
330826568,San Diego,CA,92160-1372,3,,,,,
843306109,San Diego,CA,92117-5349,3,,,,,
994462034,San Diego,CA,92114-5246,3,,,,,
330568267,San Diego,CA,92126-1605,3,,,,,
951660358,San Diego,CA,92101-2610,3,,,,,
680675105,San Diego,CA,92102-4204,3,,,,,
273713509,San Diego,CA,92111-0000,3,,,,,
300046651,San Diego,CA,92114-6243,3,,,,,
260806583,San Diego,CA,92139-3741,3,,,,,
822411495,San Diego,CA,92113-2918,3,,,,,
953824229,San Diego,CA,92117-1945,3,,,,,
475669496,San Diego,CA,92115-7030,3,,,,,
330339067,San Diego,CA,92139-3630,3,,,,,
330504608,San Diego,CA,92113-1628,3,,,,,
465588733,San Diego,CA,92115-4812,3,,,,,
330260440,San Diego,CA,92117-0982,3,,,,,
992521128,San Diego,CA,92105-1004,3,,,,,
934312020,San Diego,CA,92113-3306,3,,,,,
455426700,San Diego,CA,92102-0000,3,,,,,
330738344,San Diego,CA,92116-3905,3,,,,,
002296179,San Diego,CA,92105-1462,3,,,,,
994193517,San Diego,CA,92154-4802,3,,,,,
952508386,San Diego,CA,92101-6309,3,,,,,
953739764,San Diego,CA,92111-1007,3,,,,,
311721706,San Diego,CA,92105-2023,3,,,,,
330376204,San Diego,CA,92119-3312,3,,,,,
412550482,San Diego,CA,92101-6976,3,,,,,
237086452,San Diego,CA,92116-1212,3,,,,,
330075886,San Diego,CA,92193-3617,3,,,,,
953200971,San Diego,CA,92169-1960,3,,,,,
330013291,San Diego,CA,92129-3228,3,,,,,
412574421,San Diego,CA,92108-3763,3,,,,,
952416548,San Diego,CA,92103-2404,3,,,,,
883790140,San Diego,CA,92168-0123,3,,,,,
333941741,San Diego,CA,92126-4550,3,,,,,
953288964,San Diego,CA,92103-2826,3,,,,,
260473664,San Diego,CA,92129-2504,3,,,,,
330280038,San Diego,CA,92193-2272,3,,,,,
821916828,San Diego,CA,92128-5039,3,,,,,
330361519,San Diego,CA,92104-4626,3,,,,,
921126476,San Diego,CA,92093-0000,3,,,,,
510619169,San Diego,CA,92126-2711,3,,,,,
393287577,San Diego,CA,92113-3315,3,,,,,
330810165,San Diego,CA,92115-4515,3,,,,,
933418765,San Diego,CA,92115-6924,3,,,,,
330915517,San Diego,CA,92101-3537,3,2016.0,37544.0,31553.0,153066.0,
237450301,San Diego,CA,92101-4722,3,2022.0,15287.0,49989.0,515202.0,
931046554,San Diego,CA,92121-4311,3,,,,,
330829683,Ramona,CA,92065-1625,3,2023.0,274031.0,369480.0,328760.0,
933577388,San Diego,CA,92115-1824,3,,,,,
330829526,San Diego,CA,92120-4604,3,2023.0,71726.0,34992.0,139025.0,
814559069,San Diego,CA,92195-3204,3,,,,,
030573154,San Diego,CA,92168-1523,3,2018.0,10667.0,10745.0,21803.0,
831959824,San Diego,CA,92103-3403,3,,,,,
333005990,San Diego,CA,92126-2910,3,,,,,
934088995,La Jolla,CA,92037-0000,3,,,,,
371522665,San Diego,CA,92123-1970,3,2023.0,4450084.0,3577908.0,12925475.0,
912136314,San Diego,CA,92101-4753,3,2020.0,14924.0,16871.0,1092.0,
330623252,San Diego,CA,92126-4518,3,2023.0,544553.0,350593.0,3154133.0,
330440310,San Diego,CA,92108-0000,3,,,,,
392782809,Oceanside,CA,92056-1923,3,,,,,
870840187,Oceanside,CA,92054-5648,3,,,,,
951855640,La Jolla,CA,92037-4228,3,2023.0,9472130.0,14638145.0,158236939.0,
330294043,Del Mar,CA,92014-2716,3,2023.0,3513966.0,3888914.0,2924247.0,
330874955,La Jolla,CA,92037-1348,3,2023.0,1171525.0,1171525.0,0.0,
452655955,Chula Vista,CA,91913-2813,3,2024.0,676026.0,514676.0,413783.0,
571200839,La Jolla,CA,92037-2882,3,2024.0,687873.0,630175.0,313144.0,
852055131,La Jolla,CA,92037-1354,3,2023.0,707141.0,244003.0,1520933.0,
475054543,El Cajon,CA,92020-7614,3,2024.0,435208.0,249508.0,1365514.0,
260057391,El Cajon,CA,92019-1002,3,2023.0,268354.0,256975.0,224704.0,
237377803,Santee,CA,92072-0593,3,2023.0,304398.0,289240.0,278349.0,
861143242,Vista,CA,92083-7715,3,2023.0,319269.0,102293.0,2602107.0,
202030006,Poway,CA,92064-6891,3,2023.0,95567.0,63001.0,751897.0,
800410063,La Jolla,CA,92039-3051,3,2023.0,302002.0,127276.0,209186.0,
061835742,Lemon Grove,CA,91945-4309,3,2023.0,360194.0,182500.0,4951135.0,
273906814,Spring Valley,CA,91977-1022,3,2023.0,92975.0,95478.0,10102.0,
464959530,Coronado,CA,92118-2030,3,2014.0,109740.0,70479.0,39261.0,
956106302,Carlsbad,CA,92009-5314,3,2022.0,107140.0,77642.0,103590.0,
205910283,Cardiff,CA,92007-2105,3,2023.0,66014.0,52938.0,182124.0,
330680896,Santee,CA,92072-1593,3,2023.0,124160.0,126240.0,58333.0,
330832378,Alpine,CA,91901-2876,3,2023.0,97136.0,121967.0,44164.0,
874764784,La Mesa,CA,91942,3,,,,,
463402510,Carlsbad,CA,92008-7360,3,,,,,
800765604,National City,CA,91950-7655,3,2023.0,65404.0,39683.0,54946.0,
383873539,El Cajon,CA,92019-4319,3,2023.0,78050.0,66157.0,17297.0,
330396039,Oceanside,CA,92058-7110,3,2018.0,40826.0,52041.0,49308.0,
472158619,Oceanside,CA,92054-0000,3,2023.0,65664.0,88053.0,1097.0,
365065928,Encinitas,CA,92024-7120,3,2023.0,28110.0,17016.0,11094.0,
953794690,Santee,CA,92072-2514,3,2023.0,42769.0,44424.0,35265.0,
263375598,Del Mar,CA,92014-3965,3,2024.0,370430.0,314056.0,315802.0,
956057921,Escondido,CA,92026,3,2016.0,18502.0,78997.0,63635.0,
611672096,La Jolla,CA,92037-6330,3,2023.0,274.0,101057.0,174371.0,
311547347,Lakeside,CA,92040-2781,3,2017.0,8896.0,99.0,91265.0,
931991516,Los Angeles,CA,90013-3200,3,,,,,
273300510,Chula Vista,CA,91910-7007,3,2023.0,625.0,960.0,671.0,
873578220,Lemon Grove,CA,91945-4207,3,2023.0,1000.0,0.0,1000.0,
271975894,San Marcos,CA,92069-3121,3,2021.0,980.0,0.0,1985222.0,
931552961,Chula Vista,CA,91913,3,,,,,
330628891,El Cajon,CA,92021-0962,3,,,,,
824843935,El Cajon,CA,92021-6700,3,,,,,
455355410,Del Mar,CA,92014-3310,3,,,,,
452775298,La Jolla,CA,92037-4444,3,,,,,
332096014,Escondido,CA,92027-5113,3,,,,,
010822110,Menifee,CA,92584-8331,3,,,,,
330379993,El Cajon,CA,92020-7704,3,2018.0,60760.0,56271.0,11652.0,
933584714,Fallbrook,CA,92028-3465,3,,,,,
825042347,Encinitas,CA,92024-5718,3,,,,,
956280021,Chula Vista,CA,91910-7484,3,2016.0,24655.0,35591.0,122847.0,
812699666,Bonita,CA,91902-2106,3,,,,,
330919850,Chula Vista,CA,91911-3357,3,,,,,
330522887,Santee,CA,92071-3173,3,,,,,
931383085,Imperial Bch,CA,91932-3809,3,,,,,
271010229,Oceanside,CA,92057-6236,3,,,,,
921721446,Imperial Bch,CA,91932-1337,3,,,,,
871948693,Vista,CA,92081-5333,3,,,,,
991560911,Poway,CA,92064-1129,3,,,,,
953658258,Oceanside,CA,92058-7026,3,2020.0,3047.0,6243.0,746516.0,
330519451,La Mesa,CA,91942-1655,3,,,,,
330866749,Poway,CA,92064-2526,3,,,,,
330705600,Escondido,CA,92025-4915,3,2019.0,29620.0,52793.0,349416.0,
452079479,Carlsbad,CA,92009-1755,3,,,,,
330741542,Oceanside,CA,92057-6029,3,,,,,
993280871,La Jolla,CA,92037-3169,3,,,,,
330593052,Vista,CA,92084-6502,3,,,,,
811896305,San Marcos,CA,92078-2800,3,,,,,
812544935,Rcho Santa Fe,CA,92067-5010,3,,,,,
330358828,El Cajon,CA,92020-4546,3,2018.0,18195.0,12752.0,22874.0,
472066108,El Cajon,CA,92019-4492,3,,,,,
205050425,Del Mar,CA,92014-4244,3,2022.0,44148.0,46725.0,15971.0,
813136311,Chula Vista,CA,91910-3134,3,,,,,
330828279,El Cajon,CA,92020-5726,3,,,,,
813975152,Carlsbad,CA,92009-4570,3,,,,,
953722262,El Cajon,CA,92020-3404,3,2022.0,0.0,1610.0,3135.0,
332179189,Sacremento,CA,95825-1474,3,,,,,
202900209,Encinitas,CA,92024-2123,3,2019.0,48849.0,23413.0,60118.0,
882686555,Escondido,CA,92027-5335,3,,,,,
842443401,Chula Vista,CA,91915-2121,3,,,,,
934976826,Chula Vista,CA,91910-3006,3,,,,,
844325128,Spring Valley,CA,91979-1061,3,,,,,
820832605,El Cajon,CA,92020-8203,3,2018.0,18905.0,4185.0,1.0,
463299423,La Mesa,CA,91941-7512,3,,,,,
330371507,Spring Valley,CA,91976-0355,3,,,,,
330245425,Escondido,CA,92029-3100,3,,,,,
333739483,Chula Vista,CA,91914-3519,3,,,,,
330839050,Jamul,CA,91935-0762,3,,,,,
330861607,Mumela,CA,92563-0000,3,,,,,
770681699,National City,CA,91950-7457,3,,,,,
862812269,Spring Valley,CA,91977-1521,3,,,,,
330417593,Escondido,CA,92025-6005,3,,,,,
272131466,La Mesa,CA,91942-2562,3,,,,,
462291479,National City,CA,91950-5313,3,,,,,
461865614,San Ysidro,CA,92173-3121,3,,,,,
465768957,Pasadena,CA,91101-2495,3,,,,,
834472913,Spring Valley,CA,91977-2860,3,,,,,
472491214,Chula Vista,CA,91910-7101,3,,,,,
953126325,Lemon Grove,CA,91945-4447,3,,,,,
330119670,La Mesa,CA,91941-3409,3,,,,,
861396332,Lemon Grove,CA,91945-2663,3,,,,,
953131245,Fallbrook,CA,92028-2609,3,,,,,
030420946,Menifee,CA,92584-8448,3,,,,,
050609160,La Mesa,CA,91941-6606,3,,,,,
334756673,Chula Vista,CA,91914-4549,3,,,,,
912021142,El Cajon,CA,92021-0964,3,,,,,
931847326,Chula Vista,CA,91914-4144,3,,,,,
853653712,Spring Valley,CA,91977-3760,3,,,,,
330221337,Lakeside,CA,92040-0100,3,2010.0,5423.0,7183.0,2577.0,
330897783,Poway,CA,92064-4211,3,,,,,
330721422,Bonita,CA,91908-0971,3,,,,,
330766262,Spring Valley,CA,91977-2715,3,,,,,
455211224,Carlsbad,CA,92011-4029,3,,,,,
264027886,Escondido,CA,92026-3045,3,,,,,
311741476,Carlsbad,CA,92011-1514,3,,,,,
201811051,Chula Vista,CA,91910-3257,3,,,,,
237109173,Descanso,CA,91916-0296,3,,,,,
833480234,Chula Vista,CA,91913-1885,3,,,,,
330418236,Santee,CA,92071-4021,3,,,,,
330014805,Sandiego,CA,92102-0000,3,2011.0,274601.0,279699.0,47391.0,
954816911,Bonita,CA,91902-2706,3,,,,,
330144680,Poway,CA,92064-7155,3,2023.0,3025359.0,2926395.0,13325452.0,
330265815,Tustin,CA,92782-1208,3,2023.0,142831.0,145406.0,129147.0,
953243567,Lemon Grove,CA,91945-2111,3,2019.0,9200.0,8175.0,1.0,
330907961,Chula Vista,CA,91910-5504,3,,,,,
952142018,San Diego,CA,92123-3856,3,,,,,
900413490,San Diego,CA,92105-4814,3,,,,,
994272299,San Diego,CA,92106-2360,3,,,,,
951643375,San Diego,CA,92101-1624,3,2023.0,27257118.0,13510119.0,75046341.0,
953251490,San Diego,CA,92123-4210,3,2023.0,12266634.0,9060951.0,49674349.0,
330039466,San Diego,CA,92123-4364,3,2023.0,4630740.0,5541765.0,9549474.0,
953572493,San Diego,CA,92101-4753,3,2024.0,6447344.0,4084665.0,27001796.0,
951866066,San Diego,CA,92123-1765,3,2023.0,3613202.0,3264370.0,2153655.0,
952566791,San Diego,CA,92111-2011,3,2023.0,2097188.0,2087487.0,1309500.0,
330386687,San Diego,CA,92106-6175,3,2023.0,789333.0,616378.0,772830.0,
461984639,San Diego,CA,92114-2223,3,2023.0,2412359.0,830884.0,2597213.0,
842466567,San Diego,CA,92123-1812,3,2023.0,484000.0,769000.0,9023000.0,
953313747,San Diego,CA,92103-2510,3,2024.0,714124.0,566577.0,2422476.0,
842350224,San Diego,CA,92168-1473,3,2023.0,511942.0,308000.0,355375.0,
463279805,San Diego,CA,92131-1080,3,2023.0,497446.0,403613.0,320571.0,
237386902,San Diego,CA,92142-1260,3,2023.0,338423.0,410190.0,1334966.0,
951644030,San Diego,CA,92106,3,2018.0,5364095.0,4102713.0,4724248.0,
237332855,San Diego,CA,92175-5547,3,,,,,
953032187,San Diego,CA,92172-2442,3,2023.0,90047.0,75686.0,217646.0,
260236264,San Diego,CA,92103-1946,3,2024.0,134294.0,132965.0,47234.0,
432093303,San Diego,CA,92131-2369,3,2023.0,43882.0,74905.0,332119.0,
956072931,San Diego,CA,92103-2653,3,2023.0,90483.0,21110.0,96766.0,
208553848,San Diego,CA,92101-2356,3,2023.0,87429.0,70960.0,170584.0,
871876714,San Diego,CA,92128-2538,3,2023.0,76095.0,66348.0,20429.0,
200929070,San Diego,CA,92104-2607,3,2023.0,27836.0,61646.0,40042.0,
330486460,San Diego,CA,92105-8537,3,2023.0,89421.0,51328.0,204256.0,
956090440,San Diego,CA,92109-1754,3,,,,,
853884197,San Diego,CA,92120-2129,3,,,,,
330647916,San Diego,CA,92129-4408,3,,,,,
330095750,San Diego,CA,92138-3504,3,,,,,
651277058,San Diego,CA,92103-3576,3,,,,,
800147035,San Diego,CA,92109-0000,3,,,,,
300667316,San Diego,CA,92101-2429,3,,,,,
953235915,San Diego,CA,92129-3566,3,,,,,
956095435,San Diego,CA,92113-3419,3,,,,,
472593451,San Diego,CA,92131-1825,3,,,,,
330522311,San Diego,CA,92111-6858,3,,,,,
453737624,San Diego,CA,92103-1911,3,,,,,
331192534,San Diego,CA,92106-1671,3,,,,,
352464147,San Diego,CA,92131-3227,3,2020.0,24424.0,0.0,159321.0,
953678691,San Diego,CA,92117-4950,3,,,,,
952681065,San Diego,CA,92113-1010,3,,,,,
464038234,San Diego,CA,92127-3628,3,,,,,
300651576,San Diego,CA,92126-6503,3,,,,,
352670557,San Diego,CA,92167-0601,3,,,,,
202331746,San Diego,CA,92154-6663,3,,,,,
452491873,San Diego,CA,92127-7865,3,2020.0,38913.0,36301.0,22089.0,
330962620,San Diego,CA,92106-1372,3,2015.0,19665.0,18186.0,4742.0,
330361912,San Diego,CA,92108-3807,3,,,,,
462731274,San Diego,CA,92101-8229,3,2020.0,250000.0,472726.0,9848.0,
814597066,San Diego,CA,92101-0000,3,2022.0,0.0,280.0,4039.0,
463979144,San Diego,CA,92101-2610,3,2014.0,53529.0,48077.0,15107.0,
953406532,San Diego,CA,92102-1713,3,2015.0,4741.0,7657.0,6772.0,
330780546,San Diego,CA,92114-3700,3,2016.0,16061.0,16054.0,3748.0,
956078853,San Diego,CA,92163-3292,3,2016.0,23978.0,14119.0,11372.0,
273307476,San Diego,CA,92123-2566,3,,,,,
455016975,San Diego,CA,92128-4214,3,2023.0,9138.0,9286.0,504.0,
953839276,San Diego,CA,92142-1421,3,,,,,
330179597,San Diego,CA,92114-4201,3,2019.0,383.0,247.0,243.0,
330072322,San Diego,CA,92169-2776,3,,,,,
352634524,San Diego,CA,92110-0000,3,,,,,
953555051,San Diego,CA,92130-1334,3,,,,,
330834481,San Diego,CA,92121-2335,3,,,,,
510464013,San Diego,CA,92186-5728,3,,,,,
810701481,San Diego,CA,92111-2110,3,,,,,
334543712,San Diego,CA,92121-2036,3,,,,,
332218208,San Diego,CA,92101-1713,3,,,,,
952881967,San Diego,CA,92126-1025,3,,,,,
300649090,San Diego,CA,92114-4216,3,,,,,
200071546,San Diego,CA,92108-3722,3,2015.0,464650.0,503399.0,53823.0,
951878837,San Diego,CA,92115-6015,3,,,,,
311707958,San Diego,CA,92113-1700,3,,,,,
392442923,San Diego,CA,92114-3309,3,,,,,
810568196,San Diego,CA,92114-2724,3,,,,,
814375966,San Diego,CA,92113-5500,3,,,,,
271262887,San Diego,CA,92186-5728,3,,,,,
753204000,San Diego,CA,92114-0000,3,2011.0,26083.0,0.0,4500.0,
393351619,San Diego,CA,92114-0000,3,,,,,
474999839,San Diego,CA,92174-1293,3,,,,,
237439914,San Diego,CA,92105-4053,3,,,,,
952477620,San Diego,CA,92109-1345,3,,,,,
952493205,San Diego,CA,92117-3112,3,,,,,
330693514,San Diego,CA,92117-3112,3,,,,,
330752900,San Diego,CA,92128-3223,3,,,,,
330489134,San Diego,CA,92126-4457,3,,,,,
953794745,San Diego,CA,92131-3667,3,,,,,
953842214,San Diego,CA,92102-2711,3,,,,,
460822098,San Diego,CA,92129-3758,3,2012.0,5568.0,5484.0,83.0,
330039035,San Diego,CA,92105-3502,3,,,,,
923827454,Poway,CA,92064-1832,3,,,,,
900986310,Santee,CA,92072-1053,3,,,,,
330768572,El Cajon,CA,92021-5206,3,,,,,
330917094,San Diego,CA,92131-2479,3,,,,,
952059525,San Diego,CA,92115-5523,3,,,,,
204890588,San Diego,CA,92111-3812,3,,,,,
923889985,La Jolla,CA,92093-5004,3,,,,,
825203661,San Diego,CA,92128-2004,3,,,,,
330796244,San Diego,CA,92195-2570,3,2024.0,71657.0,44866.0,77382.0,
811635699,San Diego,CA,92123-1239,3,,,,,
383956113,San Diego,CA,92105-0000,3,,,,,
471423543,San Diego,CA,92123-3931,3,,,,,
330865175,Escondido,CA,92027-3711,3,,,,,
352651447,Carlsbad,CA,92018-0123,3,,,,,
330071385,Spring Valley,CA,91977-2721,3,,,,,
862849317,Chula Vista,CA,91910-5432,3,,,,,
474302051,San Diego,CA,92129-3746,3,,,,,
272877955,El Cajon,CA,92020-1703,3,,,,,
753024372,San Diego,CA,92101-5030,3,2023.0,5000.0,1337.0,249575.0,
923121889,Encinitas,CA,92024-4209,3,,,,,
884139041,Ramona,CA,92065-3357,3,2022.0,550.0,405.0,145.0,
260072400,Spring Valley,CA,91977-2201,3,,,,,
844436361,Chula Vista,CA,91910-6729,3,,,,,
271240528,Escondido,CA,92046-2107,3,,,,,
273859305,San Diego,CA,92186-5728,3,,,,,
273978964,San Diego,CA,92186-5728,3,,,,,
951661688,San Diego,CA,92110-2572,3,2023.0,67235722.0,58963751.0,125734448.0,
237332048,San Diego,CA,92103-3410,3,2023.0,12583075.0,11132000.0,33850970.0,
952151526,San Diego,CA,92105-1695,3,2023.0,2659032.0,2402332.0,3274584.0,
330325791,San Diego,CA,92138-7131,3,2023.0,2407910.0,4323833.0,9212943.0,
833981851,San Diego,CA,92130-2199,3,2023.0,731355.0,698427.0,39440.0,
951643979,San Diego,CA,92108-3834,3,2024.0,467092.0,396531.0,3891012.0,
464919537,San Diego,CA,92154-4766,3,2023.0,127446.0,114927.0,236530.0,
872639774,San Diego,CA,92112-5010,3,2023.0,8250.0,11801.0,197240.0,
330299756,San Diego,CA,92108-2174,3,2023.0,165327.0,98488.0,171272.0,
953613121,San Diego,CA,92110-2743,3,2023.0,87997.0,138542.0,272035.0,
330942219,San Diego,CA,92163-2064,3,2019.0,60739.0,34059.0,177315.0,
330490547,San Diego,CA,92108-1604,3,2023.0,2730.0,127.0,66055.0,
464028976,San Diego,CA,92109-3972,3,,,,,
800327269,San Diego,CA,92117-3855,3,,,,,
330884813,Imperial Bch,CA,91932-3149,3,2023.0,26197.0,21167.0,3355925.0,
263116077,Carlsbad,CA,92009,3,2015.0,128672.0,100042.0,1214424.0,
330768824,Lakeside,CA,92040-2905,3,,,,,
272189865,Del Mar,CA,92014-2216,3,2022.0,0.0,30892.0,109942.0,
260045207,San Marcos,CA,92069-3020,3,,,,,
200802369,Poway,CA,92064-0000,3,,,,,
383748611,Laguna Hills,CA,92654-2965,3,,,,,
333576209,Lakeside,CA,92040-4418,3,,,,,
900902219,Bonita,CA,91902-1421,3,,,,,
237373836,Carlsbad,CA,92018-0581,3,2023.0,16186.0,14717.0,176732.0,
992824373,La Jolla,CA,92037-6101,3,,,,,
371767833,Bonita,CA,91908-0142,3,,,,,
874430772,Santee,CA,92071-2846,3,2021.0,0.0,0.0,1.0,
330923761,Lemon Grove,CA,91945-3447,3,,,,,
330847549,Poway,CA,92064-2866,3,,,,,
330370618,La Jolla,CA,92037-3443,3,2010.0,44106.0,32754.0,35437.0,
202186308,El Cajon,CA,92021-6202,3,2015.0,27376.0,17287.0,61216.0,
953219144,La Mesa,CA,91942-9540,3,,,,,
421606433,La Jolla,CA,92037-4406,3,,,,,
330866269,Ramona,CA,92065-4538,3,,,,,
823703054,Chula Vista,CA,91914-3519,3,,,,,
330852744,Lakeside,CA,92040-2302,3,,,,,
883951889,Carlsbad,CA,92008-6583,3,,,,,
812836579,San Marcos,CA,92078-0929,3,2017.0,6500.0,615.0,445.0,
883216881,Murrieta,CA,92563-4444,3,,,,,
330089214,El Cajon,CA,92020-5216,3,,,,,
993425522,Hemet,CA,92545-5514,3,,,,,
050605922,Jamul,CA,91935-0920,3,,,,,
953691277,Lemon Grove,CA,91945-4252,3,,,,,
330254032,La Mesa,CA,91944-4238,3,,,,,
330202908,El Cajon,CA,92020-4311,3,,,,,
953713091,Vista,CA,92083-3301,3,,,,,
882144973,El Cajon,CA,92021-7006,3,,,,,
392151394,Poway,CA,92064-2207,3,,,,,
831840332,San Marcos,CA,92078-5158,3,2019.0,20000.0,25333.0,3283.0,
300053300,National City,CA,91950-7409,3,,,,,
330580973,Lemon Grove,CA,91945-4417,3,,,,,
330267456,La Mesa,CA,91942-6437,3,,,,,
330712759,San Diego,CA,92128-4465,3,,,,,
952406918,El Cajon,CA,92019-1161,3,2023.0,23946458.0,21758056.0,8631220.0,
462765243,San Diego,CA,92127-3480,3,,,,,
800404632,San Diego,CA,92139-3016,3,,,,,
371603165,San Diego,CA,92121-2238,3,,,,,
842803510,San Diego,CA,92101-5062,3,,,,,
331556459,Oceanside,CA,92052-4236,3,,,,,
273974097,San Diego,CA,92186-5728,3,,,,,
461407144,Poway,CA,92064-2029,3,,,,,
330416885,Fallbrook,CA,92088-0036,3,,,,,
852650663,San Diego,CA,92105-5414,3,2023.0,2374667.0,1860157.0,1174267.0,
330463761,San Diego,CA,92112-4923,3,2022.0,156994.0,151448.0,52917.0,
953411552,San Diego,CA,92101-1683,3,2023.0,143772.0,137328.0,81496.0,
953565388,San Diego,CA,92111,3,2016.0,873319.0,3993570.0,2542318.0,
952986374,San Diego,CA,92108-3733,3,2023.0,86118.0,85890.0,161598.0,
270207546,San Diego,CA,92111-5915,3,,,,,
912152672,San Diego,CA,92103-1946,3,2014.0,14262.0,4368.0,42158.0,
364739793,San Diego,CA,92101-0000,3,,,,,
850824495,San Diego,CA,92102-1345,3,,,,,
562419206,San Diego,CA,92193-3674,3,2013.0,1825.0,2546.0,2504.0,
342053517,San Diego,CA,92106-6131,3,2016.0,33605.0,29477.0,47426.0,
330194376,San Diego,CA,92176-6505,3,2023.0,219325.0,61148.0,425599.0,
953367587,San Diego,CA,92113-1712,3,,,,,
953856802,San Diego,CA,92114-4216,3,,,,,
421606878,San Diego,CA,92110-3211,3,,,,,
956116080,San Diego,CA,92102-1020,3,,,,,
330114559,San Diego,CA,92113-1700,3,,,,,
237031624,San Diego,CA,92104-3605,3,,,,,
273973194,San Diego,CA,92186-5728,3,,,,,
273970913,San Diego,CA,92186-5728,3,,,,,
273960710,San Diego,CA,92186-5728,3,,,,,
273974183,San Diego,CA,92186-5728,3,,,,,
273935407,San Diego,CA,92186-5728,3,,,,,
274005453,San Diego,CA,92186-5728,3,,,,,
273936531,San Diego,CA,92120-3018,3,,,,,
273936759,San Diego,CA,92186-5728,3,,,,,
330429499,San Diego,CA,92114-2011,3,,,,,
742265591,San Diego,CA,92115-7015,3,,,,,
953645875,San Diego,CA,92115-4719,3,,,,,
330015091,San Diego,CA,92115-2232,3,,,,,
810762000,San Diego,CA,92115-7134,3,,,,,
611424512,Oceanside,CA,92057-6539,3,2018.0,68365.0,54193.0,24320.0,
461669093,San Diego,CA,92114-7455,3,2023.0,0.0,0.0,72969.0,
463284285,Mammoth Lakes,CA,93546-0130,3,2023.0,4917902.0,2897871.0,3762233.0,
953703233,Fresno,CA,93701-1600,3,2023.0,1041022.0,1013642.0,2756507.0,
352492026,La Mesa,CA,91944-1534,3,2023.0,561674.0,539940.0,84602.0,
330926154,Poway,CA,92064-1832,3,2022.0,765162.0,378600.0,4962484.0,
931060214,Alpine,CA,91903-1148,3,2023.0,298617.0,305339.0,19960647.0,
330600185,Rcho Santa Fe,CA,92067-5745,3,2023.0,59865.0,47029.0,188856.0,
994533992,Solana Beach,CA,92075-2307,3,,,,,
330492484,Oceanside,CA,92056-6005,3,2023.0,403986.0,265848.0,982388.0,
237008276,La Jolla,CA,92093-0121,3,2023.0,129254.0,87297.0,494954.0,
331009508,Carlsbad,CA,92013-0713,3,2023.0,52763.0,71347.0,9517.0,
330169658,Chula Vista,CA,91909-6146,3,2024.0,54888.0,107561.0,65316.0,
475488897,Encinitas,CA,92024-3543,3,2023.0,48864.0,41780.0,82122.0,
472726433,Lakeside,CA,92040-2905,3,,,,,
330923733,La Mesa,CA,91942-0335,3,2018.0,2900.0,4135.0,1746.0,
454270228,Chula Vista,CA,91913-3934,3,2022.0,1754.0,358.0,23159.0,
141918118,Imperial Bch,CA,91932-3764,3,2020.0,583.0,3664.0,-3081.0,
330261505,La Mesa,CA,91944-0401,3,,,,,
270527466,Chula Vista,CA,91914-4211,3,,,,,
863769568,Santee,CA,92071-4176,3,2023.0,55316.0,53114.0,16440.0,
330902047,El Cajon,CA,92019-5261,3,,,,,
953389795,Carlsbad,CA,92013-1272,3,,,,,
452898137,Murrieta,CA,92562-4170,3,,,,,
953299701,San Marcos,CA,92069-7398,3,2011.0,23061.0,22656.0,2894.0,
882596300,Lakeside,CA,92040-0902,3,,,,,
330104231,El Cajon,CA,92019-4369,3,,,,,
330154654,San Marcos,CA,92069-9525,3,,,,,
330960680,El Cajon,CA,92021-8814,3,,,,,
330553704,El Cajon,CA,92020-4525,3,2023.0,28100.0,29686.0,15210.0,
330329642,La Jolla,CA,92037-0000,3,2023.0,0.0,110282.0,250071.0,
550884124,National City,CA,91950-2120,3,2017.0,20738.0,19379.0,11305.0,
473085378,El Cajon,CA,92022-2093,3,,,,,
921512512,Vista,CA,92085-3373,3,,,,,
371463282,Chula Vista,CA,91914-4410,3,,,,,
842522428,National City,CA,91950-0000,3,,,,,
842240407,Bonita,CA,91908-0371,3,,,,,
263583838,National City,CA,91950-3941,3,,,,,
330248275,Vista,CA,92084-5137,3,,,,,
463789025,Vista,CA,92083-3312,3,,,,,
330670668,Santee,CA,92071-2990,3,,,,,
330780777,Vista,CA,92083-7624,3,,,,,
953181876,La Mesa,CA,91942-7412,3,,,,,
912148201,Chula Vista,CA,91911-2080,3,,,,,
843704579,Spring Valley,CA,91977-6043,3,,,,,
953449992,Nestor,CA,92053-9999,3,,,,,
953319995,Cardiff,CA,92007-1520,3,,,,,
912161740,Vista,CA,92081-9007,3,,,,,
823717204,Del Mar,CA,92014-3909,3,,,,,
330088532,El Caion,CA,92020-3960,3,,,,,
911978669,San Diego,CA,92120-2848,3,,,,,
822207775,Chula Vista,CA,91910-4321,3,,,,,
330401776,San Diego,CA,92150-3654,3,,,,,
800931351,San Diego,CA,92150-0352,3,,,,,
833468047,San Marcos,CA,92078-0901,3,,,,,
521656150,San Diego,CA,92113-0000,3,2018.0,0.0,370.0,764.0,
237149789,San Diego,CA,92150-1184,3,2023.0,624392.0,715193.0,490395.0,
710965996,San Diego,CA,92174-0178,3,,,,,
330252436,San Diego,CA,92128-4334,3,,,,,
330604998,San Diego,CA,92121-1515,3,,,,,
825258820,San Diego,CA,92124-1524,3,,,,,
825251408,San Diego,CA,92115-3797,3,,,,,
825251522,San Diego,CA,92111-7098,3,,,,,
825212250,San Diego,CA,92111-6810,3,,,,,
825200649,San Diego,CA,92110-2840,3,,,,,
510160785,San Diego,CA,92102-2631,3,,,,,
273855978,San Diego,CA,92186-5728,3,,,,,
273946985,San Diego,CA,92186-5728,3,,,,,
273860370,San Diego,CA,92186-5728,3,,,,,
273859098,San Diego,CA,92186-5728,3,,,,,
273980162,San Diego,CA,92186-5728,3,,,,,
273935656,San Diego,CA,92186-5728,3,,,,,
800492113,San Diego,CA,92160-1430,3,,,,,
825252261,San Diego,CA,92116-1824,3,,,,,
870804598,San Diego,CA,92108-2001,3,,,,,
474909750,Del Mar,CA,92014-1961,3,2021.0,9016.0,6084.0,7270.0,
956001374,La Jolla,CA,92037-3712,3,,,,,
951985444,La Jolla,CA,92037-1348,3,2023.0,12037378.0,15982633.0,19889832.0,
952470435,Encinitas,CA,92024-2955,3,2023.0,8045104.0,7433497.0,12197324.0,
330147357,Poway,CA,92064-3549,3,2024.0,353797.0,273291.0,612442.0,
953201906,Solana Beach,CA,92075-0615,3,2023.0,136913.0,153711.0,3969014.0,
330764981,El Cajon,CA,92021-5811,3,,,,,
923070744,Sacramento,CA,95814-4724,3,2023.0,53000.0,8766.0,44234.0,
474868675,Valley Center,CA,92082-1595,3,2023.0,25255.0,42962.0,29557.0,
831150193,Chula Vista,CA,91910-2822,3,,,,,
830818887,San Marcos,CA,92078-0918,3,2021.0,400.0,268.0,399.0,
993068361,National City,CA,91950-5170,3,,,,,
812220699,El Cajon,CA,92020-2062,3,,,,,
330754983,La Mesa,CA,91944-0069,3,2017.0,0.0,0.0,1.0,
953430530,Bontia,CA,92003-0013,3,,,,,
454215858,Lakeside,CA,92040-1235,3,,,,,
462682287,National City,CA,91950-1920,3,,,,,
330947740,Carlsbad,CA,92009-8346,3,,,,,
953306562,Pacific Beach,CA,92109-4117,3,,,,,
464670345,Spring Valley,CA,91976-0259,3,,,,,
952504484,Poway,CA,92064-1533,3,,,,,
954045249,Chula Vista,CA,91914-2650,3,,,,,
920838916,La Jolla,CA,92093-0078,3,,,,,
956006144,La Jolla,CA,92093-0952,3,,,,,
953389783,Santa Ana,CA,92703-4610,3,,,,,
330127365,La Jolla,CA,92037-1348,3,,,,,
464988859,San Diego,CA,92101-0000,3,,,,,
510194421,San Diego,CA,92120-1912,3,2023.0,480.0,2822.0,142.0,
330602340,San Diego,CA,92191-0131,3,,,,,
825204354,San Diego,CA,92126-3699,3,,,,,
825251564,San Diego,CA,92105-5043,3,,,,,
825202092,San Diego,CA,92109-5406,3,,,,,
273860271,San Diego,CA,92186-5728,3,,,,,
273860331,San Diego,CA,92186-0000,3,,,,,
274004504,San Diego,CA,92186-5728,3,,,,,
273935531,San Diego,CA,92186-5728,3,,,,,
273979443,San Diego,CA,92186-5728,3,,,,,
273980095,San Diego,CA,92186-5728,3,,,,,
273935256,San Diego,CA,92186-5728,3,,,,,
273859902,San Diego,CA,92186-5728,3,,,,,
912145874,San Diego,CA,92114-4020,3,,,,,
825212861,San Diego,CA,92107-2250,3,,,,,
825252137,San Diego,CA,92106-2533,3,,,,,
825261135,San Diego,CA,92113-2302,3,,,,,
825178164,San Diego,CA,92109-2698,3,,,,,
825213953,San Diego,CA,92111-3112,3,,,,,
825204464,San Diego,CA,92154-2001,3,,,,,
825252208,San Diego,CA,92123-2369,3,,,,,
825252377,San Diego,CA,92101-3101,3,,,,,
825252474,San Diego,CA,92110-1397,3,,,,,
825203189,San Diego,CA,92139-2205,3,,,,,
825214236,San Diego,CA,92104-4142,3,,,,,
825203339,San Diego,CA,92114-3797,3,,,,,
825259793,San Diego,CA,92120-3018,3,,,,,
992269057,La Jolla,CA,92093-0078,3,,,,,
832147568,San Diego,CA,92154-3813,3,,,,,
825232105,San Diego,CA,92102-4301,3,,,,,
330071698,San Diego,CA,92114-1825,3,,,,,
825251767,San Diego,CA,92102-2911,3,,,,,
825251846,San Diego,CA,92113-1128,3,,,,,
825212528,San Diego,CA,92105-1412,3,,,,,
825260720,San Diego,CA,92122-2229,3,,,,,
273860630,San Diego,CA,92102-2911,3,,,,,
273858584,San Diego,CA,92186-5728,3,,,,,
273970797,San Diego,CA,92186-5728,3,,,,,
273965027,San Diego,CA,92186-5728,3,,,,,
273798575,San Diego,CA,92186-5728,3,,,,,
273979048,San Diego,CA,92186-5728,3,,,,,
273859373,San Diego,CA,92186-5728,3,,,,,
273859426,San Diego,CA,92186-5728,3,,,,,
825252169,San Diego,CA,92110-4870,3,,,,,
825202611,San Diego,CA,92131-3772,3,,,,,
825202804,San Diego,CA,92103-2622,3,,,,,
825232759,San Diego,CA,92113-3210,3,,,,,
825259665,San Diego,CA,92130-2296,3,,,,,
825259910,San Diego,CA,92103-1899,3,,,,,
510155383,La Jolla,CA,92037-3907,3,2024.0,58434.0,42115.0,258501.0,
274488071,La Jolla,CA,92038-8103,3,,,,,
473014218,San Marcos,CA,92078-5423,3,,,,,
237149821,National City,CA,91950-6010,3,,,,,
824132399,Chula Vista,CA,91914-3519,3,,,,,
844765371,Spring Valley,CA,91978-1746,3,,,,,
330932743,Fallbrook,CA,92028-8231,3,,,,,
900928481,La Mesa,CA,91944-0472,3,,,,,
270481898,Garden Grove,CA,92844-1641,3,2023.0,199806.0,208165.0,26443.0,
300559085,San Diego,CA,92192-5005,3,,,,,
825251973,San Diego,CA,92129-2099,3,,,,,
825202206,San Diego,CA,92101-2501,3,,,,,
330404857,El Cajon,CA,92022-0993,3,,,,,
262141878,Santee,CA,92071-2256,3,,,,,
300230278,Spring Valley,CA,91977-6454,3,,,,,
205586894,Poway,CA,92074-1469,3,,,,,
464747273,Coronado,CA,92118-1435,3,,,,,
952457354,Chula Vista,CA,91911-4302,3,2023.0,68588978.0,63169576.0,85670248.0,
330828268,Bonita,CA,91902-2815,3,2011.0,63958.0,62132.0,4155.0,
825212968,Campo,CA,91906-0369,3,,,,,
237162534,La Jolla,CA,92037-6236,3,,,,,
260216910,San Diego,CA,92121-1548,3,2023.0,1341479.0,1236496.0,1234274.0,
311011250,San Diego,CA,92169-0000,3,2023.0,38896.0,58768.0,84048.0,
942958094,San Diego,CA,92121-1520,3,2023.0,0.0,0.0,33605.0,
951660341,San Diego,CA,92122-1222,3,,,,,
951643986,San Diego,CA,92103-0000,3,2023.0,1302946.0,1301133.0,1138462.0,
956050468,San Diego,CA,92192-7685,3,2022.0,71215.0,38485.0,546805.0,
952706018,San Diego,CA,92122-5946,3,2022.0,66440.0,89873.0,28057.0,
770588059,San Diego,CA,92177-8181,3,2023.0,27180.0,16188.0,210920.0,
912004159,San Diego,CA,92126-5043,3,2015.0,4645.0,4784.0,5629.0,
330044198,San Diego,CA,92128-2538,3,,,,,
330377491,San Diego,CA,92123-1062,3,,,,,
453569839,San Diego,CA,92115-5544,3,,,,,
901138301,San Diego,CA,92121-1121,3,,,,,
332424795,San Diego,CA,92154-1334,3,,,,,
956005972,San Diego,CA,92107-2209,3,,,,,
953138291,San Diego,CA,92193-1149,3,2018.0,167765.0,188834.0,1.0,
951792281,San Diego,CA,92104-5151,3,,,,,
200091957,San Diego,CA,92124-1301,3,,,,,
330327498,San Diego,CA,92108-4355,3,2024.0,110366.0,88805.0,51055.0,ok
330239800,San Diego,CA,92101-5752,3,2023.0,89994.0,160984.0,81612.0,ok
956100556,San Diego,CA,92138-6124,3,2023.0,70850.0,42586.0,110403.0,ok
900248753,San Diego,CA,92110-8001,3,,,,,ok
237080915,San Diego,CA,92103-5202,3,,,,,ok
311348653,San Diego,CA,92129-2021,3,,,,,ok
330044802,San Diego,CA,92192-8455,3,,,,,ok
611692551,San Diego,CA,92106-4235,3,,,,,ok
330351249,San Diego,CA,92192-1094,3,,,,,ok
330756869,San Diego,CA,92122-3701,3,,,,,ok
900716476,San Diego,CA,92126-6318,3,,,,,ok
352798698,San Diego,CA,92131-2929,3,,,,,ok
956147987,San Diego,CA,92116-2024,3,,,,,ok
203712170,San Diego,CA,92124-2026,3,,,,,ok
330843693,San Diego,CA,92108-1802,3,,,,,ok
330620880,San Diego,CA,92154-0000,3,,,,,ok
330952048,San Diego,CA,92107-1203,3,,,,,ok
820971778,San Diego,CA,92109-2604,3,,,,,ok
952550708,San Diego,CA,92182-0001,3,,,,,ok
262935124,San Diego,CA,92110-8001,3,,,,,ok
952086298,San Diego,CA,92115-6330,3,,,,,ok
237381239,San Diego,CA,92168-1843,3,2023.0,457108.0,413973.0,492555.0,ok
330050791,San Diego,CA,92168-2088,3,2023.0,262757.0,271600.0,357004.0,ok
956095457,San Diego,CA,92163-3365,3,2023.0,96372.0,97955.0,113207.0,ok
951185071,San Diego,CA,92196-2012,3,,,,,ok
931038602,San Diego,CA,92163-2984,3,2019.0,27272.0,29295.0,19510.0,ok
237124156,San Diego,CA,92126-5539,3,,,,,ok
330085447,San Diego,CA,92138-3996,3,,,,,ok
237353158,San Diego,CA,92137-0000,3,,,,,ok
900428935,San Diego,CA,92116-2250,3,,,,,ok
223192100,San Diego,CA,92168-1205,3,,,,,ok
474831115,San Diego,CA,92105-5139,3,,,,,ok
474848147,San Diego,CA,92111-5445,3,,,,,ok
813441399,San Diego,CA,92122-1833,3,,,,,ok
861050662,San Diego,CA,92107-1422,3,,,,,ok
853293213,San Diego,CA,92195-3663,3,,,,,ok
330601816,San Diego,CA,92114-0000,3,,,,,ok
464948341,San Diego,CA,92111-7319,3,,,,,ok
951765176,San Diego,CA,92103-3403,3,,,,,ok
951643983,San Diego,CA,92103-5127,3,2023.0,5381638.0,3267323.0,9883453.0,ok
770605178,San Diego,CA,92103-3576,3,2023.0,840793.0,908454.0,228968.0,ok
953864195,San Diego,CA,92101-4753,3,2023.0,207665.0,338789.0,484967.0,ok
956196516,San Diego,CA,92108-4355,3,2023.0,10730.0,18462.0,60288.0,ok
956156407,San Diego,CA,92163-1898,3,,,,,ok
521459168,San Diego,CA,92177-8096,3,2015.0,41897.0,65944.0,24310.0,ok
475487347,San Diego,CA,92198-1047,3,,,,,ok
264825014,San Diego,CA,92111-7723,3,,,,,ok
352352310,San Diego,CA,92103-2110,3,,,,,ok
352418818,San Diego,CA,92130-8712,3,,,,,ok
951679700,San Diego,CA,92124-3340,3,,,,,ok
833120163,San Diego,CA,92131-3924,3,,,,,ok
951185995,San Diego,CA,92120-2705,3,2020.0,145147.0,312742.0,3750357.0,ok
222942363,San Diego,CA,92130-6911,3,,,,,ok
844844113,San Diego,CA,92113-2744,3,,,,,ok
933459812,San Diego,CA,92168-0000,3,,,,,ok
330931009,San Diego,CA,92111-6128,3,2023.0,6359752.0,6007018.0,5393500.0,ok
452899279,San Diego,CA,92172-2381,3,2023.0,437787.0,477980.0,1891282.0,ok
731627787,San Diego,CA,92192-7631,3,2022.0,143513.0,94658.0,372978.0,ok
330029526,San Diego,CA,92119-1607,3,2023.0,186443.0,140512.0,45931.0,ok
853574134,San Diego,CA,92174-1991,3,2023.0,217577.0,233596.0,42072.0,ok
330187728,San Diego,CA,92163-1633,3,2023.0,124029.0,113394.0,61692.0,ok
956091424,San Diego,CA,92138-1766,3,2023.0,75299.0,67401.0,467402.0,ok
810858418,San Diego,CA,92120-3563,3,,,,,ok
953171894,San Diego,CA,92128-2143,3,2024.0,63785.0,59154.0,71100.0,ok
330864519,San Diego,CA,92120-2140,3,,,,,ok
352579076,San Diego,CA,92108-2815,3,,,,,ok
821662945,San Diego,CA,92110-4004,3,,,,,ok
203234173,San Diego,CA,92150-8150,3,,,,,ok
844980600,San Diego,CA,92122-2902,3,,,,,ok
953397384,San Diego,CA,92174-0000,3,2021.0,177267.0,87269.0,111273.0,ok
911917250,San Diego,CA,92174-0332,3,,,,,ok
371532428,San Diego,CA,92115-5836,3,,,,,ok
330717870,San Diego,CA,92111-0000,3,2020.0,9615.0,7596.0,40712.0,ok
454881604,San Diego,CA,92130-5784,3,,,,,ok
956117622,San Diego,CA,92123-1757,3,,,,,ok
330646786,San Diego,CA,92126-4816,3,,,,,ok
956071405,San Diego,CA,92101-1037,3,,,,,ok
834647191,San Diego,CA,92093-0000,3,,,,,ok
330599944,San Diego,CA,92113-4306,3,,,,,ok
912138244,San Diego,CA,92122-5935,3,,,,,ok
912100152,San Diego,CA,92130-3319,3,,,,,ok
330078567,San Diego,CA,92126-2801,3,,,,,ok
473156991,San Diego,CA,92168-2232,3,,,,,ok
330899235,San Diego,CA,92114-3247,3,,,,,ok
237107240,San Diego,CA,92107-2413,3,,,,,ok
953133568,Banning,CA,92220-0009,3,2024.0,152897.0,174968.0,598131.0,ok
